compressedCoords,x,y,mapIds
-196641,-32764,-32735,126092036
-4587568,-32697,-32720,54169392
-4980819,-32691,-32685,54172499
131015,1,-32711,126094620
-5439535,-32684,-32721,54176047
-3735619,-32710,-32701,54162755
-4325424,-32701,-32720,54167344
-3473482,-32714,-32694,54160714
-3473478,-32714,-32698,54160710
131072,2,0,54526976;218104832;202244614;201851904;74187776;201327616;162268160;201589760;153879552;219939840;201589763;160957440;201327874;210765572;90440704;211813376;144835842;207356928;211814400;211812352;88081175;205785108
29,0,29,54525981;88211974
0,0,0,153888002;161613060;54182221;224397057;75631362;237905967;237783092;237764614;237774854;237898786;54157626;237768704;168691714;162793482;215746316;237768743;54154558;54178129;169350151;116657671;130941697;54179104;90836227;233312256;233312264;235143429;221644804;68558852;227283972;166988806;185993216;236453891;104990211;97388033;237771815;237776909;237776922;237765686;237899795;237774856;237768764;237774902;237773878;237769780;237896723;63442689;183767059;218630150;68556806;215878406;56886019;173937669;56099844;186393088;76422659;237910048;237767732;237774908;237779002;237771821;158993416;237775887;57022981;83232260;83232256;126878467;237903917;241439749;189268481;215878412;1541;153886720;161089540;232654341;96211978;96207882;149426180;198184964;201198597;198184960;196347394;75767299;75766279;189925385;156898816;169345031;60040197;49020928;198184966;149425156;201198596;144839680;235407360;135401217;59516420;91755521;201588745;201197572;75769347;75769353;237767706;237899810;237790208;237908000;75767305;66197764;54181197;54154582;169216010;231998724;231999746;54179145;233313282;171185154;41947137;142852;175115523;184945665;41947395;68556802;160008;34344194;13;41947139;106430470;110898689;59515396;149777;144971780;94110726;166725378;161613066;119277065;232001796;233319426;147720192;84545281;233317384;233310210;233319434;208146438;119276041;22546948;208144390;107224068;149779;34344198;34343936;237777935;207621379;222300164;162004996;237768751;104991233;126619908;150210568;240390146;169349127;68557058;172234767;197396486;237777926;237769741;237765684;237774850;237793332;237785148;237909037;237777933;237764634;237773826;237773843;237770812;237768712;237778952;237771810;237770771;237765692;237775898;237898758;237770797;237774900;237770804;237785639;218632198;134228228;218631174;183768323;200804358;169869314;137371395;57019913;224791303;195303940;217059341;173021191;172886020;57020933;76422665;156638209;57024005;139729156;166989830;76420615;224791305;76418569;100273414;158468104;87295499;106826242;57021961;193727497;57019911;219940870;197266434;84806923;180617223;219938824;219938826;220071944;202900996;224920590;165284874;107483140;220727815;66198788;232653315;165284872;199756806;167250949;75766273;122686210;88089858;176819463;88216577;213912838;101190660;180488706;101191684;188749313;182327303;182323209;237773876;237911098;237903891;237764623;200018944;237904930;237772819;237778965;237772826;237902856;237778957;237769762;237764610;75765255;88217869;88216843;68558854;34344196;209324295;201199621;198184968;201589771;88216833;156240394;54154566;169216012;54157654;71304194;169216014;129764358;198972422;240129539;171312642;213256196;116920322;204999431;72353796;72357892;157550597;171182089;213255168;213124104;233320452;233309188;218108930;168691724;233312270;168691718;232003844;233319424;233311236;233317376;233315330;135400965;198968326;203687425;231999490;183112712;59509770;57938435;94113798;106431494;57934339;235143171;175244802;184945667;175114499;184816643;11;184811533;224137222;184815107;68555778;68555782;210635266;75631364;99756801;25954306;72621060;235143169;216275212;227282946;104859397;204476416;128061965;203163654;104991237;104991239;104858373;203165702;104989185;104989187;237777920;128061961;97389059;237904928;97389063;211293194;222300162;207753736;207750664;74977026;207619088;189532173;211294468;211292164;99485200;26739716;131864580;207619331;237789236;237769786;237901832;237765658;237768749;237764647;237786637;237771791;237765690;237911072;237771784;237777959;237905980;237769788;237775919;237778991;237783053;237771817;237768717;142215686;237772845;237765671;237770799;237898799;237779004;241438725;166988808;169870338;84544007;183765251;183765011;200806400;183769350;63442433;137369347;137372419;57022983;57024011;195302661;195299336;195432964;55052294;195299343;89393158;157028357;89394182;109063168;5376259;173936645;5376257;130027523;62916614;157024261;163842307;98567691;202117634;156634115;154141190;195039234;156636417;156241418;156240392;54154578;54155582;76418567;174721540;153486338;84544257;237910037;237896736;237905939;237783040;237770784;237767695;237904954;237774869;237783066;237781031;159254274;233046016;150602752;206311424;208670726;87032328;87035398;62135820;76420611;190710784;224791299;76424715;224921614;224925186;147195904;72221700;224921608;54153534;232003842;126225160;54156614;205392131;99222533;107485188;232654345;156108802;99222029;99097089;99222031;99098121;99090957;99097097;54182217;170135050;96338954;117834755;106168322;114427401;66196482;170135046;96210956;199757830;132125441;77332993;212338700;146804740;77332995;149423108;188753409;213912836;188753411;182325255;180488712;139995143;75768325;88212247;144577536;169608196;176822273;222562308;222563338;222570504;88217882;88216851;66196480;144577540;176822019;222569486;164498962;222569478;199494662;126226190;232001540;231997698;54179149;147720200;54181201;54178125;54155565;54156618;54153550;71305216;71305220;71306242;54157642;169216000;173411329;201326592;71303168;54155590;71306246;54155586;71303170;54156585;231997700;174330372;111674626;153891078;64749572;163580420;130547716;153883906;198971398;161355786;161355780;233310212;90835971;204998153;171185156;197004290;116920320;213256200;186647811;104333831;213123080;72359940;201459970;213125130;233315336;213123084;157548549;213255174;112466185;104337927;213126144;213128198;213255178;162791450;213123082;126226188;233308170;233314312;136317444;112468233;232001794;233308160;144972036;138500;231998468;60040451;138242;169348103;153886978;189663240;104596999;110630401;153891074;94115846;185992198;187696644;224395264;5;184813581;34346246;185993224;153883910;184945671;34346248;145754629;208405510;237778950;227411968;235929604;104991241;166986760;209586690;237901830;26740740;153888004;172361986;149685252;153883908;128061959;121374214;216272140;181407240;237768723;211295492;99756547;237785146;211289100;237764608;211288070;158993410;99485194;99359744;177479690;237897786;99485190;237777941;192941570;96473088;22808582;107219972;237900832;237905952;237771828;237781044;237910022;237767682;237899784;237774893;237902867;237772860;237775891;237768719;237774889;237773832;237774867;237772858;237764660;237766677;237764666;237773839;237770793;237778998;237771797;237772802;237897728;237776928;237773884;104598023;106432518;144972034;240390150;200803334;200805382;193728519;220467204;220466180;61867016;136186880;235676931;57021959;205654022;230167053;223350546;223348504;195302408;195303942;150208772;153888768;59514372;110896641;145359879;109061120;89391110;173937415;5376001;5376003;5376005;59768832;82446336;173147140;132910084;132908036;225968648;145230859;168953864;202118658;76422663;76424707;76420613;224792329;179440130;215483398;225185798;225185801;195038210;195035138;207097864;210767110;156634369;153486342;187436038;171838980;98566667;63312900;190318598;112989184;121897226;98566671;112990208;96998925;179440132;237905928;237898797;237772815;237770752;237774895;237903932;237775917;237778989;237907989;237772806;237767708;159121420;233047298;230691341;59245570;131335176;59244546;87033350;131334152;155713542;168037376;62132748;62134530;168037384;168037382;220071942;197266440;220071938;225052674;219939846;171708936;224920588;23201027;224922883;172100623;224925188;101452546;99098123;183243787;156108804;101581835;118098432;99097091;99222531;99093254;99091206;174983176;183371277;129499140;167250953;156108808;221250819;237776943;237776956;237899836;237777967;237911074;237769736;237767686;237785600;237787674;237781018;237903904;237775911;84544003;237777939;158993408;237772821;237771836;237769760;237775926;237765638;237773871;237772834;237769775;237905954;237909052;237896764;237772839;237770767;142215684;237775913;237770758;237911085;237785152;237909050;237772854;237770778;237900819;237767714;237896738;237906976;235407620;75769345;196348416;196348418;222569488;222570514;199492614;222570512;88218627;222564356;222563332;222560260;164498958;222565380;222570502;222569480;88218891;222561284;54153542;54156606;232004868;184815109;68557830;41947141;184945669;68558082;68558850;224133126;201722115;188750339;91755525;170526720;201722113;170527746;182190087;21495814;204212224;182192135;201589765;201721857;182323207;204212226;139988488;201721861;204210435;54154554;54153530;54154562;232003584;54177056;126618884;104992257;104992259;87556096;104989189;128061957;161742852;56365316;104991235;152829956;237899821;104992263;209586696;227284228;204476422;237903906;56363268;237764655;22810630;142860;237241609;176817161;144577794;144839938;73537025;171445766;190848512;171446788;221644800;183507972;222300160;207751174;211292166;211288074;74979074;99358732;237768725;237910074;237767727;237766695;102765063;99485196;177474574;237764636;237908028;146675716;158993412;177473548;177471500;177603596;102761991;237766690;101187588;75765251;75767301;144839940;73538049;219680519;197660678;219678209;197659654;239087880;239087627;64620546;54155561;54157646;126225168;117834759;114427395;239088909;239088645;66586116;219679233;64620802;197657606;239077391;219680513;161225227;129763334;126225166;223219205;232000514;116656647;201852162;198969350;233310214;116654601;205129987;161355788;233318400;240652288;201853186;208932870;233321482;54155578;71303172;71306240;54153517;54154570;205129729;99750401;75631104;185993218;182061056;159122444;178652674;59245572;233178627;112728577;112727553;168037378;208666630;62260738;112728579;118230020;226497539;84806921;172623874;118231044;124126723;54156622;167250945;175900164;114427399;96206860;96210954;199230470;77334019;212343822;212339732;77334021;146804996;77332997;212336656;212343820;146805760;212343826;212340752;212340748;77336069;77335043;212337680;220992004;212340746;212337684;175899140;212341766;212338696;212338704;212337668;212339720;212339718;212339722;212339712;107218948;59517444;59510794;59506698;110629377;72622080;106433542;139593221;183507968;131729408;189533195;131729412;184945673;224396801;156898822;149775;175244804;142858;34344200;22806534;153888006;185992192;183108111;233309192;162793486;233318406;233315338;162793472;233310208;75768321;235407364;75765257;235407618;88217884;216929793;64753668;147720198;169216008;233311234;231998464;201850880;233308178;202378246;201458948;116655623;208928774;240129795;174329348;240129545;130941443;240657408;240129542;233316362;233318404;233311244;213126146;213124102;104335879;213256204;213123072;210242566;213125128;213124100;213123074;213123076;240648195;162791438;231997440;240653312;210239494;233311232;162793496;162795534;240661504;162791448;232000512;201199620;188752385;101188612;170526722;201588736;204213250;188751361;66198530;235407362;204215300;75769349;121769990;196347908;75766275;121769986;75767297;199493638;144577796;88090894;176822275;222563340;222566404;144837890;233309196;168691726;168691716;233312266;183112710;168691722;112464137;22675972;159652878;135400961;233312260;233317380;233318410;233318408;233308172;240390144;1543;231999748;218108932;218891270;208143366;183766275;136187140;139728132;148898562;200806402;134227970;200802304;137369350;200807424;200803328;200804352;200807426;220463108;232259586;95814659;186391040;176947204;192419844;177079300;235802112;136187144;97389065;207750670;207750668;99485198;207623427;99358726;207624451;237906950;177478664;146670596;180225538;198706182;177481734;237777972;146671620;237766701;237769767;84544001;184287243;169216004;117573632;169216002;71307266;232004610;129761286;71305218;231999492;173411587;208142342;233316356;143917573;232002564;183112716;231999488;233309186;112465161;22545412;181404931;159652872;144971778;173672966;218103812;218894342;150208520;121375238;197398534;173672964;181403907;173672960;189532169;153886980;99752705;153891076;140775428;208404486;110897665;59518470;94112774;173673218;221644806;153885958;161613068;57937411;104595977;94111750;94111752;123208708;104595975;221774342;123207684;131861250;57022985;57020931;207097860;207097856;179440136;122029320;157810947;210768134;171837956;206965764;174721794;121902344;122029322;206966018;206965766;170135042;165157383;232654337;117834753;26216450;232654593;199233542;165284878;232653313;66198790;199753734;212343824;146803712;212340740;146805762;165284880;212341772;212342796;212341778;212336644;167250947;212337682;212339728;212341762;212339714;212341768;212339730;212340754;66196740;212341776;212336652;212338694;212340744;224662273;230167055;147857409;207884294;223348500;195430920;172886022;195303936;195431942;195301391;172886024;195302659;54155606;54156630;54180173;156241416;54153546;124126727;232003586;205391875;183243780;205391873;99097093;99097095;183243778;163053573;183243776;183243783;183242499;183763987;84545025;237766664;56098820;134227972;215091716;168824844;214963971;173936391;215091714;202638340;82446338;17048835;132911108;210635264;149686276;197397510;185992196;123211780;153890052;172360962;215352834;215221253;101844483;140771332;181407236;237765673;237902908;237765677;237899834;237765664;237786663;237766710;237785154;237901845;237777952;237773837;237778983;237899797;197266436;85984774;219942918;23200768;171837954;23200771;66324484;219940874;66326532;224919564;67110147;190056706;224923910;156108806;224920584;224921616;236978435;209978374;182714372;224919560;149165062;88089870;88090898;88217607;190849536;73539331;239086597;64620804;239086861;219678471;88218625;88217857;219680257;197658630;219680517;239077639;219679495;156242440;201326850;171180041;233308166;69207043;213127176;157551621;213128196;213124096;213126154;213256198;213255176;233317382;213126148;213256194;181147652;213126152;210241542;162793480;142856;216533506;240654336;162791434;162793478;240648192;162795522;189925377;197004296;162791436;208407558;209586698;237781005;104860421;203164678;237909000;209459722;38667270;99754755;227280896;56362244;227283970;99756803;172234769;97388055;139593225;237785140;99752449;207752712;99353617;211292422;211290372;177477642;128061963;99358724;211295494;237909011;177477640;99485192;211289350;177481732;146672644;237771823;177473550;146674692;146673668;184292356;177481738;237904943;237910076;237903880;237776937;198709254;237767693;177479688;237775872;176555013;237907976;237773850;177481736;184292610;177471502;107216900;237780518;237897762;237902880;237777954;237905965;237905926;237774876;237768745;237767725;237897760;237909013;237765651;237908002;237770773;237776948;237764621;237766708;237900834;237766714;237896751;237772828;237766658;237906978;237774880;237902854;237773856;237773824;237897734;237770754;237910063;237769730;237769734;237768762;237777928;139593219;174070276;237910061;237777978;237774874;237785643;237786667;237775880;237900858;237769747;84545027;169872386;237766675;174065668;237777980;183506948;221644802;74186752;200805376;186394112;166990856;200803332;134228226;200802308;186390016;183762963;183764227;134227968;183768083;200803330;147859457;224792327;61868040;192419850;220465156;95689219;176950276;235680003;176949252;57021955;176948228;235675401;148636418;57022979;68555776;237775904;195297540;224791307;195298564;173147142;217062659;139728897;195304194;195299588;195301384;207880198;195433988;223348502;195430916;207882246;195429636;195302410;207883270;223348506;207881222;168953862;139727873;89394185;89392134;168953856;173801732;188219392;173021441;215091718;168953868;132907012;212861962;168953870;202640388;100273412;190711808;76421635;76423683;207097862;215484422;82446340;215482374;202247686;76423687;76421643;140513539;76424709;154273793;215486470;219152647;158468098;225181702;157814272;210767105;187433990;233048322;205654016;205654018;179440134;230429199;207097858;197921796;187435014;190448646;63313156;207357187;168953866;62918662;62914566;157025285;172886016;145359887;206311426;190316550;187437062;129370625;128974856;121902346;193464320;88607754;129371649;121896962;96998923;121902342;121903362;121903366;96997899;96994827;121903364;96996875;86377476;210767108;206965760;187959554;72089602;187959556;96996881;128975880;214438406;96998927;83232258;224792331;76424711;76418565;76420619;131336200;233050370;179178769;172623876;131337224;84805897;155718662;62131724;208668678;226495234;118228996;179176721;226493188;202901763;197266438;175769600;28185603;120195589;237773865;237771802;237776904;237909039;237903893;237778963;237901843;237775924;237906991;237908026;219942922;219938816;171838978;220071940;85985798;147195906;171837958;224921612;23071491;224923907;224922624;224923656;108790025;209977350;209981446;224923650;108923148;224922632;108923145;108923142;108922118;113252865;187959296;108790031;182455300;237769769;237896712;237776941;237911046;237777974;237771830;237769754;237772813;237908013;237904956;101450498;101453570;107481092;101581833;181665796;138150406;171837952;221250571;118099714;172100619;118098946;172100617;156108800;172100615;190187777;220725767;116392457;174983168;116392455;54157638;96207884;117834763;199229446;66197762;212341764;167383050;119018498;77335045;212341774;212338692;146804736;212338698;212337666;212337674;212337672;175901188;212342798;212336650;212336660;212338708;212336658;212338702;212337670;220990980;212340750;212341770;212336654;212340742;212336648;212339716;212337678;201068803;149424132;66197504;174983172;182454276;107484164;182191111;188752387;182326279;21498886;201721859;204211459;201590793;14423303;188487690;75766281;75768329;180488708;75768327;75765253;185993220;153889026;149684228;83889164;144577538;199491590;176817163;88089872;222569484;169609220;222570506;222569490;144839682;200281600;88217873;144839684;88089874;164498954;88217601;88218895;88212769;232000770;71303174;54175008;71304192;54178080;232002560;124126721;71304196;54153513;126226192;54154574;54155598;206179842;231997442;204998407;173411331;201853188;161224201;64751620;54153554;109062144;215091970;173801472;173938693;215091712;212994048;225972998;132909060;202641412;212862724;202637316;168953860;76422667;158468096;82446342;190710786;147856389;156636419;57279495;76421639;66197766;75768323;164498956;14423041;75765249;171447812;88217878;216929799;73539077;73538305;239086849;239085832;239077382;239086856;239089933;22282246;73539073;190843140;73537029;189925381;183505928;156898818;209324291;182322185;204210183;21499910;182322183;204213248;204213255;188614144;204213252;121769992;179568644;139996171;66196738;188614152;179571716;188482063;101189636;179570692;164498960;188614146;14423301;179572740;100273152;179440128;225182726;140516611;205654020;190711810;202117642;147860481;202117640;202117632;190317574;98567693;112989186;63313154;153486336;171837960;63312898;197920774;206311430;156634117;190449670;190319622;158468100;205129985;201851142;161355782;169216016;64752644;126225162;161355784;116654599;204997383;130941699;240128003;240651264;239611914;163582468;223219203;201458946;223219207;208931846;163579396;208930822;233316360;233311246;208929798;186779142;233314308;201198592;132125187;132125185;198184962;171447814;88218889;73538051;30803968;73539329;239085837;239089669;73538053;22284296;73537281;160433154;193334279;232654595;96338956;66198786;232653571;96206858;96208908;170135044;77334017;199231494;93849858;77335041;146803972;212342800;176030212;146806020;146805764;212338706;77336065;212336646;212336640;193334273;220990982;132125189;66198528;193334277;149427204;220992002;132125191;193334281;91755523;223870982;104861443;223873030;99750657;208406534;227285252;237906952;237902906;104992265;227284994;209459720;234094852;204476418;223872006;152834052;157287429;152830980;207750666;56364292;186392064;207620355;157286405;209585668;207628547;157288453;38667268;97389057;157290501;222300420;157289477;152833028;237769782;97388057;152836100;139593223;99750659;121374216;68556034;131858954;160956416;153890050;216274188;101844501;215223555;172361728;208408582;185992200;153887744;172362752;121373192;223874054;153884932;101844487;101844493;158082564;172233747;97389061;72621058;97388041;158082562;158082560;101844485;101844489;169610244;222570510;200280064;237240579;222560268;88218893;88090890;88080673;88217871;169607172;88219409;88218881;88217875;200279040;88216847;88218631;200279299;88090892;88217603;106434566;104599049;203426822;237764627;237764629;237896710;237767688;237767680;237901882;237773830;237775900;237788743;237768736;237910050;237776911;237767738;237896762;237766697;237901858;237767721;237778946;237766716;237900806;237767701;237772808;237910035;237777965;237764653;237775893;142215682;237768738;237778944;237897775;64225284;157027333;237774863;237911059;237773858;158993414;237776917;237766656;174064132;237900808;237772847;237787207;237787661;237776898;174068740;237900847;147858437;169873410;237911100;237774848;237775906;64228356;56102916;237903919;237907987;183243785;205391877;129501188;171838984;221382146;232654347;118098690;118099456;220729863;181668868;171708934;107482116;221254148;177210629;181667844;220729865;232653569;117834757;220726791;153884934;149688324;197395462;197394438;172233745;189532171;149687300;140773380;72622082;140774404;101844481;237778985;223875078;172363010;166985736;215352832;75631368;140772356;215221248;184815105;175116804;1549;22807558;224135174;68555780;203425798;7;68556800;68556804;0;131865604;161089794;75631366;1547;185993222;56100868;166987784;183769347;200804354;200802310;147859461;164890371;200802306;200805378;183763203;192419842;183895554;134350337;134351108;61869064;220464132;192419846;136187142;193726471;136187138;193727495;147858691;235673859;235678467;95815681;235673865;57019907;163319298;163321346;57024009;163320322;57019909;193730567;57020937;147856643;166985987;172234771;147856385;207751170;211288068;211292419;207751688;237767699;237775878;177480714;99358730;237776930;99358728;74976002;237771776;84414981;177472524;237772800;237768758;237907004;237769728;177482762;177474572;237775885;237907002;177603598;237787188;237764649;177483786;237899808;237783079;139593217;177482756;177478666;237776915;237908998;102760967;237897773;237765666;198708230;237767712;237768710;237770760;237765632;237771804;237769743;176422917;177480712;200018946;237787687;237906963;237772852;145492227;237765645;237764668;237785159;7080960;237908015;237905941;237904941;237775932;237770786;237787691;237773845;237765634;237904917;237771782;237897736;237768732;201589769;213913096;162267136;204212231;21496838;182324231;21497862;66197506;180488710;188749315;204214276;188614150;204211202;121769988;204212228;179569668;188484111;188614148;88090896;188615688;180488704;14423297;147860485;218628102;172623872;208669702;87034374;206311682;84806925;62260736;136839172;62260740;155715590;155717638;118227972;208667654;112727555;118226948;172623880;62133772;137101316;172623878;120195587;202900486;175769602;175769858;175769606;106957836;28184067;106954764;28185857;203032066;167513090;28185605;106958860;167511048;28185601;171838976;28185859;23071232;167514114;202903046;203033094;237900845;237786650;237899823;237765647;237776935;237773863;237770780;237777961;237897747;237771789;237769773;237778996;237904904;195037186;237774861;237766662;237773869;237786624;237896725;237904915;56101892;237765653;237770806;237774882;237901871;64227332;237903930;237905978;169871362;237774887;241440773;237776950;237901869;237904902;237909026;237785613;237764642;237898773;237775930;237767740;142215688;237900860;136577028;217065482;147859715;57021963;57024003;109060096;89395206;173940736;76418563;173021189;225968902;168953858;202639364;156636163;212863498;156634371;57150983;76421637;57154055;57152519;224791301;57155591;143393285;82446594;57149447;76418571;100273154;76419841;76422661;83232262;76423689;76423691;197921798;174721538;217319683;153486340;128977928;88607750;206965762;129370627;96997905;121902340;96996879;106700292;210768129;121903368;174721536;96993807;86377482;86377480;182715396;239339520;69995779;176160772;106828288;182061058;233047300;176161796;159124492;106826248;159123468;176164868;178653698;129371651;233051394;106695190;182061314;147857413;57022987;57020935;57020939;88606730;88607746;128976904;121903370;88607752;210764548;210768132;121902338;121897224;88607748;98566669;190710788;96997903;96997901;174721796;106826244;96995855;86377478;86377474;176163844;206311428;108923151;209979398;69993731;129370881;106826246;178524672;89915394;106828292;211813378;176162820;106828290;233047040;106826240;54155602;64750596;202379270;223219209;174328324;161224203;223217177;153889028;233313288;202375174;130941445;130941441;174327300;214697986;240128000;233321480;90835973;233311242;223219201;111153932;163578372;233309184;90836225;233310222;163581444;233319432;233314304;233308176;233311240;68559106;175902212;96211980;26214402;117834761;96209930;96208906;199755782;232654339;96209932;199754758;146804738;188751363;220990978;212338690;77336067;212342802;212340738;212338688;212337676;212336642;212337664;212339726;212339724;201197568;201197826;188750337;201198850;209324293;196347392;199495686;88216581;169611268;88216583;88217867;88217605;88216849;209324297;88218887;171446790;239089921;239077652;239089928;22283270;192808964;212736000;192809218;212737024;194779142;194778118;234627584;194778120;194775051;191106056;93324803;149947398;93324805;90177794;4589570;238551040;191105032;125832711;125831687;4588801;4588547;191107080;196088320;238685442;196083712;196084740;126225164;215485446;83232264;76420617;156636165;76424713;154144769;156634113;225184774;100273410;154142469;140517635;147857667;210767112;202115594;156638467;233049346;187432966;156636161;205654024;112990210;230429197;148638466;63312896;209324289;66196742;193334275;121769984;73539075;239090693;239088897;64620544;66588164;239087885;212737282;234627844;192679428;192808960;194779144;194904583;194778371;109321216;134481926;93324807;125830663;125833735;196089346;196083714;196218377;196215822;196086790;73537283;75766277;75769351;73538307;88218629;239085579;239089675;239077654;197656582;192809988;192679426;212737286;212736262;212736258;212737284;212736260;234627846;109323264;134480902;134479880;134479878;134482950;134483976;149948422;93324801;128452353;93327879;93326853;93328903;93323781;93325829;196088322;196084748;196084738;196217348;196217350;196088326;196089354;196084744;196085764;196086800;196085762;104205312;232000516;54156602;54180177;173411333;54154541;54154537;231998722;54156610;232002562;124126729;124126725;147720196;174326276;75767303;14423299;66587140;66589188;239088904;64620806;239085825;192677896;212736002;192808962;194773513;134484998;134481928;109322240;134483974;134482952;134485000;109320192;134480904;93323777;93326855;93325831;93323779;93323783;196088328;196089350;196083716;196088324;196084742;196086788;196085776;196086784;196089352;196086786;196086792;196217870;196083718;104205570;198447108;138498;66585092;239087621;212737026;234627842;194779140;234627586;125829639;4588551;196089360;4588545;4588549;191104008;191102984;196085766;196083720;196084736;196089344;196083724;104205314;196085760;196085768;196089348;104205572;104205316;54176032;54156589;54153558;54155594;205129731;54178121;232001538;54157634;54182225;232000772;173280261;54157630;121373190;153889030;99754753;26738692;14160908;159125516;212206592;59246594;230691343;233046274;212206594;87033352;62134796;155716614;155714566;168037380;55837188;226494982;62260994;226624513;28184069;175769604;120195591;84805899;120195585;28184321;120195841;203032068;28184323;183371264;106959884;106956812;197266442;28184065;202899462;106960908;106955788;202899715;202903042;59508746;110895617;153885954;205392129;170136582;101451522;174983174;183243789;221250821;171838982;165284876;232654349;181669892;146146566;232654343;220728839;232653317;232654351;116394503;177212674;221252869;114427393;116393479;116395527;221382144;221251595;190187523;190187525;181666820;167250951;114427397;147720194;233317378;233320458;208145414;233317386;233320454;136446468;233308162;233313286;233315328;54539297;218892294;198970374;233320456;232004608;189925379;112467209;153889792;60040193;169347079;138240;26084354;54525952;135272451;54535204;156898820;203423750;144971776;152594;149773;159652870;104597001;59507722;135400963;203427846;237771808;237776954;237778976;237773882;237897788;237778978;237902893;237765640;237896749;237772832;237768730;237898771;219941896;66323460;219939850;66325508;147196162;72089604;72089606;182717444;182718468;90439680;149164038;108922127;108922121;149163014;108010241;108790022;113252867;187959560;108012289;174983170;172100621;88216845;88216579;88217880;88217886;216929801;30803970;216929797;216929795;190846464;190847488;73537027;22283272;239088651;190845440;239087873;239086603;22282248;183506944;54791186;203032070;219943946;85986052;219941898;85983750;66322436;220071936;23201030;72221698;185077507;239337472;182716420;224920834;209980422;190187527;149160966;108790028;149161990;108922124;108009217;113251841;187959558;205785116;182453252;108011265;205259783;113251843;190187521;218103808;240390148;233319430;232002818;183112708;233314314;233316354;233316352;232003588;233312268;233308164;153884930;153878528;112463113;135400967;240390152;218890246;232002820;232004866;161613062;173672962;150209544;143138827;218893318;153886982;189926915;54538775;153885696;169346055;235147526;54181193;173411585;233313280;233310216;157552645;213125122;171312646;211551234;213124098;233312258;213125120;213125126;72361988;213124106;104336903;104334855;213127172;213255170;162795542;213255172;213125124;162793490;162793500;162791430;240650240;162793494;181147648;233314310;162795530;162795538;162795550;197004288;162791452;119278087;162795546;233309190;168562690;162791442;162795524;210243590;233311238;206179848;119277063;233312262;162795520;162795536;233310218;162793474;232001536;162791440;162791446;168691712;233318402;162795544;233319428;178914820;162795548;162791444;159652874;233316358;178914822;159652876;233314306;202377222;237897749;237901856;237907974;84544005;237785150;237765660;237909024;237911087;237787648;237777922;237911048;237902869;237766671;237900821;195432966;195300367;195298319;195301635;130285572;226234883;55053318;76421641;66847748;66846724;173147138;62917638;66848772;157026309;173021185;174067204;200804356;183895560;200805380;218629126;61865992;137370371;241441797;147860739;139727108;192419848;61998088;147858433;57019915;193729543;95815683;172886018;189533193;224792325;57025031;57024007;235675395;166986758;166987782;235673868;57021957;193725447;224792323;163316743;232004612;54179153;71304198;71305222;54153538;231997444;201326852;54156626;54180169;201854210;54157650;201852164;126226186;169216006;129762310;153890054;153885956;156898824;59518468;221775366;161089542;221776390;183505920;221778438;131596288;72621056;60040449;123209732;183507976;216273164;183508992;60040195;107217924;183509000;183504396;183508996;99756545;215222531;237780992;195431940;195303938;195300360;195430918;223348508;130287620;87294475;226234881;223348498;55051270;87297547;173021187;226234885;87298571;55050246;173147136;55054342;87300619;66849796;66850820;168953872;87299595;87296523;142215690;62915590;233308174;205129733;171185409;233310220;233309198;72355844;181147654;213123078;157549573;213256192;206179840;213127174;213255180;213126150;90835969;213256202;240655360;72358916;181147656;240659456;206179846;162791424;162793492;162791454;162793484;210240518;162795526;162791426;206179844;178914824;216533504;119276039;162793498;233308168;178914816;162795528;168691720;181147650;202376198;233313290;233309194;197004292;178914818;183112714;231998466;162793488;162793502;233313284;168691728;162791428;197004294;136316420;162795540;162791432;235143425;107220996;57936387;153883648;94114822;185992194;123210756;189925383;57935363;221777414;161089536;161613064;153884672;210634240;183505924;183506952;54788096;198447110;41947393;41945859;22809606;184812557;9;68557826;224136198;224134150;68557828;99752707;153890816;203424774;142854;161089538;138246;138244;99754497;1545;235143427;198445317;107223044;104992261;203161606;227283204;38667264;237906965;76940290;38667266;104989193;203162630;104989191;237910024;99756549;209586688;237776924;207751172;237766703;209586694;209585672;209459718;237764616;209586692;97388035;97388063;237769756;56361220;152832004;237770810;237778959;97388061;207628290;38667522;237768706;97388039;207751168;207627523;222300418;97388059;97388037;207622403;237772841;107225092;221643776;68557824;68558848;76423685;156638465;140514563;154142214;195036162;140515587;202244622;225183750;158468102;202118656;177482760;237771795;177472526;102764039;237789242;237771834;237902895;237770791;102763015;198707206;237902882;237785626;237766684;237764640;177483784;237770765;237898760;237769749;237766688;177482758;237906989;237901884;237776896;198705158;237898784;237771778;237898812;237903878;237766669;237767719;237898810;237791284;237767734;237899782;237766682;237911061;237765679;237773852;145490179;237774906;237776902;237775874;237764662;237768756
1769498,27,26,169348096;168560640;169350144;169346048;169345024;239602714;239614490;239603738;239613466;169349120;205788172;169347072
-3801152,-32709,-32704,54163264
-196657,-32764,-32719,126092052
-3407935,-32715,-32705,54160191
-3670083,-32711,-32701,54162243
-5242957,-32687,-32691,54174541
-3866681,-32708,-32711,54163769
-3342423,-32716,-32681,110102528;110100486;110102530;110103552;110101504;110100488;110100480;110101510;110101506;110101512;110103558;108793118;110100482
786434,12,2,236716546;236718080;68422153;236717056;235405571
-3932229,-32707,-32699,54164293;110887428;113247749
-3539012,-32713,-32700,54161220
-131102,-32765,-32738,126092545
-131115,-32765,-32725,156240385
-1638460,-32742,-32708,159649285
-4980801,-32691,-32703,60034568
327689,5,9,135266821;88082702;90966537;239083269;121636870;95160841;98830857;235146499
-589827,-32758,-32765,136451
458749,6,-32765,68551172
-4128829,-32704,-32707,54165821
-196642,-32764,-32734,126092037
-4194356,-32703,-32716,54166324
-4915231,-32692,-32737,54171935
262142,3,-32766,153880322;88081689;202114050;202115592;201590530;210766086;202114056
262154,4,10,54790154;54528010;177473546;235145986;88082189;87558154
-3145713,-32720,15,155663
262135,3,-32759,161742848;161744896;161743872;205785106;161222914;101714445;190578693
65537,1,1,160956929;219939329;144836608;201588741;163315714;241441793;201327105;241443329;241440769;201851393;241439745;210765059;201589249;88080662;84935169;241438721;241437185;95158785;163317762;86508033;134350082;125305345;86770177;163316738;98828801;90964481;224395777
-1441759,-32746,33,215876868;215744516;215744770;215744512;215876872;215876876;215876870;215876866;215744518;215876610;212864000;215744514;215744780;215876608;215744778;215876874;215744782;215744772
-1114118,-32750,-32762,75498755
-4587594,-32697,-32694,54169418
-4259890,-32702,-32718,54166834
-3604547,-32712,-32701,54161731
-5439502,-32684,-32754,198444038
196601,2,-32761,68553216;95683077
-4390990,-32700,-32690,111412737;108922368;111411713
1638396,24,-32764,99614726
-65575,-32766,-32729,156240901
-4259902,-32702,-32706,54166846
-4390970,-32700,-32710,54167866
-3276842,-32717,-32726,54159146
65494,0,-32726,156241922
-4390997,-32700,-32683,54167893
-5439534,-32684,-32722,54176046
-589829,-32758,-32763,129761280;147851274
-3801140,-32709,-32716,54163252
-4980778,-32691,-32726,54172458;54537239;54535191;54536215;54534167
1048589,16,13,117441536
-4128823,-32704,-32713,54165815;111674368;56098816;55837184;183239174;56099840;56100864;56102912;56101888;56103936;55837696;205783054;55836672
262147,4,3,201852931;219940867;88082196;134219778;239081229;201328643
-3670082,-32711,-32702,54162242
-4390982,-32700,-32698,54167878
131017,1,-32713,126094618
-4849699,-32693,-32733,54171427
-5177420,-32688,-32692,54174028;59506946
-327713,-32762,-32735,156238859
-1245230,-32748,-32722,147588618
131093,2,21,49022467;49025536;49024000;54526997;49024003;49025539;88081154;49020931
-3538949,-32713,-32763,159493
1310739,20,19,240387075;117703180
-4915274,-32692,-32694,59510786;54171978;59511810
-3866695,-32708,-32697,110888961
-1114100,-32751,12,139788;37229056
-65569,-32766,-32735,126093060
-4128841,-32704,-32695,54165833
-4456522,-32699,-32694,54168394
-4456523,-32699,-32693,54168395
196553,2,-32713,126095130;127664128
-983088,-32752,-32720,147590664
-4325427,-32701,-32717,54167347
-4456497,-32699,-32719,54168369
-3932214,-32707,-32714,54164278
917445,13,-32709,173277185
196611,3,3,201852419;95159811;122684931;201328131;160957955;125306371;67373056;134218754;219939852;86771203;239080717;241445377;86509059;84936195;88081684;219940355;98829827;90965507
-4587595,-32697,-32693,54169419;183501840
6,0,6,230032644;229900288;229901572;162267142;229900548;229900290;229901312;88212241;230032642;229901570;59768838;230032384;87556102;229900546;139200518;177471494
-262187,-32763,-32725,156239361
-4718631,-32695,-32729,54170407
-524292,-32759,-32764,129762306;135940
-852031,-32754,-32705,239606276;239605252;159125512
-131079,-32765,-32761,239608839;106959874;106958848;185861634;106959872;205785092;239607815;106957826;106955776;106961920;197264392;106954752;106956800;106960896;106957828;106957824
-1048627,-32751,-32717,147590149
-1834984,-32740,24,178783244;182978058
-1572926,-32743,-32706,159649795
-2490347,-32730,21,183109639
-3801176,-32709,-32680,112460045
-2359312,-32731,-32752,34341126
524286,7,-32766,68419589;205915164;136055046;144707846;239608855;239619607;143918593;143917569
655358,9,-32766,68420613
-3735550,-32711,2,160258
131019,1,-32715,126094616
-42,-32767,-32726,156241410;133432322;133433344;133433346;133431300;133432320;133431302;133431298;133431296;133432578
-131122,-32765,-32718,126092565
262091,3,-32715,126095640
524282,7,-32762,68419585;101713431
-2097113,-32736,39,172228618
-2097112,-32736,40,172228619
-65541,-32766,-32763,210633216;154010885;97256975;97257999;96995841;96995845;96998913;185862148;197002244;97255953;97261071;96997889;96996869;196609030;97259025;97260047;97256977;97255951;205786134;96994821;96998915;96998917;96993793;96997895;96993797;96996871;96998919;96997893;96997891;96996865;96994817;161350662;196608006;97258001;97259023
-917511,-32753,-32761,75500292
-1179686,-32749,-32730,139461639
-327670,-32763,10,104596995;104595971;239606279;104862211;104859141;104598017;104599043;104595969;104598019;104596993;104858117;239605255;104071684;205786112;104599041
-1048566,-32752,10,139274
-5308489,-32686,-32695,60032000;232260608;232259584
-15,-32767,-32753,189530638
-3735535,-32711,17,160273
-1179651,-32749,-32765,75497984
982977,14,-32705,173539842
-2031582,-32737,34,172229125
-2228186,-32734,38,172360713
-1245149,-32749,35,172235270;180617220
-3866627,-32708,-32765,162051
-458757,-32760,-32763,131860996;131863044;129763328;131858948;131862020;131859972;147852298
-720900,-32756,-32764,75501825
-1245191,-32748,-32761,75497732
-2555921,-32728,-32751,151825;34475272
1572860,23,-32764,99746310;106693138
2293697,34,-32705,227278850;223086099
-3407855,-32716,17,24118795;25692680;20974080;25693192;25691146;28050946;63965443;24118791;24118787;25694725;25694721
-655366,-32757,-32762,147850761
-196599,-32765,9,97256967;97257989;88213774;97257991;97259013;97257995;97259015;97260043;97261065;97261061;97261063;97255947;97256969;97261067;97260039;97255945;97259017;97255943;97259019;97256971;97257993;97260037;97260041
-131076,-32765,-32764,97255957;183767040;183767050;185861637;183767042;106431488;97256983;97258009;183767046;106430464;97260053;106433536;97259031;183767052;97260057;97258007;97258005;97259029;196346371;183767048;129238016;106434562;205785102;183767054;183767044;106434560;106432512;97260055;97259033;97256981
2097163,32,11,156894727
589836,9,12,54792716;239083016;88084747;234621698
-4653135,-32696,-32689,183501830
-3997706,-32706,-32758,163082
-5308432,-32686,-32752,198446082
-5373970,-32685,-32750,198445314
-4784204,-32694,-32692,183500812
-4784203,-32694,-32693,183500814
-983098,-32752,-32710,158861828
-22,-32767,-32746,189530631
-1179691,-32749,-32725,139461634
-2293809,-32732,-32719,142083073
-262157,-32763,-32755,147853826;149946368
458753,7,1,183763970;95161857;183763972;90967553;183763968;183763974;88083734;84938241;86773249
-3014736,-32721,-32688,186385924
-2752531,-32725,-32749,153363
65535,0,-32767,153878785;88212248;201851137;224395521;153354246;210502148;191889665;201851139
-3080177,-32721,15,155151
-3145708,-32720,20,155668
-3145715,-32720,13,155661
-2883583,-32724,1,153601
655364,10,4,134225924;88085267;137887744;162272260;235536896;177476612
-393259,-32761,-32725,166988802;239601159;166988800;166990850;166985730;166985728;205915136;166990848;166986752;166989824;166989826;166987776;205786370;156238337;205787394;205916160;205788418;166986754;166987778
-196623,-32764,-32753,147854336
-983018,-32753,22,172754944
-1048588,-32751,-32756,147981827
-1179655,-32749,-32761,75498244
-3669992,-32712,24,159768
-458756,-32760,-32764,131859969;131858945;129763330;135428
-393218,-32761,-32766,134914;161224196
-720899,-32756,-32765,75501568
-3801076,-32710,12,160780
-786461,-32755,-32739,230169093;230163975;230162963;230171143;230174209;230173195;113771008;113772289;113511937;113510401;113508868;230166021;230165007;230166025;230175243;230168065;230172163;230172161;230169095;230167043;230431235;230432259;230688257;230697475;230691329;230691333;230690313;230700555;230175241;230172169;230164993;222568450;170393604;170394624;170394626;170395648;113773313;113770753;230165003;230169097;230162951;230162957;230167049;230169099;230162953;230426115;230430217;230429193;230696453;230687247;230695433;230699527;230687245;230698501;230689281;230690307;230695427;230695429;230694405;230690315;230698499;230688259;230687243;170395652;170393608;170393600;177603602;113771265;113902337;113774337;113770497;113902081;81788930;230174217;230173191;230168067;230162955;230171145;230429185;230428167;230435335;230430209;230425091;230437385;230426125;230436359;230434309;230434315;230431233;230696455;230692355;230697481;230695425;230692359;230687241;230691337;230699531;230689291;230698497;230697473;230687251;127404042;222566412;170394634;170394632;113510404;113508877;234094596;177472516;230695431;127404039;230694403;127402506;230693385;230696449;230695435;230696459;230697477;230699523;230687233;230688271;230687249;230689295;230689285;230691335;230689289;230690305;230693377;170394628;170393606;170393610;230173189;230433287;230432257;230433283;230431241;146801922;230173187;230167051;230163969;230166031;230172167;230163979;177603588;177603600;81789954;230171137;230169089;230172171;230167041;230167047;230169091;230175239;230174215;230163973;230427137;230434307;230427143;230437383;230427139;230427149;230425103;230436361;230428175;230436355;230433285;230435337;230433281;230425095;230688267;230690317;230690319;230697479;230691331;230693383;230693381;230689283;230697483;230694401;230688261;146800898;170395656;222566410;222565388;222565386;222565384;127140356;170394630;230438411;230426127;230426119;230431237;230426121;230435339;230428169;230428163;230430215;230432261;230425097;230425099;230433289;230427145;230425105;230429187;230425089;230438409;230431239;230429191;127140362;146800640;146801664;113508865;113508871;113508874;234094592;234094594;234095620;234095618;234096644;234097666;113510410;113511946;113511940;113511943;230171147;230162959;81788928;230164997;230173185;230167045;230166017;230162949;230168069;230176265;230166019;230688269;230694411;230700553;230692357;230692353;230698507;230688265;230688263;230692363;230698505;230165005;230164999;230432265;230426123;230432267;127402509;127402497;127405575;127405569;230687235;230687239;127404033;230166027;230162945;230163977;230164995;230434311;230430213;127402503;127405578;230699525;127405572;127402500;127404036;146802688;170393602;127140365;127141892;127143425;127140359;127140353;127141895;230427147;230425107;230426113;230427151;230436363;230425093;230437381;230426117;230428173;230435331;230428171;230430211;230429195;230435333;230428165;230429189;230428161;230436353;230431243;230434313;230425101;230434305;113770496;127143428;127143434;230690309;230689293;230691339;230698503;230687237;230692361;230696457;230693387;230699529;230689287;230693379;230690311;230694409;230696451;165152262;127143431;127141898;127141889;218106884;230170115;230163981;230162947;230168071;230174211;230172165;81789952;230166023;230171141;230163983;230162961;230168075;230170123;230163971;230176267;230165001;230174219;230170117;230175237;230174213;230168073;113510407;230170121;230170113;230171139;230173193;230166029;234096642;113772033;113902080;113773057;230427141;230430219;230436357;230435329;230433291;230437387;177471492
-1572909,-32743,-32723,142088709
-1638382,-32743,18,173017602
-2293806,-32732,-32722,142083076
-1441830,-32745,-32730,142089740
-393189,-32762,27,84410371;198180867
196609,3,1,183763984;201328129;125306369;86509057;201852417;90965505;95159809;201590273;144703488;153880578;219940353;183763978;98829825;146015490;146014208;88081686;121634816;160957953;146014466;146147328;146146562;183763980;201590787;183763976;183763982;86771201;210766083;84936193;239080724
-2949190,-32722,-32698,63439105
-524305,-32759,-32751,147852034
-1572907,-32743,-32725,142088711
-1703915,-32742,21,173017093
-1441828,-32745,-32732,142089742
-1048543,-32752,33,172754443
-3669975,-32712,41,76415495
589840,9,16,83103236;82313728
-786447,-32755,-32753,147849728;149946370
-1769507,-32740,-32733,142087183
-524302,-32759,-32754,147851777;149687296;221249536;149688320;149684224;149686272;149685248;149689344;205916418
-3604556,-32712,-32692,57017865;57016841;54161740;56886793;56885769
655374,10,14,82314498;83102214;83100166;238302210;238302465;83102210;83101190;239079947
655347,9,-32755,190581761
655375,10,15,83101196;87033344;87034370;83103232;83103234;87034368;87035392;87032322;87035394;238302208;82314497;239605258;239606282;87032320;87033346;205916162
917476,13,-32740,193725440;193727488;193730560;239602701;193727490;193726464;193728512;193729536;239603725;190056961;205784080
-720868,-32757,28,172756998
-1900603,-32738,-32709,217062408;217063432;212601345
-2228285,-32733,-32707,217055496;217055492;217058564;217056520;217057540;217056516;212731652
-1572899,-32743,-32733,142088719
720913,11,17,83104260;83100170;83101192;82314753
-3473389,-32715,19,63964929;28050437
-786493,-32755,-32707,158336001;159123456
-3145690,-32720,38,76287492
-852011,-32754,-32725,139464194;141820675
-917544,-32753,-32728,139463685
-655332,-32758,28,172757510
65514,0,-32746,189531143;69994498
-262144,-32764,0,183768068;210634245;183768066;88214295;220334080;183768064;183768070
-17,-32767,-32751,189530636
-1638383,-32743,17,173017601
-1638362,-32743,38,212862469;216924682
-1834980,-32740,28,173016076;178785280;178785284
2883525,43,-32709,214962179
589839,9,15,83103238;83100160;83101184;82313985;83103242;83102218
2621395,39,-32723,207095298
-852028,-32754,-32708,158335490;159122434
-983026,-32753,14,205785088;239600145;104333827;172493057;104335873;239601169;239610897;239611921;104334849;104333825;104336897;104334851
-4522070,-32698,-32682,108006406;54168918
720924,11,28,205784072;205785096;98568711;98566661;88085509;98568707;98566663;205783066;98567685;98567687;98568709;205915144;205783048
393229,6,13,205916178;171182337;88083210;123211776;123213824;123207680;121766912;239608861;123212800;123208704;239619613;234620161;239618589;239607837;123209728;123210752
-4063307,-32705,-32693,205786120;54165323;62129670;62132994;62136840;62128646;62128648;62131712;62129666;62130688;62131716;62131970;62131720;62128642;62130694;62129672;62130946;62135816;62128640;62130696;62128644;62133768;62131718;62129664;62134792;62130690;62130692;62129668;62131714;62132744;62129922
-3407956,-32715,-32684,205784088;109316098
-786467,-32755,-32733,165152256
851946,12,-32746,190056455
-852013,-32754,-32723,155976206
-4653139,-32696,-32685,205788176;171180036;57148161;108923904;57154305;57151233;57279745;57155841;171180034;57149697;57157377;57152769
-1835015,-32739,-32761,171835908
-655338,-32758,22,182454272;182455296;182452224;172757504;182453248;205915156;182456320
-1310725,-32747,-32763,85461507;85461509;85465095;85460483;85465091;85461505;85464071;85467141;85462533;85464067;85459457;85466115;85466113;85466119;85465089;85464065;85460485;85467139;85467137;75629314;85464069;85462529;85460481;85459463;85459461;85461511;85459459;85465093;85466117;85462531;85460487
-3014634,-32722,22,154646
-786421,-32756,11,137227
-3801092,-32709,-32764,161540
-3407874,-32715,-32766,158466
-3145706,-32720,22,155670
917505,14,1,68423176
-3407866,-32716,6,157702
-3866622,-32709,2,161282
786432,12,0,68422151
65528,0,-32760,106169344;106168320;7077888;7078912;4460546;185863169
-524310,-32759,-32746,160433152;160432128;160565248;205915138;183242244;160564224;165154317;161486090
1376282,21,26,117704211;170131466;168822784;235799557
1441824,22,32,117707793;169082892
-1114132,-32750,-32748,165282831
65532,0,-32764,81527303;153356292;161219592;185863173;153356294;153356290;128974850;153878788;196871174;210502145
-2031624,-32736,-32760,114298371;114295299;114298369;114295301;114297345;114295297;114296323;114297347;114296321;100139521
1507355,23,27,170133514;169083906;235799552;117708803;235799811
-2162746,-32734,-32710,213910032;213910026;213910278;213909518;213909512;213910016;217055240;213910542;213909506;213910028;14158860;213911560;213910788;213909764;213910274;213910022;213910536;213910530;213910020;212730368;216402696
-2031706,-32736,-32678,66061570
-2162657,-32735,31,201065473;172360194
-1179634,-32750,14,63700992;63702016;63703040;63309313
-196600,-32765,8,201065476;104072706
-393188,-32762,28,198180868;88215045;84410372
786366,11,-32702,201068546;174854152
262144,4,0,201590784;153356288;201852928;219938822;218105856;202638336;138151425;138152449;201328640;162269184;153881089;202642432;202639360;59770880;205787164;88082199;202637312;202641408;137887746;203427840;203427842;203425792;202640384;160958464;144704770;203426816;219940864;220203008;205786140;136185090;203424768;203423744
262167,4,23,54528023;88081920
262169,4,25,54528025;88081922
851905,12,-32705,173670914
1245206,19,22,240386566
-196620,-32764,-32756,150211588;150208514;150214660;150209536;150209540;147854339;150212610;150208512;150212612;150213636;150214662;150213634;150208516;150210564;150210562;150209538;150211586
-2949101,-32723,19,154131
-3735541,-32711,11,160267;88605696;20971782
2162694,33,6,156894210
-917536,-32753,-32736,25952256
-5242924,-32687,-32724,54531089;54174508;54532113
-4915273,-32692,-32695,59510790;54171977;59510788
327691,5,11,235146497;235145990;88082700;239079430;95160843;90966539;98830859
458777,7,25,91750917;95424000
1507292,22,-32732,209192708
458737,6,-32753,188746247;147062784;192939014;192937990
-327655,-32763,25,198181377;200015872;84410881;199229440
1376268,21,12,91750915
1048601,16,25,91751941;90704896
-786454,-32755,-32746,14421253;165152269
-2162780,-32734,-32676,66060548
-3342295,-32717,41,75760131;74974727;76285959
-786453,-32755,-32747,14421251;165152270;161481992
1179668,18,20,240386052
1376277,21,21,240387589
-4915265,-32692,-32703,60035080
-5046349,-32690,-32691,59508996;56886784;54173005;59508998;56887808
-4849739,-32693,-32693,59513856;59512832;59515904;59516162;59517952;59517186;59518976;59516928;205916168;54171467;205787160;59515138;59514880;59511808
1310743,20,23,240387079
1179585,17,-32705,173541378
-5177419,-32688,-32693,59506688;59638784;54174027;59639808
1376269,21,13,91750919
1441754,21,-32730,209192198
917532,14,28,91750925;90703875
-3604444,-32713,36,75762689;76283906
-65514,-32767,22,101192704;101189632;88212737;205916170;101193728;101187584;101188608;101193730;101191680;101190656
-1048609,-32751,-32735,164365827
786450,12,18,88086277
-3276761,-32718,39,75760641;76286469
-917494,-32754,10,138250
262153,4,9,135397893;88082190;121635846;137889026
-3801158,-32709,-32698,110890503
131078,2,6,145097728;138675202;88081169;59769862;121636868;239080200;177472518;99091973
393222,6,6,135268097;59771910;177474566;88083217;144968704
-2555922,-32728,-32750,151826
-3735624,-32710,-32696,110892036;54162760;113247747
1048596,16,20,240518148
-589822,-32759,2,135682
-1507386,-32744,-32710,159650311
1179671,18,23,240386055
1507293,22,-32733,209192707
-786478,-32755,-32722,132121089
-327654,-32763,26,198181378;200015873;84410882;199229442
851992,13,24,91750921;90703617
1245207,19,23,91752975;90706690;91752969;240386569
1310736,20,16,238299650;238299905
-196598,-32765,10,88213773
-3342297,-32717,39,75761160;76285957;74974721;75760129
-1179660,-32749,-32756,164364824
786437,12,5,235405825;183764996;183764998;88086290;183764992;183764994;54532101
-1048619,-32751,-32725,139462658
-26,-32767,-32742,189530627
327683,5,3,115083779;86510083;88082708;134220802;86772227;101975040;84937219;95160835;90966531;101974016;137889792;98830851
1310730,20,10,238298892
-1310736,-32747,-32752,164495892
-2162776,-32734,-32680,66060288
393244,6,28,88082949
-2031709,-32736,-32675,66061573
-3801167,-32709,-32689,54163279
-3604561,-32712,-32687,54161745
-4653108,-32696,-32716,54169908
-3735612,-32710,-32708,54162748
-327723,-32762,-32725,156238849
-4194358,-32703,-32714,54166326
-4653094,-32696,-32730,54169894
-3539009,-32713,-32703,54161217
-3342377,-32716,-32727,54159657
-5439531,-32684,-32725,54176043
-4456495,-32699,-32721,54168367
-3801139,-32709,-32717,54163251
-4718629,-32695,-32731,54170405
-4063281,-32705,-32719,54165297
-4325444,-32701,-32700,54167364
-262186,-32763,-32726,156239362
-4456508,-32699,-32708,54168380
982984,14,-32712,173277700
-3670087,-32711,-32697,54162247
262092,3,-32716,126095639
-3407913,-32715,-32727,54160169
-3866677,-32708,-32715,54163765
-4456496,-32699,-32720,54168368
-458802,-32760,-32718,126224149
-4456502,-32699,-32714,54168374
1048519,15,-32711,173278211;173936128;173937154;173938178
983054,15,14,117440512;238295817;88087817;195300364
1245124,18,-32708,173279744
131018,1,-32714,126094617;125046275;125045253;125045251;125043201;125045249;125044227;125043205;125044225;125044229;125043203
-5111849,-32689,-32727,54173481
1900531,28,-32755,115737097;99617027;115606025
-196664,-32764,-32712,126092059
-4325426,-32701,-32718,54167346
-3735615,-32710,-32705,54162751
-5046317,-32690,-32723,54172973
1572896,24,32,169084940;117708815
-3801145,-32709,-32711,54163257
-3801141,-32709,-32715,54163253
131067,1,-32763,161220614;183766016;183766018;153357312;185863684;183766022;183766020;128975872;153879301
1572841,23,-32745,204999680
-4194390,-32703,-32682,54166358
-5046314,-32690,-32726,54172970
65529,0,-32761,161219586;185863170;196608002;196608004;196871168
-65576,-32766,-32728,156240900
196574,2,-32734,120592897;121374211;121375233;120592899;120592901;121373185;121375235;204215298;239602689;121374209;120063489;239603713;121373187;205784064
1245162,18,-32746,204997121
-65567,-32766,-32737,120588805;120588801;120588803;120193540
-3801162,-32709,-32694,109577735;109576707;109577731;109576705;109578753;109577729;109576713;109579783;54163274;109576711;109579777;109578759;108794630
-7,-32767,-32761,161218562;197394432;196870144;197396480;197395456;197398530;197398528;185862658;197397504;197526528;205787140
131074,2,2,201327618;218104834;160957442;201851906;134217728;87557122;99356680;162268162;137364480;241444353;177472514;239080206;210765570;144835586;88081173;137363456;99357704;121635840;54526978;219939842;90440706
131038,1,-32734,120591877;120591875;120591873;120062977
1572890,24,26,169084928;117708801;235668230
-4784173,-32694,-32723,54170925
131030,1,-32726,156242434
-4718639,-32695,-32721,54170415
-4390955,-32700,-32725,54167851
1179672,18,24,90706177
-4259882,-32702,-32726,54166826
-3539008,-32713,-32704,54161216;56885763;57017861;56886787;57017859;57016837;57016835
-4980817,-32691,-32687,54172497
3,0,3,201326595;183765006;183765004;201850883;219938819;88212244;121637888;144837636;183765000;210764545;191889411;183765002
-5505061,-32683,-32731,54176549
-1441848,-32745,-32712,147587072
1179589,17,-32709,173279233
-3407914,-32715,-32726,54160170
-3604546,-32712,-32702,54161730
1703923,25,-32755,116919296;116919298;106695180;99615491
-3932241,-32707,-32687,111281414;111282950;111286022;111284486
-4653133,-32696,-32691,239608858;239618586;239619610;183500808;239607834
851996,13,28,90703363
1507305,22,-32745,204999168
-65539,-32766,-32765,239601175;196346884;99353612;205784082;88213274;130547712;129238529;210633218;130548736;239611927;154010883;130549760
-4194325,-32703,-32747,56624128
-983093,-32752,-32715,147590659
-3932239,-32707,-32689,239603732;239602708;205915140;239613460;205786114;205916164;239614484;205787138;205788162
262146,4,2,201329666;219940866;162269186;218105858;99091971;99096067;59770882;144704514;239081230;90441730;201852930;160958466;134219776;177473538;88082197;220203010;201328642;145489920
1245210,19,26,239616026;169609216;169608192;169607168;168820736;169612288;169610240;169611264;239605274;239617050;205915142;239606298
1507316,22,-32756,116918278;99747074;106696202
-1245218,-32748,-32734,166463751;166462727;166463755;166463753;166462731;166461701;166462733;164364290;166462729;166461697;166461699
1638393,24,-32761,116916236;116919306;99614723;106695168
327672,4,-32760,68552449;101715471
2162699,33,11,156894215
-3276777,-32718,23,156695
-524285,-32760,3,135171
-2555919,-32728,-32753,34475268
-3735534,-32711,18,160274;20971521
-1245174,-32749,10,140810
-3342325,-32717,11,157195
720896,11,0,68421639;59774464
-3670013,-32712,3,159747
393212,5,-32764,68551683;144443392
-3342333,-32717,3,157187
-458735,-32761,17,221643780
-3801087,-32710,1,160769
-3080182,-32721,10,155146
393142,5,-32694,175114242;174719746
-589817,-32759,7,135687
327688,5,8,184811521;88082703;135266819
-2883563,-32724,21,153621
458682,6,-32698,175112194
786433,12,1,68422152
1310742,20,22,240387078
-1114145,-32750,-32735,166725120;164365315;166724096
-458753,-32760,-32767,135425
-1507382,-32744,-32714,159650315
-3801067,-32710,21,160789;21103108
-3866634,-32708,-32758,162058
-3538944,-32714,0,158720
-1310738,-32747,-32750,166855426;164495890;166855170;224923654;166855168
-4849731,-32693,-32701,60035590
-1179687,-32749,-32729,139461638
-3801159,-32709,-32697,110890500;57016832;54163271;56885760
-3670089,-32711,-32695,110893569;54162249;113248771
-3473408,-32715,0,158208
-3342381,-32716,-32723,57937665;205788168;239616017;57936641;57939713;57935617;57938689;54159661;239605265;167510020;167511044;239606289;239617041;57934593
-5111877,-32689,-32699,60033540
-1703957,-32741,-32747,164103181
65562,1,26,94109696;94112768;239606285;94114816;94113792;94111746;94115840;94111744;239605261;205784086;88080387;94110720;94116864
-524281,-32760,7,135175
-4849734,-32693,-32698,60035587
-589819,-32759,5,135685
-65502,-32767,34,72618500
-4915276,-32692,-32692,59511042;59512066
-917479,-32754,25,179831808;205915394;182714368;182719488;182715392;182716416;182718464;182717440
1638432,25,32,168558604
-2490379,-32729,-32757,136315650;136315392;34473476;239603716;136316416;175375360;205916176;136317698;136317440;34473474
-1966062,-32738,18,182977028
1638428,25,28,168558596;235669504;170131456;183241220;147325952;147324928;147326976
-1572842,-32744,22,178783236;178783234;173018118;178783232
2162695,33,7,156894211
131076,2,4,218104836;87557124;219939844;88081171;121636866;90440708;162268164
-917495,-32754,9,138249
-5046337,-32690,-32703,60034056
-1572927,-32743,-32705,159649794
-1638448,-32742,-32720,159649297
1703965,26,29,168559622;235669509
1376274,21,18,119276035;119277059;205787150;117703178;119278083;119276033;119277057;119278081
-3735637,-32710,-32683,112461064
1703962,26,26,168559616;170131462
1376276,21,20,240387588;117704204
-3801091,-32709,-32765,161539
458746,6,-32762,68551169;144444676;95686149;101716501;101713427;95687173;95684101
-3801089,-32709,-32767,161537
-3014640,-32722,16,154640
-327681,-32762,-32767,134401;161225222;129368579
-327657,-32763,23,221511688
-524289,-32759,-32767,135937;88216856
-3342327,-32717,9,22808576;22807554;22806530;157193;22810626;205788182;22808578;89916416;89915392;22809602
-589825,-32758,-32767,136449
-3473400,-32715,8,158216
-1835030,-32739,-32746,164102156
1441759,21,-32735,207620104;207618056;207623176;207621128;209192193;207618048;211290112;171180038;211291136;207619080
-327682,-32762,-32766,240910336;130285568;130286592;129368578;205915150;134402;130287616
786436,12,4,211294212;88086291;235405824
1179619,17,-32739,211288064;211289088;206439426
-1114152,-32750,-32728,139462149
21,0,21,222298112;54525973
-458810,-32760,-32710,128058370
-983045,-32752,-32763,75499778
131025,1,-32721,127929869
-1114125,-32750,-32755,75498762
-5505083,-32683,-32709,140777472;140641537;239616023;239606295;140774400;140773376;140772352;140771328;140776448;239617047;239605271;205786130;140775424
-393274,-32761,-32710,128057858
524285,7,-32765,162004992;160960771;162006016;136055048;68419588;205786138
-262202,-32763,-32710,126618624;126091549
-589874,-32758,-32718,128059402
-1769503,-32740,-32737,164102659
-1835045,-32739,-32731,142086669;201065991
-1769430,-32741,42,172231181
-196596,-32765,12,104863233;104858115;181929985;104072710
-3473392,-32715,16,24119823;24118278;24118282;24118274;20973825
-393228,-32761,-32756,147852803
-3407856,-32716,16,24118786;24118790;25690116;25691144;24118794;25694724;20974337;63965444;28050945
-393210,-32762,6,104860165;104862213;104858119;104071168;104861189
983008,14,-32736,208408576;206177797;208407552;205787142;208406528;208404480;208408578;208405504
-1703969,-32741,-32735,164103169
-983003,-32753,37,185337856;185335808;185336832;185335810;178258178
1703902,25,-32734,209455108;222567432;207621130;207620106;205521409;209455112
131045,1,-32741,189531650
4,0,4,87556100;59768836;219938820;139200514;88212243;162267140;90439684;210764288;205788188;121635842
-4980809,-32691,-32695,59509764;54172489
1245204,19,20,240386564
-3801066,-32710,22,160790
-3801073,-32710,15,160783
393223,6,7,135267841;88083216;137367810
262149,4,5,144966914;88082194;239081225;54528005
1179669,18,21,240386053
-4915277,-32692,-32691,59511046;59511044
-5046347,-32690,-32693,59508736;54173003;59770888;59771912
-1179688,-32749,-32728,139461637
720893,10,-32765,68421124
2162691,33,3,158077952;158074880;158076928;158078210;158073856;158077186;158078976;158072832;158075904
-131078,-32765,-32762,185861635;154011398;196346369;4459522;161351684
65531,0,-32763,185863172;144575746;210502144;153878789;128974848;196871172
-1703892,-32742,44,172231695
-2,-32767,-32766,154010370;88212761;153355268;129239042;210501635;196870154
131070,1,-32766,210503174;202244618;88080665;202246146;161220620;153879298;99094021;222566400;99095045;99092997;76022530;153354248
131075,2,3,160957443;219939843;122685953;122685955;122686977;201327619;201851907;175374336;122684929;122683905;88081172;191890435
-1703971,-32741,-32733,142087695
852003,13,35,115083777
-983101,-32752,-32707,158861825
-1835044,-32739,-32732,142086670
-1769516,-32740,-32724,142087174;202901504
-1114169,-32750,-32711,158860805
-917542,-32753,-32730,139463687
-1572904,-32743,-32728,142088714
-720871,-32757,25,172756995
-3014726,-32721,-32698,63570689
-1572905,-32743,-32727,142088713
393217,6,1,134222082;88083222;144706560;137367814
-3080270,-32720,-32690,186384904;186648576;186647552;186646528
-720913,-32756,-32751,147850498
-524293,-32759,-32763,148115973;147851786;129762304;88216860
458754,7,2,137370624;134222848;137369602;137369600;88083733;137368576
327681,5,1,136052736;99357708;99356682;98830849;99096077;99356684;90966529;99357706;86772225;88082710;84937217;86510081;144705536;95160833
-917482,-32754,22,172755456
-65527,-32767,9,183768078;183768072;183768076;183768074;88212750
-2228263,-32733,-32729,142083595
-2031661,-32736,-32723,142085125
327678,4,-32766,183769092;88082201;220203266;213649666;183769094;183769090;201591042;202115586;183769088
393214,5,-32766,136052998;144443396;68551685;90442498;137368580;76024578
-524303,-32759,-32753,147851776
524290,8,2,183762948;183762950;162271234;183762944;183762946;211292162;88084245;54530050;177475586
327680,5,0,136052994;144705794;90442240;153881601;88082711
327682,5,2,137367552;163316736;88082709;137366528;76024322;134220800
-2228264,-32733,-32728,142083594
-2228284,-32733,-32708,217058314;217064452;217065476;217057290;212731651;217063428
-1900596,-32738,-32716,217062404;217058312;217057288;212601865
-2097207,-32735,-32713,217058310;216401666;212599813
-589842,-32758,-32750,147851523
-3276844,-32717,-32724,57017863;54159148
-1114089,-32751,23,172753921
-720902,-32756,-32762,147850249;148113923;148114947
-4587603,-32697,-32685,56890883;54169427;108004876;64227328
-2293818,-32732,-32710,217056258;217055234;212731392
1966088,30,8,156500482
-720872,-32757,24,172756994
-2097193,-32735,-32727,142084617
65539,1,3,98828803;125305347;183762958;160956931;183762952;86508035;95158787;210765057;219939331;84935171;88080660;90964483;183762956;86770179;201327107;183762954;163315716
-1507308,-32745,20,173018628
-1966132,-32737,-32716,217061382;217060358;204215296;212601353
2359213,35,-32685,223479562
-1966119,-32737,-32729,142085643
-327693,-32762,-32755,147853314
2490287,37,-32687,223347976
-1376293,-32746,-32731,142090253
1966086,30,6,156500480
-1769527,-32740,-32713,217060356;212602886;217061380
1769386,26,-32682,224658181
-2031669,-32736,-32715,217059332;212600327
-5046350,-32690,-32690,56888832;54173006;64228352
-3211309,-32718,-32723,57016839;56885767;56886791;54158637
-327690,-32762,-32758,147853317;161355012
-4063324,-32705,-32676,109054976
-3407857,-32716,15,20974338;24119314;88605702;63965445;25690115;25692160;24118789;28050944;24118785;24118793
-1703898,-32742,38,212861957;213649414;216925706;213647360
-3997786,-32706,-32678,109056515;112724483
65542,1,6,145228303;145229323;145229319;88080657;138674178;145228299;229902594;145228295;121635844;145098752
-1769456,-32741,16,173016576
-1769452,-32741,20,173016580
262151,4,7,145229569;239081223;88082192;54528007;144966658
-3604459,-32713,21,20972548;63963649
917444,13,-32708,173936386;173277184
1114050,16,-32706,173935104;173540867;200278016
-1572826,-32744,38,212862981;214695942;216793610
-1900525,-32739,19,173015555
-5111886,-32689,-32690,56889856;54173518
-1638437,-32742,-32731,142088205
-1441764,-32746,28,173019148
-1114078,-32751,34,172753932
-1703908,-32742,28,173017100
-786409,-32756,23,172756481
65519,0,-32751,189531148
-1769528,-32740,-32712,217063430;212602885
-2228279,-32733,-32713,217056256;217055232;212598789
-1310781,-32747,-32707,163840000;158859265
-327695,-32762,-32753,147853312;149161984;149165056;149163008;149160960;205787156;149164032;149166080;149159936;149164034
-3014612,-32722,44,76288522
-3211224,-32719,40,76286982;75762694;75761154
2883527,43,-32711,215484416;215482368;215483392;215486466;214961664;215485440;215486464
720911,11,15,83101188;83102212;82315009;83104258;83100164
-3473368,-32715,40,76284934;75760137;76810756
-3080159,-32721,33,76288257;76809732
-327694,-32762,-32754,147853313
-3080152,-32721,40,76288006
-3211217,-32719,47,76286989
-4128736,-32705,32,179308548
-3211227,-32719,37,76286979
-3211228,-32719,36,76286978
524304,8,16,82313216;83100162
-3276751,-32718,49,76286479
-2228231,-32733,-32761,100271106
-3473390,-32715,18,63964930;20973569;28050436
-2883540,-32724,44,76289546;76808706
655376,10,16,83100172;67108864;67110912;67112960;67111936;67113984;67109888;82314240;239079951
-3473367,-32715,41,76284935
2097156,32,4,156501762;157812736
1507248,22,-32688,224790533
2228184,33,-32728,206963205
-1310709,-32748,11,63310594
-65588,-32766,-32716,48235522;126093079;48234498
131068,1,-32764,153357314;144574464;153879300;128975874;153355272;210503170;185863685
262139,3,-32763,153357318;144441602;131860999;68552706;131858951;131859975;128977920;222562306;153880325
-2031673,-32736,-32711,217317378;217320452;217318402;217449476;217320454;195429384;217319426;217320448;217319428;217318404;217449474;195429382;217319424;217319430;217449472;217317382;217317376;217318400;217317380;212599810
-3407858,-32716,14,63965446;20974339
-3276784,-32718,16,63966468;20975361
-983027,-32753,13,63176704
-5439505,-32684,-32751,197918720
2424754,36,-32690,225973761;223346948;225974785;225969921;225975809;225975811
2162692,33,4,157029376;157025280;157028352;157024256;156502274;160169984;205916174;157027328;157026304
-5242953,-32687,-32695,59903492;59904515;59904518;59902474;54174537;59903496;59903498;59903494;59904520;59903490;59902470;59902472;59903488;59904513
-4718661,-32695,-32699,62920704;62921728;62916608;62917632;62919680;62918656;205784076;62920706;62915584;60036612
2228140,33,-32684,225968645;226492929;226493185;226494977;226494979;226496003;226493953;223481613
-1572845,-32744,19,173018115
-2293849,-32732,-32679,66849792;66847744;205783058;66192641;66851840;66848768;66850816;66846720
1245215,19,31,168820746
-1507306,-32745,22,173018630
-1310704,-32748,16,173020160
589824,9,0,59773440;87821827;68420615
-1245160,-32749,24,172752898
2424755,36,-32691,225968897;223346946;225970689;225972995
65541,1,5,125305349;88080658;138806272;121634820;84935173;95158789;98828805;90964485;138674176
196576,2,-32736,120063491
-196628,-32764,-32748,84805634
-262166,-32763,-32746,84806144
1376225,20,-32737,206307840;209455110;207622146
-917481,-32754,23,179179786;172755457
-1966064,-32738,16,173015040
-2162749,-32734,-32707,217065472;212730627
-2162735,-32734,-32721,142084099
-2162747,-32734,-32709,217062410;218628096;218629120;216402698;205916190;218630144;218632192;218631168;218632194;239600138;239601162;212730625
-1900519,-32739,25,173015560
-1835050,-32739,-32726,142086664
1834920,27,-32680,224658187;224658185;224659211
1900550,29,6,156499968;157286400;157290496;157288448;239600141;205785104;239601165;157287424;157291520;157289472
65536,1,0,219939328;201851392;188220416;224395776;220467200;202246150;220468224;220463104;220466176;220465152;220464128;210765060;99093007;88080663;201588739;99090947;201589248;153879040;201327104;160956928;205915166
-1638397,-32743,3,180620288;171967497
2,0,2,219938818;100925953;87556098;201850882;99356672;90439682;162267138;88212245;211295238;99357696;177471490;59768834;69992450;210764546;218103810;54525954;54788098;201326594
-1769474,-32740,-32766,180618242;171704329
-3801177,-32709,-32679,112206593;112206595;112200193;112201223;112204547;112204289;112200199;112198151;112206599;112203267;112206337;112460048;112204291;112203265;112203271;112203523;112201987;112202241;112199169;112202243;112201217;112198145;112204293;112204295;112199175;112204545;112203269;112206341;112206343;112203521;112203527
-65545,-32766,-32759,197132292;190841349
1,0,1,219938828;210764547;160956417;219938817;88212246;201326593;191889409;153878529;201850881;224395265
-1638391,-32743,9,171967503
-1703925,-32742,11,171966993
1769445,26,-32741,205261057
196607,2,-32767,99095049;99094025;99090953;88081176;201590017;202246152;202244616;99091977;153879809;99093001;99096073;210765573;202244612
851942,12,-32742,190056451
-458783,-32760,-32737,165154820
-1310710,-32748,10,205916184;107481088;107480064;63310595;107484160;107483136;107486208;107479040;107482112;107485184
-1835006,-32740,2,172098056
720826,10,-32698,174853120
-3538928,-32714,16,205916172;63964420;222561288;21499904;21496834;21495808;21497856;20973313;25693696;24117766;21497858;24117770;25691652;222563328;21498882;28049921;24117762
-1835002,-32740,6,172098060
-196632,-32764,-32744,101451271;101453315;84805890;101452289;101453317;101452293;101450245;101452297;101451273;101450241;101450251;101450249;101453319;101451265;101453313;101450243;101452295;101452291;101453321;101450247;101451267;101451269
1769446,26,-32742,205260800
-786460,-32755,-32740,165152263
-1638395,-32743,5,171967499
1572840,23,-32744,205259266
1703910,25,-32742,205260288
-1310730,-32747,-32758,171707905
-786479,-32755,-32721,155976716
1310745,20,25,117703187;95420416;91753989
327693,5,13,95160845;88082698;121767936;234619649
-851989,-32754,-32747,165151758;14420227
-1966099,-32737,-32749,167247873
1441823,22,31,117707786;169082890
196613,3,5,95159813;98829829;239080713;84936197;90965509;125306373;88081682;144965890
1441809,22,17,117703176
1507358,23,30,117707777;169083912
65545,1,9,95158793;98828809;90964489;88080654
589835,9,11,95162891;239081990;88084748;234621699;90968587
-786462,-32755,-32738,165152261;222568449
-655416,-32757,-32712,155977731
655345,9,-32753,193331719
327686,5,6,96338948;96209922;96208898;96208902;96338944;99352580;96206848;96206852;96210950;96207878;96206854;99353604;96338946;96207874;96209926;96206850;96207876;239600129;88082705;239601153;96338950;96210946;205783298;205788184;144967680
-1966095,-32737,-32753,167247877
720881,10,-32753,193200135
1376281,21,25,117707779
1245226,19,42,26214400;26217472;26216448;26215424
-786475,-32755,-32725,132121092
-327692,-32762,-32756,134742018;150995968;141295616;141036544;141036546;177475584;141298690;141300736;141300738;177473536;177477632;141038594;141038592;177471488;134742016;141037570;141037568;141033474;141035520;141034496;177481728;177479680;177478656;134874112;141035522;141033472;150994944;141299712;141296642;134743040;177476608;177603584;141034498;134483968;134483970;134479872;134484992;134481922;134479874;134482946;134480896;134481920;134480898;134484994;134482944;147853315;141295618;141297666;141297664;141298688;141296640;141299714;177472512;177480704;177474560
-196582,-32765,26,199233538;84411906;200016897;199232514;198182402
-1835097,-32739,-32679,66063105
-1179666,-32749,-32750,164364818
-196613,-32764,-32763,196345858
-2162771,-32734,-32685,66060293
-3669979,-32712,37,75762178;76415491
655371,10,11,88085260;234622211;97256965;97255941
-1966164,-32737,-32684,66061828
1048588,16,12,238296331;117442560;54534156
983055,15,15,238295816;88087816
1114121,17,9,238295313;238295316
-1179673,-32749,-32743,14418183;164364811
327675,4,-32763,144442626;68552194;95684103
-1114108,-32751,4,73531907
-262124,-32764,20,33828352;33830400;33829378;33829376;33827328;220987911
262140,3,-32764,144441344;68552707;145754625;128977922;153358344;153880324
393221,6,5,88083218;137366530
-1048559,-32752,17,176818179;176820225;176819205;176820227;176819201;176819459;176819203;176685059;176819457;176820483;195302406;176820481;176820229;176818181;172492290
393211,5,-32763,144443650;222562316;101715477;68551682
1376223,20,-32735,209191681
720829,10,-32701,201067520;174853126
655362,10,2,162272258;68421129
-1703973,-32741,-32731,201067015;142087693
1441756,21,-32732,209192196
-4456418,-32700,30,179569664;179570688;179572736;179571712;179568640;179573760;205783044;179438082
131052,1,-32748,122161669;122159619;122160643;188743682;122160645;122160641;122159623;122159617;122161667;122159621;122161665
-1048610,-32751,-32734,164365826
262143,3,-32767,201590529;153880321;202114052;88081688;210766085
-2490454,-32729,-32682,66193922
1441755,21,-32731,209192197
393200,5,-32752,188745734
-589795,-32759,29,182192129;182325249;182323203;182193153;205915154;182324225;182191105;182326273;181146624;182323201;182190081;180357120;182322179;182327297;182322177
-1245217,-32748,-32735,164364291
852002,13,34,115082755;115081731
-458723,-32761,29,84541957
-393194,-32762,22,84410626;88215297
-1769510,-32740,-32730,201066502;142087180
-65537,-32766,-32767,196346886;154010881;99096069;129238531;192021761;88213272;210633220
458763,7,11,88083724;95161867;234620675;239080454;98831883;90967563
-1179648,-32750,0,73532673
720899,11,3,88085780;235405569;98833923;95163907;235929600
-3211222,-32719,42,75762696;76286984
65551,1,15,88080648
-65530,-32767,6,88212753;139199494
196633,3,25,88081410;119014402
196638,3,30,88081415
196632,3,24,88081409
-1048537,-32752,39,171442692
-3670020,-32711,-32764,160516
2097162,32,10,156894726
-3801065,-32710,23,160791
-393196,-32762,20,221511685
-3538941,-32714,3,158723
-1245173,-32749,11,140811
-3014638,-32722,18,154642
-3932155,-32708,5,161797
-1114104,-32751,8,107217920;107218944;239607818;107222016;107220992;139784;107227136;205785100;239608842;107224064;107226112;107216896;107228160;107223040;107219968;107225088
-5505038,-32683,-32754,198443014
-3866615,-32709,9,161289
-3735542,-32711,10,160266
-2097238,-32735,-32682,66060802
-2555993,-32728,-32679,66194689
-1179667,-32749,-32749,164364817
-2359385,-32731,-32679,66193153
589852,9,28,88084485
65547,1,11,88080652;90964491;95158795;98828811;239080193
196608,3,0,88081687;201328128;201590272;144703746;99353600;160957952;219940352;210766084;201852416;54789632;202114054;153880064;76023296;239080726
393236,6,20,88083203
27,0,27,88211972;54525979
589846,9,22,88084737
-131070,-32766,2,88213269;97260061;97258013;210897154;97259037;177603586
-2490457,-32729,-32679,66194177
1507291,22,-32731,209192709
-393191,-32762,25,198180865;84410369
-131048,-32766,24,198182912;84412416
851902,12,-32702,201069570;174855176
1114136,17,24,91752971;90705665
1507351,23,23,91888133;91891457;90708738;91889157;91889153;91889155;91891203;91889409
917529,14,25,91753985;90703872
786414,11,-32750,193200644
524270,7,-32750,188746756
1376216,20,-32728,209191177;211291142
-3538908,-32714,36,75763201
-1441806,-32745,-32754,164496918
131057,1,-32753,83889162;188743687;83888140;83888138;83890186
-3407835,-32716,37,75760646;76285443
327684,5,4,88082707
786441,12,9,88086286
65565,1,29,88080390
917520,14,16,88087303
65550,1,14,88080649
917518,14,14,88087305
-65586,-32766,-32718,126093077
-4063318,-32705,-32682,54165334;239618577;239619601;239608849;205915148;239607825
-3735620,-32710,-32700,54162756
-3735634,-32710,-32686,54162770
-3604553,-32712,-32695,54161737
-4128831,-32704,-32705,54165823
1441772,21,-32748,204998659
65495,0,-32727,156241923
-393271,-32761,-32713,126223642
-4522032,-32698,-32720,54168880
-131108,-32765,-32732,126092551
-3670094,-32711,-32690,54162254
-3801144,-32709,-32712,54163256
-458805,-32760,-32715,126224152
-5177425,-32688,-32687,54174033
-4784162,-32694,-32734,54170914
-5242923,-32687,-32725,54174507
-4849711,-32693,-32721,54171439
-3539016,-32713,-32696,54161224
-4522069,-32698,-32683,54168917
-4259893,-32702,-32715,54166837
-4522042,-32698,-32710,54168890
-5701674,-32680,-32726,54178090
-4456494,-32699,-32722,54168366
-4915244,-32692,-32724,54171948
-4390958,-32700,-32722,54167854
-327722,-32762,-32726,156238850
-262200,-32763,-32712,126091547
-3473469,-32714,-32707,54160701
-4587574,-32697,-32714,54169398
-4980784,-32691,-32720,54172464
-3407912,-32715,-32728,54160168;58720256
-5439533,-32684,-32723,54176045
-1638367,-32743,33,216663046;216531970;216664322;216663298;212862464;222562314;216664070;216530944;216531202;216531204;216663302;216530946;216530948;216531208;216663042;216531206;216530950;216663300
-4456487,-32699,-32729,54168359;58464774
-4718644,-32695,-32716,54170420
-3473483,-32714,-32693,54160715;108797711
-3538986,-32713,-32726,54161194
-4194352,-32703,-32720,54166320
-5439529,-32684,-32727,54176041
-4653099,-32696,-32725,54169899
-3801169,-32709,-32687,54163281;112459776
-3670085,-32711,-32699,54162245
-4915272,-32692,-32696,54171976
-3735611,-32710,-32709,54162747
-4390967,-32700,-32713,54167863
-3670079,-32711,-32705,54162239
-5636136,-32681,-32728,54177576
-4587567,-32697,-32721,54169391
-4653090,-32696,-32734,54169890
-4128833,-32704,-32703,54165825
458723,6,-32739,189793794
-3539004,-32713,-32708,54161212
-3735633,-32710,-32687,54162769
1441821,22,29,169082886;117706760
-5111847,-32689,-32729,54173479
-3407942,-32715,-32698,54160198
1310659,19,-32707,174326272;173280513;205784078;174329344;174327296;174328320;174330368;174331392
-131072,-32766,0,154010624;88213271;210897156
-1507377,-32744,-32719,159650320;196084746
-4653100,-32696,-32724,54169900
1245154,18,-32738,206045703;207355904
1245159,18,-32743,204997378
-4128816,-32704,-32720,54165808
-4390979,-32700,-32701,54167875
-3604555,-32712,-32693,54161739;108796172
-3604559,-32712,-32689,54161743
262090,3,-32714,126095641
589849,9,25,90833408
131069,1,-32765,161220618;153879299;144574466;128975876;210503172;88080666
1310699,19,-32747,204997634
-393254,-32761,-32730,156238342
1572893,24,29,169084934;235667971
65533,0,-32765,161219594;97260051;128974852;88212250;99352590;153358340;97258003;97259027;210502146;153357316;153878787;196871176;97256979;97255955;97261075
1966064,29,-32752,115607043
524261,7,-32741,189794308
-65568,-32766,-32736,120589825;120589827;120193539;120589829
1507362,23,34,169083920
-65566,-32766,-32738,120587777;120587781;120587779;120193541
1245238,19,54,240123904;240124164;240124168;240125955;240125952
1966065,29,-32753,115607045
-524294,-32759,-32762,129762562;147851785;131862017
131043,1,-32739,120586755;120586753;120062982;120586757
-786473,-32755,-32727,163581440;163578368;139723265;163583488;163582464;163580416;163579392;205783040
1900532,28,-32756,116655619;116916228;99617026;116656641;205916188;116654593;116655617;106694158;106693134;116654595;116657665
-2686993,-32726,-32751,239614481;152849;136316674;239603729
524296,8,8,239603735;136841216;239614487;187304450;135269891;198447112;187303426;187171330;177475592;187173378;187172354;187302402;88084239;234621190;136840192;136839168;205784090
-3145810,-32719,-32686,186646530;186515968;108796187
1179612,17,-32732,206045185
-1834971,-32740,37,239603719;218892288;216927751;218894336;218891264;212860932;239602695;218893312;218890240;218894338
-3604465,-32713,15,171181060;88604676;88605700;171180032;25690624;28049408;88606724;63963909
-983014,-32753,26,179831297
-720954,-32756,-32710,171183618;159124486;155977217;175375362;163842048
-3211347,-32718,-32685,186649602;186648578;186647554;186517250
655386,10,26,90701825
1507321,22,-32761,116918282;99746819;106695176;106694152
-1376308,-32746,-32716,147587588
1900553,29,9,157550592;205786122;157548544;157549568;157551616;157553664;157552640;156499971
1048600,16,24,90705153
-1114086,-32751,26,179962369
-2883664,-32723,-32688,186646534;186387972
32,0,32,100926977;100928001;72619010
1572855,23,-32759,116919304;99746305;106693126;116918280
1638394,24,-32762,116918284;99614724;106693120
1179613,17,-32733,206045186
851997,13,29,90703364
-851938,-32755,30,181142530;181403654
-1507318,-32745,10,178782212;171968528;178784262
-1310727,-32747,-32761,178784264;171707908
-1769445,-32741,27,182978573
-1769446,-32741,26,182978572
-1638378,-32743,22,178782210;173017606;178782208
-4784197,-32694,-32699,60036100
655338,9,-32746,189795337
1638427,25,27,168558594;235669763
1507304,22,-32744,208145408;208143360;208146432;208142336;208144384;204999425;208146434;205916166
458760,7,8,135268867;184813569;88083727
1114134,17,22,240517638
-3080179,-32721,13,155149
-5242948,-32687,-32700,60032517
-2031593,-32737,23,183108105
-3538948,-32713,-32764,22676227;22546944;22545667;159492;22547203;205787144;22282240;22285314;22283264;22284290;22283266;22282242;22545408;22675968
-655404,-32757,-32724,136446464;136446722;133170176;132122115
-3866619,-32709,5,161285
-3735527,-32711,25,160281
-327669,-32763,11,133643
-3866710,-32708,-32682,112592138
-3866712,-32708,-32680,112592142
-917475,-32754,29,181404672;181141504;180486656
-4980802,-32691,-32702,60034567
1310738,20,18,240387074
-3735603,-32710,-32717,54162739
-3473450,-32714,-32726,54160682
-4259881,-32702,-32727,54166825
-4718678,-32695,-32682,54170454
-4915245,-32692,-32723,54171949
-3997757,-32706,-32707,54164797
-458791,-32760,-32729,156237829
-196658,-32764,-32718,126092053
-983090,-32752,-32718,147590662
-4784182,-32694,-32714,54170934
-4849714,-32693,-32718,54171442
-4587561,-32697,-32727,54169385
-4849697,-32693,-32735,54171425
-4128842,-32704,-32694,54165834
458727,6,-32743,189793798
-1245222,-32748,-32730,139461127
-3473413,-32714,-32763,158981
393193,5,-32745,189793288
-65540,-32766,-32764,154010884;210633217;129238528;197002246;185862149
-4980810,-32691,-32694,59509762;54172490
-1507389,-32744,-32707,159650308
-524280,-32760,8,135176
16,0,16,221512707
524260,7,-32740,189794307
-1769520,-32740,-32720,159648273
-2097201,-32735,-32719,159645712
-1703953,-32741,-32751,164103185
-5308487,-32686,-32697,60032002
-4522072,-32698,-32680,110625281;54168920;108927241
-1769499,-32740,-32741,164102663
-3604454,-32713,26,159258
-131069,-32766,3,41945600;210896129;59900931;88213268;192021507
-3669995,-32712,21,159765;20972036
524215,7,-32695,175113216;174588673
524283,7,-32763,68419586;101716503;3845
-3735536,-32711,16,160272;20971777
786431,11,-32767,68421638;87818755;87821825;87820803;87819779
-3145710,-32720,18,155666
-524278,-32760,10,135178
-2359310,-32731,-32754,34341122
1900552,29,8,184943625;156499970
-3866625,-32708,-32767,162049
-1048564,-32752,12,139276;37227520
720894,10,-32766,68421125
655360,10,0,68421127;162272256
-458754,-32760,-32766,135426
-3538940,-32714,4,158724
-3276780,-32718,20,156692;88604672
-655357,-32758,3,136195
589818,8,-32762,68420097
-131073,-32765,-32767,210633732;88213784;211551232;211550208;211552256;205788180;196346374;129238019
-1966039,-32738,41,172229644
-1638356,-32743,44,172232207
393225,6,9,236454912;235147011;236453888;88083214;135267845
-1114117,-32750,-32763,75498754
1638398,24,-32766,99614728
-2162653,-32735,35,172360198
-1638357,-32743,43,172232206
65534,0,-32766,210502147;144575492;153878786;153354244;90439938;88212249;196871178
-1179610,-32750,38,172235785
131065,1,-32761,185863682
-1835031,-32739,-32745,164102155
-65553,-32766,-32751,189530124
982975,14,-32703,173539840
-1245225,-32748,-32727,139461124
851970,13,2,235930624;235406083
-1769502,-32740,-32738,164102660
-3473393,-32715,15,24118802;24118273;24118281;63964933;28050432;24118277
-1179692,-32749,-32724,139461633
327677,4,-32765,203165698;201592579;202379264;153880835;212078594;205784092;145752577;203162624;202377216;144442370;202378240;239617053;201591043;202375168;202376192;203161600;212077568;201592065;201592067;201591809;201592577;239616029;239605277;203164672;203165696;68552196;239606301;222567434;212077570;205783068;202379266;203163648;202115584
-393211,-32762,5,104860163;104861187;104859139;104071425
-3538927,-32714,17,24117763;20973056;63964419;25691654;25693701;25693697;24117771;24117767;28182019
-1638370,-32743,30,172232193
2228154,33,-32698,227279108;223085059
-2031583,-32737,33,172229124
2424792,36,-32728,209458178;206832645
-131124,-32765,-32716,126615552;126092567
1572835,23,-32739,209456134;207619074;206309378
-524344,-32759,-32712,128058884
-1835038,-32739,-32738,164102148
10,0,10,87556106;59768842;54788106;88212237;54525962;177471498
2228161,33,-32705,227280902;227279878;223085075
-1769488,-32740,-32752,164102674
65490,0,-32722,127929358
-1703895,-32742,41,172231692
-131119,-32765,-32721,127927821
65512,0,-32744,189531141
1507300,22,-32740,207621122;206308867;209454084
-1441851,-32745,-32709,158991363
1507299,22,-32739,207623168;206308866;207624194;207624192;222561292
-983056,-32752,-32752,147981569
-3342296,-32717,40,74978819;74976771;74973185;74977793;74979847;74976769;74978821;74975749;74975747;74977795;74978823;74975745;74979841;74979845;74978817;74979843;74976773;74973187;75761161;75760130;74976775;74975751;76285958;74977797
-1835036,-32739,-32740,164102150
1310693,19,-32741,207627264;207625216;206307332
1638378,24,-32746,207618060;209457156;205259780
1310691,19,-32739,207621120;207622144;207620096;206307330
1572832,23,-32736,211293186;211292160;211293184;211294208;211295234;211295232;211294210;211028226
-458799,-32760,-32721,128058381
1507301,22,-32741,211290114;206308868;207623170;207621126
-1703951,-32741,-32753,164103187
917510,14,6,177478662
-196606,-32765,2,211290118;88213781;210633735
65552,1,16,99352584;99354632;221252612;99353608;88080647
-1769495,-32740,-32745,164102667
655355,9,-32763,138412032;68420610
131101,2,29,99357698;88080902;54527005;99356674
589828,9,4,99357700;235538177;235537921;88084755
-196655,-32764,-32721,127927309
262141,3,-32765,153880323;202114048;153354240;212076544;144441346;212076546;128977924;88081690
-3211248,-32719,16,156176;20975873
458745,6,-32761,68551168
-851960,-32755,8,137736
589822,8,-32766,68420101;136056070;137888770
-5,-32767,-32763,185862660;196870148;154010373;210501632
-3735531,-32711,21,160277;20971524
-1179659,-32749,-32757,75498248
393226,6,10,235147010;177474570;88083213;239079941;54529034
-3932156,-32708,4,161796
1572837,23,-32741,207624196;206309380
-1376316,-32746,-32708,158990850
-458721,-32761,31,84541959
-2162734,-32734,-32722,142084100
-131089,-32765,-32751,189661708
-65506,-32767,30,84412934
-2097198,-32735,-32722,142084612
1507296,22,-32736,211027202
-1835047,-32739,-32729,142086667
-3080271,-32720,-32689,186384902
-1376298,-32746,-32726,142090248
-720905,-32756,-32759,148112901;147850246
-851943,-32755,25,172755971;179179788
196610,3,2,134218752;88081685;219939848;144703490;201852418;239080718;137888768;219940354;201328130;160957954;54789634
262152,4,8,137371652;184943617;137371650;99353606;135397891;177473544;99352582;239082247;88082191
393218,6,2,134221824;88083221;59771906;54529026;177474562;162270210
524293,8,5,137369604;54530053;88084242;134223878
-786408,-32756,24,172756482
-3014735,-32721,-32689,186385926
-983016,-32753,24,172754946
-2031675,-32736,-32709,74186754;220202241;220200961;220332801;220202242;220333313;220201730;212599808;220333314;220332802;220201729
-1638364,-32743,36,74187778;219678978;219678465;219678981;219678468;212862466;219678977;219677441;219678469;219678980;219678466
-720903,-32756,-32761,148115971;147850248
327674,4,-32762,95683075;95684099;95686147;95687171;101715475;95684097;95685121;144442628;95683073;95686145;95687169;95685123;95683079;68552193
-1048589,-32751,-32755,147981826
-2031659,-32736,-32725,142085127
458731,6,-32747,192413704;188746241;147063808;192677888
-3932230,-32707,-32698,61865984;61998084;61868032;61998338;61868034;61998082;61869060;61868036;61998340;61867008;205783052
-655374,-32757,-32754,147850753;171183873
-1310757,-32747,-32731,142090765
720905,11,9,98833929;90969609;88085774
-1769457,-32741,15,173016833
-1245157,-32749,27,172752901
-1441836,-32745,-32724,142089734
196619,3,11,98829835;88081676;239081217;95159819;90965515
-2228281,-32733,-32711,217063424;217064448;217062400;212730370
2621358,39,-32686,223349001
-1638440,-32742,-32728,142088202
-2097209,-32735,-32711,217055242;216401670;212599298
-196626,-32764,-32750,147854595
-5373946,-32686,6,195299334;195298310;195300358;195297288;195297286
-5373945,-32686,7,195299332
-1835065,-32739,-32711,217056262;217057286;212601859
-4259811,-32703,29,179307521;180094978;183241222;183239183
-524266,-32760,22,172759297
-2162742,-32734,-32714,217062406;212599302
-720909,-32756,-32755,147850242
-1703913,-32742,23,173017095
-1245155,-32749,29,172752903
-1900554,-32738,-32758,123470339;100140801
-1966137,-32737,-32711,217059328;216269574;212600322;217061376;217060352
-393225,-32761,-32759,147852806
-1179621,-32750,27,195299338;172753413;195300362
-1310761,-32747,-32727,142090761
-1900583,-32738,-32729,142086155
-1310705,-32748,15,173020417
-1310701,-32748,19,173020163
1310748,20,28,168821764
-4128859,-32704,-32677,109053446
-3407851,-32716,21,20974084;157717
1376284,21,28,168822788
-1703900,-32742,36,212861954;214696968;214695944;69995520;214435846;214697992
-1507311,-32745,17,173018625
-1769454,-32741,18,173016578
-3997785,-32706,-32679,109056518;112725505
-3604440,-32713,40,76283910
1048515,15,-32707,173937412;173540356
1310754,20,34,168821776
-1834989,-32740,19,173016067
-1376280,-32746,-32744,130025987;164496396;130024963;130024961;130025985;130023937;202901510;130155011;130023939;130155009
-1703905,-32742,31,212862210
851906,12,-32706,173939458;173670915
-3538926,-32714,18,20973057;63964418;28049412
524292,8,4,59772932;177475588;162271236;88084243;134223876
-1769444,-32741,28,173016588
2883529,43,-32713,214959873;215220226
-1703899,-32742,37,212861955;222562304;222562312
524294,8,6,59772934;88084241;177475590;135270145;138150403
-1507301,-32745,27,173018635
1245214,19,30,168820744
-1310703,-32748,17,173020161
-3145681,-32720,47,76287501
982976,14,-32704,173934340;173539841
-3866609,-32709,15,5244416;5242886;205784068;5244422;5242883;5244419;5243139;161295
-1769453,-32741,19,173016579
-655376,-32757,-32752,147851009;149948416
-1638436,-32742,-32732,142088206
-1376230,-32747,26,173019658
851989,13,21,87294467;87295491;87296515;205785090;239608833;239607809;88086786;87294471;87297537;87295489;87294469;87297541;87294465;87295493;87296513;87296517;87297539
-1572838,-32744,26,173018122
-327691,-32762,-32757,147853316
-1441829,-32745,-32731,142089741
-589796,-32759,28,172758022
-720907,-32756,-32757,147850244
-3080148,-32721,44,76288010;76811776
-393233,-32761,-32751,147853058
327669,4,-32757,190579203
-524301,-32759,-32755,147851778
1638366,24,-32734,205520897
-3276753,-32718,47,76286477
2031624,31,8,157811714;156500994;157810690
1638369,24,-32737,205520900;207618058
-3145689,-32720,39,76287493
-3670000,-32712,16,63963396;28182017;20972289
-2293820,-32732,-32708,219152384;219284480;219152386;222560266;212732163;219285504;219284482;219153408
-4456417,-32700,31,179438083;180092930;180093954
196605,2,-32765,202114058;211290116;210765575;144573442;202244608;88081178;153356296;128976900;153879811
2162624,32,-32704,225184768;225183744;225182720;225185794;225185792;225181696;223216145;225313792;205788190
-3211223,-32719,41,76286983;75762695;75761155
-589837,-32758,-32755,147851266
-5374013,-32685,-32707,140510469
-4849698,-32693,-32734,54171426
-55,-32767,-32713,126093594;127665152
-3997763,-32706,-32701,54164803
-5373995,-32685,-32725,54175531
-5308457,-32686,-32727,54175017
-4063288,-32705,-32712,54165304
-5373998,-32685,-32722,54175534
-4194353,-32703,-32719,54166321
196554,2,-32714,126095129
-4456505,-32699,-32711,54168377
-655422,-32757,-32706,158337024
-3145685,-32720,43,76287497;75763209
-3604437,-32713,43,76283913
2686932,40,-32724,207095811
-3669996,-32712,20,63963136
1966090,30,10,156500484
-3342298,-32717,38,76285956;75761159
524314,8,26,95424513
720883,10,-32755,190582273
-1245171,-32749,13,63309824
-3407852,-32716,20,63965184;20974083
-3670012,-32712,4,88606722;88605698;159748
-1507336,-32744,-32760,171706371
2293718,34,-32726,206831619;209457154
-3538935,-32714,9,63964427
-262149,-32763,-32763,129236992;132382720;129502208;129501184;129499136;133893;129500160;205916182
-3473397,-32715,11,63964937
1310690,19,-32738,206307329
1245202,19,18,95422722;240386562
-5439504,-32684,-32752,197918722;198709250;198705152;198708224;198706176;205916186;198709248;198707200
2490322,37,-32722,207094273
-1376245,-32747,11,63311106
-3342321,-32717,15,63965957;28051456
1048605,16,29,95421442
65540,1,4,210764800;88080659;121634818;219939332
-196609,-32764,-32767,129237507;210634244
2359256,35,-32728,206832133
-5373968,-32685,-32752,197919746
-131046,-32766,26,84412418;198182914
-1769517,-32740,-32723,142087173
-983100,-32752,-32708,158861826
-983083,-32752,-32725,139463170;202899460
1703930,25,-32762,106694144;99615236;116917260
-786495,-32755,-32705,159124488
-196636,-32764,-32740,84805894
-327688,-32762,-32760,131334148;4457474;185860097
-196634,-32764,-32742,84805892
1310689,19,-32737,206307328;207621124;209453060
-131100,-32765,-32740,84805382
-1245158,-32749,26,179178764;172752900
-1245163,-32749,21,172490758;176817409;176818433
786408,11,-32744,119802369;190055941
720870,10,-32742,119800323;190055427
-327704,-32762,-32744,84806914
1376228,20,-32740,206307843
-1507328,-32745,0,155719680;155713536;155719682;155714560;155716608;155718658;155717632;155716610;155718656;155715584;239603722;171706891;205788174
-393224,-32761,-32760,179179272;147852807
-3932252,-32707,-32676,112722433;108922645;112724485
-3669978,-32712,38,76415492;75762179
-1835017,-32739,-32759,100141056
-3735506,-32711,46,76416012
589841,9,17,83104256;82313729
2031622,31,6,156500992;157810688
-196661,-32764,-32715,126879233;126092056
-3538906,-32714,38,76284420;75763203
-2097159,-32735,-32761,100139010
-1507315,-32745,13,171968531;180618240;181928449
786420,11,-32756,190582786
-2162777,-32734,-32679,66324480;66327552;66325504;66060545;66323456;66322432;66326528;205788178
-1769560,-32740,-32680,85985792;66063360
-917545,-32753,-32727,141951747;139463684
-1638388,-32743,12,171967506;222564352
327661,4,-32749,224920576;222564364;147063810;192413702;192545798;191104000;192414726
-2031686,-32736,-32698,224919556;224921606;224920580
786427,11,-32763,87819783;87820807;87821829;87821831;68421634;87820805;87818759
-2031702,-32736,-32682,85983744;85984768;66061314;85986816
-852014,-32754,-32722,155976205
-1638396,-32743,4,171967498
131109,2,37,72090632
-1507320,-32745,8,171968526
-1507334,-32744,-32762,171706373
262134,3,-32758,190578692;101714443
-131068,-32766,4,139198464;88213267;97257997;97261069;139202560;97259021;97260045;97255949;97256973
-196612,-32764,-32764,220334340;134353156;196345859;129237504;196608258
-4325430,-32701,-32714,54167350
-3539017,-32713,-32695,54161225
-4915241,-32692,-32727,54171945
-458789,-32760,-32731,156237831
-4259913,-32702,-32695,54166857
-4390999,-32700,-32681,54167895
131073,2,1,201851905;99090955;99093003;144835584;160957441;201589761;201327617;219939841;99094027;99091979;88081174;210765571;191890433
-4390962,-32700,-32718,54167858
-4784172,-32694,-32724,54170924
-3866685,-32708,-32707,54163773
-4194357,-32703,-32715,54166325
-720922,-32756,-32742,165152777
-2359307,-32731,-32757,205915152;34472452;34472450
-1376266,-32746,-32758,171707393
-1900509,-32739,35,205783070;212992514
196625,3,17,99092999;88081670;99091975;99095053;99090951
2162650,32,-32730,183240203;183239179;183241227;183239177
1638374,24,-32742,205259776
1507303,22,-32743,205258753
1703912,25,-32744,205260290
-1966094,-32737,-32754,167247878
-1572872,-32743,-32760,171705859
-1310726,-32747,-32762,171707909
-589854,-32758,-32738,186908930;187695110;187695106;187695104;187695108
-2162650,-32735,38,183240207;183241229;172360201
-852018,-32754,-32718,155976201
-1376260,-32746,-32764,171707399
-1441783,-32746,9,171969039
851945,12,-32745,190056454
655293,9,-32701,174852102
-4784174,-32694,-32722,54170926
-4522025,-32698,-32727,54168873
-3997754,-32706,-32710,54164794
-5636141,-32681,-32723,54177581
-4653101,-32696,-32723,54169901
-4390960,-32700,-32720,54167856
-3932228,-32707,-32700,54164292;110887431;113248773
-3539014,-32713,-32698,54161222
-3866678,-32708,-32714,54163766
-4718637,-32695,-32723,54170413
-3866675,-32708,-32717,54163763
-4128834,-32704,-32702,54165826
-4718640,-32695,-32720,54170416
-3866679,-32708,-32713,54163767
-3538984,-32713,-32728,54161192
524218,7,-32698,175899136;176030208;175903232;175901184;205916180;175902208;175900160;174850048
1441826,22,34,117708819;169082896;170133516
1441819,22,27,117708805;169082882
1310752,20,32,117706764;168821772
-655393,-32757,-32735,165153282
-1966092,-32737,-32756,167247880
-786458,-32755,-32742,165152265
1441818,22,26,117705235;169082880
1441807,22,15,117703169
1572895,24,31,117708808;169084938
1376278,21,22,170133508;90707715;170131460;170132484
720875,10,-32747,193200129
-720924,-32756,-32740,165152775
-4718668,-32695,-32692,184689921;184687361;183501836;184686337;184690691;184686083;184687107;184688385;184688131;184689667;184690945;184685313
-1048600,-32751,-32744,165282315
-262115,-32764,29,199755776;199753728;199757824;199754752;205784070;199756800;199757826;84411397
-2228314,-32733,-32678,66192130
-917527,-32753,-32745,165151244;14419207
-1900561,-32738,-32751,167248387
-2162698,-32734,-32758,167380490
458729,6,-32745,119016454;189793800
917497,13,-32761,93850624;93847552;93848576;93849600;68423168
-262163,-32763,-32749,165156368
262118,3,-32742,119016450;189792261
-1048596,-32751,-32748,165282319
-393199,-32762,17,221118980
-2031584,-32737,32,201066498;172229123
-327656,-32763,24,198181376;84410880
1441815,22,23,91752965;90708226;91751951;91750927;117703183
1572830,23,-32734,209193218
-2424922,-32730,-32678,66193666
-196583,-32765,25,198182401;199494656;199492608;199495682;84411905;199493632;199491584;200016896;199495680;205788170
-524333,-32759,-32723,132123138
-262135,-32764,9,201064965;104072195
-2162773,-32734,-32683,66060291
786365,11,-32701,201068544;174854150
-2228309,-32733,-32683,66191875
1441757,21,-32733,209192195
-3211255,-32719,9,25428225;25428226;88606728;88604680;25427968;88604682;88605704;156169
-655328,-32758,32,180356611;181145606
-655330,-32758,30,180356609;181145602
1572829,23,-32733,209193219;204472320
-1376272,-32746,-32752,164496404
-1114142,-32750,-32738,164365318
-851937,-32755,31,180355074;181142532;181403652
-655329,-32758,31,180356610;181145604
-2293844,-32732,-32684,66192388
-1310778,-32747,-32710,204214272;158859268
196591,2,-32751,188744197
-2097244,-32735,-32676,66061060
655379,10,19,204211204;88085252
-1376283,-32746,-32741,164496393;168036352
1048592,16,16,238296327
-2031703,-32736,-32681,66061313
1441800,22,8,238294274;117965312;238294018
-2490456,-32729,-32680,66193920
-131075,-32765,-32765,196346372;88213786;129238017;210633730
393231,6,15,88083208;234619905;54529039
917516,14,12,88087307;54533132
1376272,21,16,238300417
-131077,-32765,-32763,122683907;196346370;154011397
786452,12,20,238297857;88086275
-1245205,-32748,-32747,164364303
589833,9,9,88084750;90968585;234621701;98832905
-983021,-32753,19,176685061;172492804
-1114146,-32750,-32734,164365314
851983,13,15,88086792
524281,7,-32761,144445702;143395329;143394305;143396353;101717525;143393281;143397377;205787162
-983022,-32753,18,176685315;172492803
655368,10,8,88085263;209458184;177476616;234622214
917525,14,21,88087298;99354638
-1310748,-32747,-32740,164495880
196618,3,10,88081677;239081218
-1179670,-32749,-32746,164364814
131096,2,24,88080897
262165,4,21,88082178;54528021
589842,9,18,88084741
524308,8,20,88084227
917522,14,18,88087301;38535168
-786396,-32756,36,171444737
524318,8,30,88083975
65555,1,19,88080644
720909,11,13,88085770;95163917;239080458
-131065,-32766,7,88213264;192021511
131099,2,27,88080900;54527003
524297,8,9,88084238;234621189
458755,7,3,88083732;134222850;205788166;86773251;84938243;90967555;148898305;95161859;143138823;144969990;143139847;98831875
720916,11,20,88085763;99353614;238297093;238297090;238297345
851987,13,19,88086788
524298,8,10,88084237;177475594;234621188;207622154;239080965
720908,11,12,88085771;54793740
851973,13,5,88086802
655389,10,29,88084998;98567681
-1048541,-32752,35,171442688
131104,2,32,88080905
-589811,-32759,13,73403916
-1245178,-32749,6,73532933
-655363,-32757,-32765,73403140
65524,0,-32756,190842370
786440,12,8,88086287
-1048536,-32752,40,171442693
393238,6,22,88083201;162794518
131098,2,26,88080899
196634,3,26,88081411
196620,3,12,88081675;99357702;239080960
393215,5,-32767,88082712;152835072;153881600;152832000;136052996;152833024;152834048;205787146;152830976;152829952;137365764;160959745
131094,2,22,88081153;162792470
262159,4,15,88082184;234618881;54528015
589830,9,6,88084753;235537412;135271169
655365,10,5,88085266;235536897;54531077
-65525,-32767,11,88212748
655390,10,30,88084999;98567683
786447,12,15,88086280;185074176
196612,3,4,88081683;134218756;121637890;201852420;219940356
327710,5,30,88082439
-786431,-32756,1,73402368
655382,10,22,88085249;162796566
11,0,11,88212236
-983039,-32753,1,73400832
-917468,-32754,36,171443713;178521088;178523136;178522112
655366,10,6,88085265;177476614;59773958;235536898
-1376254,-32747,2,73533953
-720896,-32757,0,73403137
-655406,-32757,-32722,132122113
-720941,-32756,-32723,132121602
851949,12,-32749,193201155
-1966167,-32737,-32681,66061825
1638412,25,12,91753991
983066,15,26,91751937;90704385
1048602,16,26,91753995;90704897
-262116,-32764,28,198181892;84411396
-1966165,-32737,-32683,66061827;195297292;195298316;195299340
-327652,-32763,28,198181380;84410884
851953,12,-32753,193201159
1376270,21,14,91751943
-2228192,-32734,32,201064962;172360707
786454,12,22,88086273
327712,5,32,88082441;72221696
-1179631,-32750,17,176817153;172491266
-1048556,-32752,20,176817411;176685313;172492293
131085,2,13,88081162
-65542,-32766,-32762,33818112;33819648;185862147;161350660;33821184;197132298;154010886
-65536,-32767,0,88212759;211289092;154010112;210764036;201982464;224526848;201458688
-1507326,-32745,2,73534977
7,0,7,88212240;139200520;191889415;54525959;54788103
65556,1,20,88080643
-983004,-32753,36,171443201
851974,13,6,88086801
-1048569,-32752,7,73400326
65525,0,-32757,190842371
-524272,-32760,16,73404431
-5177392,-32688,-32720,54174000
-3997764,-32706,-32700,54164804
-4653140,-32696,-32684,54169940;108003334
-4325461,-32701,-32683,54167381
-4522041,-32698,-32711,54168889
-5308458,-32686,-32726,54175018;54531103
-4456503,-32699,-32713,54168375
-3932216,-32707,-32712,54164280
-4718634,-32695,-32726,54170410
-458803,-32760,-32717,126224150
-5636138,-32681,-32726,54177578
-5111879,-32689,-32697,54173511
-327732,-32762,-32716,126223127
-4194360,-32703,-32712,54166328
-3539005,-32713,-32707,54161213
-4587572,-32697,-32716,54169396
-327731,-32762,-32717,126223126
-262177,-32763,-32735,156239371
-4915279,-32692,-32689,54171983;183501826
-4456507,-32699,-32709,54168379
-4915237,-32692,-32731,54171941
-4259901,-32702,-32707,54166845
-4063290,-32705,-32710,54165306
-4456535,-32699,-32681,54168407;108007942
-4456499,-32699,-32717,54168371
-4325437,-32701,-32707,54167357
-4456485,-32699,-32731,54168357
-4194369,-32703,-32703,54166337
-3801143,-32709,-32713,54163255
-4849736,-32693,-32696,54171464
-3801148,-32709,-32708,54163260
-4325450,-32701,-32694,54167370
-1245240,-32748,-32712,147588608
-4980811,-32691,-32693,54172491;59509760
-4194366,-32703,-32706,54166334
-4915283,-32692,-32685,54171987
-5570603,-32682,-32725,54177067
131022,1,-32718,126094613
-3604541,-32712,-32707,54161725
-4325415,-32701,-32729,54167335
-4128830,-32704,-32706,54165822
-5111854,-32689,-32722,54173486;54531101;54532125
-4980776,-32691,-32728,54172456
393216,6,0,201853953;54529024;59771904;162270208;147328000;99352586;88083223;136054018
393194,5,-32746,189793289
-4325413,-32701,-32731,54167333
-4259889,-32702,-32719,54166833
-262178,-32763,-32734,156239370
-4915236,-32692,-32732,54171940
-4456491,-32699,-32725,54168363
-4849749,-32693,-32683,54171477
-3407938,-32715,-32702,54160194
1310728,20,8,117444610;118096384
-3735604,-32710,-32716,54162740
-3342375,-32716,-32729,54159655
-4915235,-32692,-32733,54171939
-4522071,-32698,-32681,54168919;108006403
-4849694,-32693,-32738,54171422
-4063287,-32705,-32713,54165303
-3932215,-32707,-32713,54164279
-5439536,-32684,-32720,54176048
-3670078,-32711,-32706,54162238
-4325438,-32701,-32706,54167358
131031,1,-32727,156242435
-5046319,-32690,-32721,54172975
-3407946,-32715,-32694,54160202
-4325422,-32701,-32722,54167342
-5308456,-32686,-32728,54175016
-5046343,-32690,-32697,54172999
1507359,23,31,169083914;170132480;170132482;117707791
-131127,-32765,-32713,126092570
-4390977,-32700,-32703,54167873
-5570598,-32682,-32730,54177062
-5242956,-32687,-32692,54174540
-5177390,-32688,-32722,54173998
-3670070,-32711,-32714,54162230
1376234,20,-32746,204998145
-131081,-32765,-32759,196609024;131337218;196609026;197264388;190840837;196609282
1114080,16,-32736,206176773
-4915281,-32692,-32687,54171985;183502848
1310660,19,-32708,173280256
-3670091,-32711,-32693,54162251
393189,5,-32741,189793284
65503,0,-32735,120590853;120590851;120590849;120062466
-196662,-32764,-32714,126092057
-1245238,-32748,-32714,147588610
-5439537,-32684,-32719,54176049;55050242;55050240
1900530,28,-32754,115606023
1441820,22,28,169082884;170131458
1114055,16,-32711,173278723
327624,4,-32712,126096155
1114052,16,-32708,173278720;173935364
-196648,-32764,-32728,156239876
131064,1,-32760,161220608;69208064;69207040;69206016;69207298;69210112;70778880;4460544;69208322;69206274;69209088;69209346
2097135,31,-32751,115609089
-196616,-32764,-32760,161352704;179177736;190972422;131336196
262127,3,-32751,103549440;195300356;146673664;146672898;103547392;146676736;146538496;146674688;146675712;188484100;103548416;103547394;146670592;146672640;146671616;191102980;205785098
-1507378,-32744,-32718,159650319
1245152,18,-32736,206045701
-393257,-32761,-32727,156238339;184811529
-393265,-32761,-32719,126223636
1114076,16,-32732,206176769
-262153,-32763,-32759,161353986;185860608;131335170;195298312
-327721,-32762,-32727,156238851
1310696,19,-32744,204997889
-196651,-32764,-32725,156239873
589848,9,24,90833665
1179618,17,-32738,206045191
1441781,21,-32757,116916230;106694154;99747585
-1310766,-32747,-32722,147588106
-3670017,-32711,-32767,171182084;160513;171181058;171182082;171181313
-1048547,-32752,29,179830788
1769464,26,-32760,116916234;106698240;99615746
-3080272,-32720,-32688,186649606;186384900
1179614,17,-32734,206046723;206046721;206045187
-65503,-32767,33,72351744;72353792;72356864;72360960;72352768;72359170;72361984;72357888;72359936;205785094;72618499;72355840;72363008;72358912;72358146;72354816
1638390,24,-32758,116917256;99614720;106697218
-1048548,-32752,28,179830787
1114079,16,-32735,206176772
65538,1,2,201327106;144836610;210765058;219939330;201851394;160956930;121636864;76022274;88080661
2621396,39,-32724,210242560;210241536;210239488;210243586;207095299;205786124;210243584;210240512
-589793,-32759,31,181146628;181405696
33,0,33,100925955;97261083;30671116;30671113;30670848;30671110;54525985;30671107;72619011
-1179694,-32749,-32722,147589130
-589794,-32759,30,181146626;180357121
4325382,66,6,105121026;105119744;105120002
1179617,17,-32737,206045190
-262114,-32764,30,84411398
-1114166,-32750,-32714,147589634
-720863,-32757,33,181144584;180356100
-4128825,-32704,-32711,54165817
-5242922,-32687,-32726,54174506
-1048621,-32751,-32723,147590155
-4718677,-32695,-32683,54170453
-4390956,-32700,-32724,54167852
-5505071,-32683,-32721,54176559
-196645,-32764,-32731,126092040
-4128853,-32704,-32683,54165845
-4849738,-32693,-32694,54171466
-4587557,-32697,-32731,54169381
1114124,17,12,117443584;234625794
-3866686,-32708,-32706,54163774
-3801146,-32709,-32710,54163258
-5046313,-32690,-32727,54172969;222560258;60817408
-3014643,-32722,13,154637
1703964,26,28,168559620;175376384;175374338
-3014636,-32722,20,154644
-1245228,-32748,-32724,139461121
1703966,26,30,168559624;235669512
-1769448,-32741,24,183108107;182978570
-2490345,-32730,23,183109643
-3407872,-32716,0,157696
-3866621,-32709,3,161283
-4784199,-32694,-32697,60036098
1048556,15,-32748,203687170;203688196;204604416;202899464;203685888;203689222;203689218;203687174
-3407864,-32716,8,157704
-3407865,-32716,7,157703
-3866611,-32709,13,161293
-4980806,-32691,-32698,60034563
-131047,-32766,25,198972416;198968320;198970368;198969344;198967296;239601156;198182913;198972418;205786116;198971392;84412417;239600132
-3735639,-32710,-32681,112461068
-786451,-32755,-32749,161481988;163316740;163317764;165152272
-4784170,-32694,-32726,54532129;54531105;54170922
-3080176,-32721,16,155152
-2949103,-32723,17,154129
-3801174,-32709,-32682,112460041
-3145717,-32720,11,155659
-3407848,-32716,24,157720
-3342338,-32716,-32766,157954
-1507392,-32744,-32704,159650305
-5177421,-32688,-32691,59506948;59506950;54174029
-3866693,-32708,-32699,110888967;54163781;113246725
-3670019,-32711,-32765,160515
-3276794,-32718,6,156678
-4980812,-32691,-32692,59510018
-2752513,-32725,-32767,153345
-327680,-32763,0,133632
-5046345,-32690,-32695,59508742;54173001;59508740
-4653126,-32696,-32698,60037123
-3669994,-32712,22,159766
-589818,-32759,6,135686
2228236,34,12,156893704
-2555923,-32728,-32749,151827
-524308,-32759,-32748,161486086;165154319
-4653127,-32696,-32697,60037122
-327677,-32763,3,221777408;221775360;221778432;221778434;104859137;104071939;205785118;221774336;221777410;221776384
-655355,-32758,5,136197
-4653128,-32696,-32696,60037121
-917509,-32753,-32763,85721603;85721601;75500290;85722625
-1703999,-32741,-32705,159648770
-524290,-32759,-32766,135938
-4718660,-32695,-32700,60036613
-5439561,-32684,-32695,60030976
-3735526,-32711,26,160282
-3801078,-32710,10,160778
-917493,-32754,11,138251
-3276788,-32718,12,156684
-2555920,-32728,-32752,34475270;34472966;151824
-1310780,-32747,-32708,184943621;184811525;184813573;163843072;163841024;158859266
-2490382,-32729,-32754,34474242
-3997703,-32706,-32761,163079
1310749,20,29,184812551;184813575;184943623;184811527;168821766;184812549
-3276787,-32718,13,156685;20975364
-917469,-32754,35,184813571;184812547;184943619;171443712;178520066;184811523
-2293776,-32732,-32752,34342150
-1048568,-32752,8,139272;37229059
589751,8,-32695,175114240;174589185
720898,11,2,68421641
-2424848,-32730,-32752,34473222
327673,4,-32761,68552192
-2359313,-32731,-32751,34341128
-2818048,-32725,0,153088
-4784209,-32694,-32687,57671680
-3735553,-32710,-32767,161025
-3801082,-32710,6,160774
-458752,-32761,0,134656
-3670016,-32712,0,159744
-917492,-32754,12,138252
851965,12,-32765,68422148
-2686977,-32726,-32767,152833
-3407873,-32715,-32767,158465
-1441757,-32746,35,213647618;212864002;214435842
786429,11,-32765,68421636
1572857,23,-32761,99746307;106696198;106697222
-1179615,-32750,33,172235780
-655372,-32757,-32756,204474368;147850755
-1900572,-32738,-32740,164233734
-1834978,-32740,30,172230657
-21,-32767,-32747,189530632
-458770,-32760,-32750,147852547
1834997,27,-32757,99616513
-1114124,-32750,-32756,75498761
-1310724,-32747,-32764,75629313
1703922,25,-32754,99615492;106697230
-393276,-32761,-32708,126617600
1376230,20,-32742,209453062;204998403
-589875,-32758,-32717,128059401
-1966120,-32737,-32728,142085642
1965992,29,-32680,223875072;205786142;223870976;223875074;223872000;223874048;223873024;224660233
-3538929,-32714,15,24117761;63964421;24117769;20973314;28049920;25691650;25690112;24117765
-851979,-32754,-32757,147849220
-1900565,-32738,-32747,164233741
-524346,-32759,-32710,128058882
-655377,-32757,-32751,147851010
-1179613,-32750,35,172235782
1376243,20,-32755,99748099
2359226,35,-32698,227280644
-917543,-32753,-32729,139463686
-262191,-32763,-32721,127926797
-2162652,-32735,36,172360199
1441765,21,-32741,209458182;207623172;207622148;206308356
-1769429,-32741,43,172231182
2555862,38,-32726,209456136;206833667
-589872,-32758,-32720,128059404
458750,6,-32766,160959747;68551173;136054022;137890818;137367812
-851971,-32754,-32765,75500544
-851974,-32754,-32762,75500803
1769460,26,-32756,99616002;106693136;116917252
524287,7,-32767,68419590;136055044
-2031585,-32737,31,172229122;201066497
-851972,-32754,-32764,75500801
1769467,26,-32763,99615749
34,0,34,72619012
-983043,-32752,-32765,75499520
-262152,-32763,-32760,185860609;131335172
-655413,-32757,-32715,128059911
-65538,-32766,-32766,210633219;154010882;196346885;153355270;129238530;88213273
917439,13,-32703,173539328
-2097206,-32735,-32714,216401408;212599814;217056260
1114051,16,-32707,173540868;173936388
-196614,-32764,-32762,185861123;196345857
-196607,-32765,1,210633734;211289094;88213782
393209,5,-32761,101715473;68551680
262138,3,-32762,101714451;68552705
-458811,-32760,-32709,128058369
-851975,-32754,-32761,75500804
-1966138,-32737,-32710,216269576;217057282;212600321
-131039,-32766,33,72617987;183240196
-1835028,-32739,-32748,164102158
-786438,-32755,-32762,75501315
-1310689,-32748,31,172234754
327668,4,-32756,101715463;216271116;190579202
458739,6,-32755,101717512;190580225
2752467,41,-32723,215224320
-8,-32767,-32760,185862657;197133318;161218560
-2752529,-32725,-32751,153361
-4522059,-32698,-32693,183502864;54168907
-4784207,-32694,-32689,183501828
-2686995,-32726,-32749,152851
-1900564,-32738,-32748,164233742
-524298,-32759,-32758,147851781;148112897;161358084
-25,-32767,-32743,189530628
-2883652,-32723,-32700,63439361
-327726,-32762,-32722,127926286
1376236,20,-32748,207618062;204998147
-524345,-32759,-32711,128058883
-589884,-32758,-32708,128059392
917524,14,20,99354626;38536194;88087299
2555864,38,-32728,211293190;207094791
-131066,-32766,6,177603590;88213265;139198470;59900934
-131051,-32766,21,222430208
-327650,-32763,30,84410886
-1769505,-32740,-32735,164102657
196631,3,23,99354624;88081408
131102,2,30,99353602;88080903
196562,2,-32722,127930382
196582,2,-32742,189532163
393232,6,16,99355654;99356678;88083207
262129,3,-32753,192940038;188744711
-4456419,-32700,29,180093952;179438081
327709,5,29,99352578;88082438
-1703949,-32741,-32755,164103189
-1441852,-32745,-32708,158991362
524264,7,-32744,192937992;239608836;239607812;190449664;190318592;190448640;190318594;190316544;205915162;189794311;190317568
1703958,26,22,96470528;96471552;96470530;96471554;96469506;96471810;96470786;96469504;95423492
-1966056,-32738,24,184288260
-2031598,-32737,18,184287234
131097,2,25,99355652;88080898;99356676;54527001
-3604457,-32713,23,159255
-3342328,-32717,8,157192
589823,8,-32767,68420102;136056068;137889794
393185,5,-32737,189793280
-5242896,-32687,-32752,198447106
2424839,37,7,156762628
-3342313,-32717,23,157207
458748,6,-32764,68551171;144444416;101715479
2097160,32,8,156894724
-1179710,-32749,-32706,158860288
-1048638,-32751,-32706,158861312
-262113,-32764,31,84411399
-1900581,-32738,-32731,142086157
131049,1,-32745,189531654
-1441854,-32745,-32706,158991360
65518,0,-32750,189531147
-983084,-32752,-32724,139463169;202899459
-786450,-32755,-32750,163315712;161481986;147849987
-2031654,-32736,-32730,142085132
-2293799,-32732,-32729,142083083
-1441853,-32745,-32707,158991361
-196581,-32765,27,84411907;198182403
1048511,15,-32703,174067200;173934338;173540352;174064128;174068736;174070272;173935362;174065664;205786118;174071808
-1376315,-32746,-32709,158990851
-262117,-32764,27,84411395;198181891
-458720,-32761,32,84541960
-5177412,-32688,-32700,60033029
-3407849,-32716,23,157719;20974086
-589826,-32758,-32766,136450
-5177417,-32688,-32695,59506694;54174025;59506692
-655360,-32758,0,136192
262120,3,-32744,189792263
-196615,-32764,-32761,185861122;64750592;64753664;64749568;64754688;205787148;196345856;64751616;64752640
-393214,-32762,2,145102082
-262160,-32763,-32752,147854081
-2293803,-32732,-32725,142083079
-1638438,-32742,-32730,142088204
-2424878,-32730,-32722,142082052
-589831,-32758,-32761,147851272
-589799,-32759,25,172758019
-655364,-32757,-32764,147850763
-720940,-32756,-32724,164889090;164890112;132121603;164889088
131044,1,-32740,189531649
-655397,-32757,-32731,139724293;139990533
-1572903,-32743,-32729,142088715
458734,6,-32750,192415744;192416768;192417792;192415746;192414720;192416770;191106050;192414722;192413696;192413698
-1900590,-32738,-32722,142086148
393197,5,-32749,192413706;192414730;191105024;192415754
-65565,-32766,-32739,189530112
-393230,-32761,-32754,147852801
-786407,-32756,25,172756483
-786440,-32755,-32760,147849735
-2949200,-32722,-32688,186386948;186648580
-1769455,-32741,17,176951296;176949248;176952320;176950272;176948224;176947200;177079296;205786128;173016577
-589836,-32758,-32756,147851267
-786442,-32755,-32758,147849733
65508,0,-32740,189531137
-196625,-32764,-32751,147854594
524269,7,-32749,192414724;192415748;192416778;192413700;188746755;192675840;192676864
-1966117,-32737,-32731,142085645
-1638385,-32743,15,173017857
-2228267,-32733,-32725,142083591
-4915285,-32692,-32683,56885771;54171989;57016843;57017867
-1441767,-32746,25,173019145
-917520,-32753,-32752,147981057;149947394
-5439476,-32685,12,195299330
-5308409,-32687,7,195300354
-393213,-32762,3,195301388;195301386
-1900601,-32738,-32711,217055238;212601347;217056266
-1835067,-32739,-32709,217058304;212601857
-2097205,-32735,-32715,217059336;217060360;217061384;216401410;212599815
-1900556,-32738,-32756,123472387;167248392
-2097199,-32735,-32721,142084611
-4194272,-32704,32,179308036
2490284,37,-32684,223346956;224921600
-1572849,-32744,15,173018369
1638367,24,-32735,205520898
-917466,-32754,38,178258944
1769385,26,-32681,224789255
2424750,36,-32686,223346954
-4259810,-32703,30,179307522
-720912,-32756,-32752,147850497
-1900555,-32738,-32757,123471363;167248393
-1179624,-32750,24,172753410
-1638442,-32742,-32726,142088200
-1310696,-32748,24,173020168
-917465,-32754,39,178258946
-917467,-32754,37,178259202;178520064
-1441831,-32745,-32729,142089739
-5373944,-32686,8,195429380
-1966122,-32737,-32726,142085640
-1900582,-32738,-32730,142086156
-4653130,-32696,-32694,60037377
1245205,19,21,240386565
-524282,-32760,6,135174
-3866626,-32708,-32766,162050
131071,1,-32767,153879297;161220622;201589505;99090945;202246148;212074496;210503176;88080664;238553348;212074498
-1572919,-32743,-32713,159649802
-1638372,-32743,28,173017612
-1441777,-32746,15,173019393
-1376216,-32747,40,212864519
-1441770,-32746,22,173019142
-3407827,-32716,45,76285451
-2293802,-32732,-32726,142083080
-1310700,-32748,20,173020164
-4063323,-32705,-32677,109054979;112723459
-3670003,-32712,13,20972292;63963399
1376287,21,31,168822794
-1834991,-32740,17,173016065
-131064,-32766,8,59900936;177603592;201065988;104073218
-3211251,-32719,13,20975876;156173
-3735538,-32711,14,20971779;160270
-1638380,-32743,20,173017604
720900,11,4,59774468;88085779;235405312
1376288,21,32,168822796;170131468
-1703909,-32742,27,173017099
-3735539,-32711,13,20971780;160269
2883530,43,-32714,214959616
-1441756,-32746,36,212864003;216795141;214436872
1376286,21,30,168822792;117706762
2752454,41,-32710,214962689
262148,4,4,59770884;121900294;121897984;121897986;87558148;222564360;144966916;121900034;121899272;121900298;121900292;177473540;121896960;90441732;162269188;88082195;121900296;121899268;121900290;121899010;121899266;121899270;121900032;121899274;121896964;219940868;218105860
-4,-32767,-32764,17048580;97258011;183239170;17048584;161218568;17048578;97260059;154010372;97256987;17048576;17048582;153354242;210501633;185862661;4457472;4456448;196870150;97259035;97255963
655378,10,18,82314242
720885,10,-32757,190582275
-3538931,-32714,13,20973316;63964423
2621360,39,-32688,225972993;223348999
-2162697,-32734,-32759,100270592
2752459,41,-32715,214958593
2228228,34,4,156502786;160171008
-3342320,-32717,16,20974849;63965956
-1507295,-32745,33,212863488
-1638360,-32743,40,212862471
-3145692,-32720,36,76287490
-1310694,-32748,26,173020170
2817994,42,-32714,214959104
-3211219,-32719,45,76286987
2817993,42,-32713,214959361
-1507366,-32744,-32730,142089228
-1441772,-32746,20,173019140
-3473388,-32715,20,89391104;89393154;89392128;89391106;89392130;89394178;63964672;205785114
-3932248,-32707,-32680,109058054
-1114073,-32751,39,212866566;171442180
-3604462,-32713,18,20972545;28180996;63963906
1572781,23,-32685,224789505
2031623,31,7,156500993
-3538902,-32714,42,76284424
-655373,-32757,-32755,147850754;150471680;232260610;150470656
-3407861,-32716,11,63965449
-5374012,-32685,-32708,140510467
-589835,-32758,-32757,147851268;150474754;150472706;150470658;150471682;150473730;161480704
-2949075,-32723,45,76289036
-983053,-32752,-32755,147981314
-5374010,-32685,-32710,140510209
-3997766,-32706,-32698,195039232;239614493;239603741;239613469;195040256;195035136;239602717;205783046;195036160;194779138;195037184;195038208
2621397,39,-32725,207095300
-458766,-32760,-32754,147852289
-1114171,-32750,-32709,163840002;163841026;158860803
1834979,27,-32739,205522438
-4325346,-32702,30,179307010
589854,9,30,98566659;88084487
1769440,26,-32736,205521923
-3080274,-32720,-32686,187437056;187439104;187438080;187440128;187432960;187433984;186384896;187436032;187433986;205785346;187435008
2359250,35,-32722,207225345;215223296
-1376246,-32747,10,63311107
-3538924,-32714,20,63964160;20973059
-3473398,-32715,10,63964938
655388,10,28,98568705;88084997
327676,4,-32764,153358342;68552195;101714453;145753601;220203268;144442368;153880836
1441762,21,-32738,206308353
-4325348,-32702,28,179307008;180092928
393143,5,-32695,174719745
2424786,36,-32722,207093761;209454088
-3342323,-32717,13,63965959;20974852
-5177356,-32688,-32756,197920002;197921026
1376226,20,-32738,206307841;207620098;207618052
786461,12,29,95424516
-852029,-32754,-32707,158335489;159122432
-4194271,-32704,33,179308037
-65532,-32767,4,210763776;139199490;88212755
-4325343,-32702,33,179307013
589752,8,-32696,174588928
-1114094,-32751,18,172491779;176817413;176685317
-3604471,-32713,9,63963915
2490326,37,-32726,206833155;209453058
-65550,-32766,-32754,193462272;190841344;196086794
-3473495,-32714,-32681,112987136;108791579
2359253,35,-32725,206832130
1638388,24,-32756,106694156;99614978;116917250;116918274
-4390884,-32701,28,179306496
-262146,-32763,-32766,129236994;133890
-3473494,-32714,-32682,112985088;109315072
-1114174,-32750,-32706,158860800
-1048618,-32751,-32726,139462659
-1769512,-32740,-32728,142087178
-65509,-32767,27,84412931;222560262
-65555,-32766,-32749,189530122
1769463,26,-32759,106693122;99615745
1507318,22,-32758,106694162;106695186;106698248;106696210
-720859,-32757,37,178520068;171445250
-1441779,-32746,13,181928961;171969043
-917487,-32754,17,172493314
-786492,-32755,-32708,159123458;158336002
1572849,23,-32753,106695184
-1114093,-32751,19,172491780
196606,2,-32766,212075522;212075520;161221644;153879810;99095051;153355266;210765574;201591811;201590018;88081177;202244610
-1245164,-32749,20,172490757
-851946,-32755,22,179178766;172755968;179177742
-262172,-32763,-32740,84806406
655286,9,-32694,175644930
-1048562,-32752,14,172492545
-1048544,-32752,32,179180810;172754442
65507,0,-32739,120062470
589820,8,-32764,137102336;137101312;137369606;136056074;68420099;137103360;87820801;205786132
-983012,-32753,28,179180814;179179790;172754950
-1638427,-32742,-32741,168166912
-1769437,-32741,35,219546626;216926723
1376263,21,7,118227968;118229250;118226944;118231040;238293252;117965057;118230016;118228992;118229252;118232064
-1507355,-32744,-32741,168034306;168034308;168034312;168034310
131040,1,-32736,120062979;196215814
-983025,-32753,15,172492800
-1507354,-32744,-32742,168034304
-1769435,-32741,37,219546630;216926727
-1048560,-32752,16,172492289
-327706,-32762,-32742,84806916
-3604442,-32713,38,76283908;75762691
-1572911,-32743,-32721,142088707
983044,15,4,59776516
-1966128,-32737,-32720,142085634
-655398,-32757,-32730,139724292
-851940,-32755,28,172755974
-2162736,-32734,-32720,142084098
-1048594,-32751,-32750,147982083
1572836,23,-32740,206309379;207618050
1638386,24,-32754,106695182;116918272;99614980;106696206;116917248
-851929,-32755,39,178522114;178259970;178521090
1769459,26,-32755,106696204;106698254
-917562,-32753,-32710,159121414;155975681
327685,5,5,125307397;54790661;98830853;88082706;84937221;95160837;144967938;90966533
-2293719,-32733,41,180879360
262145,4,1,219940865;160958465;99094017;99096065;144704512;99095041;153881090;137365762;201852929;201328641;191891457;99091969;99092993;88082198;134220034;145491968
-1572853,-32744,11,171968017
-2097243,-32735,-32677,85984770;66061059
-1507314,-32745,14,171968532
-917554,-32753,-32718,155975689
2555821,38,-32685,224919554;223348490;226232833
-3473395,-32715,13,23068675;23070208;23070467;63964935;23068934;23068931;23070211;23068672
-1245195,-32748,-32757,171708416
5,0,5,139200516;88212242;191889413;54525957;139201536;145100034;54788101
851940,12,-32740,190056449
-1572855,-32744,9,171968015
327714,5,34,72093698
196641,3,33,72091648
-1572865,-32743,-32767,171705866
262181,4,37,72092680
-1507322,-32745,6,171968524
-65531,-32767,5,139199492;88212754;139201540;99354636;139201538
196645,3,37,72091656
655350,9,-32758,190581764
-131067,-32766,5,139198468;88213266;192021509;139202562
-1,-32767,-32767,224923652;99092225;224527105;131597312;210502152;99091201;99094273;99093249;154010369;88212760;238683394;196870156
2686892,40,-32684,205787166;224133120;224135168;224136192;224137216;224137218;223350028;224134144
-1835001,-32740,7,172098061
262178,4,34,72092674
-786486,-32755,-32714,155976709;202899968
-589868,-32758,-32724,205915146;132912128;132122627;132910080;132908032;132911104;132907008;132909056;133171202;133169154
1507302,22,-32742,205258752
-1835004,-32740,4,172098058;180619270
-1769472,-32741,0,171704843
-5308464,-32686,-32720,205915158;54175024;55053312;55054336
-1703936,-32742,0,171705355
-3932234,-32707,-32694,205787152
-1507333,-32744,-32763,171706374
-1703930,-32742,6,171966988
655332,9,-32740,190054913;119800321
1114088,16,-32744,189399809
327679,4,-32767,99094029;88082200;153881088;202246154;152836096;144704772;99093005;201591041;202115588
458768,7,16,99091983;99090959;88083719
-4194276,-32704,28,183241216;179308032
-327683,-32762,-32765,122422272;134403;129368577;122421248
-983062,-32752,-32746,165150733;14418181;171183620
2555884,38,-32748,163054592;163055618
720872,10,-32744,190055429;97261085;97255965
-4128819,-32704,-32717,58204166;54165811
-589855,-32758,-32737,186908932
1900551,29,7,183242242;156499969
-1441780,-32746,12,181666816;181668864;181667840;171969042;181797888;181670912;181665792;181669888;205783042
-720950,-32756,-32714,155977221
655290,9,-32698,174852096
-393198,-32762,18,221250560;221250564;221118981;221249540;221251584
851941,12,-32741,190056450
720828,10,-32700,174853124
458765,7,13,183242253;234620673;88083722
65483,0,-32715,127666176;126094104
-1507332,-32744,-32764,171706375
-1638389,-32743,11,171967505
-1703947,-32741,-32757,171704832
-1572871,-32743,-32761,171705860
-1507316,-32745,12,171968530;181928448
-1245244,-32748,-32708,158859778
-1376299,-32746,-32725,142090247
-2031660,-32736,-32724,142085126
-262119,-32764,25,84411393;199233536;199230464;199232770;199231488;199232512;198181889;200016384;70007808;199230722;199234560;196215820
-393190,-32762,26,84410370;198180866;88215043
-1507372,-32744,-32724,142089222
-1114151,-32750,-32729,139462150
-1245243,-32748,-32709,158859779
-1048615,-32751,-32729,139462662
-393232,-32761,-32752,147853057
-393193,-32762,23,84410625
-2293807,-32732,-32721,142083075
-18,-32767,-32750,189530635
-1114170,-32750,-32710,158860804
-1507371,-32744,-32725,142089223
-1179684,-32749,-32732,139461641
-1048634,-32751,-32710,158861316
-655399,-32757,-32729,139724291
-655334,-32758,26,172757508
-262120,-32764,24,84411392;199230724;198181888
-1572901,-32743,-32731,142088717
-1245201,-32748,-32751,164364307
589826,9,2,88084757
327690,5,10,88082701;216795658;235146498
1114120,17,8,237242368;234625798;237241344;237240320;234623747
196635,3,27,88081412
-983023,-32753,17,176685057;172492802
-3538938,-32714,6,78644737
851986,13,18,88086789
-1245169,-32749,15,176818177;172490752;176818435
-1114143,-32750,-32737,164365317
393198,5,-32750,222564354;191105026
-2162745,-32734,-32711,222566402;222566406;212598786
458751,6,-32767,144706820;68551174;136054020
-3670011,-32712,5,78643712
-786463,-32755,-32737,222568448;165152260
1376227,20,-32739,222561282;207620100;207619076;206307842
917523,14,19,88087300
1769448,26,-32744,222563336;208928768;208931840;208929792;208932864;208932866;208930816;205260802;205786136;207622158
196627,3,19,88081668
-3670009,-32712,7,78643714
-65523,-32767,13,88212746
262168,4,24,88081921
327711,5,31,88082440
720901,11,5,88085778;235405313
-1179703,-32749,-32713,147589121
-4980813,-32691,-32691,54172493;59510020
-4194365,-32703,-32707,54166333
-5046346,-32690,-32694,54173002
-4325443,-32701,-32701,54167363
-4063298,-32705,-32702,54165314
-5505069,-32683,-32723,54176557
-4063304,-32705,-32696,54165320
-34,-32767,-32734,126093573
-262203,-32763,-32709,126091550
982981,14,-32709,173277697
-983028,-32753,12,138764
-3538920,-32714,24,158744
-2359309,-32731,-32755,34340864
720891,10,-32763,68421122
851892,12,-32692,175114244;175637506;175115268
-2490381,-32729,-32755,34473984
-2555918,-32728,-32754,34475266
458680,6,-32696,175115264;174587904
-3866616,-32709,8,161288
-1441755,-32746,37,213648388;216795142;212864004
327687,5,7,90966535;88082704;135266817;137888002;95160839;54790663;98830855
393208,5,-32760,68551937;102764033;205783064;101716495;102760963;102763009;102761987;102761985;102760961
-3801069,-32710,19,160787
851966,12,-32766,68422149
-1114116,-32750,-32764,75498753
-3014637,-32722,19,154643
-3604458,-32713,22,159254
-327685,-32762,-32763,134405
-3735543,-32711,9,160265
-393206,-32762,10,134154
-1834974,-32740,34,213650432;212860929
-983049,-32752,-32759,75499782
-1834975,-32740,33,213647362;212860928;214433798;214435844;214434822;213648386
589831,9,7,90968583;235537413;88084752;119015424
-1900508,-32739,36,213649412;213650436;212992515
720903,11,7,90969607;88085776
-1245192,-32748,-32760,75497733
327692,5,12,235146240;88082699
-2686978,-32726,-32766,152834
-3211254,-32719,10,156170
196589,2,-32749,188744195;192415752
-2293729,-32733,31,201064449;172361218
1310688,19,-32736,209190912
1310744,20,24,91750923;90707201
1441753,21,-32729,209192199;215220224
-851981,-32754,-32755,149424128;205784066;154142211;147849218;149425152;239606273;239605249;149426176;149427200;149422080;149423104;149428224
-393192,-32762,24,198180864;86246410;86247434;84410368;86248458;88215041
1179673,18,25,91752973;90705920
-2031704,-32736,-32680,66061312
393220,6,4,162270212;177474564;59771908;88083219;144968964
1441758,21,-32734,209192194
131054,1,-32750,188743684
524268,7,-32748,188746754
-917470,-32754,34,180486661;181141514;181404680;181403656
-1179677,-32749,-32739,164364807
-1376268,-32746,-32756,164496408
131056,1,-32752,188743686;147062786;192416772;101712387
-1245204,-32748,-32748,164364304
-720935,-32756,-32729,139992587;139993605;139993611;139723779
524267,7,-32747,188746753
-1376269,-32746,-32755,164496407
-2555992,-32728,-32680,66194432
-1245202,-32748,-32750,164364306
-393227,-32761,-32757,162530816;162529793;162532097;147852804;161356038
-2359384,-32731,-32680,66192896
-1310732,-32747,-32756,164495896
1179659,18,11,238297357;117440514
589838,9,14,238301953;82313986
-327717,-32762,-32731,156238855;160697344
-3604554,-32712,-32694,54161738
-4390978,-32700,-32702,54167874
-5111853,-32689,-32723,54173485
-5111880,-32689,-32696,54173512
-1114160,-32750,-32720,147589640
-3539007,-32713,-32705,54161215
-3539011,-32713,-32701,54161219
-4456536,-32699,-32680,54168408
-4653102,-32696,-32722,54169902
-5177387,-32688,-32725,54173995
-4587569,-32697,-32719,54169393
-3276843,-32717,-32725,54159147
-5373997,-32685,-32723,54175533
-3604560,-32712,-32688,54161744
-3604552,-32712,-32696,54161736
-1245235,-32748,-32717,147588613
-327737,-32762,-32711,126223132
-4456511,-32699,-32705,54168383
-4718641,-32695,-32719,54170417
-4587553,-32697,-32735,54169377
-4456513,-32699,-32703,54168385
-4784181,-32694,-32715,54170933
-3473449,-32714,-32727,54160681
-3735610,-32710,-32710,54162746
-4587604,-32697,-32684,54169428;108004873;110626307
-4784171,-32694,-32725,54170923
-3932211,-32707,-32717,54164275
-4915247,-32692,-32721,54171951
-4784164,-32694,-32732,54170916
-3604538,-32712,-32710,54161722
-4915240,-32692,-32728,54171944;54532123;54531099
1179588,17,-32708,173279232
-1179698,-32749,-32718,147589126
-3801161,-32709,-32695,54163273
-4063292,-32705,-32708,54165308
-3604548,-32712,-32700,54161732
-3866707,-32708,-32685,54163795;112592132
-3473477,-32714,-32699,54160709
-4259897,-32702,-32711,54166841
-262174,-32763,-32738,126091521
-3473466,-32714,-32710,54160698
2031604,30,-32756,123995651
-3407934,-32715,-32706,54160190
-4849703,-32693,-32729,54171431
-4259900,-32702,-32708,54166844;58203142
-3735607,-32710,-32713,54162743
-262181,-32763,-32731,156239367
-4653103,-32696,-32721,54169903
-5111845,-32689,-32731,54173477
-4653091,-32696,-32733,54169891
65484,0,-32716,126094103
-4390949,-32700,-32731,54167845
-4718627,-32695,-32733,54170403
-4194363,-32703,-32709,54166331
2228155,33,-32699,227279106;223085062
-524347,-32759,-32709,128058881
-2097122,-32736,30,172228609;201065984
-262142,-32764,2,104858121;104860169;104862217;220334082;104072452;104859145;104861193
-1179658,-32749,-32758,75498247
2490321,37,-32721,209455114;209457162;209456138;215222272;209454090;209458186;209453066;207094272
-1638417,-32742,-32751,164103697
-1572820,-32744,44,172232719
-1507298,-32745,30,172233217
1703933,25,-32765,99615239
-2031573,-32737,43,172229134
1703924,25,-32756,99615490
-458745,-32761,7,104859143;104861191;104860167;104202753;104862215
2424762,36,-32698,227281156;227281154
2424785,36,-32721,209457160;207093760
262098,3,-32722,127930894
-2162654,-32735,34,172360197
-983057,-32752,-32751,147981570
2359251,35,-32723,209456128;209457152;207225346
-3145684,-32720,44,76808708;76808704;76287498
-983077,-32752,-32731,139463176
-1507343,-32744,-32753,164104723
2031553,30,-32705,227280898;223218195
-1835033,-32739,-32743,164102153
-2293728,-32733,32,172361219;201064450
-3211221,-32719,43,76809730;76286985;75762697
-262161,-32763,-32751,147854082
1703913,25,-32745,209454086;205260291
-2162651,-32735,37,172360200
-1572821,-32744,43,172232718
1572842,23,-32746,207620110;204999681
-1769506,-32740,-32734,164102656
-327728,-32762,-32720,127926284
-1703907,-32742,29,172231680
131024,1,-32720,127929868;126615554
393191,5,-32743,189793286
-3866606,-32709,18,161298
-2424849,-32730,-32751,34473224
-3801094,-32709,-32762,161542
2293762,35,2,156762116
-786422,-32756,10,137226
-2949099,-32723,21,154133
-1114102,-32751,10,139786
524219,7,-32699,175113220
-65535,-32767,1,224396033;224526849;154010113;88212758;210764035
-655358,-32758,2,136194
-1179636,-32750,12,140300
-27,-32767,-32741,222563334;222562310;189530626
786444,12,12,88086283;54532108
-3538939,-32714,5,78644736
524291,8,3,88084244;134223874
-1179683,-32749,-32733,164364801
786445,12,13,88086282;239080970
131091,2,19,88081156;54526995
-851970,-32754,-32766,73401603
-1507325,-32745,3,73534978
524319,8,31,88083976
-786393,-32756,39,171444740
-983038,-32753,2,73400833
-983000,-32753,40,171443205
-589808,-32759,16,73403919
26,0,26,88211971
-983040,-32753,0,73401089
131100,2,28,88080901
196598,2,-32758,190843396;101713419
-786394,-32756,38,171444739
-1048575,-32752,1,73400320;222563330
-1769434,-32741,38,216926729;212861445
-851968,-32755,0,73402113
-524270,-32760,18,73404433
-851961,-32755,7,73401862
131087,2,15,234750977;88081160;54526991
-1310722,-32747,-32766,73534211
-14,-32767,-32754,190841856;196085770
-1114105,-32751,7,73531910
-3473385,-32715,23,158231
-983029,-32753,11,138763;37225984
-5373969,-32685,-32751,198445056;197920768;197919744
-4522062,-32698,-32690,183502856
-2818046,-32725,2,153090
-5505039,-32683,-32753,198443012
262119,3,-32743,189792262
-2818047,-32725,1,153089
2359300,36,4,156762624
-3866607,-32709,17,161297
-1179611,-32750,37,172235784
-1310779,-32747,-32709,158859267
-1835026,-32739,-32750,164102160
-196656,-32764,-32720,127927308
-1769496,-32740,-32744,164102666
917508,14,4,211295236;177478660
1245160,18,-32744,207622156;204997377;207619082
1048545,15,-32737,211291140;206047751;206046725;206046727;206177286
19,0,19,222298370;54525971
196563,2,-32723,127930383
-589871,-32758,-32721,128059405
-524340,-32759,-32716,128058888
1572839,23,-32743,211289090;205259265
524273,7,-32753,192940032;188746759
524272,7,-32752,192939010;188746758
-2031592,-32737,24,184287236
-1638432,-32742,-32736,164103682
393224,6,8,177474568;88083215;86248456;138150401;119016448;135267843;184812545
-3276760,-32718,40,74974723;76286470;75760642
393196,5,-32748,192937994;188745730;192939018
-131062,-32766,10,177603594;88213261
-65534,-32767,2,99354634;201982466;99353610;210764034;201458178;88212757
-2097130,-32736,22,184289538
65511,0,-32743,192940042;189531140
524221,7,-32701,176556032
-1769450,-32741,22,184287240;178782216;182978568
-4522056,-32698,-32696,62652928;62653952;62653440
-1900570,-32738,-32742,164233736
-393204,-32762,12,177476610;177480706;177481730;134156;177478658
-1638413,-32742,-32755,164103701
1507337,23,9,238295040
-983063,-32752,-32745,14419209;165150732
196621,3,13,88081674;235801093;234750721
-1835096,-32739,-32680,66062848
-3276758,-32718,42,75762184;75760644;76286472
131095,2,23,88080896;54526999
65566,1,30,88080391
-2162781,-32734,-32675,66060549
327701,5,21,88082690
917519,14,15,88087304
393237,6,21,88083202;54529045
-11,-32767,-32757,190841859
458764,7,12,234620674;88083723;54791692;234623758
851990,13,22,88086785
-851932,-32755,36,171444225
-131058,-32766,14,88213257
-1507294,-32745,34,216794625;214696960;219416064;214433794;214434818
-1245186,-32748,-32766,73533699
196637,3,29,88081414;99355658;99352588
262161,4,17,88082182;54528017
-1048578,-32751,-32766,73532163
-589815,-32759,9,73403912
196629,3,21,88081666
589837,9,13,234621697;88084746
-655342,-32758,18,64489217
-655339,-32758,21,64488962
-10,-32767,-32758,197659648;197657600;197656576;197660674;190841860;197133314;197658624;197660672;205787154
-851953,-32755,15,64487684
-5046311,-32690,-32729,54172967
-5308465,-32686,-32719,54175025
-4390987,-32700,-32693,54167883
-57,-32767,-32711,126093596
-5373993,-32685,-32727,54175529
-131132,-32765,-32708,126092575
-4390966,-32700,-32714,54167862
-3997756,-32706,-32708,54164796
-393249,-32761,-32735,156238347
-36,-32767,-32732,126093575
-3932221,-32707,-32707,54164285
65480,0,-32712,126094107
1507354,23,26,117705226;170132488;235799814;169083904;170133504;170132490
-327709,-32762,-32739,165155846
458766,7,14,88083721;234620416
-1114075,-32751,37,171442178;212866564
196622,3,14,88081673;234750464
-196595,-32765,13,88213770
524302,8,14,88084233;234620928
720925,11,29,88085510
720917,11,21,88085762;238297088
851981,13,13,88086794
-1114074,-32751,38,171442179
9,0,9,88212238
65557,1,21,88080642
-2031705,-32736,-32679,66587136;66585088;66588160;66061569;66590208;66589184;66586112;205783062
-720880,-32757,16,64488707
-917497,-32754,7,73401350
-1179645,-32750,3,73532418
-1114110,-32751,2,73531905
-1048576,-32752,0,73400577
-1376248,-32747,8,73533959
-1114111,-32751,1,73531904;84937223;84936199
-851948,-32755,20,64487425
262150,4,6,239081224;88606726;177473542;88082193;144966656;59770886
-851954,-32755,14,64487685
-851949,-32755,19,64487424;40896770
-720882,-32757,14,64488709
-589805,-32759,19,64489472
720912,11,16,239080463;82314752;83102208
-65580,-32766,-32724,156240896
786375,11,-32711,173409283;173934082;173934080
-196643,-32764,-32733,126092038
2031603,30,-32755,115608073
-5177388,-32688,-32724,111675392;54173996
-2490346,-32730,22,183109641
-196665,-32764,-32711,126092060
-4325417,-32701,-32727,54167337
-1245236,-32748,-32716,147588612
-458790,-32760,-32730,156237830
1048517,15,-32709,173278209
131036,1,-32732,126094599
2031600,30,-32752,115608067
-458762,-32760,-32758,161357060;147852293
-1310775,-32747,-32713,147588097
524265,7,-32745,189794312
1245161,18,-32745,204997120
-196644,-32764,-32732,126092039
-327689,-32762,-32759,161355010;185860096
-262176,-32763,-32736,126091523
1900529,28,-32753,115606021
-458801,-32760,-32719,126224148
2031602,30,-32754,115608071
-262140,-32764,4,161353732;104072450
-851977,-32754,-32759,130810369;148111875;147849222;148112899
1179616,17,-32736,206045189
1441822,22,30,239616020;169082888;239605268;117706767;239617044;239606292
-65543,-32766,-32761,161350658;185862146;197132296;4456450
-1048624,-32751,-32720,147590152
1114138,17,26,90705409
-1179700,-32749,-32716,147589124
1966067,29,-32755,115607049
-1834970,-32740,38,214695938;212860933;214433796
2097136,31,-32752,115609091
2359228,35,-32700,223087112
1114137,17,25,90705408
-65592,-32766,-32712,126093083;202900994
-3276845,-32717,-32723,54159149
-4063284,-32705,-32716,54165300
-65589,-32766,-32715,126093080
-56,-32767,-32712,126093595;202901506
327649,4,-32737,189792768
-4849695,-32693,-32737,54171423
-4980777,-32691,-32727,54172457;54534165
-3735605,-32710,-32715,54162741
-4259926,-32702,-32682,54166870
-4915250,-32692,-32718,54171954
-1179699,-32749,-32717,147589125
-3473479,-32714,-32697,54160711
-1114165,-32750,-32715,147589635
1179658,18,10,117441538
-3801172,-32709,-32684,54163284;112460037
-4915275,-32692,-32693,54171979;59510784
-393255,-32761,-32729,156238341
-983089,-32752,-32719,147590663
983007,14,-32735,206177796
-4128822,-32704,-32714,54165814
-4456498,-32699,-32718,54168370
-5242917,-32687,-32731,54175012
-4522030,-32698,-32722,54168878
-3670077,-32711,-32707,54162237
-131101,-32765,-32739,126092288;192677894
-4325416,-32701,-32728,54167336
-5374001,-32685,-32719,54175537
-65578,-32766,-32726,156240898
-4325463,-32701,-32681,54167383
-131126,-32765,-32714,126092569
982985,14,-32713,173277701
-4980821,-32691,-32683,54172501
-5505070,-32683,-32722,54176558
1376232,20,-32744,204998401
-1441842,-32745,-32718,147587078
-5242952,-32687,-32696,54174536
-5242919,-32687,-32729,54174503
-3997759,-32706,-32705,54164799
-131103,-32765,-32737,126092546
-4522021,-32698,-32731,54168869
-4456517,-32699,-32699,54168389
-4522035,-32698,-32717,54168883
-3473481,-32714,-32695,54160713
-4587566,-32697,-32722,54169390
-4456532,-32699,-32684,54168404
-4390973,-32700,-32707,54167869
1441825,22,33,169082894
-589830,-32758,-32762,129761538;147851273
-4653088,-32696,-32736,54169888
-4653107,-32696,-32717,54169907
-3801149,-32709,-32707,54163261
-4063306,-32705,-32694,54165322
-5242927,-32687,-32721,54174511
917501,13,-32765,68422660
393213,5,-32765,68551684;101715481
-2949124,-32722,-32764,154884
-917508,-32753,-32764,75500289
-655356,-32758,4,136196
-3604480,-32713,0,159232
-1245189,-32748,-32763,75497730
-1245153,-32749,31,172235266
1507320,22,-32760,106696200;99746818
1507322,22,-32762,106693128;99746820;116919308
-720956,-32756,-32708,159124482;158336514
-917564,-32753,-32708,159121410;158334978
-1310698,-32748,22,179177739;179177227;179177738;179178250;179176713;173020166
-131082,-32765,-32758,131337216;197264386;190840836
-983020,-32753,20,172492805
-131097,-32765,-32743,84805379
-30,-32767,-32738,120061957
-1048558,-32752,18,172492291
-1572829,-32744,35,219415554
1769442,26,-32738,208669696;208670720;208666624;208670722;208667648;208668672;205788164;205521925
-917485,-32754,19,172493316
-1572891,-32743,-32741,168165888
-1376222,-32747,34,219417088
-1048557,-32752,19,172492292
-327701,-32762,-32747,84806657
-1572828,-32744,36,219415556
-1572827,-32744,37,219415558
-917560,-32753,-32712,155975683
-4325419,-32701,-32725,54167339
-3342406,-32716,-32698,54159686
-4915246,-32692,-32722,54171950
1310694,19,-32742,204997891;207626242;207625218;207627266
-3342378,-32716,-32726,54159658
-4390972,-32700,-32708,54167868
-3801163,-32709,-32693,54163275
262114,3,-32738,189792257
-3997752,-32706,-32712,54164792
-3997746,-32706,-32718,54164786
-3473468,-32714,-32708,54160700
-4063295,-32705,-32705,54165311
-4849710,-32693,-32722,54171438
-4456534,-32699,-32682,54168406;108007945
1441817,22,25,117704209
-917524,-32753,-32748,165151247;14419201
1507361,23,33,117708817;169083918
1441813,22,21,117705228;240388101
1376289,21,33,117707788;168822798
-655390,-32757,-32738,165153285
-1900558,-32738,-32754,167248390
-524307,-32759,-32749,165154320;161486084
1507352,23,24,170133506;117704207;90708481;170133510;222565376;222561290;170133512
-655382,-32757,-32746,165153293;161484042
-786456,-32755,-32744,165152267
-1966168,-32737,-32680,66061824
-720931,-32756,-32733,165152768
458725,6,-32741,119013382;119014406;189793796
-458775,-32760,-32745,165154828
-2031629,-32736,-32755,167379463
458756,7,4,119013376;88083731;134222852
262115,3,-32739,119016452;189792258
-720928,-32756,-32736,165152771
-1900557,-32738,-32755,167248391
-1835095,-32739,-32681,66062849
589809,8,-32753,193332231
-720938,-32756,-32726,132121605
-262128,-32764,16,220987907
-131052,-32766,20,220988935
-720932,-32756,-32732,165153025
-655405,-32757,-32723,132122114
-65519,-32767,17,220989444
65515,0,-32747,189531144
917442,13,-32706,173539331;173938434
-5111874,-32689,-32702,60033543
-3735554,-32710,-32766,161026
-3276779,-32718,21,156693;20975108
-1572918,-32743,-32714,159649803
327650,4,-32738,189792769
262121,3,-32745,189792264
-5111876,-32689,-32700,60033541
-1835056,-32739,-32720,159647761
-1572879,-32743,-32753,164104211
-3014635,-32722,21,154645
-720916,-32756,-32748,161483014;165152783
589802,8,-32746,189794825;119014404
-5111883,-32689,-32693,59507712
-2883585,-32723,-32767,154369
-1507340,-32744,-32756,164104726
-1572928,-32743,-32704,159649793
-393215,-32762,1,134145
-1572914,-32743,-32718,159649807
-4980803,-32691,-32701,60034566
-4718662,-32695,-32698,60036611
-5046340,-32690,-32700,60034053
-3801063,-32710,25,160793
-851958,-32755,10,137738
-458737,-32761,15,221643778
-1966129,-32737,-32719,159646736
-327659,-32763,21,221512198
2097161,32,9,156894725
-4718666,-32695,-32694,60036865;183500816
-1245224,-32748,-32728,139461125
-3604485,-32712,-32763,160005
-1638464,-32742,-32704,159649281
-65544,-32766,-32760,185862145;197132294
-2555917,-32728,-32755,34475008
262155,4,11,235145985;88082188
-2293777,-32732,-32751,34342152
458681,6,-32697,175113218;174587905
-3604484,-32712,-32764,160004
-524286,-32760,2,135170
393146,5,-32698,175112196
-3801085,-32710,3,160771
-2621457,-32727,-32751,34476294;152337;34476296
655356,9,-32764,68420611;87819777;69994496
-2752514,-32725,-32766,153346
524289,8,1,68420104
-655359,-32758,1,136193
-2686994,-32726,-32750,152850
917502,13,-32766,68422661;87818757;87819781
-917512,-32753,-32760,75500293
-3670005,-32712,11,159755
-3014642,-32722,14,154638
-2621444,-32727,-32764,152324
-3473407,-32715,1,158209
458757,7,5,90967557;88083730;95161861;84938245;98831877;54791685
-1179639,-32750,9,140297
786426,11,-32762,68421633
-3604482,-32712,-32766,160002
-3276791,-32718,9,156681
-1900511,-32739,33,213650690;212992512
-327684,-32762,-32764,134404
-3473401,-32715,7,158215
-3276792,-32718,8,156680
458744,6,-32760,68551425
917503,13,-32767,68422662
-1179652,-32749,-32764,75498241
-3538942,-32714,2,158722
1703967,26,31,168559626
-2031594,-32737,22,183108104
-1638355,-32743,45,178785290;178784266;172232208
-1441808,-32745,-32752,164496916
-196610,-32764,-32766,196345861;210634243;220334338;129237506;88214297
786435,12,3,88086292;235406081;235929602
-3145687,-32720,41,75763207;76287495
327665,4,-32753,83886090;188745223;192940040;101714437
-1114077,-32751,35,171442176
851984,13,16,88086791
458782,7,30,88083463
-65529,-32767,7,88212752
458775,7,23,88083456;204211200
-1245176,-32749,8,73532935
-720897,-32756,-32767,73402626
262157,4,13,88082186;99352576;234619137
-720884,-32757,12,73402891
-655323,-32758,37,171445762
-589812,-32759,12,73403915
-851962,-32755,6,73401861
-917502,-32754,2,73401345
131086,2,14,88081161;234750976
-655351,-32758,9,73403400
-720892,-32757,4,73402883
-1048570,-32752,6,73400325
-720890,-32757,6,73402885
655370,10,10,88085261;54531082;234622212;207623178;177476618
-1179643,-32750,5,73532420
-786428,-32756,4,73402371
-786429,-32756,3,73402370
-1507293,-32745,35,216794627;213649410;213650434;212863490
-3670081,-32711,-32703,54162241
262117,3,-32741,189792260
-5570600,-32682,-32728,54177064
-327716,-32762,-32732,156238856
-5111888,-32689,-32688,54173520
-4915243,-32692,-32725,54171947
1441766,21,-32742,204998915
-4718630,-32695,-32730,54170406
786457,12,25,90702848
-1179697,-32749,-32719,147589127
2031599,30,-32751,115608065
-3932227,-32707,-32701,54164291
-393221,-32761,-32763,129764352;134917
1572892,24,28,169084932;235667968
-262195,-32763,-32717,126091542
1114082,16,-32738,206176775
-4915280,-32692,-32688,111673344;54171984
1572898,24,34,169084944
1507357,23,29,169083910
-262185,-32763,-32727,156239363
1114140,17,28,90705411
-131080,-32765,-32760,161351680;196608000;131337220;197264390;190840838
-196639,-32764,-32737,126092034
1507308,22,-32748,204999171
-327668,-32763,12,133644
851911,12,-32711,173408771
-1048628,-32751,-32716,147590148
720922,11,26,90702337
1834994,27,-32754,115737095
1179590,17,-32710,173279234
2162616,32,-32696,223216385
655384,10,24,130811393;90702081
2293693,34,-32701,223086090
-393217,-32761,-32767,161224198;196215818;196216842;134913
1310698,19,-32746,204997633
-393256,-32761,-32728,156238340
2162626,32,-32706,223216149;227279874
-1900507,-32739,37,214697220;212992516;214697224;214696200;214699268;214696196;214698244
65498,0,-32730,156241926
2228152,33,-32696,223085313
-262179,-32763,-32733,156239369
-589867,-32758,-32725,171181062;171182086;132122628;133170178
-3014739,-32721,-32685,186649604;186386178
1245151,18,-32735,206045700
-1114159,-32750,-32721,147589641
-1114157,-32750,-32723,147589643
655387,10,27,90701826;234751496
-1048626,-32751,-32718,147590150
1769461,26,-32757,116919300;99616001;106695170
-1441839,-32745,-32721,147587081
-589792,-32759,32,181146630
1507317,22,-32757,116917254;99747073;106695178
-2949201,-32722,-32687,186647556;186386946
-983013,-32753,27,179831298;180617216
-720867,-32757,29,181144576;180356096
-1114084,-32751,28,179962371
-1245233,-32748,-32719,147588615
-262148,-32763,-32764,69210370;133892
-786402,-32756,30,181143554;181404678
1048603,16,27,90704898
1245149,18,-32733,206045698
-1048625,-32751,-32719,147590151;164758273
-6,-32767,-32762,196870146;154010374;161218564;185862659
-1114091,-32751,21,178783240;178783242;172491782
-1310772,-32747,-32716,147588100
1048604,16,28,90704899
983063,15,23,90704642
-1114126,-32750,-32754,164365334
1376222,20,-32734,209191682
327660,4,-32748,188745218;192937984
-1179681,-32749,-32735,164364803
1310684,19,-32732,209191172
131051,1,-32747,188743681;192676868;192675844
524288,8,0,162271232;54530048;68420103
851969,13,1,235537669;235405573;68422664
-786471,-32755,-32729,139994635;139723267
-720866,-32757,30,180356097;181144578
-589881,-32758,-32711,204210176;128059395
-1310733,-32747,-32755,164495895
-1966172,-32737,-32676,66062084
1179660,18,12,238297355
-917474,-32754,30,180486657;181141506
-1114141,-32750,-32739,164365319
-851988,-32754,-32748,14420225;165151759
-2490455,-32729,-32681,66193921
-655326,-32758,34,180356613;183239168;181145610
-1900630,-32738,-32682,66062338
-2162775,-32734,-32681,66060289
-1245209,-32748,-32743,164364299
1114122,17,10,238296846;234625796
-2424923,-32730,-32677,66193667
1441799,22,7,238294276;117965569
-3276759,-32718,41,75760643;76286471;75762183
1310735,20,15,238299906
-589823,-32759,1,88216854;135681
-1310737,-32747,-32751,164495891
196603,2,-32763,144573698;153879813;153358336;128976896;68553218
917526,14,22,88087297
-1245208,-32748,-32744,164364300
-1245210,-32748,-32742,164364298
131089,2,17,88081158;54526993
-1179669,-32749,-32747,164364815
-1966136,-32737,-32712,222560256;222560264;212600323;216269572
393245,6,29,88082950;54529053
-1769439,-32741,33,222565382;222565378;219546882;214696962
720904,11,8,88085775;99092995;99094019;99095043
24,0,24,88211969
589834,9,10,88084749;54792714;234621700
65544,1,8,88080655
-720925,-32756,-32739,222568962;165152774
-1245200,-32748,-32752,164364308
851975,13,7,88086800
589829,9,5,88084754
131081,2,9,88081166;239080707
-1376305,-32746,-32719,147587591
-3866708,-32708,-32684,112592134;56365058;56360960;205784322;56364032;56363008;54163796;56361984;56365056
-1966060,-32738,20,182977032
-3801084,-32710,4,160772
-1900607,-32738,-32705,159647234
1769503,27,31,168560650
-1048549,-32752,27,179830786;180618244
-1245234,-32748,-32718,147588614
-2162672,-32735,16,183109637
-4849728,-32693,-32704,60035593
-2162673,-32735,15,183109635
1638430,25,30,168558600
-1834981,-32740,27,182978061
-3866709,-32708,-32683,112592136
-2031600,-32737,16,183108100
-3276778,-32718,22,156694
-4718663,-32695,-32697,60036610
-3932158,-32708,2,161794
-4784193,-32694,-32703,60036104
-458748,-32761,4,134660
589800,8,-32744,189794823
-1966059,-32738,21,182977034
-3538947,-32713,-32765,159491
-5373992,-32685,-32728,54530067;54530069
-4915234,-32692,-32734,54528260;54526216;54526212;54527236;54529284;54527240;54171938
786439,12,7,54532103;88086288
196583,2,-32743,189532164
-1638462,-32742,-32706,159649283
196615,3,7,144965634;98829831;95159815;88081680;121637892;239080711;90965511
524295,8,7,135269889;88084240;137890050;119014400;54530055
-4915264,-32692,-32704,60035081
25,0,25,54525977;88211970
-3342312,-32717,24,157208
131103,2,31,54527007;88080904
-3866613,-32709,11,161291
-852012,-32754,-32724,139464193
-5177389,-32688,-32723,54534177;54535201;54173997
-720906,-32756,-32758,148114949;147850245;148113925
-458760,-32760,-32760,147852295
-1114154,-32750,-32726,139462147
-1048590,-32751,-32754,147981825
-65558,-32766,-32746,189530119
-2359345,-32731,-32719,142082561
-1572910,-32743,-32722,142088708
-1376301,-32746,-32723,142090245
-3080276,-32720,-32684,186385156;186648582
-1507369,-32744,-32727,142089225
-2883653,-32723,-32699,63439360
-2228266,-32733,-32726,142083592
-28,-32767,-32740,189530625
-2359342,-32731,-32722,142082564
-786449,-32755,-32751,147849986;148111873
-1900586,-32738,-32726,142086152
458733,6,-32749,192416776;204475392;191106048
1572888,24,24,235668236
65510,0,-32742,189531139
-3014737,-32721,-32687,186385922
-1835062,-32739,-32714,217057284;212602375
-1114090,-32751,22,172753920
-1900502,-32739,42,172230157
-1376227,-32747,29,172234240
-1048616,-32751,-32728,139462661;141951745
-1179612,-32750,36,172235783
-1966051,-32738,29,172229632
1376244,20,-32756,99748098;116919302;106698250
1572833,23,-32737,211293188;211027968
1048541,15,-32733,207620102;207619078;206177282
-524343,-32759,-32713,128058885
-1572876,-32743,-32756,164104214
1245150,18,-32734,211291138;207618054;206045699
-262190,-32763,-32722,127926798
-65562,-32766,-32742,189530115
1376231,20,-32743,207619086;204998402
-65554,-32766,-32750,189530123;192151552
262174,4,30,99354630;88081927
-1769487,-32740,-32753,164102675
131026,1,-32722,127929870
-1900571,-32738,-32741,164233735
262123,3,-32747,192939012;192937988;192940036;188744705;192417798
-917548,-32753,-32724,139463681
-1376313,-32746,-32711,158990853
-1703955,-32741,-32749,164103183
-2228202,-32734,22,184290562;184287492;184287490;184287494;184290304
327664,4,-32752,192939016;188745222
-1703950,-32741,-32754,164103188
-1376317,-32746,-32707,158990849
-1900521,-32739,23,184288258
-1572878,-32743,-32754,164104212
-4653104,-32696,-32720,54169904
65492,0,-32724,156241920
-4325414,-32701,-32730,54167334
-4849746,-32693,-32686,54171474
-5373999,-32685,-32721,54175535
1310695,19,-32743,204997890
-4128818,-32704,-32718,54165810
-4915242,-32692,-32726,54171946;54535183;54534161;54533137;54536209;54536207;54534159;54535185
-5570599,-32682,-32729,54177063
-3670095,-32711,-32689,54162255
-393253,-32761,-32731,156238343
-5439528,-32684,-32728,54176040
1245123,18,-32707,173280001
-4522036,-32698,-32716,54168884
-3670090,-32711,-32694,54162250
1179657,18,9,117442562
-4653105,-32696,-32719,54169905
-5242955,-32687,-32693,54174539
-4718624,-32695,-32736,54170400
-3473484,-32714,-32692,54160716
-4849700,-32693,-32732,54171428
-4456504,-32699,-32712,54168376
-4194378,-32703,-32694,54166346
-3473475,-32714,-32701,54160707
-4456506,-32699,-32710,54168378
1507360,23,32,169083916
-3932212,-32707,-32716,54164276
-4128854,-32704,-32682,54165846
-4915239,-32692,-32729,54171943
-393222,-32761,-32762,129764610;147852809
-4063289,-32705,-32711,54165305
-4784163,-32694,-32733,54170915
-262182,-32763,-32730,156239366
-4063282,-32705,-32718,54165298
-4915238,-32692,-32730,54171942
-131114,-32765,-32726,156240386
-3604539,-32712,-32709,54161723
-4259883,-32702,-32725,54166827
-65587,-32766,-32717,126093078
-5111889,-32689,-32687,54173521
-5242920,-32687,-32728,54174504;54792207
-4915282,-32692,-32686,54171986
-1376311,-32746,-32713,147587585
-393186,-32762,30,84410374;88215047
1638431,25,31,168558602
-3211250,-32719,14,156174;20975875
-1769449,-32741,23,178782218;182978569
1703963,26,27,168559618
-4849732,-32693,-32700,60035589
-1703914,-32742,22,182979080;183240194;178782214
-3735640,-32710,-32680,112461070
2293765,35,5,156762113;157811712
1703969,26,33,168559630
-1900593,-32738,-32719,159647248
-4718659,-32695,-32701,60036614
-3735636,-32710,-32684,112461062
-3145716,-32720,12,155660
-3735635,-32710,-32685,112461060;59244544;54162771;59245568
-1769534,-32740,-32706,159648259
2293771,35,11,156762119
-23,-32767,-32745,189530630
-5046315,-32690,-32725,54535197;54172971;54534173;54536221
-4718658,-32695,-32702,60036615
-2228273,-32733,-32719,159777808
-2949100,-32723,20,154132
-589846,-32758,-32746,161485066
262173,4,29,54528029;88081926
-2162737,-32734,-32719,159777296
-5505068,-32683,-32724,54658069;54176556
393249,6,33,54529057;72094720
-4718665,-32695,-32695,60036608
-3407869,-32716,3,157699
-458749,-32761,3,134659
-1507387,-32744,-32709,159650310
1310741,20,21,240387077
-1703998,-32741,-32706,159648771
262175,4,31,54528031;88081928
-458750,-32761,2,134658
-262143,-32764,1,210634246;88214294
-1048584,-32751,-32760,75499269
-3866633,-32708,-32759,26739712;26738688
-1245147,-32749,37,172235272
-1048585,-32751,-32759,75499270
-1900515,-32739,29,172230144
65530,0,-32762,185863171;161219588;196871170
-1900567,-32738,-32745,164233739
1441780,21,-32756,99747586;106697226
-786436,-32755,-32764,75501313
-2031674,-32736,-32710,216400648;212599809
-2228189,-32734,35,172360710
-1769485,-32740,-32755,164102677
1703926,25,-32758,99615232;106696194
-131040,-32766,32,72617986
-2097119,-32736,33,172228612
-589873,-32758,-32719,128059403
-2097208,-32735,-32712,216401668;212599299
1114048,16,-32704,173540865
-3473391,-32715,17,25694213;24118275;63964931;24118283;24118279;25694209;28050434
-1900501,-32739,43,172230158
1638387,24,-32755,99614979;205788186;116395520;116392450;116393474;116394496;116392448;116393472
-1835022,-32739,-32754,164102164
-786399,-32756,33,181404674;181143560
1048514,15,-32706,173540355
-1507299,-32745,29,172233216
-2228190,-32734,34,172360709
2162696,33,8,156894212
-3669990,-32712,26,159770
458759,7,7,135268865;95161863;88083728;54791687;90967559
131077,2,5,145097986;88081170;191890437;54526981;54789125
458730,6,-32746,189793801
-5308486,-32686,-32698,60032003
1114131,17,19,240517635
-524309,-32759,-32747,161486088;165154318
-3932231,-32707,-32697,110887425
-720915,-32756,-32749,161483012;165152784
1114130,17,18,240517634
-5177418,-32688,-32694,59506690
-3014653,-32722,3,154627
-5046338,-32690,-32702,60034055
-3866631,-32708,-32761,162055
-4980804,-32691,-32700,60034565
-5111875,-32689,-32701,60033542
65509,0,-32741,189531138
-4653141,-32696,-32683,110627329;54169941;108003331
-3342330,-32717,6,157190
-4784195,-32694,-32701,60036102;64225280
-5111881,-32689,-32695,59507716;54173513
-262121,-32764,23,221512200
-655379,-32757,-32749,161484036;165153296
-4653143,-32696,-32681,110626305;108927235
65568,1,32,72619522;30671877;30672387;30672643;30670855;30671879;30672658;30670853;30672652;30671881;30672384;30672655;30672901;30672646;30675973;30802951;30670857;30673925;30672649
327656,4,-32744,189792775
-1638441,-32742,-32727,39845888;142088201
-1835035,-32739,-32741,164102151
31,0,31,72619009;234753031;54525983
-720917,-32756,-32747,161483016;165152782
-1900592,-32738,-32720,159647249
-851956,-32755,12,137740
-5308488,-32686,-32696,60032001;64229376
2293768,35,8,156763140
-3080171,-32721,21,155157;86511107;86511105
-4980805,-32691,-32699,60034564
-3670018,-32711,-32766,160514
327655,4,-32743,189792774
-327673,-32763,7,210635268;104071681
-3801095,-32709,-32761,161543
-4915270,-32692,-32698,60035075
-1638412,-32742,-32756,164103702
-1114121,-32750,-32759,75498758
-589821,-32759,3,135683
-3211242,-32719,22,156182
393210,5,-32762,68551681;95685125;95685127
-3866602,-32709,22,161302
-1048592,-32751,-32752,147982081
-3342317,-32717,19,63965953
983068,15,28,95420420
393206,5,-32758,190579716
-917490,-32754,14,63177217
2555863,38,-32727,206833668
-3670002,-32712,14,63963398
-1114098,-32751,14,63308801
-4063202,-32706,30,179309058
655349,9,-32757,190581763
2293719,34,-32727,206831620
-5111819,-32689,-32757,197921792;197922050
-720957,-32756,-32707,158336513;159124480
-4259807,-32703,33,179307525
524313,8,25,95424512
917530,14,26,95420418
-1114095,-32751,17,172491778
-3342419,-32716,-32685,112986114;109317122
-983044,-32752,-32764,170656770;170656768;170655746;75499777;170657792
-655421,-32757,-32707,158337025
196600,2,-32760,190710278;161221632;101713423
-1048561,-32752,15,172492288
-1507330,-32744,-32766,171706377
-1769438,-32741,34,214433792;214434816;219546624
2424788,36,-32724,209980416;209978368;209981442;209981440;209979392;206832641;209977344;205787158
1703929,25,-32761,106697220;99615235;106696192
-4456484,-32699,-32732,54168356
1441812,22,20,117704197;240388100
-786457,-32755,-32743,165152266
-1966093,-32737,-32755,167247879
1376280,21,24,117703185;90707713
851952,12,-32752,193201158
-1048597,-32751,-32747,165282318
-2097164,-32735,-32756,167379976
-2097163,-32735,-32757,167379977
-2031626,-32736,-32758,167379466
-589858,-32758,-32734,165153793
-2162699,-32734,-32757,167380489
393187,5,-32739,119013380;189793282
-2293852,-32732,-32676,66192644
458761,7,9,119013378;95161865;90967561;88083726;135268869;234620677;98831881
-262122,-32764,22,220987913
-1966100,-32737,-32748,167247872
655344,9,-32752,193331718
-655402,-32757,-32726,132122117
-393239,-32761,-32745,165155340
-2228234,-32733,-32758,167381002
-2162772,-32734,-32684,66060292
196593,2,-32753,188744199;101713411
-1638439,-32742,-32729,142088203
589827,9,3,98832899;134224898;86774275;88084756;95162883
-5505012,-32684,12,195298306
-1179626,-32750,22,172753408
-196621,-32764,-32755,147854338
2555826,38,-32690,223348996;225970947;225972737;225971971
-5308410,-32687,6,195302404;183242255;195302402
-2228270,-32733,-32722,142083588
-5701619,-32681,13,195298304
-1441835,-32745,-32725,142089735
-1572916,-32743,-32716,195301380;159649805;195301382
-5636182,-32681,-32682,195301376;195301378;183241225
-720914,-32756,-32750,147850499;161483010
-786405,-32756,27,172756485
-1835018,-32739,-32758,123470337;100141313
-983055,-32752,-32753,147981312
-5373943,-32686,9,195298308
-1703921,-32742,15,173017345
-1769518,-32740,-32722,142087172
-720870,-32757,26,172756996
-1376240,-32747,16,173019648
-1048546,-32752,30,172754440
-2162729,-32734,-32727,142084105
-2162727,-32734,-32729,142084107
-1376232,-32747,24,173019656
2490288,37,-32688,223347975
2490292,37,-32692,223347712
-1245161,-32749,23,172752897
-1572837,-32744,27,173018123
2293679,34,-32687,223480072
-1966116,-32737,-32732,142085646
2293680,34,-32688,223480071
-4456483,-32699,-32733,54168355
-4980772,-32691,-32732,54172452;54788111
-4980783,-32691,-32721,54172463
-4390957,-32700,-32723,54167853
-4390948,-32700,-32732,54167844
-4063300,-32705,-32700,54165316
-393260,-32761,-32724,156238336
-1114164,-32750,-32716,147589636
-3604545,-32712,-32703,54161729
-4456512,-32699,-32704,54168384
-3735606,-32710,-32714,54162742
-4390947,-32700,-32733,54167843
1376195,20,-32707,173281025;173938176
-3407941,-32715,-32699,54160197
-4653087,-32696,-32737,54169887
-4456501,-32699,-32715,54168373
-1048630,-32751,-32714,147590146
-4325421,-32701,-32723,54167341
-131105,-32765,-32735,126092548
-4390980,-32700,-32700,54167876
-65572,-32766,-32732,126093063
-4522020,-32698,-32732,54168868
-3932223,-32707,-32705,54164287
-3997765,-32706,-32699,54164805
-327720,-32762,-32728,156238852
-3342380,-32716,-32724,54159660
-5242921,-32687,-32727,54174505;54789135
-5308462,-32686,-32722,54175022;54535195;54534171
-3670073,-32711,-32711,54162233
-4784160,-32694,-32736,54170912
-3735627,-32710,-32693,54162763;113246721;108794633
-5046354,-32690,-32686,54173010
-5439530,-32684,-32726,54176042
-38,-32767,-32730,156241414
-5374000,-32685,-32720,54175536;55052290;55052288
1179587,17,-32707,173279489
-4325431,-32701,-32713,54167351
-3407915,-32715,-32725,54160171
-393269,-32761,-32715,126223640
-5177383,-32688,-32729,54173991
-5046351,-32690,-32689,54173007
-4128839,-32704,-32697,54165831
-4390946,-32700,-32734,54167842
-327735,-32762,-32713,126223130
131021,1,-32717,126094614
-196638,-32764,-32738,126092033
-3538985,-32713,-32727,54161193
-4390951,-32700,-32729,54167847
-3866689,-32708,-32703,54163777
917477,13,-32741,190056962
-1769470,-32741,2,171966472
1834982,27,-32742,205261312
720869,10,-32741,190055426
589754,8,-32698,174851072
-851998,-32754,-32738,165151749
1638376,24,-32744,205259778
-1638407,-32742,-32761,171705348
-983075,-32752,-32733,165150720
-1769469,-32741,3,171966473
-458778,-32760,-32742,165154825
-1441784,-32746,8,171969038
-1114135,-32750,-32745,165282828
1703911,25,-32743,205260289
-2097165,-32735,-32755,167379975
2621419,39,-32747,163055361;163056642;163053570
393219,6,3,99094023;205787136;136577024;134221826;136578048;88083220;136579072
458772,7,20,99090949;88083715
-1572860,-32744,4,171968010
262156,4,12,99095047;54790156;209455116;88082187;239081984;235145728;54528012
983061,15,21,99096075;88087810
-1572861,-32744,3,171968009
-1703929,-32742,7,171966989;178785288
-1441793,-32745,-32767,171706890
-1966098,-32737,-32750,167247874
-589860,-32758,-32732,165154049
-1310728,-32747,-32760,171707907
-1835016,-32739,-32760,171835907
-1572864,-32744,0,171706379
589793,8,-32737,190055682
-1245245,-32748,-32707,183240198;158859777
-786483,-32755,-32717,155976712;158597120
-5374038,-32685,-32682,183242249
589755,8,-32699,174851074;175115266
-1638404,-32742,-32764,171705351
-1769473,-32740,-32767,171704330
-1638400,-32743,0,171705867
-1441803,-32745,-32757,171706880
-1703926,-32742,10,171966992
-1245154,-32749,30,172752904
-1835054,-32739,-32722,142086660
-589840,-32758,-32752,147851521
-3014725,-32721,-32699,63570432;63440385
1572891,24,27,169869312;205788160;169872384;169871360;169084930;239601178;169873408;169870336;169874432;239611930;239600154;239610906;235668227
-1376241,-32747,15,173019905
-3932250,-32707,-32678,109058048;112723457
1114054,16,-32710,173939202;173278722
1048516,15,-32708,173939200;173278208
982978,14,-32706,173937410;173539843
-1703916,-32742,20,173017092
917443,13,-32707,173939460;173539332
-1441773,-32746,19,173019139
-3538923,-32714,21,20973060;63964161
-1376231,-32747,25,173019657
-1638361,-32743,39,212862470;216924684
-3342324,-32717,12,20974853;63965960
-3211245,-32719,19,20975618;156179
1310746,20,26,168821760
327666,4,-32754,190579200
-1572825,-32744,39,212862982;214436868;214695940;214697988;214436870;214436864;214436866;214696964
-1900552,-32738,-32760,100140545
-3407850,-32716,22,20974085;157718
1376283,21,27,168822786;235799560
-3538930,-32714,14,20973315;183241218;63964422
-3735533,-32711,19,20971522;88604674;160275
2752456,41,-32712,214958850;215222274
655348,9,-32756,190581762
-3080151,-32721,41,76288007
2883526,43,-32710,214961409;214962434
1310753,20,33,168821774
-3604441,-32713,39,76283909;75762692
458742,6,-32758,190580228
1966089,30,9,156500483
-3473371,-32715,37,76284931
2228141,33,-32685,225968643;223481611
-1834979,-32740,29,172230656
-1048587,-32751,-32757,75499272
-1572822,-32744,42,172232717
-1048579,-32751,-32765,75499008
-917510,-32753,-32762,75500291
65570,1,34,72619524
1703931,25,-32763,99615237
-786437,-32755,-32763,75501314
-65504,-32767,32,72618498
-1048586,-32751,-32758,75499271
-1769443,-32741,29,172231168
-1703891,-32742,45,172231696
-2097121,-32736,31,172228610;201065985
196599,2,-32759,101713421;190843397
1572859,23,-32763,99746309
65569,1,33,72619523
-983082,-32752,-32726,139463171
-2031587,-32737,29,172229120
-2097210,-32735,-32710,216401672;212599297
1769465,26,-32761,99615747;106697216
1834996,27,-32756,99616514;106698252;116918276
-458798,-32760,-32722,128058382
-589883,-32758,-32709,128059393
-1966134,-32737,-32714,216269312;212600838
-2162655,-32735,33,172360196
-1769519,-32740,-32721,142087171
-655410,-32757,-32718,128059914;135528448
-65560,-32766,-32744,189530117
-1966121,-32737,-32727,142085641
-65507,-32767,29,84412933
-1245246,-32748,-32706,158859776
-720943,-32756,-32721,155977228
-786485,-32755,-32715,202899969;155976710
131106,2,34,72090626
-917556,-32753,-32716,155975687
2555820,38,-32684,224921604
196644,3,36,72091654
-1507321,-32745,7,171968525
-1376262,-32746,-32762,171707397
196643,3,35,72091652
393250,6,34,72094722
-2424888,-32730,-32712,224919558;224920582
-917552,-32753,-32720,155975691
196642,3,34,72091650
327715,5,35,72093700
-1769458,-32741,14,171966484
-458776,-32760,-32744,165154827
262180,4,36,72092678
720874,10,-32746,190055431
720886,10,-32758,190582276
851891,12,-32691,205785112;176162816;175637504;176165888;176160768;176161792;176164864;176163840
-3276886,-32717,-32682,108794654
-852024,-32754,-32712,155976195
-4259933,-32702,-32675,108928786
65563,1,27,88080388
589853,9,29,88084486;98566657
196624,3,16,88081671;234750466
720902,11,6,88085777
-196601,-32765,7,88213776
327699,5,19,88082692;97256963;97260035;97255939;97257987;97261059;97262083;97261057;97259009;97260033;97259011
786451,12,19,88086276
-131060,-32766,12,88213259;181930497;4458496
-196617,-32764,-32759,190972421;131336194
524306,8,18,88084229
458774,7,22,88083713
-982999,-32753,41,171443206
-720886,-32757,10,73402889
-1441791,-32746,1,73534464
65523,0,-32755,190842369
131084,2,12,88081163;239080448;54526988;54789132;209454092
-1245177,-32749,7,73532934
-851928,-32755,40,171444229
-1114109,-32751,3,73531906
-786397,-32756,35,171444736
-589804,-32759,20,64489473
131079,2,7,239080199;88081168;191890439;145097730;54526983;54789127
655373,10,13,239079946;238302466
131088,2,16,234750978;88081159
-655340,-32758,20,64488961
2293763,35,3,160173056
786438,12,6,88086289
262166,4,22,88082177
8,0,8,88212239;59768840;87556104;145099780;177471496
14,0,14,88212233
65554,1,18,88080645
28,0,28,88211973
-131049,-32766,23,88212992
327707,5,27,88082436
-720887,-32757,9,73402888
131080,2,8,88081167;59769864;87557128;177472520
131082,2,10,88081165;87557130;54789130;177472522;59769866;239080706;54526986
-65547,-32766,-32757,190841347;197132288
-655322,-32758,38,171445763
720907,11,11,88085772;95163915
-65549,-32766,-32755,190841345
131083,2,11,88081164;239080705
-1179646,-32750,2,73532417
786442,12,10,88086285;54532106
-1048539,-32752,37,171442690
-917499,-32754,5,73401348
-1114106,-32751,6,73531909
-655354,-32758,6,73403397
-720858,-32757,38,171445251
-786419,-32756,13,64488198
-720881,-32757,15,64488708
-786416,-32756,16,64488195
-786418,-32756,14,64488197
-851951,-32755,17,64487682
-720877,-32757,19,64488448
-786414,-32756,18,64488193
-3932222,-32707,-32706,54164286
-65533,-32767,3,201982467;210764033;88212756
-3473472,-32714,-32704,54160704
-4128835,-32704,-32701,54165827;194775048;194776072
-3342407,-32716,-32697,54159687
-4522031,-32698,-32721,54168879
-4587558,-32697,-32730,54169382
-4587554,-32697,-32734,54169378
917533,14,29,90703876
-262198,-32763,-32714,239619604;205784074;239608852;125831683;125832705;125829633;125830659;126091545;125832707;125831681;125829635;125830657;239607828;239618580
-1179695,-32749,-32721,147589129
-1114083,-32751,29,179962372
589850,9,26,90833409;91751949
1703928,25,-32760,116917258;106698244;99615234;106695172
-983094,-32752,-32714,147590658
-3,-32767,-32765,196870152;88212762;154010371;210501634
-786400,-32756,32,181143558;180355587
-1638463,-32742,-32705,159649282
1245209,19,25,90706432;91750913
1048544,15,-32736,206177285
-1507307,-32745,21,178785282;178784260;178784258;178784256;173018629
-1376303,-32746,-32721,147587593
-1114161,-32750,-32719,147589639
655380,10,20,162796564;88085251;238296833
-720862,-32757,34,181144586;180356101
-1441856,-32745,-32704,159650817
-3866604,-32709,20,161300
-1834985,-32740,23,178782220
2359227,35,-32699,227279872
-1114148,-32750,-32732,139462153
1572854,23,-32758,99746304;106696196;116916232
-1769493,-32740,-32747,164102669
-2031576,-32737,40,172229131
-393263,-32761,-32721,128057869
-655411,-32757,-32717,128059913
-2162658,-32735,30,172360193;201065472
-65593,-32766,-32711,126616576;126093084
-196597,-32765,11,104861185;104072709
-458809,-32760,-32711,128058371
2293696,34,-32704,227278854;223086097
-1835037,-32739,-32739,164102149
-1966038,-32738,42,172229645
1572828,23,-32732,209457158;209193220
196561,2,-32721,127930381
-1966036,-32738,44,172229647
-1835029,-32739,-32747,164102157
2293690,34,-32698,227280132
-458797,-32760,-32723,128058383
2621394,39,-32722,209453064;207095297
1638397,24,-32765,99614727
-589880,-32758,-32712,128059396
-196653,-32764,-32723,127927311
-3211220,-32719,44,76810752;76809728;76286986
-1507341,-32744,-32755,164104725
-1179663,-32749,-32753,204473344;164364821
-1966041,-32738,39,172229642
-1966040,-32738,40,172229643
1507319,22,-32759,99746817;106697224
-2031572,-32737,44,172229135
-1310691,-32748,29,172234752
-2031577,-32737,39,172229130
-1703952,-32741,-32752,164103186
1376229,20,-32741,207621134;206307844;207619072
-655409,-32757,-32719,128059915
-327727,-32762,-32721,127926285
-393273,-32761,-32711,128057859
22,0,22,222298113
-589877,-32758,-32715,128059399
-1769501,-32740,-32739,164102661
-65513,-32767,23,99355648;88212480
-4063203,-32706,29,180094976;179309057
-131043,-32766,29,84412421
65559,1,23,99354628;88080384
-262112,-32764,32,84411400
131046,1,-32742,189531651
393195,5,-32747,192939008;188745729
-1769500,-32740,-32740,164102662
1048580,16,4,177479684
196592,2,-32752,192940034;188744198
-458722,-32761,30,84541958
-2293738,-32733,22,184419586
-1769498,-32740,-32742,164102664
-2162671,-32735,17,184419328
-131045,-32766,27,84412419;198182915
589757,8,-32701,176555008;177211392;177212416;177213440;177209344;177210626;177210368
-65557,-32766,-32747,189530120
-2359274,-32732,22,184419332
1179654,18,6,177480710
-1769484,-32740,-32756,164102678
-1703948,-32741,-32756,164103190
-4718670,-32695,-32690,183500806
-5373966,-32685,-32754,198445062
-4980774,-32691,-32730,54791183;54172454;54790159
2097159,32,7,156894723
-3604478,-32713,2,159234
-3473406,-32715,2,158210
-4784210,-32694,-32686,183632904
-2293774,-32732,-32754,34342146
-3801096,-32709,-32760,161544
-3801097,-32709,-32759,161545
-4718667,-32695,-32693,183501838
-4587596,-32697,-32692,183500810
-131094,-32765,-32746,189661703
-1245241,-32748,-32711,158859781
-2228272,-32733,-32720,142083586
65516,0,-32748,189531145
-1114172,-32750,-32708,158860802
-131042,-32766,30,84412422
-65561,-32766,-32743,189530116;204210180
-720869,-32757,27,172756997
-1703982,-32741,-32722,142087684
-983009,-32753,31,172754953
-1966124,-32737,-32724,142085638
1441760,21,-32736,211026178
131048,1,-32744,189531653
-589797,-32759,27,172758021
-1572900,-32743,-32732,142088718;128451073;128452097
-1179690,-32749,-32726,139461635;141951749
-2949202,-32722,-32686,186386944
-196576,-32765,32,84411912
-1179707,-32749,-32709,158860291
-852005,-32754,-32731,139464200
-1114080,-32751,32,172753930
-852008,-32754,-32728,139464197
-2228269,-32733,-32723,142083589
-1048637,-32751,-32707,158861313
-983030,-32753,10,138762;37224451
-5308434,-32686,-32750,198446338
-3735530,-32711,22,160278
-3604479,-32713,1,159233
524262,7,-32742,189794309
2293772,35,12,156762120
2424842,37,10,156763652
-3735528,-32711,24,160280
-3735540,-32711,12,160268;20971781
-983032,-32753,8,138760;37227523
-2949188,-32722,-32700,63438849
-2490416,-32729,-32720,142213634
-720873,-32757,23,172756993
-2097191,-32735,-32729,142084619
-1638443,-32742,-32725,142088199
-3014740,-32721,-32684,186386180
-1507367,-32744,-32729,142089227
-524264,-32760,24,172759041
-1638444,-32742,-32724,142088198
-1835049,-32739,-32727,142086665
-1048553,-32752,23,172754433
-131092,-32765,-32748,189661705
-458761,-32760,-32759,147852294
-1245156,-32749,28,172752902
-983052,-32752,-32756,147981315
-2424880,-32730,-32720,142082050
1507353,23,25,235799817
1048608,16,32,148637185
1638426,25,26,235669766;168558592
-655371,-32757,-32757,147850756
-1572836,-32744,28,173018124
-917515,-32753,-32757,147980804
-3211256,-32719,8,156168
393188,5,-32740,189793283
-3735529,-32711,23,160279
2162698,33,10,156894214
-2949120,-32723,0,154112
-3407867,-32716,5,157701
-3538943,-32714,1,158721
-2621456,-32727,-32752,152336
-3801075,-32710,13,160781
-3932170,-32707,-32758,162570
-327667,-32763,13,221511680
196604,2,-32764,68553219;144573440;153355264;153358338;210765576;128976898;131860993;153879812
-2162743,-32734,-32713,217064456;217065480;212599301
2490286,37,-32686,223347977;226231809
-262162,-32763,-32750,147854083
-262155,-32763,-32757,147853828
-786470,-32755,-32730,139723268
-1835019,-32739,-32757,123471361;100141827
2097185,32,33,154141187;154272259;154142209
-917517,-32753,-32755,147980802
-589862,-32758,-32730,139724804
-1900587,-32738,-32725,142086151
2490365,37,-32765,154142465;154143489;154141441
-1703981,-32741,-32723,142087685
-5636083,-32682,13,195299328;195300352
2424756,36,-32692,223346688
-5439479,-32685,9,195297284
-1638374,-32743,26,173017610;180619268
-1507302,-32745,26,173018634
-1376235,-32747,21,173019653
2555823,38,-32687,226232835;223348488
-1441838,-32745,-32722,142089732
-1703919,-32742,17,173017089
-786410,-32756,22,172756480;179176718
-720937,-32756,-32727,139723777
-851930,-32755,38,178259968
2424748,36,-32684,223479052
2621357,39,-32685,223349002
-1703920,-32742,16,173017088
2359214,35,-32686,226230785;223479561
-1638379,-32743,21,173017605
2555825,38,-32689,223348486
-524263,-32760,25,172759042
-1441775,-32746,17,173019137
2686893,40,-32685,223350026
-1572843,-32744,21,173018117
-1703978,-32741,-32726,142087688
2490291,37,-32691,223347970;225971713;225968899;225969665
-1835055,-32739,-32721,142086659
-917476,-32754,28,172755462
-2228265,-32733,-32727,142083593
2162605,32,-32685,223482635
-1310695,-32748,25,173020169
-1638381,-32743,19,173017603
1310750,20,30,168821768
-3276756,-32718,44,76286474
-1703904,-32742,32,212862209
-3932249,-32707,-32679,109058051;112725507
-1310693,-32748,27,173020171
-3997787,-32706,-32677,109056512
2686920,40,-32712,214958338
2817990,42,-32710,214963201
-1245142,-32749,42,212865545
-1441776,-32746,16,173019136
-3669998,-32712,18,20972033;63963394
2752455,41,-32711,214960640
982979,14,-32707,173938436;173539844;175112192
1048512,15,-32704,173937152;173540353
-3604438,-32713,42,76283912
-1834992,-32740,16,173016064
1310751,20,31,168821770
-1376239,-32747,17,173019649
2686921,40,-32713,214958337
-1376233,-32747,23,173019655
-1507289,-32745,39,212863494;214434824;214435848;214433800
-3735537,-32711,15,20971778;160271
-1441754,-32746,38,212864005
-2162695,-32734,-32761,100270594
2555827,38,-32691,225968641;225969923;226232837;223348994
2752453,41,-32709,214962688
-3538925,-32714,19,20973058;63964417
-524296,-32759,-32760,147851783
1900554,29,10,156499972
-1703903,-32742,33,212861952
-3473374,-32715,34,76284928
-3604446,-32713,34,76283904
-1966088,-32737,-32760,100140033
1703853,25,-32685,224657409
-1376217,-32747,39,212864518;214696966
-3276782,-32718,18,20975105;63966466
720914,11,18,82314754
-3538901,-32714,43,76284425
1900459,28,-32683,224660227
-1507292,-32745,36,212863491;216794629
458738,6,-32754,190580224
-1310680,-32748,40,212865031
-1900553,-32738,-32759,100140544
-3276757,-32718,43,76286473;75762185
1900457,28,-32681,224659207
-3407829,-32716,43,76285449
1900460,28,-32684,224660225
1638365,24,-32733,205520896
-3342316,-32717,20,63965696
-5439548,-32684,-32708,140509443
1900456,28,-32680,224659209
-3669999,-32712,17,63963395
-5439547,-32684,-32709,140509441
-2359357,-32731,-32707,219284740;219152644;219284738;212733190
-4259808,-32703,32,179307524
-917519,-32753,-32753,147980800
2490323,37,-32723,207094274
1703903,25,-32735,205521410
-262158,-32763,-32754,147853825
-655375,-32757,-32753,147850752
-3342318,-32717,18,63965954;20974593
-786444,-32755,-32756,147849731
2555859,38,-32723,207094786
655351,9,-32759,190581765
-262159,-32763,-32753,147853824;149946372;149949444;149948420;149947396
655289,9,-32697,174589441
-1048563,-32752,13,63308288
-720908,-32756,-32756,147850243
458778,7,26,95424001
-262154,-32763,-32758,147853829;131335168
-3604468,-32713,12,63963912
-3604460,-32713,20,63963648
2686934,40,-32726,207095813
196614,3,6,145228545;145228291;145229315;88081681;196215816;239080712;144965632
-1310699,-32748,21,173020165
-589802,-32759,22,172758016
-1572841,-32744,23,173018119;180620292
-1638377,-32743,23,173017607
1245211,19,27,168820738
1245212,19,28,168820740
-786404,-32756,28,172756486
-3407862,-32716,10,63965450
-1769480,-32740,-32760,171704323
-4128740,-32705,28,179308544
-1245170,-32749,14,63309825
-1441796,-32745,-32764,171706887
786419,11,-32755,190582785
-5373967,-32685,-32753,197920772;197920770;197919750;197919748
2490325,37,-32725,206833154
393202,5,-32754,190579712
-1376259,-32746,-32765,171707400
262131,3,-32755,190578689;101714439
1441811,22,19,95422464;117704202
524216,7,-32696,174588416
-720958,-32756,-32706,158336512
-3604461,-32713,19,63963905
-1048572,-32752,4,170655744;73400323;84935175
-3539032,-32713,-32680,112985090;108790043
327713,5,33,72093696
131107,2,35,72090628;54527011
1638391,24,-32759,106693124;99614721
-1572873,-32743,-32759,171705858
458740,6,-32756,190580226;101716489
786421,11,-32757,190582787
917517,14,13,185078272;185076224;88087306;185077248
2359252,35,-32724,206832129
-39,-32767,-32729,160695296;156241413;160694272
2162693,33,5,156502273
786449,12,17,82315265
-2228233,-32733,-32759,100271104
1834924,27,-32684,224659201
-3407828,-32716,44,76285450
-3538933,-32714,11,63964425
-131099,-32765,-32741,84805381
1441764,21,-32740,206308355
327648,4,-32736,120064515;222561286;222564358
-4063322,-32705,-32678,112724481;109054982
-262165,-32763,-32747,84806145
-1245168,-32749,16,172490753
-917486,-32754,18,172493315
-196630,-32764,-32746,84805632
-4194398,-32703,-32674,112722437;108928789
65505,0,-32737,120062468
-1703902,-32742,34,219414528
-327705,-32762,-32743,84806915
131041,1,-32737,120062980
851893,12,-32693,175637508
-262164,-32763,-32748,84806146
-720949,-32756,-32715,155977222
589748,8,-32692,175642626
-852027,-32754,-32709,155976192;159122436
982965,14,-32693,175641857
-196631,-32764,-32745,84805889
196577,2,-32737,120063492
786360,11,-32696,175643648
589746,8,-32690,175642882
131042,1,-32738,120062981
-9,-32767,-32759,197133316;190841861
-196635,-32764,-32741,84805893
-917550,-32753,-32722,155975693
982967,14,-32695,175644672
917427,13,-32691,175638528
-786487,-32755,-32713,155976708
851895,12,-32695,175641603
-327700,-32762,-32748,84806658
917540,14,36,115081729;115082753
-1769497,-32740,-32743,164102665
-1769494,-32740,-32746,164102668
-2228180,-32734,44,180879875
-262171,-32763,-32741,84806405
327671,4,-32759,190579205
-2228313,-32733,-32679,85985794;66192129
-1703944,-32741,-32760,171704835
-1376244,-32747,12,171969554
917494,13,-32758,224921602;224920578;224922626
786407,11,-32743,190055940
524276,7,-32756,190580738
-917553,-32753,-32719,155975690
-720944,-32756,-32720,155977227
-1703946,-32741,-32758,171704833
393252,6,36,72094726
458743,6,-32759,190580229;101716493
-1507331,-32744,-32765,171706376
131108,2,36,72090630
-524297,-32759,-32759,150732800;147851782;150733824
458788,7,36,72095750
-3276878,-32717,-32690,108797714
262176,4,32,72089600;88081929;239608845
-589843,-32758,-32749,165153808;161485060
589815,8,-32759,190581253
720873,10,-32745,190055430
458741,6,-32757,190580227
-4587608,-32697,-32680,108927238;109838849;109839873;109840897;109840899;109841927;109840903;109839879;109838855;109841923;109842951;109841921
-1900537,-32739,7,172098573
-1376243,-32747,13,171969555
-1114136,-32750,-32744,165282827
-1769460,-32741,12,171966482
-1900544,-32739,0,171835915
-3997788,-32706,-32676,108924181
786362,11,-32698,174854144
-2031601,-32737,15,187957514;187957518;239610909;239601181;187957506;187957510;187957248;187957516;187957512;205915160;187957508;183108098;239600157;239611933
720871,10,-32743,190055428
-1376242,-32747,14,171969556;180617218
-393187,-32762,29,84410373
-131090,-32765,-32750,189661707
-1703977,-32741,-32727,142087689
-65510,-32767,26,84412930
-1638435,-32742,-32733,142088207
1114086,16,-32742,189268737
1834980,27,-32740,205261570
-1703923,-32742,13,171966995
1703914,25,-32746,205260292;207621132;207620108;209456132;207619084
1572838,23,-32742,205259264
-1179709,-32749,-32707,183239181;158860289
720867,10,-32739,190055424
-1769471,-32741,1,171966471
786363,11,-32699,174854146
-1638392,-32743,8,171967502
-1376265,-32746,-32759,171707394
-458773,-32760,-32747,165154830
2490349,37,-32749,163053568
589845,9,21,99096071;88084738
-1769483,-32740,-32757,171704320
-589844,-32758,-32748,165153807;161485062
-1769463,-32741,9,171966479
-1638405,-32742,-32763,171705350
2621420,39,-32748,163055104
-4784177,-32694,-32719,58202118;54170929
-1835009,-32739,-32767,171835914
-1703937,-32741,-32767,171704842
-720945,-32756,-32719,155977226
-1572868,-32743,-32764,171705863
-1769479,-32740,-32761,171704324
-2031630,-32736,-32754,167379462
-1441798,-32745,-32762,171706885
-917551,-32753,-32721,155975692
-1572850,-32744,14,171968020
-1900541,-32739,3,172098569
-1835008,-32740,0,171704331
-1638406,-32742,-32762,171705349
1441798,22,6,117965570
-1703941,-32741,-32763,171704838
-852016,-32754,-32720,155976203
-1769467,-32741,5,171966475
-393248,-32761,-32736,165155331
-1572863,-32744,1,171968007
-1835003,-32740,5,172098059
655292,9,-32700,174852100
-1703922,-32742,14,171966996
-2097162,-32735,-32758,167379978
-852017,-32754,-32719,155976202
-3604536,-32712,-32712,54161720
-3866676,-32708,-32716,54163764
-5111890,-32689,-32686,54173522
-4718625,-32695,-32735,54170401
-4718626,-32695,-32734,54170402
131028,1,-32724,156242432
-5373994,-32685,-32726,54175530
-4587556,-32697,-32732,54169380
-327714,-32762,-32734,156238858
-327730,-32762,-32718,126223125
-4259880,-32702,-32728,54166824
-4849713,-32693,-32719,54171441
65487,0,-32719,126094100
-3866688,-32708,-32704,54163776
-4194355,-32703,-32717,54166323
1507347,23,19,117704195
1572889,24,25,117705231;235668233
1769504,27,32,170131464;168560652
-786455,-32755,-32745,165152268;14421255
-327712,-32762,-32736,165155843
1507346,23,18,117704200
-524321,-32759,-32735,165154306
-786459,-32755,-32741,165152264
-393235,-32761,-32749,165155344
655340,9,-32748,193331714
-852003,-32754,-32733,165151744
-1966091,-32737,-32757,167247881
-655394,-32757,-32734,165153281
-786476,-32755,-32724,132121091
-131053,-32766,19,220988934
-524320,-32759,-32736,165154307
-393243,-32761,-32741,165155336
-262130,-32764,14,220987905
-196592,-32765,16,220988419
-458771,-32760,-32749,165154832
327658,4,-32746,119015430;189792777
-393241,-32761,-32743,165155338
196590,2,-32750,188744196;188483076
-2031627,-32736,-32757,167379465
720877,10,-32749,193200131;188484104;188483080;188485126;188482056;188483082;188482060;188484106;188483084;188482058;188484108;188486152;188485128;188486154
-655396,-32757,-32732,165153537
-2031586,-32737,30,201066496;172229121
-131056,-32766,16,220988931
-524319,-32759,-32737,165154308
-1900636,-32738,-32676,66062596
-655395,-32757,-32733,165153280
655341,9,-32749,193331715
851950,12,-32750,193201156
-1769561,-32740,-32679,66063617
-327664,-32763,16,220987395
-720919,-32756,-32745,165152780
-2031708,-32736,-32676,66061572
-458772,-32760,-32748,165154831
-720939,-32756,-32725,132121604
851948,12,-32748,193201154
-327660,-32763,20,220987399
786412,11,-32748,193200642
-589857,-32758,-32735,165153794
-983065,-32752,-32743,165150730
-851992,-32754,-32744,165151755
-524332,-32759,-32724,132123139
-458780,-32760,-32740,165154823
-458733,-32761,19,221119494
-131054,-32766,18,220988933
-589870,-32758,-32722,132122625
-720933,-32756,-32731,165153026
327659,4,-32747,188745217;165413890;165413888;165412866;165412864
720880,10,-32752,193200134
-393200,-32762,16,221118979
-2490453,-32729,-32683,66193923
-1703928,-32742,8,171966990
1638377,24,-32745,205259779
-655327,-32758,33,180356612;181145608
-1835098,-32739,-32678,66063106
-1245203,-32748,-32749,164364305
-1835093,-32739,-32683,66062851
851901,12,-32701,201069568;174855174
1507295,22,-32735,209192705
1376221,20,-32733,209191683
-786403,-32756,29,180355584;181143552
-2359380,-32731,-32684,66192900
-2031700,-32736,-32684,66061316
-1376281,-32746,-32743,164496395
-1245214,-32748,-32738,164364294
-1376276,-32746,-32748,164496400
458736,6,-32752,188746246
-1310746,-32747,-32742,164495882
-1114147,-32750,-32733,164365313
524271,7,-32751,188746757
-720934,-32756,-32730,139992581;139723780
-917471,-32754,33,180486660;181141512
-2424920,-32730,-32680,66193408
655363,10,3,235537153;235930626;134225922;88085268
-1900628,-32738,-32684,66062340
-524328,-32759,-32728,139992583;139725314
-851934,-32755,34,180355077;163842050;181142538;163843074
-589865,-32758,-32727,139993607;139724801
-1376270,-32746,-32754,164496406
-1310749,-32747,-32739,164495879
196616,3,8,121634822;88081679
-983060,-32752,-32748,14418177;165150735
-1310744,-32747,-32744,164495884
983048,15,8,238297364;238297361
-3538907,-32714,37,75763202
-655331,-32758,29,180356608;181145600
-786452,-32755,-32748,14421249;165152271
-917473,-32754,31,180486658;181141508
-1900634,-32738,-32678,66062594
-2228312,-32733,-32680,66191872
-1966169,-32737,-32679,66062081
-2359388,-32731,-32676,66193156
-1310741,-32747,-32747,164495887
-1179671,-32749,-32745,14551301;164364813;154272257;154141185
-917525,-32753,-32747,14419203;165151246
851962,12,-32762,68422145
458752,7,0,68419591;136055042;90443264
-1114115,-32750,-32765,75498496
-1834965,-32740,43,172230670
-1179657,-32749,-32759,75498246
851967,12,-32767,68422150;87818753
-1441763,-32746,29,172233728
1703927,25,-32759,99615233;106698242
-1179675,-32749,-32741,164364809
-1114130,-32750,-32750,164365330
720906,11,10,88085773;54793738
65560,1,24,88080385
262160,4,16,88082183;234618882
589844,9,20,88084739
524310,8,22,88084225
-1310739,-32747,-32749,164495889
-3735547,-32711,5,78643200
12,0,12,88212235;209453068;54525964;54788108
-3670010,-32712,6,78643713
327696,5,16,88082695
-131071,-32766,1,88213270;210896131;192021505;59900929
-1179665,-32749,-32751,164364819
-1310740,-32747,-32748,164495888
-3670008,-32712,8,78643715
-524295,-32759,-32761,88216862;147851784
-1179662,-32749,-32754,164364822
-3538937,-32714,7,78644738
786446,12,14,88086281;238303489;239080971;238305025
1048597,16,21,88088322
-4653095,-32696,-32729,54169895
-4653096,-32696,-32728,54169896;54532119;54531095
-4063286,-32705,-32714,54165302
-5636134,-32681,-32730,54177574
-458795,-32760,-32725,156237825
-131104,-32765,-32736,126092547
-4390954,-32700,-32726,54167850
-3604540,-32712,-32708,54161724
-3866684,-32708,-32708,54163772
982983,14,-32711,173277699
-4259888,-32702,-32720,54166832
-5111885,-32689,-32691,54173517;59507972
-4390996,-32700,-32684,54167892
-65591,-32766,-32713,126093082
-3997755,-32706,-32709,54164795
-131121,-32765,-32719,126092564
131034,1,-32730,156242438
-3997753,-32706,-32711,54164793
-4259895,-32702,-32713,54166839
-327733,-32762,-32715,126223128
-3604543,-32712,-32705,54161727
-4784202,-32694,-32694,54170954
-5111850,-32689,-32726,54173482;54536225;54537249;54535199;54534175
-4784213,-32694,-32683,54170965;108926976
-4390965,-32700,-32715,54167861
-3932217,-32707,-32711,54164281
-5505065,-32683,-32727,54176553
-131111,-32765,-32729,156240389
-3670068,-32711,-32716,54162228
-4849696,-32693,-32736,54171424
-3932219,-32707,-32709,54164283
-4390952,-32700,-32728,54167848
-4456533,-32699,-32683,54168405;108007948;110625283
-196666,-32764,-32710,126092061
-4718623,-32695,-32737,54170399
-3473467,-32714,-32709,54160699
-5505060,-32683,-32732,54176548;58465798
-4587555,-32697,-32733,54169379
-5373996,-32685,-32724,54175532;54532115;54531091
-4653110,-32696,-32714,54169910
-4522028,-32698,-32724,54168876
-5177385,-32688,-32727,54173993
-393270,-32761,-32714,126223641
-1048631,-32751,-32713,147590145
-3801142,-32709,-32714,54163254
-458785,-32760,-32735,156237835
-4325441,-32701,-32703,54167361
458724,6,-32740,189793795
-65571,-32766,-32733,126093062
-3670092,-32711,-32692,54162252;108794636
-1245232,-32748,-32720,147588616
-3473448,-32714,-32728,54160680
1572897,24,33,169084942
-3735618,-32710,-32702,54162754
-4456518,-32699,-32698,54168390
-3539006,-32713,-32706,54161214
-5111852,-32689,-32724,54173484
-4587560,-32697,-32728,54169384
-4980775,-32691,-32729,54172455
-5636139,-32681,-32725,54177579
-4980781,-32691,-32723,54172461;54532127
-1441844,-32745,-32716,147587076
-4849745,-32693,-32687,54171473
-393258,-32761,-32726,156238338
-5570597,-32682,-32731,54177061
-3866683,-32708,-32709,54163771
-5111846,-32689,-32730,54173478
-4849747,-32693,-32685,54171475;64226304
-4325420,-32701,-32724,54167340
-4390986,-32700,-32694,54167882
-3539020,-32713,-32692,54161228
982980,14,-32708,173277696
-4784176,-32694,-32720,54170928
-4194351,-32703,-32721,54166319
-3539002,-32713,-32710,54161210
-4259892,-32702,-32716,54166836
983064,15,24,90704641
-5570602,-32682,-32726,54177066
-4784161,-32694,-32735,54170913;54531087;54532111
-4784167,-32694,-32729,54170919
-65595,-32766,-32709,126093086
-5046318,-32690,-32722,54172974
65479,0,-32711,126094108
-4390976,-32700,-32704,54167872
-4259925,-32702,-32683,54166869
-3866692,-32708,-32700,54163780
-4653092,-32696,-32732,54169892
-393250,-32761,-32734,156238346
-1310773,-32747,-32715,147588099
-4784180,-32694,-32716,54170932
-458742,-32761,10,134666
-65590,-32766,-32714,126093081
-4194367,-32703,-32705,54166335
-3735632,-32710,-32688,54162768
262088,3,-32712,126095643
-327739,-32762,-32709,126223134
327625,4,-32713,126096154
-131125,-32765,-32715,126092568
-3407939,-32715,-32701,54160195
-3735617,-32710,-32703,54162753
-3866674,-32708,-32718,54163762
-3866680,-32708,-32712,54163768
-4587571,-32697,-32717,54169395
-4128861,-32704,-32675,109053440
-1703976,-32741,-32728,142087690
-1310697,-32748,23,173020167
2686923,40,-32715,214958081
-4128860,-32704,-32676,109053443;112722435
-3080154,-32721,38,76288004
-1441771,-32746,21,173019141
-3669974,-32712,42,76415496
-1507309,-32745,19,173018627
851903,12,-32703,173935106;201068548;173670912
1376285,21,29,168822790
2621386,39,-32714,215089664
-3276786,-32718,14,20975363;63966470
-1376234,-32747,22,173019654
-1638384,-32743,16,173017600
2817989,42,-32709,214963200
851972,13,4,59775492;88086803
-3801070,-32710,18,21103105;160786
-1834988,-32740,20,173016068
-3735532,-32711,20,20971523;160276
-1900506,-32739,38,212992517;214696970;214697994
2621385,39,-32713,215089921
-1900551,-32738,-32761,100140546
-1834973,-32740,35,212860930;214434820
2293677,34,-32685,225970691;225969667;223480587
-3276763,-32718,37,76286467
1769388,26,-32684,224658177
-3211244,-32719,20,20975619;156180
-1441760,-32746,32,212864257
-3407853,-32716,19,20974082;63965441
-3407854,-32716,18,20974081;63965442
2031626,31,10,156500996
-1441758,-32746,34,212864001;214697984
-1441753,-32746,39,212864006;213647364
-3473387,-32715,21,63964673
-3145688,-32720,40,76287494;76810754
-3211249,-32719,15,20975874;156175
-3407833,-32716,39,76285445;75760648
-1966090,-32737,-32758,100140289
1572783,23,-32687,224789507
-3473364,-32715,44,76284938
-1900510,-32739,34,212992513;213649408
-1966045,-32738,35,212993026
-3145686,-32720,42,76287496;75763208
-3407832,-32716,40,76285446;75760649;74974725
-3473376,-32715,32,76285186
-852030,-32754,-32706,158335488
-3538910,-32714,34,76284416
-3276755,-32718,45,76286475
-1310681,-32748,39,212865030
524305,8,17,82313217
-1441751,-32746,41,212864008
786448,12,16,82315264
-3670001,-32712,15,63963397
-2097161,-32735,-32759,100139008
-3211225,-32719,39,76286981;75761153
589810,8,-32754,190581248
-3342292,-32717,44,76285962
1769387,26,-32683,224658179
-3538904,-32714,40,76284422
2097158,32,6,156501504
1638318,24,-32686,224788994
458781,7,29,88083462
-2490458,-32729,-32678,66194178
-2424924,-32730,-32676,66193668
-1179680,-32749,-32736,164364804
1048591,16,15,238296328
1245200,19,16,238299393
393246,6,30,88082951
-524275,-32760,13,73404428
-1048538,-32752,38,171442691
720926,11,30,88085511
-655350,-32758,10,73403401
196623,3,15,88081672;234750465
983060,15,20,88087811
-786425,-32756,7,73402374
-917464,-32754,40,171443717
262162,4,18,88082181
327708,5,28,88082437
655381,10,21,88085250;97256989
-1703901,-32742,35,216925697
-1114113,-32750,-32767,73532674
-589789,-32759,35,171446272
-524276,-32760,12,73404427
-786391,-32756,41,171444742
-1441792,-32746,0,73534721
-65546,-32766,-32758,190841348;197132290
-1310713,-32748,7,73533446
-1310721,-32747,-32767,73534210
-1376219,-32747,37,216795654;216795656
-983036,-32753,4,73400835
-983037,-32753,3,73400834
65522,0,-32754,190842368
-1310720,-32748,0,73533697
-1507291,-32745,37,216794630;212863492
-1376257,-32746,-32767,73534722
-1245184,-32749,0,73533185
-720885,-32757,11,73402890
327694,5,14,234619392;234623762;88082697
-1310711,-32748,9,73533448
131063,1,-32759,190842885
-589814,-32759,10,73403913
-851967,-32755,1,73401856
-1310716,-32748,4,73533443
-917501,-32754,3,73401346
-851963,-32755,5,73401860
524303,8,15,234620929
-720888,-32757,8,73402887
-786430,-32756,2,73402369
-917505,-32753,-32767,73401090
-1376256,-32747,0,73534209
-65548,-32766,-32756,190841346
-12,-32767,-32756,190841858
-720894,-32757,2,73402881
-1245185,-32748,-32767,73533698
-1179649,-32749,-32767,73533186
-131083,-32765,-32757,190840835
-1245182,-32749,2,73532929
-1179647,-32750,1,73532416
-917500,-32754,4,73401347
2097166,32,14,156763139
-3473409,-32714,-32767,158977
-3407863,-32716,9,157705
-4522061,-32698,-32691,183501834
-5242897,-32687,-32751,198447104
-3473403,-32715,5,158213
262122,3,-32746,189792265
-1441807,-32745,-32753,164496917
-2293848,-32732,-32680,66192384
-2228307,-32733,-32685,66191877
-1245207,-32748,-32745,164364301
-2031699,-32736,-32685,66061317
-1114127,-32750,-32753,164365333
393201,5,-32753,188745735;192414728;67372032
-2228317,-32733,-32675,66192133
-2293850,-32732,-32678,66192642
-1245199,-32748,-32753,164364309
-1835094,-32739,-32682,66062850
-2424916,-32730,-32684,66193412
-1376278,-32746,-32746,164496398
-589791,-32759,33,180357124;181146632
-2228311,-32733,-32681,66191873
1376264,21,8,238293250;117964800
-917472,-32754,32,180486659;181141510
-720936,-32756,-32728,139992585;139723778
-1900632,-32738,-32680,66062336
-1900635,-32738,-32677,66062595
-983064,-32752,-32744,14419211;165150731
-851939,-32755,29,180355072;181142528
-1179678,-32749,-32738,164364806
-3473370,-32715,38,75760135;76284932
1441801,22,9,238294016
-1114129,-32750,-32751,164365331
-2359381,-32731,-32683,66192899
-1376282,-32746,-32742,164496394
1245199,19,15,238299394
-3669980,-32712,36,75762177
983053,15,13,238295818
1310737,20,17,238299648
-2097237,-32735,-32683,66060803
-851936,-32755,32,180355075;181142534
1507335,23,7,238295300
720915,11,19,238297346;88085764
-1179682,-32749,-32734,164364802
-2097242,-32735,-32678,66061058
983057,15,17,238296325;88087814
-1179672,-32749,-32744,14550279;164364812
-2424918,-32730,-32682,66193410
-4522033,-32698,-32719,54168881
-4390961,-32700,-32719,54167857
-4718645,-32695,-32715,54170421
-3932213,-32707,-32715,54164277
-5308455,-32686,-32729,54175015
-5439532,-32684,-32724,54176044
-3997749,-32706,-32715,54164789
-3670076,-32711,-32708,54162236
-5505066,-32683,-32726,54176554
-5242926,-32687,-32722,54174510
-262193,-32763,-32719,126091540
-5242925,-32687,-32723,54174509
65497,0,-32729,156241925
-4325436,-32701,-32708,54167356
-196640,-32764,-32736,126092035
-4980816,-32691,-32688,54172496;183501824
1966091,30,11,156500485
-3604443,-32713,37,76283907;75762690
720884,10,-32756,190582274;192677892
-5308475,-32686,-32709,140511489
-3538903,-32714,41,76284423
-3342322,-32717,14,63965958
-3342300,-32717,36,76285954
-4128738,-32705,30,179308546
-524306,-32759,-32750,147852035
-3538932,-32714,12,63964424
2424829,36,-32765,154272513
-393234,-32761,-32750,147853059
-851983,-32754,-32753,147849216
-786494,-32755,-32706,158336000
-917518,-32753,-32754,147980801
-851978,-32754,-32758,147849221
1966085,30,5,156500737
-4390881,-32701,31,179306499
-196624,-32764,-32752,147854593
-1310706,-32748,14,63310337
-3407860,-32716,12,63965448
393203,5,-32755,190579713;101716487
-720911,-32756,-32753,147850240
-4325347,-32702,29,179307009
-1114099,-32751,13,63308800
-786424,-32756,8,84935177;73402375
2031625,31,9,156500995
2097164,32,12,156501510
720882,10,-32754,190582272
1834978,27,-32738,205522437
1638371,24,-32739,205520902
-3473399,-32715,9,63964939
589753,8,-32697,174588929
-4194275,-32704,29,179308033
1048599,16,23,95421440
-4390880,-32701,32,179306500
1703908,25,-32740,205521415
-3604467,-32713,13,63963911;20972804
-1179633,-32750,15,63309314
-4194274,-32704,30,179308034
-2228308,-32733,-32684,67633152;67634176;66191876
-3604466,-32713,14,63963910;28049666
589825,9,1,84939265;68420616;95162881
-5439503,-32684,-32753,197918724
-917489,-32754,15,63177218
-1310708,-32748,12,63310593
851994,13,26,95422468;222561280
1048609,16,33,148638211;148637187
-1179640,-32750,8,84939271;84936201;84938247;73532423
-3538934,-32714,10,63964426
1966087,30,7,156500481
458679,6,-32695,174588161
983072,15,32,148636161
2031628,31,12,156500998
-65577,-32766,-32727,156240899
1114078,16,-32734,206176771
-5111848,-32689,-32728,54173480
-4522023,-32698,-32729,54168871
1048518,15,-32710,173278210
-5308461,-32686,-32723,54175021
-4718636,-32695,-32724,54170412
-1376309,-32746,-32715,147587587
1114081,16,-32737,206176774
-65573,-32766,-32731,126093064
-196650,-32764,-32726,156239874;160696320
-393266,-32761,-32718,126223637
-1114158,-32750,-32722,147589642
-196649,-32764,-32727,156239875
1048598,16,22,90705155
-393220,-32761,-32764,129764354;134916
2097138,31,-32754,115609095
524266,7,-32746,189794313
1048520,15,-32712,173278212;173936130
917446,13,-32710,173277186
-1441855,-32745,-32705,159650818
2162618,32,-32698,223216131
2228162,33,-32706,223085077
1441773,21,-32749,204998660;209458180
1114141,17,29,90705412
-1179696,-32749,-32720,147589128
2293691,34,-32699,223086086
2228160,33,-32704,223085073;227278852
851995,13,27,90703362
655385,10,25,90701824;91753993
2162625,32,-32705,223216147
1048542,15,-32734,206177283
-1245239,-32748,-32713,147588609
2293688,34,-32696,223086337
1376235,20,-32747,204998146
-1376307,-32746,-32717,147587589
2162619,32,-32699,223216134;227278848
-3932240,-32707,-32688,111149315
-983087,-32752,-32721,147590665
2162617,32,-32697,223216129
-1048623,-32751,-32721,147590153
-1310774,-32747,-32714,147588098
2228157,33,-32701,223085066
2097089,31,-32705,223217171
-1441840,-32745,-32720,147587080
1179615,17,-32735,206045188
-1310765,-32747,-32723,147588107
1245148,18,-32732,206045697
1114139,17,27,90705410
-3670097,-32711,-32687,111150345;54162257
1376279,21,23,90707714
2097088,31,-32704,223217169
983065,15,25,90704384
1441771,21,-32747,204998658
-4522065,-32698,-32687,239610900;239601172;239600148;239611924;205783056
-4325451,-32701,-32693,111149062
786459,12,27,90702850
-4063310,-32705,-32690,111149056
-4128845,-32704,-32691,111149059
-2752512,-32726,0,152576
1310685,19,-32733,209191171
-2097240,-32735,-32680,66060800
-2293845,-32732,-32683,66192387
-262118,-32764,26,198181890;84411394;199230466;199231490;196216844;196217868;200016385
1572876,24,12,91753987
-917498,-32754,6,73401349
-655361,-32757,-32767,73403138
196626,3,18,88081669
-655352,-32758,8,73403399
-1048540,-32752,36,171442689
-983041,-32752,-32767,73400578
-524291,-32759,-32765,88216858;135939
262158,4,14,88082185;234618880
-786395,-32756,37,171444738
-458738,-32761,14,73404941
-1572830,-32744,34,216793601;219415552
851980,13,12,88086795
-1114107,-32751,5,73531908
-1441789,-32746,3,73534466
-589788,-32759,36,171446273
131060,1,-32756,190842882
458762,7,10,234620676;239080453;88083725;54791690
524299,8,11,239080966;234625802;234621187;234623754;88084236
-1376252,-32747,4,73533955
-1441788,-32746,4,73534467
-1376220,-32747,36,216795653;212864515
131059,1,-32755,190842881
-1310719,-32748,1,73533440
-1507290,-32745,38,216794632;219416584
-786426,-32756,6,73402373
-1441787,-32746,5,73534468
-917503,-32754,1,73401344
-851966,-32755,2,73401857
-1114114,-32750,-32766,73532675;85723651;85722627
-1310718,-32748,2,73533441
-131084,-32765,-32756,190840834
-131085,-32765,-32755,190840833
-131086,-32765,-32754,190840832
524301,8,13,234621185;88084234
-589813,-32759,11,73403914
-1376247,-32747,9,73533960
131061,1,-32757,190842883;193463296
-393202,-32762,14,73405453
-786427,-32756,5,73402372
-524274,-32760,14,73404429
131062,1,-32758,190842884
-13,-32767,-32755,190841857
720910,11,14,239080459;238302977
-983042,-32752,-32766,73400579
-1245181,-32749,3,73532930
-1310714,-32748,6,73533445
-1179641,-32750,7,73532422
-589803,-32759,21,64489474;40896512
-1245183,-32749,1,73532928
-393242,-32761,-32742,165155337
1507348,23,20,117705219
-196589,-32765,19,220726785;220728833;220729857;220988422;221250562;220729859;220727809;220725761;221252610;221251586;205784094
-2031628,-32736,-32756,167379464
851951,12,-32751,193201157
-327711,-32762,-32737,165155844
-589866,-32758,-32726,132122629
-917526,-32753,-32746,165151245;14419205
-1048595,-32751,-32749,165282320
786417,11,-32753,193200647
18,0,18,220989957;234753281;234752517
-65520,-32767,16,220989443
-327661,-32763,19,220987398;221252608
655343,9,-32751,193331717
-2031635,-32736,-32749,167379457
196588,2,-32748,188744194
-917539,-32753,-32733,165151232
-524331,-32759,-32725,132123140
-262127,-32764,17,220987908
589808,8,-32752,193332230
-524322,-32759,-32734,165154305
-2228235,-32733,-32757,167381001
-2097239,-32735,-32681,66060801
-65518,-32767,18,220989445
-1769509,-32740,-32731,201066503;142087181
-1900633,-32738,-32679,66062593
131055,1,-32751,188743685;188482052
-2097235,-32735,-32685,66060805
-458779,-32760,-32741,165154824
720876,10,-32748,193200130
-655403,-32757,-32725,132122116;133169152
-1114133,-32750,-32747,165282830
655342,9,-32750,193331716
589805,8,-32749,193332227
-2097236,-32735,-32684,66060804
-327666,-32763,14,220987393
-327662,-32763,18,220987397
-393245,-32761,-32739,165155334
-393197,-32762,19,221118982
655339,9,-32747,193331713
393242,6,26,91751947;95423489
786413,11,-32749,193200643
-327671,-32763,9,201064453;210635270;104071683
589803,8,-32747,193332225
-65517,-32767,19,220989446
-2162656,-32735,32,201065474;172360195
-196584,-32765,24,198182400;84411904
1376219,20,-32731,209191685;205785110;207880192;207883264;207884290;207881216;207882240;207884288
-1114131,-32750,-32749,165282832
1507294,22,-32734,209192706
-1703974,-32741,-32730,201067014;142087692
-262129,-32764,15,220987906
1507340,23,12,91752963
-524334,-32759,-32722,132123137
-327710,-32762,-32738,165155845
720920,11,24,91753997;90702593
-327665,-32763,15,220987394
-327672,-32763,8,201064452;104071682
-983061,-32752,-32747,165150734
-2555991,-32728,-32681,66194433
1441806,22,14,91752967
-262126,-32764,18,220987909
-720942,-32756,-32722,132121601
-196587,-32765,21,220988424
-262123,-32764,21,220987912
-786477,-32755,-32723,132121090
-2097241,-32735,-32679,66061057
2162623,32,-32703,227280900;223216143;227279876
-1507344,-32744,-32752,164104722
262137,3,-32761,101714447;68552704
-262192,-32763,-32720,127926796
-917540,-32753,-32732,139463689
-1900569,-32738,-32743,164233737
1638395,24,-32763,99614725
-1638445,-32742,-32723,142088197
-1245152,-32749,32,172235267
-1703966,-32741,-32738,164103172
-393275,-32761,-32709,126619648;128057857
-720910,-32756,-32754,147850241
-1114120,-32750,-32760,75498757
2686931,40,-32723,209454080;207095810
-1703965,-32741,-32739,164103173
196578,2,-32738,189532417
-262141,-32764,3,104862209;104072451
196560,2,-32720,127930380
2621400,39,-32728,209453056;207095303
-3080153,-32721,39,76811778;76288005
196579,2,-32739,189532160
20,0,20,222298369
-131120,-32765,-32720,127927820
-327697,-32762,-32751,147853570
2424789,36,-32725,209455106;206832642;209454082
-2162649,-32735,39,172360202
262172,4,28,97257985;97255937;88081925;97256961
2228181,33,-32725,209456130;206963202
-393261,-32761,-32723,128057871
1572858,23,-32762,99746308;106698246
655372,10,12,209458188;88085259;54531084
-524339,-32759,-32717,128058889
983058,15,18,38535170;88087813;38536192
-2031575,-32737,41,172229132
-1769504,-32740,-32736,164102658
-2097120,-32736,32,172228611;201065986
-393272,-32761,-32712,128057860
-458808,-32760,-32712,128058372
-1572834,-32744,30,172232705
-1900574,-32738,-32738,164233732
1834995,27,-32755,99616515;106697228
-655407,-32757,-32721,128059917
-1245150,-32749,34,172235269
-524338,-32759,-32718,128058890
-1179608,-32750,40,172235787
-393226,-32761,-32758,147852805;161356036
-65583,-32766,-32721,127928333
-1900500,-32739,44,172230159
-1900573,-32738,-32739,164233733
-393231,-32761,-32753,147852800
-589824,-32759,0,135680
-524277,-32760,11,135179
-1048581,-32751,-32763,75499266
-3276790,-32718,10,156682
720895,10,-32767,68421126
-1245227,-32748,-32725,139461122
1507323,22,-32763,99746821
-131074,-32765,-32766,210633731;129238018;88213785;196346373
-524335,-32759,-32721,128058893
-48,-32767,-32720,127928844
-983046,-32752,-32762,75499779
-131038,-32766,34,72617988
-720901,-32756,-32763,75501826
-1966135,-32737,-32713,216269570;212600837
-1114123,-32750,-32757,75498760
-983047,-32752,-32761,75499780
-131117,-32765,-32723,127927823
-1179653,-32749,-32763,75498242
-1179609,-32750,39,172235786
-1048617,-32751,-32727,139462660
917440,13,-32704,173539329
-1900599,-32738,-32713,216270594;212601349
-720865,-32757,31,181405700;180356098;181144580
-983048,-32752,-32760,75499781
262130,3,-32754,101713413;190578688
1769466,26,-32762,99615748
-2031672,-32736,-32712,216400644;217056264;212599811
-1769442,-32741,30,172231169
-196654,-32764,-32722,127927310
-589879,-32758,-32713,128059397
-589878,-32758,-32714,128059398
-786401,-32756,31,181404676;181403648
-1245190,-32748,-32762,75497731
-1900563,-32738,-32749,164233743
-917541,-32753,-32731,139463688
327667,4,-32755,101715461;190579201
393207,5,-32759,101715469;190579717
-3669991,-32712,25,23330816;23331073;159769
-786435,-32755,-32765,75501056
-589882,-32758,-32710,128059394
-1703956,-32741,-32748,164103182
-458800,-32760,-32720,128058380
-1703906,-32742,30,172231681
-655414,-32757,-32714,128059910
327670,4,-32758,101715467;190579204
1703932,25,-32764,99615238
-917507,-32753,-32765,75500032
196595,2,-32755,101713415;190843393
-1114119,-32750,-32761,75498756
-1703954,-32741,-32750,164103184
-45,-32767,-32723,127928847
-1835043,-32739,-32733,142086671
-1245226,-32748,-32726,139461123
-851973,-32754,-32763,75500802
458747,6,-32763,101713429;3333
2555852,38,-32716,215221250
-46,-32767,-32722,127928846
-2228188,-32734,36,172360711
-2228194,-32734,30,172360705
-327725,-32762,-32723,127926287
-983050,-32752,-32758,147981317
-1638358,-32743,42,172232205
-2162779,-32734,-32677,66060547
-2424919,-32730,-32681,66193409
393234,6,18,88083205
-1245212,-32748,-32740,164364296
-2359382,-32731,-32682,66192898
327706,5,26,88082435
-2031707,-32736,-32677,66061571
-851991,-32754,-32745,14420231;165151756
458770,7,18,88083717
-1245216,-32748,-32736,164364292
-1245211,-32748,-32741,164364297
-1179632,-32750,16,176817155;172491265
-65512,-32767,24,88212481
-65524,-32767,12,88212747
-1048611,-32751,-32733,164365825
-3735546,-32711,6,78643201
-1245198,-32748,-32754,164364310
-65522,-32767,14,88212745
655369,10,9,88085262;234622213
-1114144,-32750,-32736,164365316
393227,6,11,88083212;239079942;235147009
458771,7,19,88083716
65561,1,25,88080386
-1179676,-32749,-32740,164364808
196617,3,9,88081678;90965513;95159817;98829833
851985,13,17,88086790
327695,5,15,88082696;234619393
327702,5,22,88082689
-196602,-32765,6,88213777;41944064
131092,2,20,88081155
30,0,30,88211975
524317,8,29,88083974
458780,7,28,88083461
-3145711,-32720,17,155665
-1507380,-32744,-32716,159650317
393190,5,-32742,189793285;119015426
-4915266,-32692,-32702,60035079
-589820,-32759,4,135684
-1048635,-32751,-32709,158861315
-196577,-32765,31,84411911
-1310756,-32747,-32732,142090766
-1048633,-32751,-32711,158861317
-327653,-32763,27,84410883;198181379
-655401,-32757,-32727,139724289
-2424879,-32730,-32721,142082051
-1179685,-32749,-32731,139461640
-589800,-32759,24,172758018;179180812
-327651,-32763,29,84410885
-3145811,-32719,-32685,186516226
-1245242,-32748,-32710,158859780
-458758,-32760,-32762,147852297;129763586
-458724,-32761,28,84541956
-1572902,-32743,-32730,142088716
-1048620,-32751,-32724,139462657
-393185,-32762,31,84410375
-2359343,-32731,-32721,142082563
-1048554,-32752,22,172754432
-196578,-32765,30,84411910
-1900589,-32738,-32723,142086149
-1703972,-32741,-32732,142087694
-1048636,-32751,-32708,158861314
-1310762,-32747,-32726,142090760
-1835052,-32739,-32724,142086662;202900992
-983097,-32752,-32711,158861829
-1114149,-32750,-32731,139462152
-1048612,-32751,-32732,139462665
-655368,-32757,-32760,147850759
1441761,21,-32737,211025920
-655336,-32758,24,172757506
-1769514,-32740,-32726,142087176
-1376318,-32746,-32706,158990848
1769447,26,-32743,205260801
-720927,-32756,-32737,165152772;222568960;196215812
-655383,-32757,-32745,165153292
-1703934,-32742,2,171966984
-1572856,-32744,8,171968014
-851997,-32754,-32739,165151750
-1507317,-32745,11,171968529
851899,12,-32699,174855170
-1507329,-32744,-32767,171706378
-852026,-32754,-32710,155976193;159122438
-1703938,-32741,-32766,171704841
-1507319,-32745,9,171968527
655335,9,-32743,190054916
-1638348,-32743,52,183241231
2555883,38,-32747,163054594;163054849
-1572852,-32744,12,171968018;181927936
-393236,-32761,-32748,165155343
-1835020,-32739,-32756,167248904;123472385
-655325,-32758,35,183240205;171445760
-1769481,-32740,-32759,171704322
-720926,-32756,-32738,165152773;222568961
720827,10,-32699,174853122
-1769464,-32741,8,171966478
-1572866,-32743,-32766,171705865
-720955,-32756,-32709,155977216;159124484
-1441795,-32745,-32765,171706888
-1048601,-32751,-32743,165282314
-1572869,-32743,-32763,171705862
-1703933,-32742,3,171966985
786405,11,-32741,190055938
-1572867,-32743,-32765,171705864
-2031633,-32736,-32751,167379459
-720953,-32756,-32711,155977218
589756,8,-32700,174851076
-458782,-32760,-32738,165154821
-1638410,-32742,-32758,171705345
-1900560,-32738,-32752,167248388
-1769461,-32741,11,171966481
1376262,21,6,117965058
-1572862,-32744,2,171968008
-1835005,-32740,3,172098057
-1703945,-32741,-32759,171704834
-1441800,-32745,-32760,171706883
-1703932,-32742,4,171966986
-786464,-32755,-32736,165152259
65543,1,7,95158791;88080656;145098754;98828807;90964487
-327663,-32763,17,221249538;220987396
-720930,-32756,-32734,165152769
-655391,-32757,-32737,165153284
-917555,-32753,-32717,155975688
917438,13,-32702,174856200;201070594
655291,9,-32699,174852098
589804,8,-32748,193332226
-852020,-32754,-32716,155976199
-2162704,-32734,-32752,167380484
-327699,-32762,-32749,165155856
-655389,-32757,-32739,165153286
-1114134,-32750,-32746,165282829
786410,11,-32746,190055943
-655380,-32757,-32748,165153295;161484038
589797,8,-32741,190054402
-1900514,-32739,30,172230145
-1769431,-32741,41,172231180
-1048613,-32751,-32731,139462664
-1048583,-32751,-32761,75499268
-196608,-32765,0,210633733;88213783
1572861,23,-32765,99746311
-1834967,-32740,41,172230668
-1835023,-32739,-32753,164102163
-1769489,-32740,-32751,164102673
-1638371,-32743,29,172232192
-262151,-32763,-32761,185860610
65489,0,-32721,127929357
-1572877,-32743,-32755,164104213
-1835034,-32739,-32742,164102152
-2031670,-32736,-32714,216400384;212600326;217059334
-851935,-32755,33,181403650;181142536
-65505,-32767,31,72618497
-1703893,-32742,43,172231694
-1048582,-32751,-32762,75499267
-1769486,-32740,-32754,164102676
1245122,18,-32706,173541891
-1376226,-32747,30,172234241
-917513,-32753,-32759,75500294
-1835027,-32739,-32749,164102159
-1507286,-32745,42,172233229
65567,1,31,72619521
-1966118,-32737,-32730,142085644
-1703964,-32741,-32740,164103174
-1900568,-32738,-32744,164233738
-393262,-32761,-32722,128057870
-262189,-32763,-32723,127926799
393205,5,-32757,101715465;190579715
-65552,-32766,-32752,189530125
-524348,-32759,-32708,128058880
-1114156,-32750,-32724,139462145
-524337,-32759,-32719,128058891
1572850,23,-32754,99746564;116916224;106694160
-393223,-32761,-32761,147852808
-1703894,-32742,42,172231693
-1703968,-32741,-32736,164103170
-1179614,-32750,34,172235781
262128,3,-32752,101713409;188744710;192675848
65488,0,-32720,127929356
1179586,17,-32706,173541379
-655412,-32757,-32716,128059912
917441,13,-32705,173539330
524278,7,-32758,101717517;190580740
-851980,-32754,-32756,147849219
196584,2,-32744,189532165
-1310723,-32747,-32765,75629056
196556,2,-32716,126095127
-458793,-32760,-32727,156237827
-3473471,-32714,-32705,54160703
-327734,-32762,-32714,126223129
-262199,-32763,-32713,126091546
-262173,-32763,-32739,126091264
-35,-32767,-32733,126093574
-51,-32767,-32717,126093590
-4653098,-32696,-32726,54169898
-5308460,-32686,-32724,54175020
-262183,-32763,-32729,156239365
327626,4,-32714,126096153
-458806,-32760,-32714,126224153
-4325432,-32701,-32712,54167352
-196659,-32764,-32717,126092054
-3211257,-32719,7,156167
720897,11,1,68421640;95163905
-1114103,-32751,9,139785
-2490384,-32729,-32752,34474246
-3997704,-32706,-32760,163080
-3342329,-32717,7,157191
-3866605,-32709,19,161299
-2293773,-32732,-32755,34341888
-524279,-32760,9,135177
-3735556,-32710,-32764,161028
-3080178,-32721,14,155150
-3801062,-32710,26,160794
-3145719,-32720,9,155657
-3145709,-32720,19,155667
-262145,-32763,-32767,133889;129236995
-2752511,-32726,1,152577
-3670004,-32712,12,159756
-3604483,-32712,-32765,160003
-3080175,-32721,17,155153
-3801081,-32710,7,160775
-458741,-32761,11,134667
-2949105,-32723,15,154127
-458755,-32760,-32765,135427
-3080170,-32721,22,155158
-1179637,-32750,11,140299
-1048567,-32752,9,139273
-3342332,-32717,4,157188
-2949102,-32723,18,154130
-917496,-32754,8,138248
-3604476,-32713,4,159236;90178560;90179584;90177536;90180608;90181632
1572856,23,-32760,99746306;106695174;106694150
-851976,-32754,-32760,75500805
-3342331,-32717,5,157189
-3801098,-32709,-32758,161546
-2949119,-32723,1,154113
655359,9,-32767,68420614
-3866617,-32709,7,161287
1572852,23,-32756,99746562;106693132
-1245188,-32748,-32764,75497729
-2818050,-32724,-32766,153858
-983058,-32752,-32750,147981571
-851941,-32755,27,172755973
-2883654,-32723,-32698,63439617
-1441833,-32745,-32727,142089737
-1769513,-32740,-32727,142087177
393199,5,-32751,192417794;191105028;192676870;192675846
1638425,25,25,235669769
-851982,-32754,-32754,147849217
-2031655,-32736,-32729,142085131
1572784,23,-32688,224790021
-2883665,-32723,-32687,186387970
-1638446,-32742,-32722,142088196
-2490417,-32729,-32719,142213633
-917521,-32753,-32751,147981058
-589861,-32758,-32731,139724805;139993609
-19,-32767,-32749,189530634
-655378,-32757,-32750,147851011;161484034
-20,-32767,-32748,189530633
-1048545,-32752,31,172754441
-1572840,-32744,24,173018120;180620294
-2162731,-32734,-32725,142084103
-1900584,-32738,-32728,142086154
-851945,-32755,23,172755969
-65551,-32766,-32753,189530126
-524299,-32759,-32757,147851780
-1114079,-32751,33,172753931
-24,-32767,-32744,189530629
-1900526,-32739,18,173015554
-524325,-32759,-32731,139725317
-327698,-32762,-32750,147853571
-589864,-32758,-32728,139724802;139727875
-2293801,-32732,-32727,142083081
-1310692,-32748,28,173020172
-1376294,-32746,-32730,142090252
-786448,-32755,-32752,147849985
-2097195,-32735,-32725,142084615
2031620,31,4,156501250
-1310690,-32748,30,172234753
-1835024,-32739,-32752,164102162
-655415,-32757,-32713,128059909
-47,-32767,-32721,127928845
-1769511,-32740,-32729,142087179
-983076,-32752,-32732,139463177;141820673
-1179708,-32749,-32708,158860290
-131044,-32766,28,84412420;86245386;198182916
-917547,-32753,-32725,139463682;202899972
65549,1,13,99355650;88080650
65491,0,-32723,127929359
-2359273,-32732,23,184419334
-2162666,-32735,22,184288514
1179652,18,4,177480708
-327648,-32763,32,84410888
-1835032,-32739,-32744,164102154
-852010,-32754,-32726,139464195
-1900520,-32739,24,184289284
-2097129,-32736,23,184289280
-1179705,-32749,-32711,158860293
1048582,16,6,177479686
-1835042,-32739,-32734,164102144
-983079,-32752,-32729,139463174
589758,8,-32702,176555010
524222,7,-32702,176556034
-1769492,-32740,-32748,164102670
-196580,-32765,28,84411908;198182404
-983099,-32752,-32709,158861827
-1638414,-32742,-32754,164103700
-1245220,-32748,-32732,139461129
-327649,-32763,31,84410887
-2162728,-32734,-32728,142084106
-1179674,-32749,-32742,164364810
-1900631,-32738,-32681,66062337
1310686,19,-32734,209191170
-1900629,-32738,-32683,66062339
1310687,19,-32735,209191169
131053,1,-32749,188743683;192675842;192676866
-2097245,-32735,-32675,66061061
-1114128,-32750,-32752,164365332
-589790,-32759,34,180357125;181146634
-2424917,-32730,-32683,66193411
1048585,16,9,238295822;234623745
-1310745,-32747,-32743,164495883
-655417,-32757,-32711,204214274;155977730;205786126
-786398,-32756,34,180355589;181143562
196587,2,-32747,188744193
-2293843,-32732,-32685,66192389
-524329,-32759,-32727,139988485;139725313
-1310735,-32747,-32753,164495893
-2031701,-32736,-32683,66061315
-1048598,-32751,-32746,14550277;165282317
-851990,-32754,-32746,14420229;165151757
-1179664,-32749,-32752,164364820
-2293851,-32732,-32677,66192643
-2293847,-32732,-32681,66192385
-2162778,-32734,-32678,66060546
-1376271,-32746,-32753,164496405
-1441804,-32745,-32756,164496920
-1245196,-32748,-32756,164364312
-1966166,-32737,-32682,66061826
1507336,23,8,238295298
-1966170,-32737,-32678,66062082
-1769559,-32740,-32681,66063361
-2293846,-32732,-32682,66192386
-1441805,-32745,-32755,164496919
524300,8,12,88084235;234621186;162795532
-2359387,-32731,-32677,66193155
-720864,-32757,32,180356099;181144582
1376273,21,17,238300160
-1310734,-32747,-32754,164495894
-720904,-32756,-32760,148111877;147850247
-983081,-32752,-32727,139463172
-983017,-32753,23,172754945
-1114173,-32750,-32707,158860801
-1900591,-32738,-32721,142086147
1507298,22,-32738,211026946
-2949203,-32722,-32685,186387202
-1507363,-32744,-32733,142089231
-1114097,-32751,15,172491776
-786491,-32755,-32709,159123460;155976704
-33,-32767,-32735,120061954
-327703,-32762,-32745,84806913
655334,9,-32742,119801345;190054915
262111,3,-32735,120064002
786409,11,-32745,119801347;190055942
-917488,-32754,16,172493313;167510018;167511042
-1769436,-32741,36,219546628;216926725
-1245167,-32749,17,172490754
-1703963,-32741,-32741,168167424
-4128862,-32704,-32674,112723461;108927253
-262169,-32763,-32743,84806403
-917483,-32754,21,172493318;176817157
-786490,-32755,-32710,155976705;159123462
-1376223,-32747,33,219417346
-3342319,-32717,17,28051458;63965955
-1376221,-32747,35,219417090
-917484,-32754,20,172493317
65502,0,-32734,120062465
-3604464,-32713,16,28181505;20972801;63963908
-196629,-32764,-32747,84805633
720820,10,-32692,175639553
-131095,-32765,-32745,84805377
786358,11,-32694,175640579
-2228182,-32734,42,180879873
-917557,-32753,-32715,155975686
786357,11,-32693,175636484
982968,14,-32696,175645698
-1507324,-32745,4,180619266;171968522
131039,1,-32735,120062978
851897,12,-32697,175644676
-2162643,-32735,45,180880388;180880390
-917561,-32753,-32711,155975682
-852022,-32754,-32714,202899456;155976197
-1441794,-32745,-32766,180620290;171706889
-720952,-32756,-32712,155977219
-2162647,-32735,41,180880384
589814,8,-32758,190581252
-262168,-32763,-32744,84806402
-786484,-32755,-32716,155976711
-262167,-32763,-32745,84806401
-2162645,-32735,43,180880386
-327702,-32762,-32746,84806656
-2162646,-32735,42,180880385
-262170,-32763,-32742,84806404
-2293718,-32733,42,180879361
-1638402,-32742,-32766,171705353
-1441849,-32745,-32711,158991365
-1572906,-32743,-32726,142088712
-852007,-32754,-32729,139464198
-1835046,-32739,-32730,142086668;201065990
-1179706,-32749,-32710,158860292
-65508,-32767,28,84412932
-589863,-32758,-32729,139724803
-2162733,-32734,-32723,142084101
-1310763,-32747,-32725,142090759
-1310777,-32747,-32711,158859269
-1441850,-32745,-32710,158991364
131050,1,-32746,189531655
-2031656,-32736,-32728,142085130
-1376314,-32746,-32710,158990852
65513,0,-32745,189531142
-458763,-32760,-32757,147852292
-2424881,-32730,-32719,142082049
-1048614,-32751,-32730,139462663
-1310760,-32747,-32728,142090762
1572834,23,-32738,211027970
-1507368,-32744,-32728,142089226
-1310782,-32747,-32706,158859264
-1441832,-32745,-32728,142089738
-3145808,-32719,-32688,186515972
-131087,-32765,-32753,189661710
65520,0,-32752,189531149
-1245223,-32748,-32729,139461126
-458728,-32761,24,84541952
-1900580,-32738,-32732,142086158
-655337,-32758,23,172757505
-65556,-32766,-32748,189530121
1507297,22,-32737,211026944
-589798,-32759,26,172758020
-983080,-32752,-32728,139463173
-16,-32767,-32752,189530637
-852004,-32754,-32732,139464201
-3014724,-32721,-32700,63570433
-983102,-32752,-32706,158861824
-4194371,-32703,-32701,64230400;54166339
-917546,-32753,-32726,139463683
-2097197,-32735,-32723,142084613
-458726,-32761,26,84541954
-786446,-32755,-32754,147849729
-2949189,-32722,-32699,63438848;63440641
131047,1,-32743,189531652
-589841,-32758,-32751,147851522
-589838,-32758,-32754,147851265
-196579,-32765,29,84411909
-1703980,-32741,-32724,142087686
-1966127,-32737,-32721,142085635
-1900600,-32738,-32712,217055236;212601348
2424752,36,-32688,223347463
-1441834,-32745,-32726,142089736
1507247,22,-32687,224790532;224923648
-1114081,-32751,31,172753929
-524327,-32759,-32729,139725315
-1310702,-32748,18,173020162
2883528,43,-32712,214961665
-1441766,-32746,26,173019146
2817991,42,-32711,214961152
-3407859,-32716,13,20974340;63965447
-1572832,-32744,32,212863233
-1572848,-32744,16,173018112
-1703917,-32742,19,173017091
2621387,39,-32715,215089665
655377,10,17,83101186;82314241
786418,11,-32754,190582784
1245213,19,29,168820742
-1507303,-32745,25,173018633
2621384,39,-32712,215089922
-1507310,-32745,18,173018626
1376290,21,34,168822800
1245217,19,33,168820750
-1376213,-32747,43,212864522
2817995,42,-32715,214959105
-3342315,-32717,21,20974596;157205
-1114070,-32751,42,212866569
-3211246,-32719,18,20975617;156178
-917514,-32753,-32758,147980805
-1638363,-32743,37,212862467;214435840;214695936
-2228232,-32733,-32760,100271105
-917516,-32753,-32756,147980803
-2031623,-32736,-32761,100139522
-1572831,-32744,33,212862976
-3538900,-32714,44,76284426
-3669976,-32712,40,76415494
-1834976,-32740,32,212861185;213648384;213648642
-1441752,-32746,40,212864007
-589828,-32758,-32764,147851275;129761282
-3080158,-32721,34,76289281
-3407836,-32716,36,76285442
-2097117,-32736,35,212994050;172228614
-458759,-32760,-32761,147852296
-3211243,-32719,21,20975620;156181
-1834972,-32740,36,212860931;213650438
1965993,29,-32681,224660231
-1638368,-32743,32,212862721
-3145691,-32720,37,76287491
-3342291,-32717,45,76285963
1834923,27,-32683,224659203
2031621,31,5,156501249
-3342293,-32717,43,76285961
-3342294,-32717,42,76285960
262133,3,-32757,190578691
-1769440,-32741,32,212861697
-3080150,-32721,42,76288008
2031627,31,11,156500997
-655369,-32757,-32759,147850758
-3473369,-32715,39,76284933;75760136
-3080149,-32721,43,76288009
-3407831,-32716,41,76285447
-655365,-32757,-32763,147850762
-3604436,-32713,44,76283914
2228182,33,-32726,206963203
524217,7,-32697,174588417
2555860,38,-32724,207094787
-5177355,-32688,-32757,197918978
393204,5,-32756,190579714
-1507338,-32744,-32758,171706369
-1703943,-32741,-32761,171704836
-29,-32767,-32739,120061958
-3276880,-32717,-32688,112987138;108796181
-3604463,-32713,17,63963907
2228183,33,-32727,206963204
1441763,21,-32739,206308354
-4128737,-32705,31,179308547
524274,7,-32754,190580736
-3342420,-32716,-32684,112986112;109317120
262132,3,-32756,190578690
2359254,35,-32726,206832131
2293720,34,-32728,206831621
2424791,36,-32727,206832644
-3604470,-32713,10,63963914
851944,12,-32744,190056453
-1179629,-32750,19,172491268
851982,13,14,185075200;88086793
851968,13,0,69995522;69996546;68422663
2490327,37,-32727,206833156
-262132,-32764,12,181929473;133132
-1179627,-32750,21,172491270
1703925,25,-32757,106698256
1638392,24,-32760,106694148;99614722
-917567,-32753,-32705,159121666
-1114096,-32751,16,172491777
1703854,25,-32686,224657410
1900458,28,-32682,224660229
-196622,-32764,-32754,147854337
-589839,-32758,-32753,147851264
2686933,40,-32725,207095812
2293717,34,-32725,206831618
-1179635,-32750,13,63309312
-3669997,-32712,19,63963393
2621399,39,-32727,207095302
2293716,34,-32724,206831617
-3604469,-32713,11,88605706;63963913
655346,9,-32754,190581760
196575,2,-32735,120063490
-983024,-32753,16,172492801
393248,6,32,72222720
-3276783,-32718,17,63966467;28051970
-1245165,-32749,19,172490756
-1179630,-32750,18,172491267
-393244,-32761,-32740,165155335
2424790,36,-32726,206832643
2490328,37,-32728,206833157
2490324,37,-32724,206833153
131105,2,33,72090624;54527009
1638389,24,-32757,106697232
1245155,18,-32739,206438914
-1114092,-32751,20,172491781
-196611,-32764,-32765,129237505;196345860
1769462,26,-32758,106694146
-917563,-32753,-32709,159121412;155975680
-262147,-32763,-32765,129236993;133891
-1179628,-32750,20,172491269
1572848,23,-32752,106696208
-851931,-32755,37,178521092;178260226
-3539003,-32713,-32709,54161211
-4718632,-32695,-32728,54170408
-4390963,-32700,-32717,54167859
-5046312,-32690,-32728,54172968
-4325445,-32701,-32699,54167365
-4980766,-32691,-32738,54172446
-4587564,-32697,-32724,54169388
-4325418,-32701,-32726,54167338
-5636137,-32681,-32727,54177577
-1179693,-32749,-32723,147589131
262087,3,-32711,126095644
-3801151,-32709,-32705,54163263
-4456520,-32699,-32696,54168392
-3735609,-32710,-32711,54162745
-262194,-32763,-32718,126091541
-65594,-32766,-32710,126093085
-4784178,-32694,-32718,54170930
-1245175,-32749,9,140809
-1048632,-32751,-32712,147590144
-4849737,-32693,-32695,54171465
-2293810,-32732,-32718,159778319
65486,0,-32718,126094101
1310697,19,-32745,204997632
327623,4,-32711,126096156
1245125,18,-32709,173279745
-1376304,-32746,-32720,147587592
2031601,30,-32753,115608069
-196637,-32764,-32739,126091776
786458,12,26,90702849
-196663,-32764,-32713,126092058
-983091,-32752,-32717,147590661
-524257,-32760,31,181405698
2097137,31,-32753,115609093
983006,14,-32734,206177795
-65579,-32766,-32725,156240897
65493,0,-32725,156241921
720921,11,25,90702336
2228156,33,-32700,223085064
-983092,-32752,-32716,147590660
-1310771,-32747,-32717,147588101
2293692,34,-32700,223086088
1245153,18,-32737,206045702
2228153,33,-32697,223085057
-3670098,-32711,-32686,111150348
1179611,17,-32731,206045184
983067,15,27,90704386
2228159,33,-32703,223085071
-3866706,-32708,-32686,111281420;54163794
2359229,35,-32701,223087114
2097084,31,-32700,223217160
2293694,34,-32702,223086092
-3866704,-32708,-32688,111150342
-3997775,-32706,-32689,111150592
2162620,32,-32700,223216136
-3866705,-32708,-32687,111281417
2293695,34,-32703,223086095
2097081,31,-32697,223217153
2097090,31,-32706,223217173
2293698,34,-32706,223086101
-1376312,-32746,-32712,147587584
-1048629,-32751,-32715,147590147
-1900503,-32739,41,172230156
-1114153,-32750,-32727,139462148
-3932169,-32707,-32759,26740736
-1834966,-32740,42,172230669
-1179654,-32749,-32762,75498243
-458777,-32760,-32743,165154826
-1900562,-32738,-32750,167248386
589807,8,-32751,193332229
-393238,-32761,-32746,165155341
-2228316,-32733,-32676,66192132
-2097167,-32735,-32753,167379973
-2031632,-32736,-32752,167379460
-786474,-32755,-32726,132121093
1769500,27,28,170132486;168560644
-917528,-32753,-32744,165151243
458722,6,-32738,119015428;189793793
-2424921,-32730,-32679,66193665
-2293853,-32732,-32675,66192645
-524316,-32759,-32740,165154311
-131055,-32766,17,220988932;221251588
17,0,17,220989956;54525969
-393240,-32761,-32744,165155339
-2031631,-32736,-32753,167379461
-1048599,-32751,-32745,165282316
-1966096,-32737,-32752,167247876
-196594,-32765,14,220988417
-720929,-32756,-32735,165152770
-2359383,-32731,-32681,66192897;85983746
-720918,-32756,-32746,165152781
-458732,-32761,20,221119495
786411,11,-32747,193200641
262124,3,-32748,188744706
-196588,-32765,20,220988423
-524330,-32759,-32726,132123141
-786468,-32755,-32732,165152513
-196586,-32765,22,220988425
-851996,-32754,-32740,165151751
-2228315,-32733,-32677,66192131
-262136,-32764,8,201064964;104072194
-196590,-32765,18,220988421
-851993,-32754,-32743,165151754
720879,10,-32751,193200133
-720921,-32756,-32743,165152778
-2162774,-32734,-32682,66060290
-2228310,-32733,-32682,66191874
-131057,-32766,15,220988930
-720920,-32756,-32744,165152779
1376220,20,-32732,209191684
851947,12,-32747,193201153
-262125,-32764,19,220987910
-720923,-32756,-32741,165152776
-196591,-32765,17,220988420
589806,8,-32750,193332228
-1114137,-32750,-32743,165282826
1376218,20,-32730,209191175
786415,11,-32751,193200645
-2359386,-32731,-32678,66193154
-2162718,-32734,-32738,201064960
-1376277,-32746,-32747,164496399
-1245219,-32748,-32733,164364289
458758,7,6,88083729
983059,15,19,88087812
-1245179,-32749,5,73532932
589832,9,8,88084751;234621702
-3604474,-32713,6,78644225
393247,6,31,88082952;54529055
-1179668,-32749,-32748,164364816
-3604473,-32713,7,78644226
-1245197,-32748,-32755,164364311
-1310742,-32747,-32746,164495886
-1310747,-32747,-32741,164495881
-3604475,-32713,5,78644224
458769,7,17,88083718
-1376279,-32746,-32745,164496397
458767,7,15,88083720;234620417
196636,3,28,88081413
-3604472,-32713,8,78644227
-1179661,-32749,-32755,164364823
262171,4,27,88081924;54528027
-1245206,-32748,-32746,164364302
-65526,-32767,10,88212749
393230,6,14,88083209;234619904
65558,1,22,88080641;234619400
-3538936,-32714,8,78644739
851988,13,20,88086787
-3735545,-32711,7,78643202
851976,13,8,88086799
393228,6,12,88083211;234620162;54529036;209456140
65548,1,12,88080651
393233,6,17,88083206;54529041
65546,1,10,88080653
-3735544,-32711,8,78643203
458732,6,-32748,188746242
720878,10,-32750,193200132
1507290,22,-32730,209192710;207622152
720923,11,27,91751945;90702338
1376260,21,4,235537667
1376224,20,-32736,209191424
1441804,22,12,91751939
-196593,-32765,15,220988418
-65528,-32767,8,88212751
327703,5,23,88082432
-786392,-32756,40,171444741
589843,9,19,88084740
262170,4,26,88081923
983056,15,16,88087815
458783,7,31,88083464
-851965,-32755,3,73401858
-720889,-32757,7,73402886
-720878,-32757,18,64488705
-655362,-32757,-32766,73403139
-1048574,-32752,2,73400321
-1835064,-32739,-32712,212601860;217058308
-2097212,-32735,-32708,212599555
-2228282,-32733,-32710,212730880
-786417,-32756,15,64488196
-720875,-32757,21,64488450
-655343,-32758,17,64489218
-786415,-32756,17,64488194
-1835069,-32739,-32707,212603138
-1966133,-32737,-32715,212600839
-2228280,-32733,-32712,212730371;217057280;217059338
-4259909,-32702,-32699,194775046;194775044
-4456519,-32699,-32697,194905088
-655347,-32758,13,40895746;40895488;64489222
-4325446,-32701,-32698,194774018
-4259912,-32702,-32696,194775300;194775298;194777088
-4259911,-32702,-32697,194775040
-4325447,-32701,-32697,194774016;194774276
-3473492,-32714,-32684,109315076
-3407957,-32715,-32683,109316096
-1507364,-32744,-32732,128453121;142089230
-3473493,-32714,-32683,109315074
262125,3,-32749,191102976
262126,3,-32750,191102978
-4063325,-32705,-32675,110362624;110363650;110363648;110363654;110364674;110365698;110364678;110362630;110362632;110363656;110364672;110365696;110362626;108925717
-327729,-32762,-32719,126223124
131020,1,-32716,126094615
-131110,-32765,-32730,156240390
-65570,-32766,-32734,126093061
-327736,-32762,-32712,126223131
-65585,-32766,-32719,126093076
65496,0,-32728,156241924
-49,-32767,-32719,126093588
131016,1,-32712,126094619
65481,0,-32713,126094106
-131123,-32765,-32717,126092566
-2031625,-32736,-32759,100139520
-3407830,-32716,42,76285448
-196619,-32764,-32757,147854340
-262196,-32763,-32716,126878209;126091543
1703855,25,-32687,224657411
1834922,27,-32682,224659205
1638368,24,-32736,205520899
2555857,38,-32721,207094784;211294214
-3473363,-32715,45,76284939
1769443,26,-32739,205521926
-3538905,-32714,39,76284421
-655420,-32757,-32708,158337026
-589832,-32758,-32760,147851271
1703904,25,-32736,205521411
-917522,-32753,-32750,147981059
-589833,-32758,-32759,147851270
-262156,-32763,-32756,147853827
-3276785,-32718,15,63966469;28051968
-4325345,-32702,31,179307011
2097157,32,5,156501761
-786445,-32755,-32755,147849730
-4390883,-32701,29,179306497
1703905,25,-32737,205521412
1638372,24,-32740,205520903
-4259806,-32703,34,179307526
-1441802,-32745,-32758,171706881
-2097160,-32735,-32760,100139009
-3407954,-32715,-32686,112984066;109316102
1638370,24,-32738,205520901
-917566,-32753,-32706,158334976
-3539031,-32713,-32681,112984064;109314048
1834977,27,-32737,205522436
589813,8,-32757,190581251
-917491,-32754,13,63177216
786456,12,24,95422466;91752961
655288,9,-32696,174589440
-4063201,-32706,31,179309059
1769441,26,-32737,205521924
2424787,36,-32723,207093762
-3473394,-32715,14,63964934
2555858,38,-32722,207094785
-4259809,-32703,31,179307523
-4128739,-32705,29,179308545
2359255,35,-32727,206832132
-1310707,-32748,13,63310336
-3473396,-32715,12,63964936
-327658,-32763,22,220987401
1572831,23,-32735,209193217
-589869,-32758,-32723,132122626
-2228193,-32734,31,201064961;172360706
-458734,-32761,18,221119493
655367,10,7,235405317;88085264;54531079
196640,3,32,88081417
-851969,-32754,-32767,73401602
-1048535,-32752,41,171442694
851979,13,11,88086796
196639,3,31,88081416
65553,1,17,88080646;234754563;234751491
-1376255,-32747,1,73533952
-1310717,-32748,3,73533442
-720895,-32757,1,73402880
-851952,-32755,16,64487683
327662,4,-32750,192677890;191104002;192415750
-1900602,-32738,-32710,212601346
-1835066,-32739,-32710,212601858
1179655,18,7,234623750
1114126,17,14,234625536
-1703987,-32741,-32717,212603914
-1835070,-32739,-32706,212602114
-2293819,-32732,-32709,212731649
-4390984,-32700,-32696,194773254;194773250;194773252
-4194375,-32703,-32697,194776324;194776064
-4128836,-32704,-32700,194777096;194777094
-4522054,-32698,-32698,194772994
-4194374,-32703,-32698,194776066
-4259910,-32702,-32698,194774022;194775042
-4522053,-32698,-32699,194774020;194772996
983049,15,9,234622721
-1572913,-32743,-32719,196083722;159649808
-393208,-32762,8,104071170
-458786,-32760,-32734,156237834
-131109,-32765,-32731,126092552
-327715,-32762,-32733,156238857
-262197,-32763,-32715,126091544
-196668,-32764,-32708,126092063
-393267,-32761,-32717,126223638
-1245213,-32748,-32739,164364295
-1966171,-32737,-32677,66062083
-1245215,-32748,-32737,164364293
-1310743,-32747,-32745,164495885
-131059,-32766,13,88213258
-131050,-32766,22,88213249
393239,6,23,88082944;54529047
-1507327,-32745,1,73534976
-786432,-32756,0,73402625
-720860,-32757,36,171445249
-720861,-32757,35,171445248
524307,8,19,88084228
-1310712,-32748,8,73533447
23,0,23,88211968;54525975
917521,14,17,88087302
-851950,-32755,18,64487681
-720883,-32757,13,64488710;40894464
-655344,-32758,16,64489219
-851947,-32755,21,64487426
-720879,-32757,17,64488706
-720876,-32757,20,64488449
-1966140,-32737,-32708,212600577
-2162744,-32734,-32712,212598787
-2293814,-32732,-32714,212730374
-2031676,-32736,-32708,212600065
-4325448,-32701,-32696,194774274
-1900598,-32738,-32714,212601350
-1900604,-32738,-32708,212601344
-1769526,-32740,-32714,212602887
-4063302,-32705,-32698,194778112;194778114
-4128838,-32704,-32698,194777090
-3276881,-32717,-32687,109318148
-3342418,-32716,-32686,109317124
327663,4,-32751,191104004
-983031,-32753,9,37225987;138761
-262133,-32764,11,104072197
-327674,-32763,6,104071680
-393207,-32762,9,104071171;104858113
-262134,-32764,10,104072196
-3604558,-32712,-32690,54161742
-3735623,-32710,-32697,54162759
-3473447,-32714,-32729,54160679
-3473470,-32714,-32706,54160702
-4194359,-32703,-32713,54166327
-3735631,-32710,-32689,54162767
-3604537,-32712,-32711,54161721
-65574,-32766,-32730,156240902
-54,-32767,-32714,126093593
-4980818,-32691,-32686,54172498
-458804,-32760,-32716,126224151
-4849702,-32693,-32730,54171430;54531097;54532121
-3407944,-32715,-32696,54160200
-40,-32767,-32728,156241412
-196652,-32764,-32724,156239872
-4587607,-32697,-32681,54169431
-4128821,-32704,-32715,54165813
-5046320,-32690,-32720,54172976
-4259908,-32702,-32700,54166852
-41,-32767,-32727,156241411
1441769,21,-32745,204998656
-4522027,-32698,-32725,54168875
-3997762,-32706,-32702,54164802
65482,0,-32714,126094105
-4522039,-32698,-32713,54168887
-52,-32767,-32716,126093591
-5570604,-32682,-32724,54177068
-4456514,-32699,-32702,54168386
-196647,-32764,-32729,156239877
-196646,-32764,-32730,156239878
131035,1,-32731,126094600
-4456490,-32699,-32726,54168362
-37,-32767,-32731,126093576
-3604551,-32712,-32697,54161735
-4259899,-32702,-32709,54166843
-3801147,-32709,-32709,54163259
-5701672,-32680,-32728,54178088
-3539001,-32713,-32711,54161209
-5570605,-32682,-32723,54177069
-3997751,-32706,-32713,54164791
-5177415,-32688,-32697,54174023
-3932243,-32707,-32685,54164307
2097141,31,-32757,123996677
-44,-32767,-32724,156241408
-4980808,-32691,-32696,54172488
-4653111,-32696,-32713,54169911
131023,1,-32719,126094612
-4063285,-32705,-32715,54165301
-262180,-32763,-32732,156239368
-4915278,-32692,-32690,54171982;183500802
-4522015,-32698,-32737,54168863
-5636135,-32681,-32729,54177575
-4390971,-32700,-32709,54167867
131037,1,-32733,126094598
-4128826,-32704,-32710,54165818
-3211308,-32718,-32724,54158636
-5046353,-32690,-32687,54173009
-983096,-32752,-32712,147590656
-4784166,-32694,-32730,54170918
1441768,21,-32744,204998913
-5308459,-32686,-32725,54175019
-4784165,-32694,-32731,54170917
-4718646,-32695,-32714,54170422
1966069,29,-32757,123994629
-4653106,-32696,-32718,54169906
-393268,-32761,-32716,126223639
-3604542,-32712,-32706,54161726
-3670084,-32711,-32700,54162244
65501,0,-32733,126094086
-4522038,-32698,-32714,54168886
-4522034,-32698,-32718,54168882
-4587606,-32697,-32682,54169430;108004867
-4259906,-32702,-32702,54166850
-4522068,-32698,-32684,54168916;108006412
-5046344,-32690,-32696,54173000
-327740,-32762,-32708,126223135
-3407943,-32715,-32697,54160199
-4456492,-32699,-32724,54168364
-4915230,-32692,-32738,54171934
-5570601,-32682,-32727,54177065
-3670080,-32711,-32704,54162240
-4063283,-32705,-32717,54165299
-131131,-32765,-32709,126092574
65485,0,-32717,126094102
-5177391,-32688,-32721,54173999
-5046310,-32690,-32730,54172966
-393252,-32761,-32732,156238344
-4522058,-32698,-32694,54168906
-5111855,-32689,-32721,54173487
-131129,-32765,-32711,126092572
-4718622,-32695,-32738,54170398
-4456493,-32699,-32723,54168365
-4325434,-32701,-32710,54167354
2097139,31,-32755,123996673
-4784158,-32694,-32738,54170910
-4194362,-32703,-32710,54166330
-458788,-32760,-32732,156237832
-3407937,-32715,-32703,54160193
-4849701,-32693,-32731,54171429
-4456488,-32699,-32728,54168360
-4718676,-32695,-32684,54170452;108925440
-196667,-32764,-32709,126092062
-4325440,-32701,-32704,54167360
-5177386,-32688,-32726,54173994
-4718643,-32695,-32717,54170419
-4194361,-32703,-32711,54166329
-4063293,-32705,-32707,54165309
-3407945,-32715,-32695,54160201
327627,4,-32715,126096152
-3801160,-32709,-32696,54163272;110890497;113249795
-4456480,-32699,-32736,54168352
-3801150,-32709,-32706,54163262
-3670072,-32711,-32712,54162232
131032,1,-32728,156242436
-3670069,-32711,-32715,54162229
-1245237,-32748,-32715,147588611
-4325425,-32701,-32719,54167345
-4718633,-32695,-32727,54170409
-3276838,-32717,-32730,54159142
-4784179,-32694,-32717,54170931
-3407834,-32716,38,75760647;76285444
1310732,20,12,238298890
-1179679,-32749,-32737,164364805
1114125,17,13,238296842
1376265,21,9,238292992
524309,8,21,88084226
-917506,-32753,-32766,73401091
13,0,13,88212234
-1114076,-32751,36,171442177
-786433,-32755,-32767,73402114
720918,11,22,88085761
-655348,-32758,12,73403403
196628,3,20,88081667
-131063,-32766,9,88213262
-786411,-32756,21,64487938
-655341,-32758,19,64488960
-1638450,-32742,-32718,212603916
-1835063,-32739,-32713,212601861
-2162748,-32734,-32708,212730626
-1966131,-32737,-32717,212601354
-2097211,-32735,-32709,212599296
-1769524,-32740,-32716,212602890
-2293815,-32732,-32713,212730373
-2228278,-32733,-32714,212598790
-2162741,-32734,-32715,212599303
-4128837,-32704,-32699,194777092
-2293816,-32732,-32712,212731397
-3407955,-32715,-32685,109316100
-458765,-32760,-32755,149949440;147852290
-983054,-32752,-32754,149947392;147981313
-1048565,-32752,11,37224448;139275
-327675,-32763,5,104071937
-262139,-32764,5,104072449
-196603,-32765,5,104072961
-393209,-32762,7,104071169
-393212,-32762,4,104071426;104860161
-5308431,-32686,-32753,198446084
327657,4,-32745,189792776
-5570574,-32682,-32754,198575110
-262131,-32764,13,221512192
-786420,-32756,12,137228
-524287,-32760,1,135169
393192,5,-32744,189793287
-5439506,-32684,-32750,198444290
-5570576,-32682,-32752,198575106
262164,4,20,88082179
393235,6,19,88083204;54529043
327700,5,20,88082691
131090,2,18,88081157
327697,5,17,88082694
-851927,-32755,41,171444230
262163,4,19,88082180;54528019
-983034,-32753,6,73400837
-983033,-32753,7,73400838
-1376251,-32747,5,73533956
-589809,-32759,15,73403918
-720898,-32756,-32766,73402627
-524273,-32760,15,73404430
-786413,-32756,19,64487936
-786412,-32756,20,64487937
2228227,34,3,160172032
-2359351,-32731,-32713,212731910
-589806,-32759,18,64489729
-655346,-32758,14,64489221
-655345,-32758,15,64489220
-2031668,-32736,-32716,212600841
-1835061,-32739,-32715,212602376
-1900597,-32738,-32715,212601864
1114128,17,16,234625538
-2031671,-32736,-32713,212600325
-1966139,-32737,-32709,212600320
-2228283,-32733,-32709,212731137
-4194373,-32703,-32699,194776068
-4194372,-32703,-32700,194776070
-4194376,-32703,-32696,194776322
-4063301,-32705,-32699,194778116
-4390983,-32700,-32697,194772992
458735,6,-32751,191106052
-262137,-32764,7,104072193
-327676,-32763,4,104071938
-196604,-32765,4,104072962
-262138,-32764,6,104072192
-131061,-32766,11,104073221
-196605,-32765,3,104072963;210633736
-131130,-32765,-32710,126092573
-4259914,-32702,-32694,54166858
-1376310,-32746,-32714,147587586
-4194364,-32703,-32708,54166332
-4128824,-32704,-32712,54165816
-3670074,-32711,-32710,54162234
-3670075,-32711,-32709,54162235
-4849712,-32693,-32720,54171440
-5046316,-32690,-32724,54172972
-4456500,-32699,-32716,54168372
-3997745,-32706,-32719,54164785
-4587573,-32697,-32715,54169397
-4194389,-32703,-32683,54166357
-3735614,-32710,-32706,54162750
262089,3,-32713,126095642
-4587565,-32697,-32723,54169389
-458807,-32760,-32713,126224154
-5701673,-32680,-32727,54178089
-4915233,-32692,-32735,54171937
-4063294,-32705,-32706,54165310
-4128827,-32704,-32709,54165819
-983086,-32752,-32722,147590666
-4128840,-32704,-32696,54165832
-3997758,-32706,-32706,54164798
-4980814,-32691,-32690,54172494
-4653097,-32696,-32727,54169897
-3997767,-32706,-32697,54164807
-4259894,-32702,-32714,54166838
-327724,-32762,-32724,156238848
-4522040,-32698,-32712,54168888
-4849704,-32693,-32728,54171432
-5177416,-32688,-32696,54174024
-3735626,-32710,-32694,54162762;113246723
-3539018,-32713,-32694,54161226;108797708;113247745
-4784159,-32694,-32737,54170911
-4456482,-32699,-32734,54168354
-4522022,-32698,-32730,54168870
-4063299,-32705,-32701,54165315
-4718635,-32695,-32725,54170411
65499,0,-32731,126094088
-3997747,-32706,-32717,54164787
-4849735,-32693,-32697,54171463
-4587605,-32697,-32683,54169429;108004870
-5242951,-32687,-32697,54174535
-4653142,-32696,-32682,54169942
-3670093,-32711,-32691,54162253
-1114163,-32750,-32717,147589637
-4063291,-32705,-32709,54165307
-4587563,-32697,-32725,54169387
2097140,31,-32756,123996675
-1245229,-32748,-32723,147588619
-4849709,-32693,-32723,54171437
-4325429,-32701,-32715,54167349
-262188,-32763,-32724,156239360
-4587592,-32697,-32696,54169416
-3670088,-32711,-32696,54162248;110893572
-262204,-32763,-32708,126091551
-262201,-32763,-32711,126091548
-1048622,-32751,-32722,147590154
-4325435,-32701,-32709,54167355
-4980773,-32691,-32731,54172453
2031605,30,-32757,123995653
-4980815,-32691,-32689,54172495;183500800
-4587559,-32697,-32729,54169383
-4653089,-32696,-32735,54169889
-4915248,-32692,-32720,54171952
-3735625,-32710,-32695,54162761;110892033
-4587562,-32697,-32726,54169386
-3866687,-32708,-32705,54163775
-262184,-32763,-32728,156239364
-4259898,-32702,-32710,54166842
-4718638,-32695,-32722,54170414
-3932224,-32707,-32704,54164288
-131106,-32765,-32734,126092549
-3997748,-32706,-32716,54164788
-5636140,-32681,-32724,54177580
-4325460,-32701,-32684,54167380
-4915271,-32692,-32697,54171975
-4259907,-32702,-32701,54166851
-3735621,-32710,-32699,54162757
-43,-32767,-32725,156241409
-4456481,-32699,-32735,54168353
-131107,-32765,-32733,126092550
-4456516,-32699,-32700,54168388
-4784175,-32694,-32721,54170927
-4194370,-32703,-32702,54166338
-4784201,-32694,-32695,54170953
-4849708,-32693,-32724,54171436
-4980782,-32691,-32722,54172462
-131128,-32765,-32712,126092571
-3407916,-32715,-32724,54160172
-5570606,-32682,-32722,54177070
1507309,22,-32749,204999172
-3539019,-32713,-32693,54161227
-5046309,-32690,-32731,54172965
-3539010,-32713,-32702,54161218
-4390950,-32700,-32730,54167846
-4849705,-32693,-32727,54171433
-4259891,-32702,-32717,54166835
-3801154,-32709,-32702,54163266
-4063303,-32705,-32697,54165319
-5242928,-32687,-32720,54174512
-5505067,-32683,-32725,54176555
-4587575,-32697,-32713,54169399
-1310769,-32747,-32719,147588103
-4522024,-32698,-32728,54168872
-4522029,-32698,-32723,54168877
-50,-32767,-32718,126093589
786430,11,-32766,68421637
-2883582,-32724,2,153602
-1114122,-32750,-32758,75498759
-2293723,-32733,37,172361224
524284,7,-32764,68419587
-3604455,-32713,25,159257
1441779,21,-32755,99747587;183242240
1310692,19,-32740,206307331
262112,3,-32736,120064003
-917565,-32753,-32707,159121408;158334977
1441782,21,-32758,106693130
-1048555,-32752,21,172492294
720821,10,-32693,175639555
-1245166,-32749,18,172490755
-196618,-32764,-32758,131336192;147854341
-983019,-32753,21,172492806
-1966044,-32738,36,219547652
-196633,-32764,-32743,84805891
65506,0,-32738,120062469
-1703897,-32742,39,219414536
-1441819,-32745,-32741,168035328
-1638366,-32743,34,219415040;216924673
-327707,-32762,-32741,84806917
-32,-32767,-32736,120061955
-786481,-32755,-32719,155976714
589749,8,-32693,175642628
-786482,-32755,-32718,155976713
720823,10,-32695,175643652
917429,13,-32693,175638532
-131098,-32765,-32742,84805380
786356,11,-32692,175636482
-327708,-32762,-32740,84806918
917428,13,-32692,175638530
917430,13,-32694,175641601
786355,11,-32691,175636480;183240192
-2228181,-32734,43,180879874
655283,9,-32691,175642624
917432,13,-32696,175644674
65504,0,-32736,120062467;122946049
-31,-32767,-32737,120061956
-1638409,-32742,-32759,171705346
-917559,-32753,-32713,155975684
-1900538,-32739,6,180619264;172098572
-655419,-32757,-32709,155977728
-131096,-32765,-32744,84805378
-1572870,-32743,-32762,171705861
-852025,-32754,-32711,155976194
262136,3,-32760,190578694
-1572875,-32743,-32757,171705856
-2162644,-32735,44,180880387
-131088,-32765,-32752,189661709
-4653125,-32696,-32699,60037124
1048595,16,19,240518147
-327687,-32762,-32761,185860098
1048513,15,-32705,173540354
-1769466,-32741,6,171966476
-786489,-32755,-32711,155976706
-1638386,-32743,14,171967508
-1966097,-32737,-32751,167247875
1834981,27,-32741,205261569
-983059,-32752,-32749,165150736
1703909,25,-32741,205260545
1638375,24,-32743,205259777
-1572854,-32744,10,171968016
-851999,-32754,-32737,165151748
-1507323,-32745,5,171968523
-1638393,-32743,7,171967501
-589853,-32758,-32739,186908672
-852021,-32754,-32715,155976198
851900,12,-32700,174855172
-458781,-32760,-32739,165154822
-5374044,-32685,-32676,183242246
589799,8,-32743,190054404
-917523,-32753,-32749,165151248
-1703942,-32741,-32762,171704837
-1638408,-32742,-32760,171705347
-1441797,-32745,-32763,171706886
-1507339,-32744,-32757,171706368
-1703927,-32742,9,171966991
-1769462,-32741,10,171966480
-655381,-32757,-32747,165153294;161484040
-1376264,-32746,-32760,171707395
-1376267,-32746,-32757,171707392
-589845,-32758,-32747,165153806;161485064
-524324,-32759,-32732,165154561
-1900539,-32739,5,172098571
-1376261,-32746,-32763,171707398
-1507335,-32744,-32761,171706372
-1835000,-32740,8,172098062
-1900542,-32739,2,172098568
-1310729,-32747,-32759,171707906
-2097166,-32735,-32754,167379974
-1441781,-32746,11,171969041
-786488,-32755,-32712,155976707
-2293770,-32732,-32758,167381514
-1703935,-32742,1,171966983
-851995,-32754,-32741,165151752
-786469,-32755,-32731,165152514
-655392,-32757,-32736,165153283
655331,9,-32739,190054912
655333,9,-32741,190054914
786364,11,-32700,174854148
-524323,-32759,-32733,165154304
-1900559,-32738,-32753,167248389
-852019,-32754,-32717,155976200
1572883,24,19,117705224
-720946,-32756,-32718,155977225
-655418,-32757,-32710,155977729
-2031634,-32736,-32750,167379458
786416,11,-32752,193200646
-3866601,-32709,23,161303
1769506,27,34,168560656
-4194380,-32703,-32692,111411715;108791296
-1900518,-32739,26,182977548
1638429,25,29,168558598
-917477,-32754,27,179831810
1179670,18,22,240386054
-393219,-32761,-32765,134915
-4915269,-32692,-32699,60035076
-1769447,-32741,25,182978571
1114135,17,23,240517639
-3735549,-32711,3,160259
1703970,26,34,168559632
-1179638,-32750,10,140298
-3866623,-32709,1,161281
-1507391,-32744,-32705,159650306
-3866614,-32709,10,161290
1048586,16,10,54534154
262177,4,33,54528033;72092672
1245203,19,19,240386563
-3407871,-32716,1,157697
-983078,-32752,-32730,139463175
1179667,18,19,240386051
-1376320,-32746,-32704,159651329
-3473402,-32715,6,158214
-3538919,-32714,25,158745
-3735638,-32710,-32682,112461066
589801,8,-32745,189794824
1769480,27,8,156762627
196581,2,-32741,189532162
-1835071,-32739,-32705,159647746
-3801090,-32709,-32766,161538
-3407868,-32716,4,157700
917514,14,10,54533130
-786423,-32756,9,137225
1376275,21,19,240387587
-1507381,-32744,-32715,159650316
-4849729,-32693,-32703,60035592
-5242949,-32687,-32699,60032516
35,0,35,54525987
-4980780,-32691,-32724,54536217;54534169;54535193;54172460
-2883584,-32724,0,153600
1310740,20,20,240387076
851904,12,-32704,173670913
-5374022,-32685,-32698,60031491
393251,6,35,54529059;72094724
-3932157,-32708,3,161795
-852000,-32754,-32736,26084352
1114133,17,21,240517637
-5111878,-32689,-32698,60033539
-458727,-32761,25,84541953
-1376296,-32746,-32728,142090250
-131091,-32765,-32749,189661706
-2293717,-32733,43,180879362
-1376263,-32746,-32761,171707396
589812,8,-32756,190581250
-917549,-32753,-32723,155975694
393253,6,37,72094728
-720951,-32756,-32713,155977220
-1769465,-32741,7,171966477
-458784,-32760,-32736,165154819
655352,9,-32760,190581766
327716,5,36,72093702
-1572874,-32743,-32758,171705857
-1638387,-32743,13,171967507
851943,12,-32743,190056452
-1441801,-32745,-32759,171706882
-3932232,-32707,-32696,108794368
-1703924,-32742,12,171966994
-1441778,-32746,14,171969044
-917558,-32753,-32714,155975685
-4325468,-32701,-32676,108928783
-4325453,-32701,-32691,108789760
-1638403,-32742,-32765,171705352
-3866697,-32708,-32695,108794627
-1245194,-32748,-32758,171708417
-1638399,-32743,1,171967495
-1834996,-32740,12,172098066
1572887,24,23,236978176;236980224;236979200;235668239
-3604567,-32712,-32681,108790040
-1245193,-32748,-32759,171708418
-4390998,-32700,-32682,108009481;54167894
-1769459,-32741,13,171966483
-3342421,-32716,-32683,108794651
-852023,-32754,-32713,155976196
-3211343,-32718,-32689,108797717
-393247,-32761,-32737,165155332
-1638398,-32743,2,171967496
-851987,-32754,-32749,165151760
589798,8,-32742,190054403
-1441782,-32746,10,171969040
-1441799,-32745,-32761,171706884
458773,7,21,88083714
786443,12,11,88086284
786453,12,21,88086274
327698,5,18,88082693
-851964,-32755,4,73401859
-458740,-32761,12,73404939
65527,0,-32759,190842373
-1114071,-32751,41,171442182
196630,3,22,88081665
-851933,-32755,35,171444224
-589807,-32759,17,73403920
-1310715,-32748,5,73533444
65564,1,28,88080389
-1376249,-32747,7,73533958
-917463,-32754,41,171443718
-917504,-32754,0,73401601
-983005,-32753,35,171443200
-1376250,-32747,6,73533957
-393203,-32762,13,73405452
-458739,-32761,13,73404940
-1376253,-32747,3,73533954
-655324,-32758,36,171445761
-720857,-32757,39,171445252
131058,1,-32754,190842880
-1048573,-32752,3,73400322
-1179642,-32750,6,73532421
-1441786,-32746,6,73534469
-983035,-32753,5,73400836
-1376258,-32746,-32766,73534723
-1048577,-32751,-32767,73532162
-1179644,-32750,4,73532419
-1179650,-32749,-32766,73533187
-1441790,-32746,2,73534465
196596,2,-32756,190843394
-589810,-32759,14,73403917
65526,0,-32758,190842372
-1441785,-32746,7,73534470
-655349,-32758,11,73403402
-1114112,-32751,0,73532161
196597,2,-32757,190843395
196594,2,-32754,190843392
-720891,-32757,5,73402884
-655353,-32758,7,73403398
-1048571,-32752,5,73400324
-1245180,-32749,4,73532931
-851955,-32755,13,64487686
-786434,-32755,-32766,73402115
-720893,-32757,3,73402882
-524271,-32760,17,73404432
-5505040,-32683,-32752,198443010
2293764,35,4,156762112
-458747,-32761,5,134661
-5308430,-32686,-32754,198446086
-4784211,-32694,-32685,183632898
-3538921,-32714,23,158743
327653,4,-32741,189792772
-3801080,-32710,8,160776
589811,8,-32755,190581249
-852015,-32754,-32721,155976204
-1769482,-32740,-32758,171704321
-2228183,-32734,41,180879872
-786480,-32755,-32720,155976715
-458736,-32761,16,219940872;221643779
-1703940,-32741,-32764,171704839
-1900540,-32739,4,172098570
-1310731,-32747,-32757,171707904
-1900543,-32739,1,172098567
524275,7,-32755,190580737
262179,4,35,72092676;54528035
-1835007,-32740,1,172098055
-393246,-32761,-32738,165155333
524277,7,-32757,190580739
589795,8,-32739,190054400
524279,7,-32759,190580741
327717,5,37,72093704
-1703939,-32741,-32765,171704840
-1703931,-32742,5,171966987;178785286
-3211345,-32718,-32687,108796184
-1769468,-32741,4,171966474
-1507337,-32744,-32759,171706370
-1638401,-32742,-32767,171705354
-1572857,-32744,7,171968013
-4587598,-32697,-32690,205783050;183501832
-1572858,-32744,6,171968012
-3407960,-32715,-32680,108791582
720868,10,-32740,190055425
-3997769,-32706,-32695,108792832
-4456537,-32699,-32679,108927244
-393237,-32761,-32747,165155342
-1572851,-32744,13,171968019
786406,11,-32742,190055939
786404,11,-32740,190055937
-851994,-32754,-32742,165151753
-3407958,-32715,-32682,108793115
-3866715,-32708,-32677,108790037
-4456538,-32699,-32678,108928780
-1638390,-32743,10,171967504
-589859,-32758,-32733,165153792
-720947,-32756,-32717,155977224
1638373,24,-32741,205260033
-196627,-32764,-32749,165156880
-1572859,-32744,5,171968011
-1638411,-32742,-32757,171705344
-720948,-32756,-32716,155977223
589796,8,-32740,190054401
-458774,-32760,-32746,165154829
-1638394,-32743,6,171967500
-2883586,-32723,-32766,154370
-1966061,-32738,19,182977030
-4653129,-32696,-32695,60037120
-1441846,-32745,-32714,147587074
327651,4,-32739,189792770
1769499,27,27,168560642
-3801170,-32709,-32686,112460034;54163282
-2097136,-32736,16,183108613
-3145718,-32720,10,155658
-3604456,-32713,24,159256
-1507385,-32744,-32711,159650312
-3735551,-32711,1,160257
-3276789,-32718,11,156683
-1834982,-32740,26,182978060
-1507388,-32744,-32708,159650309
-3866610,-32709,14,161294
-3473386,-32715,22,158230
-5439560,-32684,-32696,60030977
-5111851,-32689,-32725,54532117;54531093;54173483
2555914,39,10,156763651
-1769536,-32740,-32704,159648257
-5177413,-32688,-32699,60033028
393243,6,27,54529051
15,0,15,54525967;221512706
-3080180,-32721,12,155148
-5374024,-32685,-32696,60031489
393241,6,25,54529049
-3670014,-32712,2,159746
-1507384,-32744,-32712,159650313
-1507383,-32744,-32713,159650314
1114132,17,20,240517636
-3735557,-32710,-32763,161029
196586,2,-32746,189532167
-4849733,-32693,-32699,60035588
-3342337,-32716,-32767,157953
-3670007,-32712,9,159753
-852006,-32754,-32730,139464199
-5374025,-32685,-32695,60031488
1179666,18,18,240386050
-4128828,-32704,-32708,54165820
-3735608,-32710,-32712,54162744
-4587576,-32697,-32712,54169400
131033,1,-32729,156242437
-4784212,-32694,-32684,54170964
-4194377,-32703,-32695,54166345
196552,2,-32712,126095131
-3670096,-32711,-32688,54162256
-4456486,-32699,-32730,54168358
-4390969,-32700,-32711,54167865
-3801153,-32709,-32703,54163265
-4587551,-32697,-32737,54169375
-2949145,-32722,-32743,56623104
-2883666,-32723,-32686,186646532;186387968
-1179702,-32749,-32714,147589122
-1310768,-32747,-32720,147588104
-5373983,-32685,-32737,56625152
-1048551,-32752,25,179830784
-1507379,-32744,-32717,159650318
-1310770,-32747,-32718,147588102
-65511,-32767,25,84412929
-458725,-32761,27,84541955
-1114085,-32751,27,179962370
1441816,22,24,90707458
-1572925,-32743,-32707,159649796
851993,13,25,90703360
655337,9,-32745,189795336
1048543,15,-32735,206177284
1769501,27,29,168560646
-1572923,-32743,-32709,159649798
-983015,-32753,25,179831296
-983085,-32752,-32723,147590667
-1441845,-32745,-32715,147587075
1769505,27,33,168560654
-1310776,-32747,-32712,147588096
1638434,25,34,168558608
-1376302,-32746,-32722,147587594
-983095,-32752,-32713,147590657
-2686973,-32727,3,152067
-1114167,-32750,-32713,147589633
-1441843,-32745,-32717,147587077
-786472,-32755,-32728,139723266
-1638447,-32742,-32721,142088195
2490285,37,-32685,223347978
-1769515,-32740,-32725,142087175
-1834990,-32740,18,173016066
-2031662,-32736,-32722,142085124
2555824,38,-32688,223348487
-1507374,-32744,-32722,142089220
2555828,38,-32692,223348736
-2490415,-32729,-32721,142213635
-1310758,-32747,-32730,142090764
-4325344,-32702,32,179307012
1834921,27,-32681,224658183
-983008,-32753,32,172754954
-1376295,-32746,-32729,142090251
-2293808,-32732,-32720,142083074
-917480,-32754,24,172755458
-5439477,-32685,11,195429378
-1507312,-32745,16,173018624
-1507370,-32744,-32726,142089224
2424749,36,-32685,223479050
-589834,-32758,-32758,147851269
-983006,-32753,34,172754956
-983002,-32753,38,178257920
-1572908,-32743,-32724,142088710
-1703983,-32741,-32721,142087683
-1441774,-32746,18,173019138
-327696,-32762,-32752,147853569
-2031663,-32736,-32721,142085123
-1179617,-32750,31,172753417
-786439,-32755,-32761,147849736
-1507305,-32745,23,173018631
-2097192,-32735,-32728,142084618
-1441769,-32746,23,173019143
-983001,-32753,39,178257922
-983007,-32753,33,172754955
1310747,20,27,168821762
2424753,36,-32689,223347462
-1835053,-32739,-32723,142086661
-1376228,-32747,28,173019660
-1441768,-32746,24,173019144
-1179619,-32750,29,172753415
-2293800,-32732,-32728,142083082
-655367,-32757,-32761,147850760
-786406,-32756,26,172756484
2621359,39,-32687,223349000
-3669977,-32712,39,76415493
-655333,-32758,27,172757509
-1507313,-32745,15,173018881
-1834987,-32740,21,173016069
-1900588,-32738,-32724,142086150
-1507300,-32745,28,173018636
1245216,19,32,168820748
-1966115,-32737,-32733,142085647
-851985,-32754,-32751,147849474
-524265,-32760,23,172759040
-1048552,-32752,24,172754434
-1376237,-32747,19,173019651
-1638373,-32743,27,173017611
-1966125,-32737,-32723,142085637
-2097200,-32735,-32720,142084610
1245218,19,34,168820752
-1572839,-32744,25,173018121
65517,0,-32749,189531146
-1179618,-32750,30,172753416
-1179623,-32750,25,172753411
-3145809,-32719,-32687,186515970;186647558
-1048593,-32751,-32751,147982082
-655370,-32757,-32758,147850757
-2293805,-32732,-32723,142083077
-393229,-32761,-32755,147852802
-1966126,-32737,-32722,142085636
-851942,-32755,26,172755972
-786443,-32755,-32757,147849732
-3014738,-32721,-32686,186385920
-3080273,-32720,-32687,186384898
-1245159,-32749,25,172752899
-1376292,-32746,-32732,142090254
-458767,-32760,-32753,147852288
1572782,23,-32686,224789506
-524300,-32759,-32756,147851779
-1114088,-32751,24,172753922
-1507365,-32744,-32731,142089229
1114144,17,32,148638209
-786441,-32755,-32759,147849734
-2031658,-32736,-32726,142085128
-2031664,-32736,-32720,142085122
1638319,24,-32687,224788995
-65564,-32766,-32740,189530113
-1835048,-32739,-32728,142086666
-1179622,-32750,26,172753412
65521,0,-32753,189531150
-1441837,-32745,-32723,142089733
-1179625,-32750,23,172753409
-1507304,-32745,24,173018632
196585,2,-32745,189532166
-1376236,-32747,20,173019652
-1835051,-32739,-32725,142086663
-3604544,-32712,-32704,54161728
-3932220,-32707,-32708,54164284
-4194354,-32703,-32718,54166322
1507306,22,-32746,204999169
-131113,-32765,-32727,156240387
-458796,-32760,-32724,156237824
-3866682,-32708,-32710,54163770
-4653109,-32696,-32715,54169909
-4849706,-32693,-32726,54171434
-3735613,-32710,-32707,54162749
-3473473,-32714,-32703,54160705
1245192,19,8,117443586
1441770,21,-32746,204998657
-262175,-32763,-32737,126091522
-131116,-32765,-32724,156240384
1114053,16,-32709,173278721
-393251,-32761,-32733,156238345
-5308463,-32686,-32721,54175023
-4390968,-32700,-32712,54167864
1966068,29,-32756,123994627
-3604557,-32712,-32691,54161741
-4259887,-32702,-32721,54166831
-4980779,-32691,-32725,54172459
-196660,-32764,-32716,126092055
-3473480,-32714,-32696,54160712
-458794,-32760,-32726,156237826
-4522019,-32698,-32733,54168867
-4390953,-32700,-32727,54167849
-4587570,-32697,-32718,54169394
-4325442,-32701,-32702,54167362
-3997760,-32706,-32704,54164800
-4325423,-32701,-32721,54167343
-5111887,-32689,-32689,54173519
327654,4,-32742,189792773
-5177382,-32688,-32730,54173990
-4390964,-32700,-32716,54167860
196555,2,-32715,126095128
-5242958,-32687,-32690,54174542
-1572912,-32743,-32720,159649809
-4915249,-32692,-32719,54171953
-4325433,-32701,-32711,54167353
131029,1,-32725,156242433
-327738,-32762,-32710,126223133
-4259896,-32702,-32712,54166840
-4522017,-32698,-32735,54168865
-4325428,-32701,-32716,54167348
-4522018,-32698,-32734,54168866
-4522026,-32698,-32726,54168874
982982,14,-32710,173277698
-4128817,-32704,-32719,54165809
-4390981,-32700,-32699,54167877
-4390959,-32700,-32721,54167855
-5177422,-32688,-32690,54174030
-3342379,-32716,-32725,54159659
1507356,23,28,169083908
458728,6,-32744,189793799
-4653093,-32696,-32731,54169893
-4522016,-32698,-32736,54168864
-5177384,-32688,-32728,54173992
-2424882,-32730,-32718,159779343
1966063,29,-32751,115607041
-1310767,-32747,-32721,147588105
1441767,21,-32743,204998914
-3407936,-32715,-32704,54160192
-4784169,-32694,-32727,54170921
-4784168,-32694,-32728,54170920
-4718674,-32695,-32686,54170450
-327718,-32762,-32730,156238854
-4325449,-32701,-32695,54167369
-3735616,-32710,-32704,54162752
-327719,-32762,-32729,156238853
-3670071,-32711,-32713,54162231
-5111856,-32689,-32720,54173488
-3473474,-32714,-32702,54160706
1376233,20,-32745,204998144
-4128820,-32704,-32716,54165812
196551,2,-32711,126095132
-4325462,-32701,-32682,54167382
1966066,29,-32754,115607047
-3539015,-32713,-32697,54161223
-4522037,-32698,-32715,54168885
-5046352,-32690,-32688,54173008
-4587552,-32697,-32736,54169376
-131112,-32765,-32728,156240388
-1572915,-32743,-32717,159649806
-3801171,-32709,-32685,54163283
1572894,24,30,169084936
-53,-32767,-32715,126093592
-4259905,-32702,-32703,54166849
2359301,36,5,156762625
-3997705,-32706,-32759,163081
-3211253,-32719,11,156171
-2031665,-32736,-32719,159646224
851907,12,-32707,173670916
-4718664,-32695,-32696,60036609
-5046342,-32690,-32698,60034051
-4522055,-32698,-32697,60038146
-2752530,-32725,-32750,153362
-1638461,-32742,-32707,159649284
-3801083,-32710,5,160773
-393216,-32762,0,134144
-4915267,-32692,-32701,60035078
131066,1,-32762,185863683
-851957,-32755,11,137739
-3276793,-32718,7,156679
458726,6,-32742,189793797
655336,9,-32744,189795335
-4849730,-32693,-32702,60035591
-1638415,-32742,-32753,164103699
-131041,-32766,31,72617985
-393201,-32762,15,221643266
-4653124,-32696,-32700,60037125
-1703967,-32741,-32737,164103171
-4784200,-32694,-32696,60036097
-2949104,-32723,16,154128
524263,7,-32743,189794310
-1376319,-32746,-32705,159651330
-2752528,-32725,-32752,153360
-458731,-32761,21,221643270
-5046339,-32690,-32701,60034054
-3735555,-32710,-32765,161027
-4587599,-32697,-32689,183502854
-1572922,-32743,-32710,159649799
-1638433,-32742,-32735,164103681
-4784194,-32694,-32702,60036103
-1245221,-32748,-32731,139461128
-3670015,-32712,1,159745
-524336,-32759,-32720,128058892
-3211247,-32719,17,156177
-4784208,-32694,-32688,183502852
-2686992,-32726,-32752,152848
-3866600,-32709,24,161304
-4587591,-32697,-32697,60037634
-4915268,-32692,-32700,60035077
-3538945,-32713,-32767,159489
-3866618,-32709,6,161286
-3342314,-32717,22,157206
-3866603,-32709,21,161301
2228230,34,6,156893698
-4784198,-32694,-32698,60036099
-4784196,-32694,-32700,60036101
-3407870,-32716,2,157698
-4653131,-32696,-32693,183502862
-196585,-32765,23,221512712
-4849742,-32693,-32690,183500804
-3669993,-32712,23,159767
-3080173,-32721,19,155155
-5439501,-32684,-32755,198444040
-4456526,-32699,-32690,183502858
-2424846,-32730,-32754,34473218
-5570577,-32682,-32751,198575104
-2097118,-32736,34,172228613
-1048580,-32751,-32764,75499265
1310658,19,-32706,173542403
-458768,-32760,-32752,147852545
-851944,-32755,24,172755970
-5701618,-32681,14,195297280
-1572847,-32744,17,173018113
-524304,-32759,-32752,147852033
-655400,-32757,-32728,139724290
-1966123,-32737,-32725,142085639
1703907,25,-32739,205521414
-720874,-32757,22,172756992
-4390882,-32701,30,179306498
-983011,-32753,29,172754951
-1900579,-32738,-32733,142086159
-1310759,-32747,-32729,142090763
-1572846,-32744,18,173018114
2555822,38,-32686,223348489
-5505011,-32684,13,195297282
-1441765,-32746,27,173019147
-2490414,-32729,-32722,142213636
-1376238,-32747,18,173019650
-1048591,-32751,-32753,147981824
-1507373,-32744,-32723,142089221
2490290,37,-32690,223347972
-1703975,-32741,-32729,142087691
-1310764,-32747,-32724,142090758
-1769451,-32741,21,173016581
-2097194,-32735,-32726,142084616
-1638375,-32743,25,173017609
-3473366,-32715,42,76284936
-1114082,-32751,30,172753928
-1179620,-32750,28,172753414
2359215,35,-32687,223479560
-524262,-32760,26,172758532
2424751,36,-32687,223478536
-1048542,-32752,34,172754444
-3604439,-32713,41,76283911
-1572844,-32744,20,173018116
-655335,-32758,25,172757507
-2228271,-32733,-32721,142083587
-2031657,-32736,-32727,142085129
-524326,-32759,-32730,139725316
2359216,35,-32688,223479559
-983010,-32753,30,172754952
2293678,34,-32686,223480073
-3342299,-32717,37,76285955
-1376297,-32746,-32727,142090249
-1703918,-32742,18,173017090
-1376300,-32746,-32724,142090246
-2162730,-32734,-32726,142084104
2490289,37,-32689,223347974
-1507375,-32744,-32721,142089219
-3473365,-32715,43,76284937
-3276762,-32718,38,76286468
-1376229,-32747,27,173019659
-1703910,-32742,26,173017098
-589801,-32759,23,172758017
-1769508,-32740,-32732,142087182
-1245162,-32749,22,172752896
589851,9,27,90833410
-1114168,-32750,-32712,147589632
1245208,19,24,90706689
1114077,16,-32733,206176770
1507307,22,-32747,204999170
917531,14,27,90703874
-1114162,-32750,-32718,147589638
-3866711,-32708,-32681,112592140
-3211252,-32719,12,156172
-1376306,-32746,-32718,147587590
-1703984,-32741,-32720,159648785
983062,15,22,90704643
1441814,22,22,90708227
-1441847,-32745,-32713,147587073
-1048550,-32752,26,179830785
-2818049,-32724,-32767,153857
-3014639,-32722,17,154641
-393184,-32762,32,84410376
-1441841,-32745,-32719,147587079
-2359346,-32731,-32718,159778831
-1114087,-32751,25,179962368
-1245231,-32748,-32721,147588617
-1572924,-32743,-32708,159649797
-3276795,-32718,5,156677
-1179704,-32749,-32712,147589120
1703968,26,32,168559628
-1572917,-32743,-32715,159649804
-917478,-32754,26,179831809
1638433,25,33,168558606
1769502,27,30,168560648
-3801077,-32710,11,160779
-458751,-32761,1,134657
-1179701,-32749,-32715,147589123
65500,0,-32732,126094087
-4718628,-32695,-32732,54170404
-4849707,-32693,-32725,54171435
-4456489,-32699,-32727,54168361
-4653086,-32696,-32738,54169886
-4980807,-32691,-32697,54172487
-4718642,-32695,-32718,54170418
-3801168,-32709,-32688,54163280
-3997750,-32706,-32714,54164790
-458787,-32760,-32733,156237833
-3932210,-32707,-32718,54164274
-458792,-32760,-32728,156237828
-3932218,-32707,-32710,54164282
-3145712,-32720,16,155664
-5177414,-32688,-32698,60033027
-524284,-32760,4,135172
2228229,34,5,156893697
-3014641,-32722,15,154639
-3801071,-32710,17,160785
-3080174,-32721,18,155154
-1638434,-32742,-32734,164103680
-393195,-32762,21,221511686
-3735548,-32711,4,160260
-1507376,-32744,-32720,159650321
-5177411,-32688,-32701,60033030
-3473383,-32715,25,158233
-5046341,-32690,-32699,60034052
-3932167,-32707,-32761,162567
-3473410,-32714,-32766,158978
-3473404,-32715,4,158212
-3932168,-32707,-32760,162568
2228235,34,11,156893703
-1507390,-32744,-32706,159650307
1114049,16,-32705,173540866
-1769535,-32740,-32705,159648258
-5242950,-32687,-32698,60032515
2162700,33,12,156894216
1245121,18,-32705,173541890
-1900606,-32738,-32706,159647235
327652,4,-32740,189792771
-2228274,-32733,-32718,159777807
-3604477,-32713,3,159235
-3801074,-32710,14,160782
-1704000,-32741,-32704,159648769
-4849744,-32693,-32688,183502850
262113,3,-32737,189792256
-65521,-32767,15,221512194
-4653132,-32696,-32692,183502860
-524288,-32760,0,135168
-3276781,-32718,19,156691
-5374023,-32685,-32697,60031490
262116,3,-32740,189792259
-4456529,-32699,-32687,183503880
-4653123,-32696,-32701,60037126
-5505042,-32683,-32750,198443266
2359306,36,10,156762630
-2621458,-32727,-32750,152338
-3080172,-32721,20,155156
-3538922,-32714,22,158742
-3866608,-32709,16,161296
-1245172,-32749,12,140812
393147,5,-32699,175112198
-3801079,-32710,9,160777
-2424847,-32730,-32753,34473220
-3473405,-32715,3,158211
-1114101,-32751,11,139787
-851959,-32755,9,137737
-2490383,-32729,-32753,34474244
-589816,-32759,8,135688
-3801072,-32710,16,160784
-2359311,-32731,-32753,34341124
655361,10,1,68421128
-2293775,-32732,-32753,34342148
655357,9,-32765,68420612
589821,8,-32765,68420100
-3473412,-32714,-32764,158980
-524283,-32760,5,135173
-1179656,-32749,-32760,75498245
-3866632,-32708,-32760,162056
-3080181,-32721,11,155147
-3801086,-32710,2,160770
-1245187,-32748,-32765,75497472
-262150,-32763,-32762,185860611
-3866620,-32709,4,161284
589819,8,-32763,68420098
-3145707,-32720,21,155669
-3866612,-32709,12,161292
-3670006,-32712,10,159754
-3145714,-32720,14,155662
-2621459,-32727,-32749,152339
196602,2,-32762,68553217
-3473384,-32715,24,158232
-5505041,-32683,-32751,198443008
-2424845,-32730,-32755,34472960
-5308433,-32686,-32751,198446080
-65582,-32766,-32722,127928334
-65584,-32766,-32720,127928332
-2097123,-32736,29,172228608
-983051,-32752,-32757,147981316
-1441762,-32746,30,172233729
-65581,-32766,-32723,127928335
-1179689,-32749,-32727,139461636
-851986,-32754,-32750,147849475
2424761,36,-32697,227280130
-2228187,-32734,37,172360712
262097,3,-32721,127930893
131027,1,-32723,127929871
-65515,-32767,21,222429696
-2359344,-32731,-32720,142082562
-2228191,-32734,33,172360708
-65516,-32767,20,222429953
-524342,-32759,-32714,128058886
-2031574,-32737,42,172229133
-1310688,-32748,32,172234755
-1638416,-32742,-32752,164103698
-589876,-32758,-32716,128059400
-393264,-32761,-32720,128057868
-524341,-32759,-32715,128058887
-1835021,-32739,-32755,164102165
-458764,-32760,-32756,147852291
-1572835,-32744,29,172232704
-1114150,-32750,-32730,139462151
-131118,-32765,-32722,127927822
-1703979,-32741,-32725,142087687
-852009,-32754,-32727,139464196
-1900566,-32738,-32746,164233740
-1769491,-32740,-32749,164102671
-131093,-32765,-32747,189661704
-1245148,-32749,36,172235271
-2293724,-32733,36,172361223
-1900585,-32738,-32727,142086153
1572851,23,-32755,99746563
-1572880,-32743,-32752,164104210
-1179616,-32750,32,172235779
-655408,-32757,-32720,128059916
-1966037,-32738,43,172229646
-1966050,-32738,30,172229633
-3080275,-32720,-32685,186385154
-3801064,-32710,24,160792
-3342326,-32717,10,157194
-393205,-32762,11,134155
2359307,36,11,156762631
-2490385,-32729,-32751,34474248
-3801068,-32710,20,160788
393186,5,-32738,189793281
1638317,24,-32685,224788993
-5439545,-32684,-32711,140509187
-3211226,-32719,38,76286980
-4194273,-32704,31,179308035
-2162696,-32734,-32760,100270593
1769444,26,-32740,205521927
-5374011,-32685,-32709,140510465
-458769,-32760,-32751,147852546
2555861,38,-32725,207094788
-1966087,-32737,-32761,100140034
-5439546,-32684,-32710,140509185
589816,8,-32760,190581254
1703906,25,-32738,205521413
2621398,39,-32726,207095301
-1966089,-32737,-32759,100140032
-851984,-32754,-32752,147849473
-458729,-32761,23,84542209
-2162670,-32735,18,184419330
-1572881,-32743,-32751,164104209
-1769490,-32740,-32750,164102672
-1638418,-32742,-32750,164103696
-458730,-32761,22,84542210
-65559,-32766,-32745,189530118
-65563,-32766,-32741,189530114
-1835025,-32739,-32751,164102161
-1114155,-32750,-32725,139462146
-1572898,-32743,-32734,164104192
-1507342,-32744,-32754,164104724
196580,2,-32740,189532161
655294,9,-32702,176422914
-1703970,-32741,-32734,164103168
