mapId,posX,posY,subAreaId,outdoor,name
126092036,-4,-33,178,True,
54169392,-71,-48,604,True,
54172499,-77,-83,606,True,
126094620,1,-57,809,True,
54176047,-84,-47,602,True,
54162755,-58,-67,604,True,
54167344,-67,-48,604,True,
54160714,-54,-74,609,True,
54160710,-54,-70,609,True,
54526976,2,0,601,False,
54525981,0,29,601,False,
153888002,0,0,449,True,
169348096,27,26,871,False,Koutoulou's Temple - Fourth Room
54163264,-59,-64,604,True,
126092052,-4,-49,519,True,
54160191,-53,-63,604,True,
54162243,-57,-67,604,True,
54174541,-81,-77,606,True,
54163769,-60,-57,615,True,
110102528,-52,-87,791,False,Sylargh's Carrier - Annexe
236716546,12,2,1046,True,
54164293,-61,-69,608,True,
161613060,0,0,1036,True,
54182221,0,0,606,True,
54161220,-55,-68,604,True,
126092545,-3,-30,178,True,
156240385,-3,-43,56,True,
159649285,-26,-60,43,True,
60034568,-77,-65,605,True,
224397057,0,0,1021,False,
135266821,5,9,828,True,
136451,-10,-3,232,True,
68551172,6,-3,1,True,
54165821,-64,-61,604,True,
126092037,-4,-34,178,True,
54166324,-65,-52,615,True,
54171935,-76,-31,602,True,
75631362,0,0,231,True,
153880322,3,-2,443,True,
237905967,0,0,904,True,
54790154,4,10,600,False,
155663,-48,15,453,True,
237783092,0,0,904,False,
161742848,3,-9,852,False,
160956929,1,1,856,True,
215876868,-22,33,980,False,
75498755,-18,-6,231,True,
237764614,0,0,904,True,
237774854,0,0,904,True,
237898786,0,0,904,True,
54169418,-71,-74,611,True,
54166834,-66,-50,604,True,
54161731,-56,-67,604,True,
54157626,0,0,604,True,
198444038,-84,-14,917,True,
68553216,2,-7,180,True,
237768704,0,0,904,False,
111412737,-68,-78,616,True,
168691714,0,0,866,True,
162793482,0,0,851,False,Pyramid Haven Bag
168560640,27,26,866,True,
99614726,24,-4,161,True,
215746316,0,0,980,True,Ritual Room
237768743,0,0,904,False,
156240901,-2,-39,56,True,
54166846,-66,-62,604,True,
54167866,-68,-58,604,True,
54154558,0,0,601,True,
54159146,-51,-42,652,True,
156241922,0,-42,56,True,
54167893,-68,-85,610,True,
54176046,-84,-46,602,True,
129761280,-10,-5,822,True,
54163252,-59,-52,604,True,
54172458,-77,-42,601,True,
117441536,16,13,801,True,
54165815,-64,-55,615,True,
201852931,4,3,927,True,
54162242,-57,-66,604,True,
54178129,0,0,610,True,
54167878,-68,-70,608,True,
126094618,1,-55,809,True,
54171427,-75,-35,600,True,
54174028,-80,-76,606,True,
156238859,-6,-33,56,True,
147588618,-20,-46,70,True,
49022467,2,21,170,False,
159493,-55,-5,457,True,
169350151,0,0,871,True,Koutoulou's Temple - Exit
240387075,20,19,1119,True,
59510786,-76,-74,622,True,Snowfoux Caverns
110888961,-60,-71,785,True,
139788,-17,12,253,True,
126093060,-2,-33,178,True,
54165833,-64,-73,611,True,
54168394,-69,-74,611,True,
54168395,-69,-75,611,True,
126095130,2,-55,809,True,
147590664,-16,-48,70,True,
54167347,-67,-51,615,True,
54168369,-69,-49,604,True,
116657671,0,0,538,True,Wa Wabbit's Warren - Fourth Room
54164278,-61,-54,615,True,
173277185,13,-59,872,True,
201852419,3,3,927,True,
54169419,-71,-75,611,True,
230032644,0,6,482,False,Sidekick Inn
130941697,0,0,169,True,
156239361,-5,-43,56,True,
54170407,-73,-39,601,True,
54179104,0,0,600,True,
129762306,-9,-4,822,True,
239606276,-14,-63,1057,False,
90836227,0,0,32,True,
239608839,-3,-7,1062,False,
147590149,-17,-51,70,True,
178783244,-28,24,891,False,
159649795,-25,-62,43,True,
183109639,-38,21,896,True,
112460045,-59,-88,789,True,
233312256,0,0,1122,True,15 - Moon (Teams)
233312264,0,0,1122,True,39 - Wukang (Teams)
34341126,-37,-16,319,False,The Labyrinth of the Minotoror - Ninth Room
235143429,0,0,1042,True,
221644804,0,0,1019,True,
68558852,0,0,479,True,
68419589,7,-2,1,True,
68420613,9,-2,1,True,
160258,-57,2,453,True,
126094616,1,-53,809,True,
156241410,-1,-42,56,True,
126092565,-3,-50,519,True,
126095640,3,-53,519,True,
68419585,7,-6,180,True,
172228618,-32,39,886,True,
172228619,-32,40,886,True,
210633216,-2,-5,956,True,
215744516,-22,33,980,False,
215744770,-22,33,980,False,
75500292,-15,-7,231,True,
49025536,2,21,170,False,
139461639,-19,-38,521,True,
104596995,-5,10,284,False,Bwork Dungeon - Fifth Room
139274,-16,10,253,True,
60032000,-82,-73,605,True,
133432322,-1,-42,56,True,
189530638,-1,-15,97,True,
160273,-57,17,454,True,
227283972,0,0,1027,True,
75497984,-19,-3,231,True,
173539842,14,-63,873,True,
166988806,0,0,493,True,Blop Fields - Third Room
172229125,-31,34,280,True,
172360713,-34,38,280,True,
172235270,-19,35,280,True,
162051,-60,-3,457,True,
131860996,-8,-5,822,False,
75501825,-12,-4,231,True,
75497732,-20,-7,231,True,
151825,-40,-17,209,True,
185993216,0,0,480,True,
99746310,23,-4,161,True,
236453891,0,0,1045,True,
227278850,34,-63,1027,False,
104990211,0,0,277,True,
24118795,-52,17,464,True,
147850761,-11,-6,169,True,
97256967,-3,9,1034,True,Tirith Mine
97388033,0,0,29,True,
97255957,-3,-4,29,True,
156894727,32,11,93,True,
54792716,9,12,600,False,
183501830,-72,-79,892,True,
163082,-62,-10,471,True,
198446082,-82,-16,917,True,
198445314,-83,-18,917,True,
183500812,-74,-76,892,True,
183500814,-74,-75,892,True,
158861828,-16,-58,59,True,
237771815,0,0,904,False,
237776909,0,0,904,False,
237776922,0,0,904,False,
237765686,0,0,904,False,
189530631,-1,-22,97,True,
237899795,0,0,904,True,
237774856,0,0,904,True,
237768764,0,0,904,True,
237774902,0,0,904,False,
237773878,0,0,904,False,
237769780,0,0,904,False,
139461634,-19,-43,521,True,
237896723,0,0,904,True,
142083073,-36,-49,68,True,
183767040,-3,-4,2,False,Sacrier Temple
147853826,-5,-13,33,True,
63442689,0,0,501,True,
183767059,0,0,2,True,Sacrier Temple
183763970,7,1,485,False,Eniripsa Temple
218630150,0,0,1013,True,White Rat's Pantry - Third Room
186385924,-47,-80,897,True,
153363,-43,-19,209,True,
153878785,0,-1,442,True,
68556806,0,0,180,True,
155151,-47,15,466,True,
155668,-48,20,453,True,
215878406,0,0,980,True,
155661,-48,13,453,True,
153601,-44,1,451,True,
134225924,10,4,827,True,
166988802,-7,-43,493,False,Blop Fields - Royal Coco Blop Room
183767050,-3,-4,2,False,Sacrier Temple
147854336,-4,-15,169,True,
172754944,-15,22,517,True,
147981827,-17,-12,169,True,
56886019,0,0,604,True,
75498244,-19,-7,231,True,
159768,-56,24,453,True,
131859969,-8,-4,822,True,
215744512,-22,33,980,False,
134914,-7,-2,232,True,
75501568,-12,-3,231,True,
160780,-58,12,453,True,
185861637,-3,-4,2,True,
230169093,-13,-29,1123,False,A29 - Xelorium (Teams)
142088709,-25,-45,68,True,
173017602,-25,18,57,True,
230163975,-13,-29,1123,False,A25 - Kolossium (Duel)
142083076,-36,-46,68,True,
142089740,-23,-38,68,True,
173937669,0,0,873,True,Pikantina
84410371,-6,27,23,True,
183767042,-3,-4,2,False,Sacrier Temple
183763984,3,1,10,False,Forge of the Clock
56099844,0,0,618,True,Royal Pingwin's Excavation - Second Room
63439105,-46,-70,501,True,
147852034,-9,-17,33,True,
186393088,0,0,897,True,
142088711,-25,-43,68,True,
173017093,-26,21,57,True,
142089742,-23,-36,68,True,
172754443,-16,33,517,True,
76415495,-56,41,764,True,Billabone Cemetery
76422659,0,0,765,True,
83103236,9,16,7,True,
147849728,-13,-15,168,True,
237910048,0,0,904,True,
237767732,0,0,904,False,
237774908,0,0,904,True,
237779002,0,0,904,True,
142087183,-28,-35,68,True,
237771821,0,0,904,True,
158993416,0,0,59,True,
237775887,0,0,904,False,
147851777,-9,-14,168,True,
57017865,-56,-76,609,True,Charhole Cavern
230162963,-13,-29,1123,False,A54 - Chaos Clock (Duel)
230171143,-13,-29,1123,False,A30 - Last Hope (Duel)
82314498,10,14,6,True,
190581761,9,-13,173,True,
83101196,10,15,39,True,
230174209,-13,-29,1123,False,A22 - Freezammer (Teams)
193725440,13,-28,336,False,Sandy Castle - First Room
172756998,-11,28,517,True,
57022981,0,0,604,True,
217062408,-30,-59,973,False,
230173195,-13,-29,1123,False,A45 - Albuera (Duel)
217055496,-35,-61,1112,True,
142088719,-25,-35,68,True,
83232260,0,0,7,True,
83104260,11,17,7,True,
63964929,-53,19,455,True,
158336001,-13,-61,55,True,
83232256,0,0,7,True,
126878467,0,0,1036,True,
76287492,-48,38,766,True,
139464194,-14,-43,521,True,
139463685,-15,-40,521,True,
237903917,0,0,904,True,
172757510,-10,28,517,True,
241439749,0,0,536,True,
189531143,0,-22,97,True,
183768068,-4,0,480,False,Sram Temple
189530636,-1,-17,97,True,
173017601,-25,17,57,True,
212862469,-25,38,978,True,
173016076,-28,28,57,True,
214962179,43,-59,969,True,
83103238,9,15,7,True,
207095298,39,-45,955,True,
158335490,-14,-60,55,True,
205785088,-15,14,94,False,Bworker's Cave
108006406,-70,-86,788,True,
205784072,11,28,77,False,The Jellith Dimension - Royal Strawberry Jelly
205916178,6,13,814,False,Shadow's Pyramid
205786120,-63,-75,752,False,Bearbarian Antichamber
205784088,-53,-84,791,False,Sylargh's Carrier
165152256,-13,-35,54,True,
190056455,12,-22,335,True,
205785096,11,28,77,False,The Jellith Dimension - Royal Mint Jelly
155976206,-14,-45,69,True,
205788176,-72,-83,620,False,The Obsidemon's Hypogeum
189268481,0,0,951,True,Pandala Bridge
171835908,-29,-7,522,True,
182454272,-10,22,803,False,Cursed Araknas Temple - Second Room
85461507,-21,-5,231,False,
154646,-46,22,466,True,
137227,-12,11,253,True,
215878412,0,0,980,True,
161540,-59,-4,457,True,
158466,-53,-2,453,True,
131863044,-8,-5,822,False,
155670,-48,22,466,True,
1541,0,0,31,True,
215876872,-22,33,980,False,
153886720,0,0,443,True,
68423176,14,1,1,True,
161089540,0,0,856,True,
157702,-52,6,453,True,
161282,-59,2,453,True,
131858945,-8,-4,822,True,
68422151,12,0,1,True,
232654341,0,0,481,True,
106169344,0,-8,2,False,The Guild Temple
160433152,-9,-22,854,False,Ivorine Room
117704211,21,26,805,True,Sunktuary - Undertow Rooms
95161857,7,1,180,False,
95159811,3,3,180,False,
117707793,22,32,806,True,Sunktuary - Abyss Rooms
165282831,-18,-20,54,True,
81527303,0,-4,20663,False,Orbalantyr Room
114298371,-32,-8,62,False,
106168320,0,-8,2,False,The Guild Temple
160432128,-9,-22,854,False,Catseye Challenge - Exit
96211978,0,0,201,True,Tofu House
96207882,0,0,201,True,Tofu House - Second Room
170133514,23,27,860,False,
213910032,-34,-58,976,False,
66061570,-32,-90,320,True,
201065473,-33,31,924,True,
63700992,-18,14,275,True,Shedblood Shaft
149426180,0,0,781,True,Soft Oak Clearing - Fourth Room
198184964,0,0,314,True,
201198597,0,0,922,True,Valdi's Nightmare
213910026,-34,-58,976,False,
201065476,-3,8,922,True,Valdi's Nightmare
213910278,-34,-58,976,False,
198180868,-6,28,314,True,
213909518,-34,-58,976,False,
201068546,11,-66,922,True,Cursed One's Nightmare
213909512,-34,-58,976,False,
201590784,4,0,926,True,
54528023,4,23,601,False,
133433344,-1,-42,56,True,
54528025,4,25,601,False,
173670914,12,-63,873,True,
240386566,19,22,1119,True,
150211588,-4,-12,169,True,
154131,-45,19,466,True,
160267,-57,11,454,True,
156894210,33,6,93,True,
25952256,-15,-32,54,False,
54531089,-81,-44,601,False,
59510790,-76,-73,622,True,Snowfoux Caverns
49024000,2,21,170,False,
150208514,-4,-12,169,False,
235146497,5,11,1042,True,
91750917,7,25,32,False,
209192708,22,-36,945,True,
213910016,-34,-58,976,False,
188746247,6,-15,95,True,
198181377,-5,25,314,True,
91750915,21,12,1048,False,
198184960,0,0,314,True,
91751941,16,25,32,False,
196347394,0,0,910,True,
14421253,-13,-22,76,True,
66060548,-34,-92,758,True,
75760131,-51,41,767,True,
75767299,0,0,769,True,
14421251,-13,-21,76,True,
75766279,0,0,768,True,
189925385,0,0,98,True,
110100486,-52,-87,791,True,Sylargh's Carrier - First Room
240386052,18,20,1119,True,
240387589,21,21,1119,True,
156898816,0,0,1036,True,
104595971,-5,10,284,False,Bwork Dungeon - Fourth Room
169345031,0,0,871,True,Koutoulou's Temple - First Room
60035080,-76,-65,605,True,
59508996,-78,-77,622,True,Snowfoux Caverns
60040197,0,0,605,True,
59513856,-75,-75,621,False,Snowfoux Den - Third Room
240387079,20,23,1119,True,
49020928,0,0,170,True,
173541378,17,-63,873,True,
154010885,-2,-5,20663,True,
59506688,-80,-75,622,True,Snowfoux Caverns
198184966,0,0,314,True,
149425156,0,0,781,True,Soft Oak Clearing - Third Room
91750919,21,13,1048,False,
209192198,21,-38,945,True,
63702016,-18,14,275,True,Shedblood Shaft
198180867,-6,27,314,True,
201198596,0,0,922,True,Valdi's Nightmare
91750925,14,28,32,False,
75762689,-55,36,768,True,
101192704,-1,22,784,False,Al Howin's Vegetable Patch - Vegetable Patch
164365827,-17,-33,525,True,
88086277,12,18,103,True,
75760641,-50,39,767,True,
144839680,0,0,837,True,
235407360,0,0,1043,True,
138250,-14,10,253,True,
135397893,4,9,828,True,
135401217,0,0,828,True,
110890503,-59,-70,785,True,
145097728,2,6,836,True,
135268097,6,6,828,True,
110102530,-52,-87,791,False,Sylargh's Carrier - Exit
151826,-40,-18,209,True,
110892036,-58,-72,785,True,
240518148,16,20,1119,True,
59512832,-75,-75,621,False,Snowfoux Den - Second Room
135682,-9,2,233,True,
159650311,-24,-58,43,True,
59516420,0,0,621,True,Snowfoux Den - Path to the Petrified Forest
110103552,-52,-87,791,False,Sylargh's Carrier - Third Room
240386055,18,23,1119,True,
209192707,22,-35,945,True,
132121089,-13,-46,523,True,
91755521,0,0,32,True,
201588745,0,0,926,True,
198181378,-5,26,314,True,
91750921,13,24,32,False,
91752975,19,23,32,False,
201197572,0,0,922,True,Valdi's Nightmare
238299650,20,16,1128,True,
88213773,-3,10,480,True,
75769347,0,0,771,True,
75761160,-51,39,769,True,
164364824,-19,-12,525,True,
75769353,0,0,771,True,
235405825,12,5,1043,True,
139462658,-17,-43,521,True,
237767706,0,0,904,False,
189530627,-1,-26,97,True,
200015872,-5,25,316,True,
237899810,0,0,904,True,
237790208,0,0,904,False,
237908000,0,0,904,True,
115083779,5,3,797,True,Assembly Hall
238298892,20,10,1130,True,
75767305,0,0,769,True,
164495892,-21,-16,525,True,
66060288,-34,-88,757,True,
88082949,6,28,490,True,
66197764,0,0,757,True,
66061573,-32,-93,320,True,
54163279,-59,-79,609,True,
54161745,-56,-81,609,True,
54169908,-72,-52,615,True,
54162748,-58,-60,604,True,
156238849,-6,-43,56,True,
54166326,-65,-54,615,True,
54169894,-72,-38,601,True,
54161217,-55,-65,604,True,
54159657,-52,-41,651,True,
54176043,-84,-43,601,True,
54165323,-63,-75,611,True,
54168367,-69,-47,604,True,
54163251,-59,-51,604,True,
54170405,-73,-37,601,True,
54165297,-63,-49,604,True,
54167364,-67,-68,608,True,
156239362,-5,-42,56,True,
54168380,-69,-60,604,True,
173277700,14,-56,874,True,
54162247,-57,-71,609,True,
54181197,0,0,606,True,
126095639,3,-52,519,True,
54160169,-53,-41,651,True,
54163765,-60,-53,604,True,
54168368,-69,-48,604,True,
126224149,-8,-50,519,True,
54168374,-69,-54,604,True,
173278211,15,-57,874,True,
54154582,0,0,611,True,
117440512,15,14,801,True,
173279744,18,-60,872,True,
229900288,0,6,482,False,Sidekick Inn
126094617,1,-54,809,True,
54173481,-79,-41,601,True,
115737097,28,-13,162,False,Gwimace Island - Lenald Temple
126092059,-4,-56,519,True,
54167346,-67,-50,615,True,
54162751,-58,-63,604,True,
169216010,0,0,861,True,
54172973,-78,-45,601,True,
169082892,22,32,862,True,
169084940,24,32,862,True,
54163257,-59,-57,615,True,
54163253,-59,-53,604,True,
161220614,1,-5,855,True,
204999680,23,-23,941,True,
54166358,-65,-86,610,True,
111674368,-64,-55,615,False,
54172970,-78,-42,601,True,
161219586,0,-7,855,True,
231998724,0,0,453,True,
156240900,-2,-40,56,True,
120592897,2,-34,30,False,
204997121,18,-22,941,True,
229901572,0,6,482,False,Sidekick Inn
120588805,-2,-31,30,False,
109577735,-59,-74,790,True,Nileza's Laboratory - Second Room
161218562,-1,-7,855,True,
201327618,2,2,928,True,
120591877,1,-34,30,False,
169084928,24,26,860,True,
54170925,-74,-45,602,True,
156242434,1,-42,56,True,
54170415,-73,-47,602,True,
54167851,-68,-43,602,True,
90706177,18,24,32,True,
54166826,-66,-42,602,True,
54161216,-55,-64,604,True,
54172497,-77,-81,606,True,
201326595,0,3,928,True,Renewal Clearing
54176549,-85,-37,602,True,
147587072,-23,-56,70,True,
173279233,17,-59,872,True,
231999746,0,0,1036,True,
54179145,0,0,603,True,
54160170,-53,-42,652,True,
54161730,-56,-66,604,True,
116919296,25,-13,164,False,
233313282,0,0,885,True,16 - Srambad (Duel)
239606279,-5,10,1061,False,
111281414,-61,-81,795,True,
239608858,-72,-77,1102,False,
90703363,13,28,32,True,
204999168,22,-23,941,True,
239601175,-2,-3,1088,False,
56624128,-65,-21,625,False,
147590659,-16,-53,70,True,
239603732,-61,-79,1081,False,
239602708,-61,-79,1081,False,
171185154,0,0,69,True,Cra's Judgement
201329666,4,2,928,False,
239616026,19,26,1101,False,
116918278,22,-12,163,False,
239618586,-72,-77,1103,False,
171180036,-72,-83,620,False,
166463751,-20,-34,525,True,
116916236,24,-7,161,False,
68552449,4,-8,180,True,
156894215,33,11,93,True,
156695,-50,23,453,True,
41947137,0,0,480,True,
135171,-8,3,233,True,
34475268,-40,-15,319,False,The Labyrinth of the Minotoror - Eleventh Room
160274,-57,18,454,True,
140810,-19,10,253,True,
157195,-51,11,454,True,
142852,0,0,253,True,
68421639,11,0,1,True,
159747,-56,3,454,True,
175115523,0,0,879,True,
68551683,5,-4,180,True,
157187,-51,3,453,True,
221643780,-7,17,1019,True,
184945665,0,0,61,True,
41947395,0,0,480,True,
160769,-58,1,453,True,
155146,-47,10,453,True,
68556802,0,0,180,True,
160008,0,0,457,True,
175114242,5,-74,879,False,
135687,-9,7,233,True,
34344194,0,0,319,True,
184811521,5,8,828,False,
13,0,0,233,True,
41947139,0,0,480,True,
153621,-44,21,466,True,
175112194,6,-70,878,False,Verdant Plateau
68422152,12,1,1,True,
106430470,0,0,913,True,
240387078,20,22,1119,True,
166725120,-18,-33,525,False,
135425,-8,-1,232,True,
159650315,-24,-54,43,True,
160789,-58,21,453,True,
110898689,0,0,785,True,
162058,-60,-10,471,True,
158720,-54,0,453,True,
59515396,0,0,621,True,Snowfoux Den - Second Room
149777,0,0,209,True,
166855426,-21,-18,541,False,
144971780,0,0,836,True,
60035590,-75,-67,605,True,
139461638,-19,-39,521,True,
110890500,-59,-71,785,True,
94110726,0,0,297,True,Scaraleaf Dungeon - Entrance
169350144,27,26,871,False,Koutoulou's Temple - Exit
110893569,-57,-73,785,True,
158208,-53,0,453,True,
166725378,0,0,541,True,
57937665,-52,-45,653,False,Sakai Mine Dungeon - Fourth Room
60033540,-79,-69,605,True,
164103181,-27,-21,525,True,
94109696,1,26,297,False,Scaraleaf Dungeon - Entrance
135175,-8,7,233,True,
161613066,0,0,1036,True,
60035587,-75,-70,605,True,
135685,-9,5,233,True,
72618500,-1,34,11,True,
59511042,-76,-76,622,True,Snowfoux Caverns
119277065,0,0,807,True,Aquadome
179831808,-14,25,517,True,
232001796,0,0,1036,True,
233319426,0,0,885,True,22 - Freezammer (Duel)
168558604,25,32,868,True,
147720192,0,0,70,True,
136315650,-39,-11,210,False,Dofus Room
182977028,-30,18,896,True,
168558596,25,28,866,True,
218104834,2,2,970,False,
178783236,-24,22,57,False,Canem Cave
156894211,33,7,93,True,
84545281,0,0,315,True,
233317384,0,0,1122,True,44 - Ephedrya (Teams)
218104836,2,4,970,False,
138249,-14,9,253,True,
233310210,0,0,885,True,13 - Sufokia (Duel)
60034056,-78,-65,605,True,
233319434,0,0,885,True,46 - Tales (Duel)
159649794,-25,-63,43,True,
159649297,-26,-48,43,True,
168559622,26,29,867,True,
208146438,0,0,947,True,Valley of the Lady of the Water - Exit
119276041,0,0,807,True,Aquadome - Periscope Room
119276035,21,18,807,False,Aquadome - Periscope Room
112461064,-58,-85,789,True,
22546948,0,0,461,True,
168559616,26,26,866,True,
240387588,21,20,1119,True,
119277059,21,18,807,False,Aquadome - Treasure Room
208144390,0,0,947,True,Valley of the Lady of the Water - Third Room
107224068,0,0,1036,True,
113771008,-13,-29,750,True,
161539,-59,-3,457,True,
149779,0,0,209,True,
34344198,0,0,319,True,
68551169,6,-6,180,True,
161537,-59,-1,457,True,
154640,-46,16,466,True,
113772289,-13,-29,750,True,Rest hall
134401,-6,-1,232,True,
34343936,0,0,319,True,
221511688,-5,23,1019,True,
135937,-9,-1,232,True,
22808576,-51,9,470,False,Bherb's Gully - First Room
136449,-10,-1,232,True,
158216,-53,8,454,True,
237777935,0,0,904,False,
164102156,-29,-22,525,True,
97257989,-3,9,29,True,Tirith Mine
207621379,0,0,951,True,Pandissident Lair
207620104,21,-33,945,False,
240910336,-6,-2,232,False,
97256975,-2,-5,29,False,Korussant Mine
211294212,12,4,922,True,Pandalucian Dream
74974727,-51,41,771,False,Tourist Room
211288064,17,-29,951,False,
139462149,-18,-40,521,True,
222300164,0,0,1017,True,
222298112,0,21,1017,True,
207618056,21,-33,945,False,
128058370,-8,-58,518,True,
75499778,-16,-5,231,True,
127929869,1,-47,518,True,
75498762,-18,-13,231,True,
140777472,-85,-59,835,False,Belly of the Whale - Exit
128057858,-7,-58,518,True,
113511937,-13,-29,750,True,Ten Year Tournament - 1C
162004992,7,-3,853,False,Ush's Plateau
126618624,-5,-58,519,False,
128059402,-10,-50,518,True,
164102659,-28,-31,525,True,
142086669,-29,-37,68,True,
172231181,-27,42,886,True,
113510401,-13,-29,750,True,Ten Year Tournament - 1B
104863233,-3,12,277,False,
24119823,-53,16,464,False,
121374211,2,-34,82,False,Royal Gobball's Court - Fifth Room
147852803,-7,-12,33,True,
113508868,-13,-29,750,True,Ten Year Tournament - 1D
162004996,0,0,853,True,
24118786,-52,16,464,True,
104860165,-6,6,8,False,
208408576,14,-32,949,False,Fouxwork Factory - Fifth Room
237768751,0,0,904,True,
164103169,-27,-33,525,True,
185337856,-15,37,61,False,Forgotten Crypt
209455108,25,-34,942,False,Abandoned Temple
189531650,1,-27,97,True,
87556100,0,4,469,False,
104991233,0,0,8,True,
126619908,0,0,59,True,
185335808,-15,37,61,False,Forgotten Crypt
59509764,-77,-73,622,True,Snowfoux Caverns
150210568,0,0,1036,True,
150214660,-4,-12,169,True,
185863170,0,-7,2,True,
240386564,19,20,1119,True,
160790,-58,22,453,True,
240390146,0,0,1119,True,
110887428,-61,-69,785,True,
160783,-58,15,453,True,
135267841,6,7,828,True,
133433346,-1,-42,56,True,
169349127,0,0,871,True,Koutoulou's Temple
144966914,4,5,836,True,
240386053,18,21,1119,True,
59511046,-76,-77,622,True,Snowfoux Caverns
59508736,-78,-75,622,True,Snowfoux Caverns
139461637,-19,-40,521,True,
160960771,7,-3,853,False,
68421124,10,-3,1,True,
158077952,33,3,167,True,
185861635,-3,-6,2,True,
185863172,0,-5,2,True,
160957442,2,2,856,True,
68557058,0,0,180,True,
172231695,-26,44,886,True,
154010370,-1,-2,442,True,
210503174,1,-2,956,True,
160957443,2,3,856,True,
172234767,0,0,886,True,
197396486,0,0,914,True,The Crunchery - Third Room
121375233,2,-34,82,False,Royal Gobball's Court - Third Room
237777926,0,0,904,True,
237769741,0,0,904,False,
237765684,0,0,904,False,
237774850,0,0,904,False,
237793332,0,0,904,False,
237785148,0,0,904,True,
142087695,-27,-35,68,True,
237909037,0,0,904,True,
237777933,0,0,904,False,
115083777,13,35,797,True,
158861825,-16,-61,59,True,
237764634,0,0,904,False,
237773826,0,0,904,False,
237773843,0,0,904,True,
237770812,0,0,904,True,
142086670,-29,-36,68,True,
237768712,0,0,904,True,
142087174,-28,-44,68,True,
237778952,0,0,904,True,
237771810,0,0,904,True,
158860805,-18,-57,59,True,
237770771,0,0,904,True,
237765692,0,0,904,True,
237775898,0,0,904,False,
237898758,0,0,904,True,
139463687,-15,-38,521,True,
142088714,-25,-40,68,True,
237770797,0,0,904,True,
237774900,0,0,904,False,
237770804,0,0,904,False,
237785639,0,0,904,False,
172756995,-11,25,517,True,
218632198,0,0,1013,True,White Rat's Pantry - Fifth Room
63570689,-47,-70,501,True,
142088713,-25,-41,68,True,
134222082,6,1,827,True,
186384904,-48,-78,897,True,Depths of the Antinau Sea
147850498,-12,-17,33,True,
148115973,-9,-5,169,False,
147851786,-9,-5,169,True,
137370624,7,2,827,False,
183763972,7,1,485,False,Eniripsa Temple
183764996,12,5,179,False,Feca Temple
136052736,5,1,829,True,
183764998,12,5,179,False,Feca Temple
172755456,-14,22,517,True,
183768078,-1,9,480,False,Sadida Temple
134228228,0,0,1036,True,
218631174,0,0,1013,True,White Rat's Pantry - Fourth Room
183768323,0,0,480,True,Sram Temple
142083595,-35,-39,68,True,
142085125,-32,-45,68,True,
183769092,4,-2,479,False,Pandawa Temple
200804358,0,0,923,False,
136052998,5,-2,829,True,
183768072,-1,9,480,False,Sadida Temple
147851776,-9,-15,168,True,
183762948,8,2,485,False,Osamodas Temple
169869314,0,0,869,True,Captain Meno's Ship - First Room
136052994,5,0,829,True,
137367552,5,2,827,False,
137371395,0,0,1036,True,
142083594,-35,-40,68,True,
230166021,-13,-29,1123,False,A27 - Kwismas (Teams)
217058314,-35,-60,976,False,
57019913,0,0,609,True,
217062404,-30,-52,973,False,
230165007,-13,-29,1123,False,A49 - Koalaks (Duel)
193727488,13,-28,336,False,Sandy Castle - Third Room
217058310,-33,-55,973,False,
147851523,-10,-18,169,True,
57017863,-51,-44,652,True,Notchors Mine
57016841,-56,-76,609,True,Charhole Cavern
172753921,-17,23,517,True,
147850249,-12,-6,169,True,
56890883,-71,-83,610,False,
224791303,0,0,1029,True,
230166025,-13,-29,1123,False,A38 - Wukin (Teams)
217056258,-36,-58,976,False,
156500482,30,8,165,True,
195303940,0,0,43,True,Grougalorasalar's Tears
230175243,-13,-29,1123,False,A52 - Gargandyas (Duel)
172756994,-11,24,517,True,
142084617,-33,-41,68,True,
98828803,1,3,10,False,
173018628,-23,20,57,True,
217061382,-31,-52,973,False,
217059341,0,0,1036,True,
217055240,-34,-58,976,False,
230168065,-13,-29,1123,False,A16 - Srambad (Teams)
217058312,-30,-52,973,False,
230172163,-13,-29,1123,False,A20 - Ohwymi (Duel)
230172161,-13,-29,1123,False,A20 - Ohwymi (Teams)
223479562,35,-83,1026,True,
142085643,-31,-39,68,True,
173021191,0,0,57,True,
147853314,-6,-13,33,True,
223347976,37,-81,1026,True,
142090253,-22,-37,68,True,
156500480,30,6,165,True,
56886784,-78,-77,606,False,
217060356,-28,-55,973,False,
172886020,0,0,517,True,
224658181,26,-86,1029,True,
217059332,-32,-53,973,False,
230169095,-13,-29,1123,False,A29 - Xelorium (Duel)
56888832,-78,-78,606,False,
57016839,-50,-45,652,True,Sinus Mine
57020933,0,0,610,True,
147853317,-6,-10,169,True,
109054976,-63,-92,787,True,
20974338,-52,15,469,True,
76422665,0,0,765,True,
212861957,-26,38,982,True,
109056515,-62,-90,787,True,
145228303,1,6,836,True,
173016576,-27,16,57,True,
173016580,-27,20,57,True,
145229569,4,7,836,True,
20972548,-55,21,469,True,
173936386,13,-60,872,False,
173935104,16,-62,873,False,
212862981,-24,38,978,True,
173015555,-29,19,57,True,
56889856,-79,-78,606,False,
142088205,-26,-37,68,True,
56885763,-55,-64,604,True,Faultline Mine
156638209,0,0,167,True,
173019148,-22,28,57,True,
57024005,0,0,275,True,
172753932,-17,34,517,True,
173017100,-26,28,57,True,
172756481,-12,23,517,True,
139729156,0,0,84,True,
230167043,-13,-29,1123,False,A15 - Moon (Duel)
57017861,-55,-64,604,False,Faultline Mine
166989830,0,0,493,True,Blop Fields - Fifth Room
189531148,0,-17,97,True,
217063430,-28,-56,973,False,
217056256,-35,-55,974,False,
76420615,0,0,763,True,
163840000,-21,-61,59,False,
147853312,-6,-15,33,True,
83102214,10,14,7,False,
76288522,-46,44,762,True,
76286982,-49,40,766,True,Mountsaleia Crater
215484416,43,-57,968,False,Kabaal Ritual - Third Room
83101188,11,15,7,False,
76284934,-53,40,764,True,Billabone Cemetery
76288257,-47,33,772,False,Anonimoy Island
147853313,-6,-14,33,True,
83100170,11,17,7,False,
76288006,-47,40,766,True,
76286989,-49,47,773,True,Otomaisle
179308548,-63,32,883,True,
76286979,-49,37,766,True,
76286978,-49,36,766,True,
82313216,8,16,6,True,
76286479,-50,49,773,False,Otomaisle
100271106,-35,-7,62,True,
83101192,11,17,7,False,
63964930,-53,18,455,True,
224791305,0,0,1029,True,
76289546,-44,44,762,True,Bar Racuda
76418569,0,0,773,True,
83100172,10,16,39,True,
215482368,43,-57,968,False,Kabaal Ritual - First Room
100273414,0,0,62,True,
76284935,-53,41,764,True,Billabone Cemetery
156501762,32,4,167,True,
224790533,22,-80,1029,True,
206963205,33,-40,952,True,
63310594,-20,11,275,True,
48235522,-2,-52,519,False,
153357314,1,-4,778,False,
153357318,3,-5,778,False,
217317378,-32,-57,975,False,
230431235,-13,-29,1123,False,B17 - Sidimote I (Duel)
63965446,-52,14,455,True,
63966468,-50,16,455,True,
63176704,-15,13,275,True,
95424000,7,25,32,True,
158468104,0,0,55,True,
197918720,-84,-17,917,True,
153356288,4,0,449,False,
230432259,-13,-29,1123,False,B18 - Sidimote II (Duel)
225973761,36,-78,1024,False,
76285957,-51,39,765,True,
157029376,33,4,846,False,LeChouque's Boat - Exit
59903492,-81,-73,603,False,
62920704,-73,-69,623,False,Korriander's Lair - Exit
225968645,33,-84,1023,False,
87295499,0,0,528,True,Blacksmith Dungeon - Second Room
173018115,-24,19,57,True,
66849792,-36,-89,759,False,Kwismas Cavern - Fourth Room
168820746,19,31,864,True,
173018630,-23,22,57,True,
173020160,-20,16,57,True,
59773440,9,0,603,False,
62921728,-73,-69,623,False,
172752898,-19,24,517,True,
225968897,36,-77,1024,False,
159123456,-13,-61,1038,True,Lord Crow's Library - Third Room
125305349,1,5,519,False,
230688257,-13,-29,1123,False,C12 - Ecaflipus (Teams)
120063491,2,-32,30,True,
84805634,-4,-20,178,True,
84806144,-5,-22,178,True,
230697475,-13,-29,1123,False,C21 - Fields (Duel)
106826242,0,0,161,True,
206307840,20,-31,951,True,
230691329,-13,-29,1123,False,C15 - Moon (Teams)
125305347,1,3,519,False,
230691333,-13,-29,1123,False,C24 - Dragon Pig II (Teams)
230690313,-13,-29,1123,False,C38 - Wukin (Teams)
179179786,-14,23,517,False,
230700555,-13,-29,1123,False,C53 - Gargandyas (Duel)
57021961,0,0,652,True,
173015040,-30,16,57,True,
230175241,-13,-29,1123,False,A52 - Gargandyas (Teams)
217065472,-34,-61,976,False,
142084099,-34,-47,68,True,
193730560,13,-28,336,False,Sandy Castle - Exit
217062410,-34,-59,1013,False,
230172169,-13,-29,1123,False,A44 - Ephedrya (Teams)
230164993,-13,-29,1123,False,A13 - Sufokia (Teams)
56886787,-55,-64,604,True,Faultline Mine
173015560,-29,25,891,True,
193727497,0,0,1036,True,
142086664,-29,-42,68,True,
57019911,0,0,609,True,
224658187,27,-88,1029,True,
156499968,29,6,165,True,
219939328,1,0,971,True,Cenotaph of the Crimson Dawn
219940870,0,0,1015,False,Long Descendre
180620288,-25,3,526,False,
106959874,-3,-7,243,False,Crackler's Rocky Peaks - Plateau
219940866,4,2,971,True,
197266434,0,0,912,True,
84806923,0,0,178,True,
180617223,0,0,280,True,
219938824,0,0,1015,False,Long Descendre
219938826,0,0,1014,True,Sea of Dust
219940867,4,3,971,True,
219938818,0,2,971,True,
180618242,-28,-2,522,False,
220071944,0,0,971,True,
106958848,-3,-7,243,False,Crackler's Rocky Peaks - Fifth Room
112206593,-59,-89,794,True,The Count's Dungeon - Sylargh's Balcony
219939843,2,3,971,True,
202900996,0,0,935,False,Ruined Well of Infinite Dreams
197132292,-2,-9,912,True,
219938828,0,1,971,False,Throne of Madness
219939329,1,1,971,True,
171967503,-25,9,526,True,
224920590,0,0,967,True,Possessed Outpost
182455296,-10,22,803,False,Cursed Araknas Temple - Third Room
165284874,0,0,54,True,
171966993,-26,11,526,True,
85461509,-21,-5,231,False,
205261057,26,-27,944,True,
99095049,2,-1,10,False,
190056451,12,-26,335,True,
165154820,-8,-31,54,True,
205788168,-52,-45,653,False,Sakai Mine Dungeon
205787150,21,18,807,False,Aquadome
205916184,-20,10,254,False,Skeunk's Hideout
170131466,21,26,863,False,
172098056,-28,2,526,True,
174853120,10,-70,878,True,
205916172,-54,16,459,False,Kimbo's Canopy
172098060,-28,6,526,True,
85465095,-21,-5,231,False,
101451271,-4,-24,178,False,Winter Room
99094025,2,-1,10,False,
205260800,26,-26,944,True,
85460483,-21,-5,231,False,
101453315,-4,-24,178,False,Summer Room
85465091,-21,-5,231,False,
165152263,-13,-28,54,True,
99090953,2,-1,10,False,Amakna Inn
171967499,-25,5,526,True,
205259266,23,-24,944,True,
85461505,-21,-5,231,False,
205260288,25,-26,944,True,Market Square
171707905,-21,-10,522,True,
107483140,0,0,254,True,Skeunk's Hideout - Third Room
155976716,-13,-47,69,True,
117703187,20,25,805,True,Sunktuary - Undertow Rooms
95160845,5,13,180,False,
165151758,-14,-21,54,True,
167247873,-31,-19,334,True,
117707786,22,31,806,True,Sunktuary - Abyss Rooms
95159813,3,5,180,False,
117703176,22,17,804,True,Sunktuary - Splash Zone
160565248,-9,-22,854,False,
117707777,23,30,805,True,Sunktuary - Undertow Rooms
95158793,1,9,180,False,
95162891,9,11,180,False,
165152261,-13,-30,54,True,
155977731,-11,-56,69,True,
220727815,0,0,1016,True,Long Slumber's Barrow - Crypt of Flames
193331719,9,-15,96,True,
96338948,5,6,780,False,Royal Tofu House - First Room
66198788,0,0,320,True,
167247877,-31,-15,334,True,
193200135,10,-15,96,True,
117703178,21,18,804,True,Sunktuary - Splash Zone
117707779,21,25,805,True,Sunktuary - Undertow Rooms
96209922,5,6,201,False,Tofu House - Sixth Room
26214400,19,42,452,True,
232653315,0,0,490,True,
132121092,-13,-43,523,True,
165284872,0,0,54,True,
134742018,-6,-12,750,True,Goultarminator - Champions
199756806,0,0,920,True,Draegnerys's Trial - Fourth Room
167250949,0,0,334,True,
199233538,-3,26,315,True,
66063105,-29,-89,320,True,
88212761,-1,-2,10,True,
164364818,-19,-18,525,True,
196345858,-4,-5,910,True,Pier
122685953,2,3,815,False,
66060293,-34,-83,757,True,
75762178,-56,37,768,True,
75766273,0,0,768,True,
88085260,10,11,481,True,
101189632,-1,22,784,False,Al Howin's Vegetable Patch - Cemetery
66061828,-31,-84,320,True,
238296331,16,12,1130,True,Eternal Gardens Sanctuary - Castle Corridor
238295816,15,15,1130,True,Eternal Gardens Sanctuary - Castle Corridor
238295313,17,9,1130,True,
122686210,0,0,815,True,
14418183,-19,-25,76,True,Imp Village - Prism
88089858,0,0,103,True,
144442626,4,-5,838,True,
164495890,-21,-18,525,True,
73531907,-17,4,182,True,
33828352,-4,20,9,False,
144441344,3,-4,838,True,
150995968,-6,-12,750,False,
33830400,-4,20,9,False,
88083218,6,5,3,True,
176819463,0,0,71,True,
222568450,-13,-29,54,True,
176818179,-16,17,71,False,
144443650,5,-5,838,True,
176820225,-16,17,71,False,
88216577,0,0,4,True,
209191681,20,-33,945,True,
201067520,10,-67,922,True,Cursed One's Nightmare
213910542,-34,-58,976,False,
162272258,10,2,750,False,
201067015,-27,-37,922,True,Silouate's Nightmare
213912838,0,0,976,True,
209192196,21,-36,945,True,
179569664,-68,30,884,False,Count Razof's Camp - Second Room
122161669,1,-20,95,False,Lhambadda Manor
213909506,-34,-58,976,False,
164365826,-17,-34,525,True,
201590529,3,-1,926,True,
66193922,-39,-86,757,True,
162267142,0,6,750,False,
209192197,21,-37,945,True,
101190660,0,0,784,True,
180488706,0,0,889,True,
122159619,1,-20,95,False,Lhambadda Manor
101191684,0,0,784,True,Al Howin's Vegetable Patch
188745734,5,-16,95,True,
170393604,-13,-29,750,True,(old) Old Arena B13
188749313,0,0,1036,True,
170394624,-13,-29,750,True,A8 - Goultarminator
182192129,-9,29,494,False,Temple of the Great Ougaa - Ninth Room
170394626,-13,-29,750,True,A10 - Goultarminator
164364291,-20,-33,525,True,
170395648,-13,-29,750,True,(old) Old Arena A15
182327303,0,0,494,True,Temple of the Great Ougaa - First Room
182323209,0,0,494,True,Temple of the Great Ougaa - Fifth Room II
122160643,1,-20,95,False,Lhambadda Manor
162269186,4,2,750,False,
237773876,0,0,904,False,
237911098,0,0,904,True,
237903891,0,0,904,True,
237764623,0,0,904,False,
200018944,0,0,316,True,
237904930,0,0,904,True,
237772819,0,0,904,True,
237778965,0,0,904,True,
115082755,13,34,797,True,Assembly Hall
237772826,0,0,904,False,
237902856,0,0,904,True,
84541957,-7,29,23,True,
237778957,0,0,904,False,
237769762,0,0,904,True,
84410626,-6,22,23,True,
237764610,0,0,904,False,
201066502,-28,-38,922,True,Silouate's Nightmare
196346886,-2,-1,910,True,
88083724,7,11,5,True,
73532673,-18,0,182,True,Paddock 1 – Beginner Paddock
88085780,11,3,27,True,
75762696,-49,42,770,True,
122685955,2,3,815,False,
88080648,1,15,22,True,
75765255,0,0,767,True,
88212753,-1,6,482,True,
88217869,0,0,10,True,
88081410,3,25,170,True,
88216843,0,0,482,True,
88081415,3,30,170,True,
88081409,3,24,170,True,
171442692,-16,39,61,True,
160516,-57,-4,457,True,
156894726,32,10,93,True,
113773313,-13,-29,750,True,First slab Room
160791,-58,23,453,True,
221511685,-6,20,1019,True,
158723,-54,3,454,True,
140811,-19,11,253,True,
68558854,0,0,479,True,
154642,-46,18,466,True,
161797,-60,5,453,True,
107217920,-17,8,223,False,Koolich Cavern - Second Room
34344196,0,0,319,True,
107218944,-17,8,808,True,Koolich's Lair - First Room
198443014,-85,-14,917,True,
161289,-59,9,453,True,
160266,-57,10,454,True,
235405569,11,3,1043,True,
66060802,-33,-86,757,True,
66194689,-40,-89,757,True,
144836608,1,1,837,True,
164364817,-19,-19,525,True,
88080658,1,5,482,True,
66193153,-37,-89,757,True,
75762694,-49,40,770,True,
88084485,9,28,12,True,
88080652,1,11,5,True,
88081687,3,0,10,True,
88083203,6,20,4,True,
88211972,0,27,170,True,
88084737,9,22,490,True,
88213269,-2,2,480,True,
66194177,-39,-89,757,True,
209192709,22,-37,945,True,
198180865,-6,25,314,True,
198182912,-2,24,314,True,
201069570,12,-66,922,True,Cursed One's Nightmare
209324295,0,0,945,True,
91752971,17,24,32,False,
91888133,23,23,1117,False,Merchants' Room
91753985,14,25,32,False,
201199621,0,0,922,True,Valdi's Nightmare
193200644,11,-18,96,True,
188746756,7,-18,95,True,
91891457,23,23,1117,True,
198184968,0,0,314,True,
201589771,0,0,935,True,Hall of the Valiant
209191177,20,-40,945,True,
75763201,-54,36,768,True,
144441602,3,-5,838,True,
164496918,-23,-14,525,True,
83889162,1,-15,1118,False,Function Room
75760646,-52,37,769,True,
122684931,3,3,20663,True,
196346884,-2,-3,910,True,
88216833,0,0,4,True,
88082707,5,4,485,True,
88086286,12,9,179,True,
88080390,1,29,170,True,
88087303,14,16,103,True,
88081176,2,-1,10,True,
88080649,1,14,22,True,
88087305,14,14,103,True,
126093077,-2,-50,519,True,
54165334,-63,-86,610,True,
54162756,-58,-68,604,True,
54162770,-58,-82,609,True,
54161737,-56,-73,609,True,
54165823,-64,-63,604,True,
54162760,-58,-72,609,True,
204998659,21,-20,941,True,
156241923,0,-41,56,True,
126223642,-7,-55,519,True,
54168880,-70,-48,604,True,
156240394,0,0,56,True,
126092551,-3,-36,178,True,
54162254,-57,-78,609,True,
54163256,-59,-56,615,True,
126224152,-8,-53,519,True,
54174033,-80,-81,606,True,
54170914,-74,-34,601,True,
54174507,-81,-43,601,True,
54171439,-75,-47,602,True,
54161224,-55,-72,609,True,
54168917,-70,-85,610,True,
54154566,0,0,615,True,
54166837,-66,-53,615,True,
54168890,-70,-58,604,True,
54178090,-88,-42,602,True,
54168366,-69,-46,604,True,
54171948,-76,-44,601,True,
54167854,-68,-46,604,True,
156238850,-6,-42,56,True,
126091547,-5,-56,519,True,
126091549,-5,-58,519,True,
54160701,-54,-61,604,True,
54169398,-71,-54,604,True,
169216012,0,0,862,True,
54172464,-77,-48,602,True,
54160168,-53,-40,650,True,
54176045,-84,-45,601,True,
216663046,-25,33,977,False,
54168359,-69,-39,602,True,
54170420,-73,-52,604,True,
54157654,0,0,611,True,
54160715,-54,-75,609,True,
54161194,-55,-42,651,True,
54166320,-65,-48,604,True,
54176041,-84,-41,600,True,
54169899,-72,-43,602,True,
54163281,-59,-81,609,True,
54162245,-57,-69,604,True,
54171976,-76,-72,603,True,
54162747,-58,-59,615,True,
54167863,-68,-55,615,True,
201852928,4,0,927,True,
54162239,-57,-63,604,True,
71304194,0,0,943,False,
54177576,-87,-40,602,True,
54169391,-71,-47,602,True,
54169890,-72,-34,602,True,
54165825,-64,-65,608,True,
189793794,6,-29,98,True,
54161212,-55,-60,604,True,
54162769,-58,-81,609,True,
169082886,22,29,861,True,
54173479,-79,-39,600,True,
54160198,-53,-70,609,True,
174326272,19,-61,875,False,Mastodon Cemetery - First Room
154010624,-2,0,442,True,
159650320,-24,-49,43,True,
54169900,-72,-44,602,True,
206045703,18,-30,943,True,
204997378,18,-25,941,True,
54165808,-64,-48,604,True,
54167875,-68,-67,608,True,
54161739,-56,-75,609,True,
229900548,0,6,482,False,Sidekick Inn
54161743,-56,-79,609,True,
126095641,3,-54,519,True,
90833408,9,25,32,True,
109576707,-59,-74,790,False,Nileza's Laboratory - Nileza's Room
120588801,-2,-31,30,False,
161220618,1,-3,855,True,
204997634,19,-21,941,True,
169216014,0,0,862,True,
156238342,-7,-38,56,True,
120588803,-2,-31,30,False,
120591875,1,-34,30,False,
169084934,24,29,861,True,
161219594,0,-3,855,True,
115607043,29,-16,798,True,
189794308,7,-27,98,True,
120589825,-2,-32,30,False,
201851392,1,0,927,True,
169083920,23,34,862,True,
120587777,-2,-30,30,False,
109577731,-59,-74,790,False,Nileza's Laboratory - Exit
129764358,0,0,822,True,
240123904,19,54,1120,True,Somewhere in the World of Twelve
120591873,1,-34,30,False,
115607045,29,-15,798,True,
129762562,-9,-6,822,True,
129762304,-9,-5,822,True,
120586755,1,-29,30,False,
198972422,0,0,325,True,
240129539,0,0,1121,True,
120589827,-2,-32,30,False,
163581440,-13,-41,702,False,Haunted House - Fourth Room
116655619,28,-12,538,False,Wa Wabbit's Warren - Exit
161225222,-6,-1,858,False,
201851906,2,2,927,True,
171312642,0,0,1036,True,
239614481,-42,-17,1074,False,
239600145,-15,14,1071,False,
239603735,8,8,1090,False,
186646530,-49,-82,897,False,
171182337,6,13,814,False,
201328131,3,3,928,True,
239619610,-72,-77,1103,False,
116919306,24,-7,161,False,
186648576,-48,-78,625,False,
206045185,17,-36,943,True,
239603719,-28,37,1060,False,
171181060,-55,15,469,False,
206177797,14,-32,943,True,
179831297,-15,26,517,True,
239602701,13,-28,1068,False,
171183618,-12,-58,69,False,Cra's Judgement
186649602,-50,-83,897,False,
90701825,10,26,32,True,
116918282,22,-7,164,False,
147587588,-22,-52,70,True,
157550592,29,9,700,False,Kanniball Village - Third Room
90705153,16,24,32,True,
213256196,0,0,984,False,
179962369,-17,26,517,True,
116919298,25,-13,164,False,
116920322,0,0,163,True,
204999431,0,0,941,True,
104333827,-15,14,94,False,Bworker's Cave - Fifth Room
166462727,-20,-34,525,True,
72353796,0,0,154,True,Dragon Pig's Den - Third Room
72357892,0,0,154,True,Dragon Pig's Den - Seventh Room
157550597,0,0,700,True,
201328128,3,0,928,True,
166463755,-20,-34,525,True,
186646534,-45,-80,897,False,
171182089,0,0,523,True,
100926977,0,32,11,False,
201328129,3,1,928,True,
116919304,23,-9,161,False,
100925953,0,2,11,False,
213255168,0,0,984,False,
116918284,24,-6,161,False,
206045186,17,-35,943,True,
90703364,13,29,32,True,
213124104,0,0,984,False,
181142530,-13,30,495,True,
218104832,2,0,970,False,Scrollmages' Workshop
178782212,-23,10,526,False,
233320452,0,0,1122,True,34 - Pandawa (Teams)
178784264,-21,-7,522,False,
182978573,-27,27,896,True,
182978572,-27,26,896,True,
233309188,0,0,1122,True,25 - Kolossium (Teams)
218108930,0,0,970,False,
168691724,0,0,868,True,
178782210,-25,22,57,False,Canem Cave
60036100,-74,-69,605,True,
189795337,9,-22,98,True,
168558594,25,27,866,True,
208145408,22,-24,947,False,Valley of the Lady of the Water - Fourth Room
218105858,4,2,970,False,
233312270,0,0,885,True,51 - Solary (Duel)
135268867,7,8,828,True,
168691718,0,0,1036,True,
240517638,17,22,1119,True,
232003844,0,0,472,True,
155149,-47,13,453,True,
60032517,-81,-68,605,True,
233319424,0,0,1122,True,22 - Freezammer (Teams)
183108105,-31,23,896,True,
22676227,-55,-4,461,False,
136446464,-11,-44,523,False,
233311236,0,0,1122,True,27 - Kwismas (Teams)
233317376,0,0,1122,True,20 - Ohwymi (Teams)
161285,-59,5,453,True,
233315330,0,0,885,True,18 - Sidimote II (Duel)
136446722,-11,-44,523,False,
160281,-57,25,453,True,
136315392,-39,-11,210,False,Dofus Room
22546944,-55,-4,461,False,
182978058,-28,24,896,True,
135400965,0,0,828,True,
22545667,-55,-4,461,False,
133643,-5,11,31,True,
112592138,-60,-86,789,True,
112592142,-60,-88,789,True,
198968326,0,0,325,True,
203687425,0,0,1036,True,
181404672,-14,29,495,False,
60034567,-77,-66,605,True,
240387074,20,18,1119,True,
231999490,0,0,1036,True,
183112712,0,0,896,True,
54162739,-58,-51,604,True,
54160682,-54,-42,651,True,
54166825,-66,-41,602,True,
54170454,-73,-86,610,True,
54171949,-76,-45,601,True,
54164797,-62,-61,615,True,
156237829,-8,-39,56,True,
54173003,-78,-75,603,True,
126092053,-4,-50,519,True,
147590662,-16,-50,70,True,
54170934,-74,-54,604,True,
54171442,-75,-50,604,True,
54169385,-71,-41,602,True,
54171425,-75,-33,600,True,
54165834,-64,-74,611,True,
189793798,6,-25,98,True,
139461127,-20,-38,521,True,
59509770,0,0,622,True,
169346048,27,26,871,False,Koutoulou's Temple - Second Room
59515904,-75,-75,621,False,Snowfoux Den - Sixth Room
158981,-54,-5,457,True,
106431488,-3,-4,913,False,Waddict Foundry - Second Room
94112768,1,26,297,False,Scaraleaf Dungeon - Third Room
169345024,27,26,871,False,Koutoulou's Temple - First Room
59516162,-75,-75,621,False,Snowfoux Den - Sixth Room II
189793288,5,-23,98,True,
59517952,-75,-75,621,False,Snowfoux Den - Path to the Petrified Forest
154010884,-2,-4,20663,True,
59509762,-77,-74,622,True,Snowfoux Caverns
57938435,0,0,653,True,
159650308,-24,-61,43,True,
113770753,-13,-29,750,True,
135176,-8,8,233,True,
221512707,0,16,1019,True,
189794307,7,-28,98,True,
59506946,-80,-76,622,True,Snowfoux Caverns
59512066,-76,-76,622,True,Snowfoux Caverns
94113798,0,0,297,True,Scaraleaf Dungeon - Fourth Room
159492,-55,-4,457,True,
159648273,-28,-48,43,True,
159645712,-33,-49,43,True,
164103185,-27,-17,525,True,
106431494,0,0,913,True,
57934339,0,0,653,True,
60032002,-82,-71,605,True,
110625281,-70,-88,788,False,
164102663,-28,-27,525,True,
159258,-55,26,453,True,
235143171,0,0,1042,True,
41945600,-2,3,480,False,
159765,-56,21,454,True,
175244802,0,0,1036,True,
175113216,7,-73,879,False,
184945667,0,0,1036,True,
68419586,7,-5,180,True,
160272,-57,16,454,True,
68421638,11,-1,1,True,
155666,-48,18,454,True,
135178,-8,10,31,True,
175114499,0,0,879,True,
34341122,-37,-14,319,False,The Labyrinth of the Minotoror - Nineteenth Room
184816643,0,0,61,True,
184943625,29,8,165,False,
11,0,0,233,True,
22807554,-51,9,470,False,Bherb's Gully - Third Room
184811533,0,0,864,True,
162049,-60,-1,457,True,
139276,-16,12,253,True,
153880321,3,-1,443,True,
68421125,10,-2,1,True,
224137222,0,0,1022,True,Sylvan Refuge - Exit
68421127,10,0,1,True,
135426,-8,-2,232,True,
158724,-54,4,454,True,
156692,-50,20,454,True,
136195,-10,3,233,True,
68420097,8,-6,1,True,
184815107,0,0,61,True,
210633732,-3,-1,956,True,
154011398,-3,-6,20663,True,
160957955,3,3,856,True,
158074880,33,3,167,True,
68555778,0,0,1,True,
210633217,-2,-4,956,True,
68555782,0,0,1,True,
235145990,5,11,1042,False,
210635266,0,0,1036,True,
172229644,-30,41,886,True,
172232207,-25,44,886,True,
236454912,6,9,1045,False,The Venerable One's Thicket - Clearing
75498754,-18,-5,231,True,
158076928,33,3,167,True,
149687296,-9,-14,175,False,Ancestral Domain - Fourth Room
99614728,24,-2,161,True,
172360198,-33,35,280,True,
172232206,-25,43,886,True,
75631364,0,0,231,True,
210502147,0,-2,956,True,
99756801,0,0,161,True,
172235785,-18,38,280,True,
25954306,0,0,54,True,
185863682,1,-7,2,True,
164102155,-29,-23,525,True,
72621060,0,0,11,True,
189530124,-2,-17,97,True,
173539840,14,-65,873,True,
235143169,0,0,1042,True,
139461124,-20,-41,521,True,
216275212,0,0,1011,True,
104862213,-6,6,8,False,
235930624,13,2,1043,False,
164102660,-28,-30,525,True,
162006016,7,-3,853,False,Ush's Plateau - Exit
24118802,-53,15,464,True,
139461633,-19,-44,521,True,
227282946,0,0,1027,True,
25692680,-52,17,472,True,
203165698,4,-3,933,False,Shackles of Tyranny - Exit
104859397,0,0,232,True,
24119314,-52,15,464,True,
104860163,-6,5,8,False,
204476416,0,0,939,False,Eliocalypse Storm - Flood
24117763,-54,17,464,True,
128061965,0,0,518,True,
104862211,-5,10,277,False,
208407552,14,-32,949,False,Fouxwork Factory - Fourth Room
203163654,0,0,933,True,Shackles of Tyranny - Third Room
172232193,-25,30,280,True,
227279108,33,-70,1031,True,
172229124,-31,33,280,True,
209458178,36,-40,952,False,
126615552,-3,-52,519,False,
24118790,-52,16,464,True,
209456134,23,-29,951,False,
104858115,-3,12,277,False,
87556098,0,2,469,False,
161744896,3,-9,852,False,Colousses's Meowsoleum - Exit
128058884,-9,-56,518,True,
87557124,2,4,469,False,
164102148,-29,-30,525,True,
104991237,0,0,8,True,
87556106,0,10,469,False,
104991239,0,0,8,True,
99747074,22,-12,163,True,
227280902,33,-63,1027,False,
164102674,-28,-16,525,True,
127929358,0,-46,518,True,
172231692,-26,41,886,True,
104858373,0,0,277,True,
203165702,0,0,933,True,Shackles of Tyranny
104858119,-6,6,8,False,
104989185,0,0,277,True,
104989187,0,0,277,True,
127927821,-3,-47,518,True,
138675202,2,6,827,True,
237777920,0,0,904,False,
97256983,-3,-4,29,True,
128061961,0,0,518,True,
189531141,0,-24,97,True,
183762958,1,3,10,False,Iop Temple
97389059,0,0,1034,True,
237904928,0,0,904,True,
97260061,-2,2,480,False,
97258009,-3,-4,29,True,
97389063,0,0,1034,True,
97260051,0,-3,29,True,Shoon Mine
207621122,22,-28,951,False,Lenald House
158991363,-23,-59,59,True,
207623168,22,-29,951,False,Bamboo Palace
97257999,-2,-5,29,False,Korussant Mine
147981569,-16,-16,33,True,
74978819,-51,40,771,False,Grozilla and Grasmera's Den
211293194,0,0,955,True,Firefly Grave
211291142,20,-40,945,False,Wukin Temple
222300162,0,0,1017,True,
164102150,-29,-28,525,True,
207627264,19,-27,951,False,
207618060,24,-22,944,False,
207753736,0,0,1036,True,
99746305,23,-9,161,True,
207621120,19,-29,951,False,
211293186,23,-32,960,False,Calligraphy Workshop
207750664,0,0,951,True,Bamboo Palace
74977026,0,0,771,True,Nomads' Land
128058381,-8,-47,518,True,
211290114,22,-27,951,False,Ferminted Inn
74976771,-51,40,771,False,Nomads' Land
207619088,0,0,945,False,
74973185,-51,40,771,False,Chthonian Slabs Enigma Room
164103187,-27,-15,525,True,
189532173,0,0,97,True,
99353612,-2,-3,10,False,
177478662,14,6,885,True,Kolossium Duel - Arena XX
211290118,-3,2,956,False,
99352584,1,16,22,False,
164102667,-28,-23,525,True,
138412032,9,-5,829,False,
211294468,0,0,960,True,Prayer Room
211292164,0,0,957,True,Spirit Summit
99357698,2,29,170,False,
99357700,9,4,3,False,
127927309,-4,-47,518,True,
99485200,0,0,22,True,
153880323,3,-3,450,True,
215876876,-22,33,980,False,
156176,-49,16,454,True,
160956931,1,3,856,True,
68551168,6,-7,180,True,
26739716,0,0,783,True,Lair of the Kralove - Second Room
137736,-13,8,253,True,
68420101,8,-2,1,True,
131864580,0,0,822,True,
207619331,0,0,951,True,Shaman's House
185862660,-1,-5,2,True,
160277,-57,21,454,True,
75498248,-19,-11,231,True,
235147010,6,10,1042,True,
161796,-60,4,453,True,
207624196,23,-27,951,False,Bonnawa Chocolate Factory
237789236,0,0,904,False,
158990850,-22,-60,59,True,
237769786,0,0,904,True,
237901832,0,0,904,True,
237765658,0,0,904,False,
237768749,0,0,904,True,
237764647,0,0,904,False,
237786637,0,0,904,False,
84541959,-7,31,23,True,
142084100,-34,-46,68,True,
237771791,0,0,904,False,
237765690,0,0,904,True,
237911072,0,0,904,True,
237771784,0,0,904,True,
189661708,-3,-17,97,True,
237777959,0,0,904,False,
84412934,-1,30,23,True,
237905980,0,0,904,True,
237769788,0,0,904,True,
237775919,0,0,904,True,
237778991,0,0,904,True,
237783053,0,0,904,False,
237771817,0,0,904,False,
237768717,0,0,904,False,
142215686,0,0,1036,True,
237772845,0,0,904,True,
237765671,0,0,904,False,
142084612,-33,-46,68,True,
237770799,0,0,904,True,
237898799,0,0,904,True,
237779004,0,0,904,True,
211027202,22,-32,960,True,
142086667,-29,-39,68,True,
186384902,-48,-79,897,True,
56098816,-64,-55,618,False,Royal Pingwin's Excavation - First Room
142090248,-22,-42,68,True,
241438725,0,0,536,True,
183762950,8,2,485,False,Osamodas Temple
148112901,-12,-9,33,False,
137366530,6,5,828,True,
172755971,-13,25,517,True,
136056070,8,-2,829,True,
166988808,0,0,493,True,Blop Fields - Royal Coco Blop Room
183766016,1,-5,2,False,Ecaflip Temple
134218752,3,2,827,True,
169870338,0,0,869,True,Captain Meno's Ship - Second Room
84544007,0,0,23,True,
183765251,0,0,179,True,Feca Temple
137371652,4,8,828,True,
134221824,6,2,827,True,
183765006,0,3,10,False,Cra Temple
137369604,8,5,827,False,
218628096,-34,-59,1013,False,White Rat's Pantry - First Room
172756482,-12,24,517,True,
183765011,0,0,10,True,Cra Temple
200806400,0,0,922,False,
186385926,-47,-79,897,True,
183769350,0,0,479,True,Pandawa Temple
172754946,-15,24,517,True,
74186754,-32,-59,975,False,
63442433,0,0,501,True,
74187778,-25,36,977,False,
148113923,-12,-6,169,False,
148115971,-12,-7,169,False,
218629120,-34,-59,1013,False,White Rat's Pantry - Second Room
95683075,4,-6,180,True,
147981826,-17,-13,169,True,
137369347,0,0,827,True,
183765004,0,3,10,False,Cra Temple
137372419,0,0,827,True,
142085127,-32,-43,68,True,
183767046,-3,-4,2,False,Sacrier Temple
192413704,6,-21,95,False,Florist
183762952,1,3,10,False,Iop Temple
134217728,2,2,827,True,
61865984,-61,-70,624,False,Kolosso's Caverns - First Room
235669504,25,28,1041,True,Larvarzzrzbz
61998084,-61,-70,624,False,Kolosso's Caverns - Icy Room
147850753,-11,-14,168,True,
57016832,-59,-71,604,False,
142090765,-21,-37,68,True,
57022983,0,0,604,True,
98828809,1,9,10,False,
57024011,0,0,275,True,
98833929,11,9,10,False,
173016833,-27,15,57,True,
195302661,0,0,843,True,
217055492,-35,-61,1112,False,Function Room
172752901,-19,27,517,True,
142089734,-23,-44,68,True,
98829835,3,11,10,False,
230165003,-13,-29,1123,False,A37 - The Possessed III (Duel)
217063424,-35,-57,975,False,
223349001,39,-82,1026,True,
142088202,-26,-40,68,True,
217055242,-33,-57,975,False,
147854595,-4,-18,169,True,
230169097,-13,-29,1123,False,A41 - Brakmar (Teams)
217055234,-36,-58,976,False,Atyu Sirvis Inn
195299334,-82,6,907,True,
195299332,-82,7,907,True,
217056262,-29,-57,973,False,
230162951,-13,-29,1123,False,A23 - Dragon Pig I (Duel)
179307521,-65,29,883,True,
172759297,-8,22,517,True,
217058564,-35,-61,1112,False,
217057288,-30,-52,973,False,
195299336,0,0,908,True,
230162957,-13,-29,1123,False,A47 - Dopples (Teams)
230167049,-13,-29,1123,False,A39 - Wukang (Teams)
217062406,-34,-54,974,False,
147850242,-12,-13,168,True,
173017095,-26,23,57,True,
217056520,-35,-61,1112,True,
172752903,-19,29,517,True,
123470339,-30,-10,816,True,
217059328,-31,-57,975,False,
217060358,-31,-52,973,False,
195432964,0,0,907,True,
55052294,0,0,617,True,Royal Mastogob's Greenhouse - Third Room
147852806,-7,-9,169,True,
195299343,0,0,1036,True,
195299338,-18,27,517,True,
230169099,-13,-29,1123,False,A41 - Brakmar (Duel)
230162953,-13,-29,1123,False,A35 - The Possessed I (Teams)
157025280,33,4,846,False,LeChouque's Boat - Second Room
142090761,-21,-41,68,True,
142086155,-30,-39,68,True,
89393158,0,0,463,True,
173020417,-20,15,57,True,
173020163,-20,19,57,True,
168821764,20,28,863,True,
109053446,-64,-91,787,True,
157028357,0,0,846,True,LeChouque's Boat
20974084,-52,21,469,True,
168822788,21,28,863,True,
212861954,-26,36,977,True,
173018625,-23,17,57,True,
173016578,-27,18,57,True,
89394182,0,0,463,True,Tynril Lab - Fifth Room
109063168,0,0,787,True,
109056518,-62,-89,787,True,
76283910,-55,40,764,True,Billabone Cemetery
173937412,15,-61,873,False,Mynol Mine
5376259,0,0,460,True,Grotto Hesque - First Room
168821776,20,34,865,True,
173016067,-28,19,57,True,
130025987,-22,-24,525,False,Dimensional Voyagers' Tower - Briefing Room
173936645,0,0,874,True,Sarakech Bank
5376257,0,0,460,True,
212862210,-26,31,977,True,
173939458,12,-62,873,False,
20973057,-54,18,469,True,
59772932,8,4,603,False,
173016588,-27,28,57,True,
188220416,1,0,901,True,
214959873,43,-55,967,True,
212861955,-26,37,977,True,
59772934,8,6,603,False,
173936128,15,-57,874,False,Sandloon
173018635,-23,27,57,True,
168820744,19,30,864,True,
173020161,-20,17,57,True,
76287501,-48,47,773,True,Otomaisle
173934340,14,-64,873,False,
5244416,-59,15,460,False,Grotto Hesque - Second Room
59770888,-78,-75,603,False,Last Chance Saloon
130027523,0,0,525,True,Dimensional Voyagers' Tower - Laboratory
173016579,-27,19,57,True,
147851009,-11,-16,33,True,
59904515,-81,-73,603,False,
59768842,0,10,603,False,
62916608,-73,-69,623,False,Korriander's Lair - Second Room
145229323,1,6,836,True,
142088206,-26,-36,68,True,
157028352,33,4,846,False,LeChouque's Boat - LeChouque's Cabin
59768836,0,4,603,False,
173019658,-21,26,57,True,
62916614,0,0,623,True,Korriander's Lair - Third Room
87294467,13,21,528,False,Blacksmith Dungeon - Fourth Room
173018122,-24,26,57,True,
147853316,-6,-11,169,True,
142089741,-23,-37,68,True,
62917632,-73,-69,623,False,Korriander's Lair - Third Room
66847744,-36,-89,759,False,Kwismas Cavern - Second Room
172758022,-9,28,517,True,
157024261,0,0,846,True,LeChouque's Boat - First Room
145229319,1,6,836,True,
147850244,-12,-11,33,True,
76288010,-47,44,762,True,
147853058,-7,-17,33,True,
190579203,4,-11,173,True,
163842307,0,0,1036,True,
230426115,-13,-29,1123,False,B12 - Ecaflipus (Duel)
98567691,0,0,77,True,The Jellith Dimension - Second Room
147851778,-9,-13,168,True,
202117634,0,0,925,True,
205520897,24,-34,942,True,
230430217,-13,-29,1123,False,B40 - Bonta (Teams)
156634115,0,0,166,True,
76286477,-50,47,773,True,Otomaisle
157811714,31,8,165,False,
205520900,24,-31,942,True,
76287493,-48,39,766,True,
63963396,-56,16,455,True,
202244618,1,-2,925,True,
219152384,-36,-60,976,False,
141295616,-6,-12,750,False,Goultarminator - Arena C I
179438083,-68,31,883,True,
202114058,2,-3,925,True,
225184768,32,-64,1028,False,Bitter-Hammers' Stronghold - Fourth Room
154141190,0,0,1036,True,
76286983,-49,41,766,True,
195039234,0,0,903,True,King Dazahk's Brewery
202244614,2,0,925,True,
147851266,-10,-13,168,True,
156636417,0,0,165,True,
140510469,-83,-61,834,True,
230429193,-13,-29,1123,False,B39 - Wukang (Teams)
54173005,-78,-77,606,True,
54171426,-75,-34,600,True,
126093594,-1,-55,809,True,
156241418,0,0,56,True,
54164803,-62,-67,608,True,
54175531,-83,-43,601,True,
54168918,-70,-86,610,True,
156240392,0,0,56,True,
54175017,-82,-41,600,True,
54165304,-63,-56,615,True,
54175534,-83,-46,601,True,
54154578,0,0,608,True,
54166321,-65,-49,604,True,
126095129,2,-54,809,True,
54155582,0,0,601,True,
54168377,-69,-57,604,True,
158337024,-11,-62,55,True,
76287497,-48,43,763,True,
76283913,-55,43,763,True,Surf Beach
207095811,40,-44,955,True,
76418567,0,0,773,True,
63963136,-56,20,455,True,
156500484,30,10,166,True,
76285956,-51,38,765,True,
88605696,-57,11,454,False,
95424513,8,26,32,True,
190582273,10,-13,173,True,
63309824,-19,13,275,True,
63965184,-52,20,455,True,
88606722,-56,4,454,False,
171706371,-24,-8,522,True,
206831619,34,-42,952,True,
63964427,-54,9,455,True,
129236992,-5,-5,820,True,
98568711,11,28,77,False,
63964937,-53,11,455,True,
206307329,19,-30,951,True,
88604672,-50,20,454,False,
217320452,-32,-57,975,False,
95422722,19,18,1119,True,Little Boat in the Big Blue Sea
197918722,-84,-16,917,True,
207094273,37,-46,955,True,
63311106,-21,11,275,True,
217318402,-32,-57,975,False,
88605698,-56,4,454,False,
63965957,-51,15,455,True,
174721540,0,0,879,True,
95421442,16,29,32,True,
210764800,1,4,957,True,
129237507,-4,-1,820,True,
153486338,0,0,448,True,
206832133,35,-40,952,True,
197919746,-83,-16,917,True,
217449476,-32,-57,975,False,
217320454,-32,-57,975,False,
84544257,0,0,23,True,
237910037,0,0,904,True,
237896736,0,0,904,True,
84412418,-2,26,23,True,
237905939,0,0,904,True,
142087173,-28,-45,68,True,
158861826,-16,-60,59,True,
132382720,-5,-5,825,False,
237783040,0,0,904,False,
237770784,0,0,904,True,
237767695,0,0,904,False,
237904954,0,0,904,True,
237774869,0,0,904,True,
139463170,-16,-43,521,True,
237783066,0,0,904,False,
237781031,0,0,904,False,
125306369,3,1,519,False,
230696453,-13,-29,1123,False,C31 - War (Teams)
106694144,25,-6,161,True,
230687247,-13,-29,1123,False,C47 - Dopples (Duel)
159124488,-13,-63,211,False,Lord Crow's Library - Antechamber
159254274,0,0,211,True,Lord Crow's Library - Library Annexe
233046016,0,0,1035,False,
84805894,-4,-28,178,True,
131334148,-6,-8,826,True,
230695433,-13,-29,1123,False,C43 - Ereboria (Teams)
84805892,-4,-26,178,True,
206307328,19,-31,951,True,
125306371,3,3,519,False,
159124486,-12,-58,1038,True,Lord Crow's Library - Sixteenth Room
150602752,0,0,168,True,Kit's Mine - Chest Room
206311424,0,0,1036,True,
206308867,22,-28,951,True,
84805382,-3,-28,178,True,
179178764,-19,26,517,False,
208670726,0,0,946,True,Damadrya's Bamboo Grove - Fifth Room
87033344,10,15,516,False,Skeleton Dungeon - First Room
172490758,-19,21,71,True,
230699527,-13,-29,1123,False,C34 - Pandawa (Duel)
119802369,11,-24,335,False,
230687245,-13,-29,1123,False,C47 - Dopples (Teams)
230698501,-13,-29,1123,False,C33 - Crocuzko (Teams)
84805890,-4,-24,178,True,
230689281,-13,-29,1123,False,C13 - Sufokia (Teams)
119800323,10,-26,335,False,
87034370,10,15,516,False,Skeleton Dungeon - Exit
230690307,-13,-29,1123,False,C14 - Aerdala (Duel)
230695427,-13,-29,1123,False,C19 - Incarnam (Duel)
84806914,-6,-24,178,True,
87032328,0,0,516,True,Skeleton Dungeon - Entrance
206307843,20,-28,951,True,
230695429,-13,-29,1123,False,C30 - Last Hope (Teams)
87035398,0,0,516,True,Skeleton Dungeon - Third Room
230694405,-13,-29,1123,False,
230690315,-13,-29,1123,False,C38 - Wukin (Duel)
62135820,0,0,752,True,
230698499,-13,-29,1123,False,C22 - Freezammer (Duel)
155719680,-23,0,213,False,Moowolf Lair - Exit
230688259,-13,-29,1123,False,C12 - Ecaflipus (Duel)
179179272,-7,-8,57,True,
155713536,-23,0,213,False,Moowolf Lair - First Room
112722433,-61,-92,787,False,
230687243,-13,-29,1123,False,C35 - The Possessed I (Duel)
76420611,0,0,763,True,
76415492,-56,38,765,True,
215483392,43,-57,968,False,Kabaal Ritual - Second Room
100141056,-29,-9,62,True,
76416012,-57,46,772,True,Aussiemod Islet
83100166,10,14,7,False,
82313728,9,16,6,True,
83104256,9,17,7,True,
190710784,0,0,173,True,
156500992,31,6,165,True,
224791299,0,0,1029,True,
76424715,0,0,772,True,
126879233,-4,-53,519,False,
83103232,10,15,7,True,
76284420,-54,38,765,True,Tarada Bay
100139010,-33,-7,62,True,
112206595,-59,-89,794,True,The Count's Dungeon - Minute Hand
171968531,-23,13,526,True,
190582786,11,-12,173,True,
67108864,10,16,6,False,Rogue Temple
66324480,-34,-89,760,False,Father Kwismas's House - Third Room
85985792,-28,-88,320,False,
219938822,4,0,971,False,Nightmare's Source
141951747,-15,-41,521,False,
112200193,-59,-89,794,False,The Count's Dungeon - Glacial Gallery
171967506,-25,12,526,True,
224920576,4,-19,95,False,Order of the Knights of Astrub Room
224919556,-32,-70,967,True,Possessed Outpost
219938820,0,4,971,True,
87819783,11,-5,1,False,
85983744,-32,-86,320,False,Kwismas Shop
155976205,-14,-46,69,True,
171967498,-25,4,526,True,
224921614,0,0,1026,True,
224925186,0,0,963,True,Heimër's Consciousness
147195904,0,0,843,True,
67110912,10,16,6,False,Rogue Temple
72090632,2,37,200,False,
112201223,-59,-89,794,True,The Count's Dungeon - Rhythmetick Room
171968526,-23,8,526,True,
112204547,-59,-89,794,False,The Count's Dungeon - Minute Hand
72221700,0,0,200,True,
171706373,-24,-6,522,True,
190578692,3,-10,173,True,
139198464,-2,4,833,True,
224921608,0,0,1032,True,
220334340,-4,-4,975,True,
54153534,0,0,601,True,
232003842,0,0,472,True,
54167350,-67,-54,615,True,
54161225,-55,-73,609,True,
54171945,-76,-41,601,True,
156237831,-8,-37,56,True,
54166857,-66,-73,611,True,
126225160,0,0,519,True,
54167895,-68,-87,610,True,
201851905,2,1,927,True,
54156614,0,0,615,True,
54167858,-68,-50,615,True,
54170924,-74,-44,601,True,
54163773,-60,-61,615,True,
54166325,-65,-53,615,True,
126092056,-4,-53,519,True,
205787142,14,-32,949,False,Fouxwork Factory
101452289,-4,-24,178,False,Spring Room
165152777,-12,-26,54,True,
85464071,-21,-5,231,False,
101453317,-4,-24,178,False,Summer Room
205915152,-37,-11,210,False,Minotot Room
99090955,2,1,10,False,
205392131,0,0,944,True,
171707393,-22,-10,522,True,
205915394,-14,25,890,False,Forfut Manor
99222533,0,0,10,True,
182452224,-10,22,803,False,Cursed Araknas Temple - Entrance
205786122,29,9,700,False,Kanniball Village
205784082,-2,-3,824,False,Drhossil's Caves
205783070,-29,35,1010,False,
107485188,0,0,254,True,Skeunk's Hideout
85467141,-21,-5,231,False,
232654345,0,0,12,True,
190055941,11,-24,335,True,
85462533,-21,-5,231,False,
99092999,3,17,4,False,
183240203,32,-38,952,True,
205259776,24,-26,944,True,
85464067,-21,-5,231,False,
205258753,22,-25,944,True,
85459457,-21,-5,231,False,
205260290,25,-24,944,True,
85466115,-21,-5,231,False,
156108802,0,0,69,True,
167247878,-31,-14,334,True,
99222029,0,0,10,True,
171705859,-25,-8,522,True,
171707909,-21,-6,522,True,
99097089,0,0,488,True,
186908930,-10,-30,54,True,
183240207,-33,38,280,False,Hyrkul Cavern
99222031,0,0,4,True,
155976201,-14,-50,69,True,
99091971,4,2,10,False,
99098121,0,0,10,True,
99090957,0,0,10,False,The Kanojedo
99096067,4,2,10,False,
171707399,-22,-4,522,True,
99097097,0,0,488,True,
171969039,-22,9,526,True,
190056454,12,-23,335,True,
174852102,9,-67,878,True,
54170926,-74,-46,602,True,
54168873,-70,-41,602,True,
54164794,-62,-58,615,True,
54177581,-87,-45,602,True,
54169901,-72,-45,602,True,
54167856,-68,-48,604,True,
54164292,-61,-68,608,True,
54161222,-55,-70,609,True,
54163766,-60,-54,604,True,
54170413,-73,-45,602,True,
54163763,-60,-51,604,True,
54165826,-64,-66,608,True,
54170416,-73,-48,602,True,
54182217,0,0,603,True,
54163767,-60,-55,615,True,
54161192,-55,-40,651,True,
175899136,7,-70,880,False,Wurmlord's Passage - Second Room
117708819,22,34,806,True,Sunktuary - Abyss Rooms
170135050,0,0,860,True,
117708805,22,27,805,True,Sunktuary - Undertow Rooms
96338954,0,0,201,True,Tofu House - Third Room
117706764,20,32,806,True,Sunktuary - Abyss Rooms
117834755,0,0,1036,True,
165153282,-11,-33,54,True,
106168322,0,0,2,True,
114427401,0,0,816,True,
167247880,-31,-12,334,True,
165152265,-13,-26,54,True,
107481088,-20,10,254,False,Skeunk's Hideout - First Room
117705235,22,26,805,True,Sunktuary - Undertow Rooms
117703169,22,15,1048,False,
117708808,24,31,806,True,Sunktuary - Abyss Rooms
170133508,21,22,868,False,
193200129,10,-21,96,True,
107480064,-20,10,254,False,Skeunk's Hideout
66196482,0,0,758,True,
96208898,5,6,201,False,Tofu House - Fifth Room
165152775,-12,-28,54,True,
184689921,-73,-76,893,False,Ilyzaelle's Lookout - Second Room
96208902,5,6,780,False,Royal Tofu House - Fifth Room
184687361,-73,-76,893,False,Ilyzaelle's Lookout - Fourth Room
170135046,0,0,866,True,
96338944,5,6,3,False,
165282315,-17,-24,54,True,
199755776,-4,29,920,False,Draegnerys's Trial - Third Room
66192130,-35,-90,758,True,
96210956,0,0,780,True,Royal Tofu House - Fifth Room
199757830,0,0,920,True,Draegnerys's Trial
165151244,-15,-23,54,True,
167248387,-30,-17,334,True,
167380490,-34,-10,334,True,
132125441,0,0,523,True,
77332993,0,0,750,True,
119016454,6,-23,98,False,
93850624,13,-7,34,False,
165156368,-5,-19,178,True,
93847552,13,-7,34,False,
212338700,0,0,983,False,
119016450,3,-26,98,False,
165282319,-17,-20,54,True,
221118980,-6,17,9,True,
146804740,0,0,750,True,
77332995,0,0,750,True,
201066498,-31,32,924,True,
198181376,-5,24,314,True,
91752965,22,23,32,False,
149423108,0,0,781,True,Soft Oak Clearing - Entrance
209193218,23,-34,945,True,
66193666,-38,-90,758,True,
188753409,0,0,1036,True,
141036544,-6,-12,750,False,B3 - Goultarminator
213912836,0,0,976,True,
213910028,-34,-58,976,False,
198182401,-3,25,314,True,
132123138,-9,-45,523,True,
141036546,-6,-12,750,False,B5 - Goultarminator
201064965,-4,9,922,True,Valdi's Nightmare
66060291,-34,-85,757,True,
201068544,11,-67,922,True,Cursed One's Nightmare
170395652,-13,-29,750,True,(old) Old Arena B15
182325249,-9,29,494,False,Temple of the Great Ougaa - Third Room
170393608,-13,-29,750,True,(old) Old Arena C13
66191875,-35,-85,757,True,
209192195,21,-35,945,True,
170393600,-13,-29,750,True,(old) Old Arena A13
86509057,3,1,466,False,
25428225,-49,9,453,False,
188753411,0,0,95,True,
180356611,-10,32,889,True,
86510083,5,3,466,False,
180356609,-10,30,889,True,
209193219,23,-35,945,True,
164496404,-22,-16,525,True,
164365318,-18,-30,525,True,
182323203,-9,29,494,False,Temple of the Great Ougaa - Fifth Room II
182193153,-9,29,494,False,Temple of the Great Ougaa - Exit
86508035,1,3,466,False,
201590017,2,-1,926,True,
180355074,-13,31,889,True,
180356610,-10,31,889,True,
25428226,-49,9,453,False,
66192388,-36,-84,757,True,
204214272,-21,-58,59,True,Heroes' Cemetery (Past)
188744197,2,-17,95,True,
66061060,-33,-92,757,True,
204211204,10,19,935,True,New Hope
182325255,0,0,494,True,Temple of the Great Ougaa - Third Room
201592579,4,-3,926,False,
180488712,0,0,889,True,
139995143,0,0,84,True,Tofu Smasher Game Tent
75768325,0,0,770,True,
164496393,-22,-27,525,True,
238296327,16,16,1130,True,Eternal Gardens Sanctuary - Castle Corridor
164496396,-22,-24,525,True,
122686977,2,3,815,False,
66061313,-32,-87,320,True,
238294274,22,8,1126,True,Eternal Gardens Sanctuary - Monochrome Text
66193920,-39,-88,757,True,
196346372,-3,-3,910,True,
88083208,6,15,4,True,
88087307,14,12,103,True,
238300417,21,16,1128,True,Eternal Gardens Sanctuary - Belladonna's Reserve (Draughtboards)
122683907,-3,-5,20663,False,
238297857,12,20,1127,True,Eternal Gardens Sanctuary - Protectors' Field
164364303,-20,-21,525,True,
88212247,0,0,10,True,
144577536,0,0,838,True,
88084750,9,9,3,True,
176685061,-15,19,71,False,
164365314,-18,-34,525,True,
199494656,-3,25,919,False,Kharnotaurus's Lair - Fourth Room
88086792,13,15,103,True,
176819205,-16,17,71,False,
144445702,7,-7,838,True,
176685315,-15,18,71,False,
199492608,-3,25,919,False,Kharnotaurus's Lair - Second Room
176820227,-16,17,71,False,
169608196,0,0,870,True,Dantinea's Palace - Second Room
222568449,-13,-30,54,True,
144444676,6,-6,838,True,
176822273,0,0,71,True,
176819201,-16,17,71,False,
88085263,10,8,3,True,
88087298,14,21,103,True,
164495880,-21,-28,525,True,
88081677,3,10,5,True,
164364814,-19,-22,525,True,
222562304,-26,37,859,False,
88086291,12,4,27,True,
222562308,0,0,859,False,
222563338,0,0,750,False,
88080897,2,24,170,True,
222562316,5,-5,180,False,
88082178,4,21,4,True,
88084741,9,18,4,True,
222570504,0,0,1020,False,
222564352,-25,12,859,False,
88084227,8,20,4,True,
88087301,14,18,103,True,
171444737,-12,36,61,True,
88083975,8,30,12,True,
88080644,1,19,22,True,
88085770,11,13,4,True,
88213264,-2,7,480,True,
88080900,2,27,170,True,
88082700,5,11,5,True,
88082702,5,9,5,True,
88080902,2,29,170,True,
88084238,8,9,3,True,
88083732,7,3,3,True,
88085763,11,20,103,True,
88086788,13,19,103,True,
88084237,8,10,481,True,
88213271,-2,0,10,True,
88085771,11,12,4,True,
88086802,13,5,179,True,
88081689,3,-2,479,True,
88081169,2,6,482,True,
88084998,10,29,12,True,
88217882,0,0,485,True,
171442688,-16,35,61,True,
88080905,2,32,170,True,
73403916,-9,13,234,True,
73532933,-19,6,235,True,
73403140,-11,-3,231,True,
190842370,0,-12,102,True,
88086287,12,8,179,True,
171442693,-16,40,61,True,
88083201,6,22,490,True,
88080899,2,26,170,True,
88081411,3,26,170,True,
88216851,0,0,482,True,
88081675,3,12,4,True,
88082712,5,-1,479,True,
88081153,2,22,170,True,
88082184,4,15,4,True,
88085267,10,4,3,True,
88084753,9,6,3,True,
88085266,10,5,3,True,
88212748,-1,11,480,True,
88084999,10,30,12,True,
88083222,6,1,485,True,
88086280,12,15,103,True,
88081683,3,4,482,True,
88082439,5,30,170,True,
73402368,-12,1,235,True,
88081685,3,2,10,True,
88216860,-9,-5,3,True,
88085249,10,22,490,True,
88083221,6,2,485,True,
88212236,0,11,5,True,
88213774,-3,9,480,True,
88213784,-3,-1,2,True,
73400832,-15,1,182,True,
171443713,-14,36,61,True,
88085265,10,6,3,True,
73533953,-21,2,235,True,
73403137,-11,0,235,True,
88081922,4,25,490,True,
132122113,-11,-46,523,True,
132121602,-12,-45,523,True,
193201155,12,-19,96,True,
66196480,0,0,758,True,
66061825,-31,-87,320,True,
91753991,25,12,1048,True,
91751937,15,26,32,False,
91753995,16,26,32,False,
63703040,-18,14,275,True,Shedblood Shaft
198181892,-4,28,314,True,
201588741,1,1,926,True,
66061827,-31,-85,320,True,
198181380,-5,28,314,True,
193201159,12,-15,96,True,
91751943,21,14,1048,False,
201064962,-34,32,924,True,
88086273,12,22,490,True,
33829378,-4,20,9,False,
199495682,-3,25,919,False,Kharnotaurus's Lair - Exit
88082441,5,32,170,True,
88083210,6,13,4,True,
176817153,-18,17,71,False,
144577540,0,0,838,True,
176822019,0,0,71,True,
222569486,0,0,1020,False,
176817411,-16,20,71,False,
88081162,2,13,22,True,
33818112,-2,-6,29,False,
164498962,0,0,525,True,
222569478,0,0,1020,False,
199494662,0,0,919,True,Kharnotaurus's Lair - Fourth Room
176819459,-16,17,71,False,
88212759,-1,0,10,True,
73534977,-23,2,235,True,
88212240,0,7,5,True,
88080665,1,-2,10,True,
88080657,1,6,482,True,
88080643,1,20,22,True,
88213786,-3,-3,2,True,
88082190,4,9,5,True,
88082201,4,-2,479,True,
88084241,8,6,3,True,
171443201,-15,36,61,True,
88086801,13,6,179,True,
73400326,-16,7,235,True,
190842371,0,-11,102,True,
73404431,-8,16,234,True,
54174000,-80,-48,602,True,
54164804,-62,-68,608,True,
54169940,-72,-84,610,True,
54167381,-67,-85,610,True,
54168889,-70,-57,604,True,
54175018,-82,-42,601,True,
54168375,-69,-55,604,True,
54164280,-61,-56,615,True,
126226190,0,0,809,True,
54170410,-73,-42,601,True,
232001540,0,0,1036,True,
126224150,-8,-51,519,True,
54177578,-87,-42,602,True,
54173511,-79,-71,603,True,
126223127,-6,-52,519,True,
54166328,-65,-56,615,True,
54161213,-55,-61,604,True,
54169396,-71,-52,615,True,
126223126,-6,-51,519,True,
156239371,-5,-33,56,True,
54171983,-76,-79,606,True,
54168379,-69,-59,604,True,
54171941,-76,-37,600,True,
54166845,-66,-61,604,True,
54165306,-63,-58,615,True,
54168407,-69,-87,610,True,
54168371,-69,-51,615,True,
54167357,-67,-61,604,True,
231997698,0,0,451,True,
54168357,-69,-37,602,True,
54166337,-65,-65,608,True,
54163255,-59,-55,604,True,
54171464,-75,-72,603,True,
54163260,-59,-60,615,True,
54167370,-67,-74,611,True,
54179149,0,0,606,True,
147588608,-20,-56,70,True,
54172491,-77,-75,603,True,
54166334,-65,-62,604,True,
54171987,-76,-83,606,True,
54177067,-86,-43,602,True,
126094613,1,-50,519,True,
54161725,-56,-61,604,True,
147720200,0,0,70,True,
54167335,-67,-39,602,True,
54165822,-64,-62,604,True,
54173486,-79,-46,601,True,
54172456,-77,-40,601,True,
201853953,6,0,927,False,
54181201,0,0,610,True,
189793289,5,-22,98,True,
54178125,0,0,606,True,
54155565,0,0,652,True,
169084938,24,31,861,True,
54167333,-67,-37,602,True,
54166833,-66,-49,604,True,
54156618,0,0,604,True,
54153550,0,0,609,True,
156239370,-5,-34,56,True,
54171940,-76,-36,600,True,
54168363,-69,-43,602,True,
54171477,-75,-85,610,True,
54160194,-53,-66,604,True,
117444610,20,8,801,True,
54162740,-58,-52,604,True,
54159655,-52,-39,650,True,
54171939,-76,-35,600,True,
54168919,-70,-87,610,True,
54171422,-75,-30,602,True,
236718080,12,2,1046,False,The Ripper's Altar - Exit
54165303,-63,-55,615,True,
71305216,0,0,941,False,
54164279,-61,-55,615,True,
54171978,-76,-74,603,True,
54176048,-84,-48,602,True,
54162238,-57,-62,604,True,
71305220,0,0,944,False,
54167358,-67,-62,604,True,
156242435,1,-41,56,True,
54172975,-78,-47,602,True,
54160202,-53,-74,609,True,
71306242,0,0,943,False,
54157642,0,0,604,True,
169216000,0,0,860,True,
54167342,-67,-46,604,True,
173411329,0,0,1036,True,
54175016,-82,-40,600,True,
129763328,-8,-5,822,True,
201326592,0,0,928,True,
71303168,0,0,941,False,
54172999,-78,-71,603,True,
169083914,23,31,861,True,
196608002,0,-7,911,False,Chocolate Museum
126092570,-3,-55,519,True,
54167873,-68,-65,608,True,
54177062,-86,-38,602,True,
54174540,-81,-76,606,True,
54155590,0,0,615,True,
54173998,-80,-46,601,True,
71306246,0,0,945,False,
54162230,-57,-54,604,True,
204998145,20,-22,941,True,
196609024,-3,-9,912,False,Chocomancers' Secret Conference Room
54155586,0,0,602,True,
206176773,16,-32,943,True,
54171985,-76,-81,606,True,
173280256,19,-60,872,True,
71303170,0,0,943,False,
201851904,2,0,927,True,
54162251,-57,-75,609,True,
189793284,5,-27,98,True,
54156585,0,0,651,True,
169083906,23,27,860,True,
231997700,0,0,451,True,
229900290,0,6,482,False,Sidekick Inn
174330372,0,0,875,True,Mastodon Cemetery
120590853,0,-33,30,False,
126092057,-4,-54,519,True,
147588610,-20,-54,70,True,
201850882,0,2,927,True,
54176049,-84,-49,602,True,
115606023,28,-14,798,True,
111674626,0,0,615,True,
169082884,22,28,860,True,
120592899,2,-34,30,False,
173278723,16,-57,874,True,
90706690,19,23,32,True,
126096155,4,-56,519,True,
173278720,16,-60,872,True,
156239876,-4,-40,56,True,
153891078,0,0,450,True,
161220608,1,-8,855,True,
115609089,31,-17,798,True,
64749572,0,0,755,True,The Kwakwa's Nest - First Room
161352704,-4,-8,855,True,
163580420,0,0,702,True,Haunted House - Third Room
103549440,3,-17,95,False,Kerub's Attic
229901312,0,6,482,False,Sidekick Inn
159650319,-24,-50,43,True,
109576705,-59,-74,790,False,Nileza's Laboratory - First Room
206045701,18,-32,943,True,
130547716,0,0,824,True,
201852417,3,1,927,True,Oasis Entrance (Misery's Desert)
153883906,0,0,450,True,
156238339,-7,-41,56,True,
126223636,-7,-49,519,True,
206176769,16,-36,943,True,
202379264,4,-3,931,False,Blood Throne - Fifth Room
161353986,-5,-9,855,True,
198971398,0,0,325,True,
156238851,-6,-41,56,True,
109578753,-59,-74,790,False,Nileza's Laboratory - Third Room
204997889,19,-24,941,True,
161355786,0,0,855,True,
156239873,-4,-43,56,True,
161355780,0,0,855,True,
90833665,9,24,32,True,
239616017,-52,-45,1076,False,
239602714,27,26,1098,False,
239618577,-63,-86,1078,False,
233310212,0,0,1122,True,26 - Cemetery (Teams)
206045191,17,-30,943,True,
90835971,0,0,32,True,
204998153,0,0,941,True,
116916230,21,-11,163,False,
147588106,-21,-46,70,True,
171182084,-57,-1,877,False,
239606285,1,26,1069,False,
186648578,-50,-83,897,False,
239607818,-17,8,1066,False,
179830788,-16,29,517,True,
116916234,26,-8,161,False,
186649606,-48,-80,897,False,
206046723,17,-34,943,False,
72351744,-1,33,154,False,Dragon Pig's Den - First Room
181142532,-13,31,495,True,
171185156,0,0,54,True,Storm Platform
116916228,28,-12,162,False,
116917256,24,-10,161,False,
179830787,-16,28,517,True,
197004290,0,0,911,True,
116920320,0,0,1036,True,
157548544,29,9,700,False,Kanniball Village - First Room
213256200,0,0,984,False,
206176772,16,-33,943,True,
186647811,0,0,1036,True,
104333831,0,0,94,True,Bworker's Cave - First Room
90704897,16,26,32,True,
166463753,-20,-34,525,True,
213123080,0,0,984,False,
72359940,0,0,154,True,Dragon Pig's Den - Twelfth Room
201327106,1,2,928,True,
201459970,0,0,928,True,
210242560,39,-44,954,False,Spirit Abode - Fourth Room
213125130,0,0,984,False,
181146628,-9,31,495,True,
100925955,0,33,11,False,
233315336,0,0,1122,True,42 - Belladonna (Teams)
213123084,0,0,984,False,
157548549,0,0,700,True,
213255174,0,0,984,False,
166462731,-20,-34,525,True,
112466185,0,0,789,True,
147589130,-19,-46,70,True,
181146626,-9,30,495,True,
104337927,0,0,94,True,Bworker's Cave
105121026,66,6,751,False,Jail
213126144,0,0,984,False,
213128198,0,0,984,False,
213255178,0,0,984,False,
206045190,17,-31,943,True,
84411398,-4,30,23,True,
201327619,2,3,928,True,
72353792,-1,33,154,False,Dragon Pig's Den - Third Room
210241536,39,-44,954,False,Spirit Abode - Third Room
162791450,0,0,851,False,Brakmar Haven Bag
147589634,-18,-54,70,True,
213123082,0,0,984,False,
181144584,-11,33,495,True,
196870148,-1,-5,911,True,
54165817,-64,-57,615,True,
54174506,-81,-42,601,True,
147590155,-17,-45,70,True,
54170453,-73,-85,610,True,
54167852,-68,-44,602,True,
54176559,-85,-47,602,True,
173280513,19,-61,872,True,
126092040,-4,-37,178,True,
54165845,-64,-85,610,True,
54171466,-75,-74,603,True,
54169381,-71,-37,602,True,
126226188,0,0,809,True,
117443584,17,12,801,True,
54163774,-60,-62,604,True,
54163258,-59,-58,615,True,
54172969,-78,-41,601,True,
154637,-46,13,453,True,
168559620,26,28,866,True,
154644,-46,20,466,True,
139461121,-20,-44,521,True,
168559624,26,30,867,True,
183108107,-27,24,896,True,
183109643,-38,23,896,True,
233308170,0,0,885,True,35 - The Possessed I (Duel)
157696,-52,0,453,True,
161283,-59,3,453,True,
112459776,-59,-81,789,True,
233314312,0,0,1122,True,41 - Brakmar (Teams)
119278083,21,18,807,False,Aquadome - Exit
136317444,0,0,210,True,Labyrinth of Souls
22547203,-55,-4,461,False,
60036098,-74,-71,605,True,
203687170,15,-20,929,True,
157704,-52,8,454,True,
157703,-52,7,454,True,
208143360,22,-24,947,False,Valley of the Lady of the Water - Second Room
161293,-59,13,453,True,
112468233,0,0,789,True,
60034563,-77,-70,605,True,
232001794,0,0,1036,True,
198972416,-2,25,325,False,Crocabulia's Lair - Fifth Room
112461068,-58,-87,789,True,
54529024,6,0,601,False,
198968320,-2,25,325,False,Crocabulia's Lair - First Room
161481988,-13,-19,857,True,
54532129,-74,-42,601,False,
233308160,0,0,1122,True,11 - Cracklers (Teams)
155152,-47,16,466,True,
154129,-45,17,466,True,
54537239,-77,-42,601,False,
112460041,-59,-86,789,True,
203688196,15,-20,929,True,
155659,-48,11,453,True,
144972036,0,0,836,True,
157720,-52,24,453,True,
138500,0,0,232,True,
218892288,-28,37,1010,False,Black Rat's Moumousetrap - Third Room
218105856,4,0,970,False,
231998468,0,0,453,True,
60040451,0,0,605,True,
138242,0,0,232,True,
157954,-52,-2,453,True,
54526997,2,21,601,False,
159650305,-24,-64,43,True,
59506948,-80,-77,622,True,Snowfoux Caverns
106430464,-3,-4,913,False,Waddict Foundry - First Room
110888967,-60,-69,785,True,
160515,-57,-3,457,True,
169348103,0,0,871,True,Koutoulou's Temple - Fourth Room
156678,-50,6,453,True,
59510018,-77,-76,622,True,Snowfoux Caverns
153345,-43,-1,451,True,
133632,-5,0,232,True,
57936641,-52,-45,653,False,Sakai Mine Dungeon - Third Room
59508742,-78,-73,622,True,Snowfoux Caverns
60037123,-72,-70,605,True,
159766,-56,22,454,True,
59517186,-75,-75,621,False,Snowfoux Den - Exit
135686,-9,6,233,True,
153886978,0,0,443,True,
156893704,34,12,93,True,
151827,-40,-19,209,True,
161486086,-9,-20,857,True,
60037122,-72,-71,605,True,
221777408,-5,3,1018,False,Gob Akademy - Fourth Room
189663240,0,0,97,True,
136197,-10,5,233,True,
60037121,-72,-72,605,True,
57939713,-52,-45,653,False,Sakai Mine Dungeon - Exit
85721603,-15,-5,231,False,
94114816,1,26,297,False,Scaraleaf Dungeon - Fifth Room
159648770,-27,-63,43,True,
135938,-9,-2,232,True,
57935617,-52,-45,653,False,Sakai Mine Dungeon - Second Room
60036613,-73,-68,605,True,
60030976,-84,-73,605,True,
94113792,1,26,297,False,Scaraleaf Dungeon - Fourth Room
160282,-57,26,453,True,
221775360,-5,3,1018,False,Gob Akademy - Second Room
104596999,0,0,284,True,
110630401,0,0,788,True,
153891074,0,0,450,True,
235147011,6,9,1042,True,
94111746,1,26,297,False,Scaraleaf Dungeon - Basement
94115846,0,0,297,True,Scaraleaf Dungeon
221778432,-5,3,1018,False,Gob Akademy - Fifth Room
185992198,0,0,1036,True,
160778,-58,10,453,True,
138251,-14,11,253,True,
187696644,0,0,54,True,
224395264,0,0,1021,True,
156684,-50,12,454,True,
34475270,-40,-16,319,False,The Labyrinth of the Minotoror - Sixth Room
184943621,-21,-60,59,False,
224395776,1,0,1021,True,
34474242,-39,-14,319,False,The Labyrinth of the Minotoror - Seventeenth Room
163079,-62,-7,471,True,
184812551,20,29,864,False,
156685,-50,13,454,True,
184813571,-14,35,61,False,
5,0,0,233,True,
34342150,-36,-16,319,False,The Labyrinth of the Minotoror - Tenth Room
139272,-16,8,253,True,
184943617,4,8,828,False,
175114240,8,-73,879,False,
184813581,0,0,864,True,
34346246,0,0,210,True,Minotot Room
68421641,11,2,479,True,
184812547,-14,35,61,False,
34473222,-38,-16,319,False,The Labyrinth of the Minotoror - Eighth Room
154010373,-1,-5,20663,True,
185993224,0,0,480,True,
34473476,-39,-11,210,False,Antechamber
68552192,4,-7,180,True,
22806530,-51,9,470,False,Bherb's Gully - Second Room
184943619,-14,35,61,False,
34341128,-37,-17,319,False,The Labyrinth of the Minotoror - Fourth Room
153088,-43,0,451,True,
57671680,-74,-81,606,True,
161025,-58,-1,457,True,
160774,-58,6,453,True,
134656,-7,0,232,True,
90969609,11,9,32,False,
153883910,0,0,450,True,
68552707,3,-4,180,True,
184945671,0,0,59,True,
159744,-56,0,453,True,
138252,-14,12,253,True,
34472452,-37,-11,210,False,Minotot Room - Exit
68422148,12,-3,1,True,
152833,-42,-1,451,True,
34346248,0,0,210,True,Minotoror Room
158465,-53,-1,453,True,
145754629,0,0,1036,True,
213647618,-22,35,980,False,
68421636,11,-3,1,True,
90966537,5,9,32,False,
208405510,0,0,949,True,Fouxwork Factory - Second Room
99746307,23,-7,161,True,
172235780,-18,33,280,True,
204474368,-11,-12,939,False,Eliocalypse Storm - King Sheran Sharm's Throne
164233734,-30,-28,525,True,
172230657,-28,30,280,True,
237778950,0,0,904,True,
189530632,-1,-21,97,True,
185336832,-15,37,61,False,Forgotten Crypt
227411968,0,0,1031,True,
24118273,-53,15,464,True,
147852547,-8,-18,169,True,
235929604,0,0,1036,True,
99616513,27,-11,162,True,
75498761,-18,-12,231,True,
75629313,-21,-4,231,True,
104859141,-5,10,277,False,
99615492,25,-14,164,True,
126617600,-7,-60,519,False,
104991241,0,0,8,True,
209453062,20,-26,941,False,
76808706,-44,44,762,True,
128059401,-10,-51,518,True,
142085642,-31,-40,68,True,
223875072,29,-88,1030,False,Chamber of Evils - Fifth Room
166986760,0,0,493,True,Blop Fields - Royal Morello Cherry Blop Room
24117761,-54,15,464,True,
87557122,2,2,469,False,
147849220,-14,-11,33,True,
209586690,0,0,952,True,
164233741,-30,-21,525,True,
128058882,-9,-58,518,True,
138674178,1,6,827,True,
237901830,0,0,904,True,
147851010,-11,-17,33,True,
172235782,-18,35,280,True,
99748099,20,-13,163,True,
209455110,20,-31,951,False,Pandawushu Dojo
227280644,35,-70,1031,True,
139463686,-15,-39,521,True,
127926797,-5,-47,518,True,
172360199,-33,36,280,True,
209458182,21,-27,951,False,Archive Room
172231182,-27,43,886,True,
152835072,5,-1,447,False,Kardorim's Crypt - Exit
209456136,38,-42,963,True,Astral Clearing
128059404,-10,-48,518,True,
26740740,0,0,783,True,Lair of the Kralove - Third Room
210634245,-4,0,956,True,
160959747,6,-2,856,True,
153879299,1,-3,450,True,
75500544,-14,-3,231,True,
75500803,-14,-6,231,True,
153888004,0,0,449,True,
172361986,0,0,1036,True,
185861634,-3,-7,2,True,
99616002,26,-12,162,True,
149685252,0,0,175,True,Ancestral Domain - Second Room
68419590,7,-1,479,True,
172229122,-31,31,280,True,
75500801,-14,-4,231,True,
197394432,-1,-7,914,False,The Crunchery - First Room
99615749,26,-5,161,True,
72619012,0,34,11,True,
75499520,-16,-3,231,True,
185860609,-5,-8,2,True,
153883908,0,0,450,True,
216402698,-34,-59,1011,True,
128059911,-11,-53,518,True,
210633219,-2,-2,956,True,
173539328,13,-65,873,True,
128061959,0,0,518,True,
216401408,-33,-54,1011,True,
173540868,16,-61,873,True,
185861123,-4,-6,2,True,
210633734,-3,1,956,True,
101715473,5,-7,181,True,
121374214,0,0,82,True,Royal Gobball's Court - Second Room
153881600,5,-1,449,True,
101714451,3,-6,181,True,
128058369,-8,-59,518,True,
75500804,-14,-7,231,True,
216269576,-31,-58,1011,True,
72617987,-2,33,11,True,
164102158,-29,-20,525,True,
75501315,-13,-6,231,True,
172234754,-20,31,280,True,
101715463,4,-12,100,False,
216272140,0,0,1011,True,
153880835,4,-3,450,True,Incarnam - Flight Zone
101717512,6,-13,100,False,
215224320,41,-45,955,True,
185862657,-1,-8,2,True,
181407240,0,0,1036,True,
153361,-43,-17,209,True,
183502864,-70,-75,892,True,
183501828,-74,-79,892,True,
152851,-42,-19,209,True,
164233742,-30,-20,525,True,
147851781,-9,-10,168,True,
189530628,-1,-25,97,True,
63439361,-45,-68,501,True,
74977793,-51,40,771,False,Grozilla and Grasmera's Den
237768723,0,0,904,True,
211295492,0,0,960,True,Bow Meow Bar
207623176,21,-33,945,False,Receptacle Cave
99756547,0,0,161,True,
99354632,1,16,22,False,
237785146,0,0,904,True,
211289100,0,0,957,True,
237764608,0,0,904,False,
127926286,-6,-46,518,True,
207618062,20,-20,941,False,Osakwa Inn
74979847,-51,40,771,False,Grozilla and Grasmera's Den
74976769,-51,40,771,False,Nomads' Land
207621128,21,-33,945,False,Receptacle Cave
128058883,-9,-57,518,True,
128059392,-10,-60,518,True,
99354626,14,20,103,False,
211288070,0,0,922,True,
211293190,38,-40,955,False,
211289094,-3,1,922,True,
211292160,23,-32,960,False,Forbidden Inn Great Hall
177603590,-2,6,885,True,
222430208,-2,21,1017,True,
99357702,3,12,4,False,
211290116,2,-3,957,False,Imagiro's Cave
158993410,0,0,59,True,
99485194,0,0,22,True,
84410886,-5,30,23,True,
164102657,-28,-33,525,True,
99359744,0,0,10,True,
99354624,3,23,170,False,
99353602,2,30,170,False,
127930382,2,-46,518,True,
189532163,2,-26,97,True,
177479690,0,0,885,False,
74978821,-51,40,771,False,Grozilla and Grasmera's Den
99355654,6,16,4,False,
192940038,3,-15,95,False,
237897786,0,0,904,True,
180093952,-68,29,883,False,
99352578,5,29,170,False,
164103189,-27,-13,525,True,
99357708,5,1,10,False,
158991362,-23,-60,59,True,
192937992,7,-24,98,False,
99485190,0,0,10,True,
96470528,26,22,32,False,Foggernaut Temple
99356682,5,1,10,False,
177603602,-13,-29,885,True,54 - Chaos Clock (Duel)
237777941,0,0,904,True,
177475584,-6,-12,1122,True,Tournament - Arena XXIII
99356680,2,2,10,False,
192941570,0,0,95,True,
184288260,-30,24,896,True,
184287234,-31,18,896,True,
96473088,0,0,32,True,Foggernaut Temple
74975749,-51,40,771,False,Nomads' Land
180094978,-65,29,883,False,Unikron Sanctuary
99355652,2,25,170,False,
113771265,-13,-29,750,True,
22808582,0,0,470,True,Bherb's Gully - Third Room
159255,-55,23,454,True,
157192,-51,8,453,True,
113902337,-13,-29,750,True,
68420102,8,-1,1,True,
113774337,-13,-29,750,True,Second slab Room
189793280,5,-31,98,True,
198447106,-81,-16,917,True,
156762628,37,7,93,True,
157207,-51,23,453,True,
113770497,-13,-29,750,True,
68551171,6,-4,1,True,
107219972,0,0,223,True,Koolich Cavern - Fourth Room
113902081,-13,-29,750,True,
156894724,32,8,93,True,
158860288,-19,-62,59,True,
237900832,0,0,904,True,
158861312,-17,-62,59,True,
237905952,0,0,904,True,
84411399,-4,31,23,True,
237771828,0,0,904,False,
237781044,0,0,904,False,
237910022,0,0,904,True,
237767682,0,0,904,False,
237899784,0,0,904,True,
142086157,-30,-37,68,True,
237774893,0,0,904,True,
189531654,1,-23,97,True,
237902867,0,0,904,True,
237772860,0,0,904,True,
237775891,0,0,904,True,
237768719,0,0,904,False,
158991360,-23,-62,59,True,
163316740,-13,-19,857,False,
237774889,0,0,904,False,
237773832,0,0,904,True,
237774867,0,0,904,True,
189531147,0,-18,97,True,
237772858,0,0,904,True,
163315714,1,1,856,False,
237764660,0,0,904,False,
237766677,0,0,904,True,
139463169,-16,-44,521,True,
163315712,-13,-18,857,False,
237764666,0,0,904,True,
237773839,0,0,904,False,
142085132,-32,-38,68,True,
237770793,0,0,904,False,
142083083,-36,-39,68,True,
158991361,-23,-61,59,True,
163316736,5,2,856,False,
237778998,0,0,904,False,
84411907,-3,27,23,True,
237771797,0,0,904,True,
237772802,0,0,904,False,
237897728,0,0,904,False,
174067200,15,-65,876,False,El Piko's Cave - Third Room
237776928,0,0,904,True,
158990851,-22,-59,59,True,
237773884,0,0,904,True,
84411395,-4,27,23,True,
84541960,-7,32,23,True,
104598023,0,0,284,True,
60033029,-80,-68,605,True,
106432518,0,0,913,True,
144972034,0,0,836,True,
157719,-52,23,453,True,
240390150,0,0,1119,True,
54530053,8,5,601,False,
136450,-10,-2,232,True,
59506694,-80,-73,622,True,Snowfoux Caverns
161481986,-13,-18,857,True,
136192,-10,0,232,True,
189792263,3,-24,98,True,
185861122,-4,-7,2,True,
145102082,-6,2,836,True,
133431300,-1,-42,56,True,
150209536,-4,-12,169,False,
147854081,-5,-16,33,True,
134222850,7,3,827,True,
142083079,-36,-43,68,True,
200803334,0,0,923,False,
142088204,-26,-38,68,True,
142082052,-38,-46,68,True,
147851272,-10,-7,33,True,
172758019,-9,25,517,True,
67373056,3,3,10,True,
147850763,-11,-4,169,True,
74187776,2,0,977,True,
200805382,0,0,923,False,
183766018,1,-5,2,False,Ecaflip Temple
164889090,-12,-44,523,False,
189531649,1,-28,97,True,
137371650,4,8,828,True,
139724293,-11,-37,84,True,
193728519,0,0,336,True,Sandy Castle - Fourth Room
220467204,0,0,972,True,The Gates of Bonta
142088715,-25,-39,68,True,
192415744,6,-18,95,False,Astrub Inn - Snapper Room
142086148,-30,-46,68,True,
192413706,5,-19,95,False,Militia Tower
186387972,-45,-80,897,True,
220467200,1,0,972,False,The Gates of Bonta
189530112,-2,-29,97,True,
241441793,1,1,536,False,
61868032,-61,-70,624,False,Kolosso's Caverns - Third Room
220466180,0,0,972,True,The Necromancer's Song
147852801,-7,-14,33,True,
172756483,-12,25,517,True,
147849735,-13,-8,169,True,
172755457,-14,23,517,True,
61867016,0,0,624,True,
186386948,-46,-80,897,True,
176951296,-27,17,756,False,Brumen Tinctorias's LaboRATory - Fifth Room
95684099,4,-6,180,True,
147851267,-10,-12,168,True,
147849733,-13,-10,33,True,
189531137,0,-28,97,True,
147854594,-4,-17,169,True,
136186880,0,0,829,True,
235676931,0,0,1041,True,
232260608,-82,-73,605,False,
136056068,8,-1,829,True,
81788930,-13,-29,1033,False,Kolossium
192414724,7,-19,95,False,Astrub Library
57021959,0,0,652,True,
217063432,-30,-59,973,False,
142085645,-31,-37,68,True,
173017857,-25,15,57,True,
98829829,3,5,10,False,
142083591,-35,-43,68,True,
56885771,-76,-85,610,False,Konk Cave
173019145,-22,25,57,True,
98830849,5,1,5,False,
195297292,-31,-85,320,False,
195429384,-32,-57,975,False,
147981057,-15,-16,33,True,
195299330,-83,12,905,True,
217057540,-35,-61,1112,False,Merchants' Room
217064452,-35,-60,976,False,
57017859,-55,-64,604,False,Faultline Mine
195300356,3,-17,843,True,
195298316,-31,-85,320,False,
195300354,-81,7,907,True,
195301388,-6,3,233,True,
217055238,-30,-57,973,False,
217058304,-29,-59,973,False,Bagrutte Inn
217059336,-33,-53,973,False,
123472387,-30,-12,816,True,
142084611,-33,-47,68,True,
217065476,-35,-60,976,False,
195298310,-82,6,907,True,
179308036,-64,32,883,True,
195300358,-82,6,907,True,
223346956,37,-84,1026,True,
173018369,-24,15,57,True,
205520898,24,-33,942,True,
230174217,-13,-29,1123,False,A46 - Tales (Teams)
205654022,0,0,942,True,
178258944,-14,38,61,True,
224789255,26,-87,1029,True,
223346954,36,-82,1026,True,Albuera Quarry
173017606,-25,22,57,True,
230167053,0,0,1123,False,A51 - Solary (Teams)
230173191,-13,-29,1123,False,A32 - Amber (Duel)
179307522,-65,30,883,True,
230168067,-13,-29,1123,False,A16 - Srambad (Duel)
223346946,36,-77,1024,True,
147850497,-12,-16,33,True,
55050242,-84,-49,617,False,Royal Mastogob's Greenhouse - Second Room
230162955,-13,-29,1123,False,A35 - The Possessed I (Duel)
123471363,-30,-11,816,True,
230171145,-13,-29,1123,False,A43 - Ereboria (Teams)
172753410,-18,24,517,True,
142088200,-26,-42,68,True,
173020168,-20,24,57,True,
223350546,0,0,1024,True,
178258946,-14,39,61,True,
157812736,32,4,167,False,
223348504,0,0,1026,True,
195302408,0,0,908,True,
195303942,0,0,43,True,Grougalorasalar's Tears
178259202,-14,37,61,True,
142089739,-23,-39,68,True,
195429380,-82,8,907,True,
195297288,-82,6,907,True,
142085640,-31,-42,68,True,
142086156,-30,-38,68,True,
133432320,-1,-42,56,True,
150208772,0,0,169,True,
59506950,-80,-77,622,True,Snowfoux Caverns
60037377,-72,-74,605,True,
153888768,0,0,1036,True,
240386565,19,21,1119,True,
150209540,-4,-12,169,True,
135174,-8,6,233,True,
162050,-60,-2,457,True,
59514372,0,0,621,True,Snowfoux Den - First Room
110896641,0,0,785,True,
154010882,-2,-2,442,True,
153879297,1,-1,443,True,
110101504,-52,-87,791,False,Sylargh's Carrier - Second Room
159649802,-25,-55,43,True,
59511044,-76,-77,622,True,Snowfoux Caverns
173017612,-25,28,57,True,
145359879,0,0,836,True,
173934338,15,-65,873,False,
173019393,-22,15,57,True,
212864519,-21,40,978,True,
20973056,-54,17,469,True,
109061120,0,0,787,True,
173019142,-22,22,57,True,
76285451,-52,45,763,True,
142083080,-36,-42,68,True,
89391110,0,0,463,True,Tynril Lab - First Room
173020164,-20,20,57,True,
109054979,-63,-91,787,True,
20972292,-56,13,469,True,
173937415,0,0,1036,True,
168822794,21,31,864,True,
5376001,0,0,460,True,Grotto Hesque - Third Room
5376003,0,0,460,True,Grotto Hesque - Fourth Room
173016065,-28,17,57,True,
173936388,16,-61,873,False,Mynol Mine
59900936,-2,8,603,False,
59770882,4,2,603,False,
130024963,-22,-24,525,False,Dimensional Voyagers' Tower - Laboratory
83103234,10,15,7,True,
20975876,-49,13,469,True,
20971779,-57,14,469,True,
59904518,-81,-73,603,False,
59902474,-81,-73,603,False,
173017604,-25,20,57,True,
59774468,11,4,603,False,
130024961,-22,-24,525,False,Dimensional Voyagers' Tower - Hall of Voyagers
147854339,-4,-12,169,True,
168822796,21,32,865,True,
5242886,-59,15,460,False,Grotto Hesque - Fifth Room
5376005,0,0,460,True,Grotto Hesque
173017099,-26,27,57,True,
20974083,-52,20,469,True,
59768832,0,0,603,False,
20971780,-57,13,469,True,
214959616,43,-54,967,True,
212864003,-22,36,980,True,
168822792,21,30,864,True,
59771906,6,2,603,False,
82446336,0,0,6,True,
214962689,41,-58,969,True,
59770884,4,4,603,False,
173147140,0,0,57,True,
17048580,-1,-4,10,False,Enutrof Temple
82314242,10,18,6,True,
132910084,0,0,818,True,Cross Strich's Aviary - Fourth Room
190582275,10,-11,173,True,
20973316,-54,13,469,True,
225972993,39,-80,1026,False,
100270592,-34,-9,62,True,
214958593,41,-53,967,True,
156502786,34,4,167,True,
202638336,4,0,930,False,Tree of Death - Second Room
132908036,0,0,1036,True,
20974849,-51,16,469,True,
225968648,0,0,1023,True,
212863488,-23,33,980,True,
212862471,-25,40,978,True,
76287490,-48,36,766,True,
173020170,-20,26,57,True,
145230859,0,0,836,True,
20973569,-53,18,469,True,
214959104,42,-54,967,True,
76286987,-49,45,762,True,Sun Beach
214959361,42,-55,967,True,
142089228,-24,-38,68,True,
173019140,-22,20,57,True,
89391104,-53,20,463,False,Tynril Lab - First Room
145228299,1,6,836,True,
109058054,-61,-88,787,True,
212866566,-17,39,980,True,
89393154,-53,20,463,False,Tynril Lab - Exit
168953864,0,0,864,True,
20974080,-52,17,469,True,
20972545,-55,18,469,True,
202118658,0,0,925,True,
224789505,23,-83,1029,True,
156500993,31,7,165,True,
76422663,0,0,765,True,
76424707,0,0,772,True,
76284424,-54,42,764,True,
147850754,-11,-13,168,True,
63965449,-52,11,455,True,
140641537,-85,-59,834,True,
140510467,-83,-60,834,True,
215486466,43,-57,968,False,Kabaal Ritual - Exit
147851268,-10,-11,168,True,
76420613,0,0,763,True,
219284480,-36,-60,976,False,
76289036,-45,45,762,True,Puerto Beacon
224792329,0,0,1029,True,
147981314,-16,-13,33,True,
230429185,-13,-29,1123,False,B15 - Moon (Teams)
140510209,-83,-58,834,True,
195039232,-62,-70,903,False,King Dazahk's Brewery - Fifth Room
219152386,-36,-60,976,False,
179440130,0,0,883,True,
207095300,39,-43,955,True,
215483398,0,0,968,True,Kabaal Ritual - Second Room
225185798,0,0,1028,True,Bitter-Hammers' Stronghold - Fifth Room
147852289,-8,-14,33,True,
230428167,-13,-29,1123,False,B27 - Kwismas (Duel)
163840002,-18,-59,59,False,
98566661,11,28,77,False,The Jellith Dimension - Royal Blue Jelly
202114052,3,-1,925,True,
225183744,32,-64,1028,False,Bitter-Hammers' Stronghold - Third Room
163841026,-18,-59,59,False,Leorictus's Crypt
141298690,-6,-12,750,False,C5 - Goultarminator
230435335,-13,-29,1123,False,B32 - Amber (Duel)
202114050,3,-2,925,True,
205522438,27,-29,942,True,
63964420,-54,16,472,True,
179307010,-66,30,883,True,
141300736,-6,-12,750,False,Goultarminator - Arena C VI
202246152,2,-1,925,True,
141300738,-6,-12,750,False,C7 - Goultarminator
98566659,9,30,77,False,The Jellith Dimension - Third Room
202246146,1,-2,925,True,
125046275,1,-54,809,False,
225185801,0,0,1028,True,Bitter-Hammers' Stronghold - Exit
202114048,3,-3,925,True,
230430209,-13,-29,1123,False,B16 - Srambad (Teams)
195038210,0,0,903,True,King Dazahk's Brewery - Fourth Room
230425091,-13,-29,1123,False,B11 - Cracklers (Duel)
195035138,0,0,903,True,King Dazahk's Brewery - First Room
230437385,-13,-29,1123,False,B52 - Gargandyas (Teams)
207097864,0,0,955,True,
202244616,2,-1,925,False,
225182720,32,-64,1028,False,Bitter-Hammers' Stronghold - Second Room
205521923,26,-32,942,True,
210767110,0,0,957,True,
156634369,0,0,166,True,
63964421,-54,15,472,True,
202246150,1,0,925,True,
225185794,32,-64,1028,False,Bitter-Hammers' Stronghold - Exit
230426125,-13,-29,1123,False,B48 - Sidekicks (Teams)
187437056,-48,-82,899,False,Bethel's Tower - Fifth Room
207225345,35,-46,955,True,
230436359,-13,-29,1123,False,B33 - Crocuzko (Duel)
153486342,0,0,1036,True,
63311107,-21,10,275,True,
63964160,-54,20,455,True,
217319426,-32,-57,975,False,
63310595,-20,10,275,True,
63964938,-53,10,455,True,
98568705,10,28,77,False,The Jellith Dimension - Exit
230434309,-13,-29,1123,False,B31 - War (Teams)
153358342,4,-4,778,False,
206308353,21,-30,951,True,Forbidden Inn Doors
230434315,-13,-29,1123,False,B44 - Ephedrya (Duel)
187436038,0,0,899,True,Bethel's Tower - Fourth Room
230431233,-13,-29,1123,False,B17 - Sidimote I (Teams)
179307008,-66,28,883,True,
171838980,0,0,522,True,
153354240,3,-3,450,False,
217320448,-32,-57,975,False,
98566667,0,0,77,True,The Jellith Dimension - First Room
174719745,5,-73,879,True,
63312900,0,0,275,True,
207093761,36,-46,955,True,
190318598,0,0,306,True,Famished Sunflower's Barn - Exit
88606728,-49,9,453,False,
63965959,-51,13,455,True,
197920002,-80,-12,917,True,Moonlit Jungle
206307841,20,-30,951,True,
95424516,12,29,32,True,
153356292,0,-4,20663,False,
158335489,-14,-61,55,True,
88605702,-52,15,472,False,
179308037,-64,33,883,True,
112989184,0,0,786,True,
174588673,7,-73,879,True,
121897226,0,0,812,True,
98566671,0,0,77,True,The Jellith Dimension - Royal Strawberry Jelly
210763776,-1,4,957,True,
128974852,0,-3,821,True,
96995841,-2,-5,491,False,Larva Dungeon - Second Room
88604676,-55,15,469,False,
179307013,-66,33,883,True,
217319428,-32,-57,975,False,
174588928,8,-72,879,True,
210764547,0,1,957,True,
172491779,-17,18,71,True,
63963915,-55,9,455,True,
206833155,37,-42,952,True,
121900294,4,4,812,False,Combat Room 3
193462272,-2,-14,102,False,
121897984,4,4,812,False,
112987136,-54,-87,786,False,
206832130,35,-43,952,True,
106694156,24,-12,164,True,
88605700,-55,15,469,False,
179306496,-67,28,883,True,
206309380,23,-27,951,True,
112990208,0,0,786,True,
121897986,4,4,812,False,
129236994,-5,-2,820,True,
96998925,0,0,491,True,Larva Dungeon - Fifth Room II
63964419,-54,17,472,True,
112985088,-54,-86,786,False,
179440132,0,0,883,True,
237905928,0,0,904,True,
158860800,-18,-62,59,True,
237898797,0,0,904,True,
237772815,0,0,904,False,
237770752,0,0,904,False,
237774895,0,0,904,True,
139462659,-17,-42,521,True,
142087178,-28,-40,68,True,
84412931,-1,27,23,True,
237903932,0,0,904,True,
237775917,0,0,904,True,
237778989,0,0,904,True,
237907989,0,0,904,True,
237772806,0,0,904,True,
237767708,0,0,904,False,
189530122,-2,-19,97,True,
106695180,25,-13,164,True,
106693122,26,-9,161,True,
106694162,22,-10,163,False,
159121420,0,0,1036,True,
178520068,-11,37,61,False,
233047298,0,0,1035,False,
181928961,-22,13,492,True,
230696455,-13,-29,1123,False,C31 - War (Duel)
230692355,-13,-29,1123,False,C16 - Srambad (Duel)
172493314,-14,17,71,True,
14158860,-34,-58,976,False,
159123458,-13,-60,1038,True,Lord Crow's Library - Seventh Room
230691341,0,0,1123,False,C51 - Solary (Teams)
106695184,23,-15,164,False,
206308868,22,-27,951,True,
106693126,23,-9,161,True,
172491780,-17,19,71,True,
59245570,0,0,609,True,
230697481,-13,-29,1123,False,C45 - Albuera (Teams)
212076544,3,-3,966,False,Ecaflip City (Lucky Wedding Chapel)
150474754,-10,-11,168,False,Kit's Mine - Exit
131335176,0,0,826,True,
212075522,2,-2,966,True,Ecaflip City (Bakman Square)
230695425,-13,-29,1123,False,C19 - Incarnam (Teams)
172490757,-19,20,71,True,
59244546,0,0,609,True,
212078594,4,-3,966,False,Ecaflip City (Level Arcade)
230692359,-13,-29,1123,False,C28 - Ecaflip City (Duel)
206308866,22,-29,951,True,
172493057,-15,14,71,True,
230687241,-13,-29,1123,False,C35 - The Possessed I (Teams)
179177736,-4,-8,1036,True,
87033350,0,0,516,True,Skeleton Dungeon - First Room
230691337,-13,-29,1123,False,C39 - Wukang (Teams)
179178766,-13,22,517,True,
84806406,-5,-28,178,True,
131334152,0,0,826,True,
87034368,10,15,516,False,Skeleton Dungeon - Second Room
175644930,9,-74,881,True,
230699531,-13,-29,1123,False,C52 - Gargandyas (Duel)
62129670,-63,-75,753,True,
230689291,-13,-29,1123,False,C37 - The Possessed III (Duel)
230698497,-13,-29,1123,False,C22 - Freezammer (Teams)
230697473,-13,-29,1123,False,C21 - Fields (Teams)
172492545,-16,14,71,True,
155713542,0,0,213,True,Moowolf Lair - First Room
131337218,-3,-9,826,True,
179180810,-16,32,517,False,
155719682,-23,0,213,False,
120062470,0,-29,30,True,
62132994,-63,-75,753,True,
137102336,8,-4,832,False,Throne Room of the Dark Court - Transition
179180814,-15,28,517,True,
168166912,-26,-27,525,False,
168037376,0,0,525,True,
62132748,0,0,752,True,
62136840,-63,-75,752,False,Bearbarian Antichamber
155714560,-23,0,213,False,Moowolf Lair - Second Room
219546626,-27,35,982,True,
112725505,-62,-89,787,True,
55837184,-64,-55,615,False,
155716608,-23,0,213,False,Moowolf Lair - Fourth Room
62134530,0,0,753,True,
118227968,21,7,800,False,Dramak's Theatre - Auditorium 2
168034306,-24,-27,525,False,
168037384,0,0,525,True,
155718658,-23,0,213,False,
118229250,21,7,800,False,Dramak's Theatre - Backstage 1
62128646,-63,-75,753,True,
120062979,1,-32,30,True,
179179790,-15,28,517,True,
172492800,-15,15,71,True,
62128648,-63,-75,753,True,
168034304,-24,-26,525,False,
168036352,-22,-27,525,False,
219546630,-27,37,982,True,
168037382,0,0,525,True,
172492289,-16,16,71,True,
84806916,-6,-26,178,True,
76283908,-55,38,765,True,
142088707,-25,-47,68,True,
87295491,13,21,528,False,Blacksmith Dungeon - Fifth Room
59776516,15,4,603,False,
142085634,-31,-48,68,True,
139724292,-11,-38,84,True,
62919680,-73,-69,623,False,Korriander's Lair - Fifth Room
172755974,-13,28,517,True,
157024256,33,4,846,False,LeChouque's Boat - First Room
142084098,-34,-48,68,True,
147982083,-17,-18,169,True,
59771904,6,0,603,False,
62918656,-73,-69,623,False,Korriander's Lair - Fourth Room
206309379,23,-28,951,True,
230687251,-13,-29,1123,False,C54 - Chaos Clock (Duel)
106695182,24,-14,164,True,
127404042,-13,-29,750,False,Ten Year Tournament - 3K
178522114,-13,39,61,False,
106696204,26,-13,162,True,
159121414,-15,-58,1038,True,Lord Crow's Library - Thirteenth Room
125307397,5,5,519,False,
85984768,-32,-86,320,False,Kwismas Workshops
220071942,0,0,971,True,
219939848,3,2,971,False,
112204289,-59,-89,794,False,The Count's Dungeon - Klime's Balcony
180879360,-35,41,887,True,
219940865,4,1,971,True,
197266440,0,0,912,True,
66327552,-34,-89,760,False,Father Kwismas's House - Exit
112200199,-59,-89,794,True,The Count's Dungeon - Glacial Gallery
219939844,2,4,971,True,
171968017,-24,11,526,True,
220071938,0,0,971,True,
85984770,-33,-91,757,False,
66325504,-34,-89,760,False,Father Kwismas's House - Fourth Room
225052674,0,0,1025,True,
219939846,0,0,971,False,Paradoxical Nightmare
171968532,-23,14,526,True,
220203266,4,-2,975,True,
112198151,-59,-89,794,True,The Count's Dungeon - Sinistro Hall
87818755,11,-1,1,False,
155975689,-15,-50,69,True,
224919554,38,-83,1025,False,
67112960,10,16,6,False,Rogue Temple
23068675,-53,13,462,False,
171708936,0,0,522,True,
224921606,-32,-70,967,True,Possessed Outpost
147062784,6,-15,843,True,
67111936,10,16,6,False,Rogue Temple
112206599,-59,-89,916,True,Getting Even Counts
112203267,-59,-89,794,False,
87821825,11,-1,1,False,
171708416,-20,-11,522,True,
139200516,0,5,833,True,
205915140,-61,-79,794,False,The Count's Dungeon - Sylargh's Balcony
224920588,0,0,1032,True,The Legend of Arthodan
171968528,-23,10,526,True,
112206337,-59,-89,794,True,The Count's Dungeon - Klime's Balcony
190056449,12,-28,335,True,
171968015,-24,9,526,True,
139200520,0,7,833,True,
205915138,-9,-22,854,False,Catseye Challenge
72093698,5,34,200,False,
23201027,0,0,462,True,
72091648,3,33,200,False,
171705866,-25,-1,522,True,
72092680,4,37,200,False,
205915154,-9,29,494,False,Temple of the Great Ougaa
224922883,0,0,963,True,Heimër's Consciousness
172100623,0,0,526,True,
171968524,-23,6,526,True,
139199492,-1,5,833,True,
72091656,3,37,200,False,
190581764,9,-10,173,True,
205916190,-34,-59,1013,False,
139198468,-2,5,833,True,
224923652,-1,-1,956,False,
224925188,0,0,1,True,
205787166,40,-84,1022,False,Sylvan Refuge
172098061,-28,7,526,True,
72092674,4,34,200,False,
139200514,0,4,833,True,
155977217,-12,-58,69,True,
224920580,-32,-70,967,True,Possessed Outpost
85466113,-21,-5,231,False,
205783058,-36,-89,759,False,Kwismas Cavern
155976709,-13,-54,69,True,
205915146,-10,-44,818,False,Cross Strich's Aviary
205915164,7,-2,840,False,XLII's Metronomicon
205258752,22,-26,944,True,
172098058,-28,4,526,True,
205788166,7,3,839,False,Fraktal's Megalith
205787144,-55,-4,474,False,Hold of Otomai's Ark
171704843,-27,0,522,True,
205784078,19,-61,875,False,Mastodon Cemetery
205915158,-82,-48,617,False,Royal Mastogob's Greenhouse
171705355,-26,0,522,True,
205784092,4,-3,931,False,Blood Throne
101452293,-4,-24,178,False,Spring Room
205787152,-61,-74,790,False,Nileza's Laboratory
101452546,0,0,178,True,
99093003,2,1,10,False,
99098123,0,0,103,True,
183243787,0,0,952,True,
171706374,-24,-5,522,True,
101450245,-4,-24,178,False,Autumn Room
156108804,0,0,69,True,
85466119,-21,-5,231,False,
101452297,-4,-24,178,False,Temple of Scriptures
101581835,0,0,178,True,
183239174,-64,-55,615,False,
118098432,0,0,799,True,
85465089,-21,-5,231,False,
171966988,-26,6,526,True,
190054913,9,-28,335,True,
189399809,16,-24,951,True,Pandala Bridge
99097091,0,0,488,True,
99094029,4,-1,10,False,
99091983,7,16,4,False,
85464065,-21,-5,231,False,
99092225,-1,-1,1116,False,Activity Room
85460485,-21,-5,231,False,
99222531,0,0,10,True,
99096077,5,1,10,False,
99093254,0,0,1116,True,
85467139,-21,-5,231,False,
99091206,0,0,1116,True,
183241216,-64,28,883,False,
174983176,0,0,1036,True,
122422272,-6,-3,232,False,
85467137,-21,-5,231,False,
165150733,-16,-22,54,True,
171704329,-28,-2,522,True,
163054592,38,-20,850,True,
190055429,10,-24,335,True,
183371277,0,0,59,True,
129502208,-5,-5,825,False,
221249536,-9,-14,175,False,Crobak Clearing
58204166,-64,-51,604,False,
186908932,-10,-31,54,True,
129499140,0,0,825,True,
183242242,29,7,165,False,
181666816,-22,12,888,False,Magik Riktus Big Top - Second Room
129501184,-5,-5,825,False,King Nidas's Palace - Exit
138151425,4,0,829,False,
155977221,-12,-54,69,True,
167250953,0,0,1036,True,
174852096,9,-70,878,True,
221250560,-6,18,9,False,Blairouiche Cottage
190056450,12,-27,335,True,
174853124,10,-68,878,True,
138152449,4,0,829,False,
221252612,1,16,22,True,Dark Hornbeam Copse
183242253,7,13,61,False,Twist Ham Cathedral
107484160,-20,10,254,False,Skeunk's Hideout - Fourth Room
127666176,0,-53,809,False,
171706375,-24,-4,522,True,
156108808,0,0,69,True,
221250819,0,0,9,True,Blairouiche Cottage
171967505,-25,11,526,True,
171704832,-27,-11,522,True,
171705860,-25,-7,522,True,
171968530,-23,12,526,True,
237776943,0,0,904,True,
237776956,0,0,904,True,
158859778,-20,-60,59,True,
237899836,0,0,904,True,
142090247,-22,-43,68,True,
237777967,0,0,904,True,
237911074,0,0,904,True,
237769736,0,0,904,True,
237767686,0,0,904,True,
237785600,0,0,904,False,
142085126,-32,-44,68,True,
84411393,-4,25,315,True,
237787674,0,0,904,False,
84410370,-6,26,23,True,
237781018,0,0,904,False,
237903904,0,0,904,True,
237775911,0,0,904,False,
84544003,0,0,23,True,
237777939,0,0,904,True,
158993408,0,0,59,True,
237772821,0,0,904,True,
142089222,-24,-44,68,True,
237771836,0,0,904,True,
237769760,0,0,904,True,
139462150,-18,-39,521,True,
237775926,0,0,904,False,
237765638,0,0,904,True,
237773871,0,0,904,True,
158859779,-20,-59,59,True,
237772834,0,0,904,True,
237769775,0,0,904,True,
237905954,0,0,904,True,
237909052,0,0,904,True,
139462662,-17,-39,521,True,
147853057,-7,-16,33,True,
237896764,0,0,904,True,
237772839,0,0,904,False,
237770767,0,0,904,False,
142215684,0,0,1036,True,
237775913,0,0,904,False,
84410625,-6,23,23,True,
237770758,0,0,904,True,
142083075,-36,-47,68,True,
237911085,0,0,904,True,
189530635,-1,-18,97,True,
158860804,-18,-58,59,True,
237785152,0,0,904,True,
142089223,-24,-43,68,True,
237909050,0,0,904,True,
139461641,-19,-36,521,True,
158861316,-17,-58,59,True,
237772854,0,0,904,False,
139724291,-11,-39,84,True,Games of Chance
237770778,0,0,904,False,
84411905,-3,25,315,True,
237900819,0,0,904,True,
172757508,-10,26,517,True,
56099840,-64,-55,618,False,Royal Pingwin's Excavation - Second Room
237767714,0,0,904,True,
237896738,0,0,904,True,
84411392,-4,24,315,True,
237906976,0,0,904,True,
142088717,-25,-37,68,True,
144441346,3,-3,838,True,
88213274,-2,-3,10,True,
164364307,-20,-17,525,True,
235407620,0,0,1043,True,
88084757,9,2,485,True,
144443396,5,-2,838,True,
164365315,-18,-33,525,True,
88082709,5,2,485,True,
88082701,5,10,5,True,
75769345,0,0,771,True,
196348416,0,0,910,True,
196348418,0,0,910,True,
144443392,5,-4,838,True,
144574466,1,-3,838,True,
237242368,17,8,1039,False,Gargandyas's Temple - Exit
88081412,3,27,170,True,
222569488,0,0,1020,False,
176685057,-15,17,71,False,
199493632,-3,25,919,False,Kharnotaurus's Lair - Third Room
176819203,-16,17,71,False,
144575746,0,-5,838,True,
88081676,3,11,5,True,
169609216,19,26,870,False,Dantinea's Palace - Third Room
78644737,-54,6,465,True,
222570514,0,0,1020,False,
176817413,-17,18,71,False,
199492614,0,0,919,True,Kharnotaurus's Lair - Second Room
88086789,13,18,103,True,
176818177,-19,15,71,False,
176685059,-16,17,71,False,
164365317,-18,-31,525,True,
222570512,0,0,1020,False,
88218627,0,0,103,True,
222564356,0,0,859,False,
222563332,0,0,859,False,
222564354,5,-18,859,False,
222561288,-54,16,1020,False,
222566402,-34,-57,975,False,
144706820,6,-1,837,True,
222560262,-1,27,859,False,
222560260,0,0,859,False,
164498958,0,0,1036,True,
222565380,0,0,859,False,
144835584,2,1,837,True,
78643712,-56,5,465,True,
169608192,19,26,870,False,Dantinea's Palace - Second Room
222570502,0,0,1020,False,
222568448,-13,-31,54,True,
222561282,20,-29,859,False,
169607168,19,26,870,False,Dantinea's Palace - First Room
222569480,0,0,1020,False,
88087300,14,19,103,True,
222563336,26,-24,1020,False,
88218891,0,0,1021,True,
222561284,0,0,859,False,
222566412,-13,-29,1020,False,
88081668,3,19,4,True,
78643714,-56,7,465,True,
88212746,-1,13,22,True,
88081921,4,24,490,True,
88082440,5,31,170,True,
88085778,11,5,3,True,
88212243,0,4,482,True,
54153542,0,0,615,True,
147589121,-19,-55,70,True,
54172493,-77,-77,606,True,
54166333,-65,-61,604,True,
54174025,-80,-73,603,True,
54173002,-78,-74,603,True,
54167363,-67,-67,608,True,
54165314,-63,-66,608,True,
54176557,-85,-45,602,True,
54165320,-63,-72,611,True,
54156606,0,0,601,True,
126093573,-1,-34,178,True,
232004868,0,0,466,True,
126091550,-5,-59,519,True,
173277697,14,-59,872,True,
54168920,-70,-88,610,True,
184815109,0,0,59,True,
138764,-15,12,253,True,
68557830,0,0,27,True,
158744,-54,24,453,True,
184813575,20,29,864,False,
68551174,6,-1,479,True,
34340864,-37,-13,319,False,The Labyrinth of the Minotoror - Twenty-fourth Room
68421122,10,-5,1,True,
175114244,12,-76,936,False,Ochre Pyramid
41947141,0,0,480,True,
184945669,0,0,59,True,
34473984,-39,-13,319,False,The Labyrinth of the Minotoror - Twenty-second Room
68558082,0,0,27,True,
34475266,-40,-14,319,False,The Labyrinth of the Minotoror - Sixteenth Room
175115264,6,-72,879,False,
34472966,-40,-16,209,False,Cemetery
161288,-59,8,453,True,
213648388,-22,37,980,False,
68552705,3,-6,180,True,
90966535,5,7,32,False,
68551937,5,-8,180,True,
160787,-58,19,453,True,
68422149,12,-2,1,True,
75498753,-18,-4,231,True,
213649666,4,-2,1036,True,
154643,-46,19,466,True,
159254,-55,22,454,True,
134405,-6,-5,232,True,
160270,-57,14,454,True,
160265,-57,9,454,True,
68558850,0,0,479,True,
224133120,40,-84,1022,False,Sylvan Refuge - First Room
145752577,4,-3,838,True,
134154,-6,10,31,True,
224133126,0,0,1022,True,Sylvan Refuge - First Room
213650432,-28,34,982,False,
75499782,-16,-9,231,True,
145754625,3,-4,838,True,
213647362,-28,33,982,False,
90968583,9,7,32,False,
90965505,3,1,32,False,
213649412,-29,36,982,False,
90969607,11,7,32,False,
75497733,-20,-8,231,True,
235146240,5,12,1042,True,
152834,-42,-2,451,True,
156170,-49,10,453,True,
201722115,0,0,926,True,
188750339,0,0,95,True,
188744195,2,-19,95,True,
213911560,-34,-58,976,False,
201064449,-35,31,924,True,
209190912,19,-32,945,True,
213910788,-34,-58,976,False,
91750923,20,24,32,False,
209192199,21,-39,945,True,
149424128,-14,-13,781,False,Soft Oak Clearing - Second Room
198182914,-2,26,314,True,
91755525,0,0,860,True,
91752969,19,23,32,False,
198180864,-6,24,314,True,
91752973,18,25,32,False,
213909764,-34,-58,976,False,
66061312,-32,-88,320,True,
180356100,-11,33,889,True,
235537412,9,6,1043,True,
170526720,0,0,750,True,
162270212,6,4,750,False,
209192194,21,-34,945,True,
170394634,-13,-29,750,True,C10 - Goultarminator
188743684,1,-18,95,True,
188746754,7,-20,95,True,
201722113,0,0,926,True,
170394632,-13,-29,750,True,C8 - Goultarminator
182324225,-9,29,494,False,Temple of the Great Ougaa - Fourth Room
170527746,0,0,750,True,
180486661,-14,34,889,True,
66060545,-34,-89,758,True,
164364807,-19,-29,525,True,
182190087,0,0,494,True,Temple of the Great Ougaa - Seventh Room
188744711,3,-15,95,True,
164496408,-22,-12,525,True,
235405824,12,4,1043,True,
21495814,0,0,459,True,Kimbo's Canopy - First Room
188743686,1,-16,95,True,
204212224,0,0,940,False,Centre of the World
164364304,-20,-20,525,True,
182192135,0,0,494,True,Temple of the Great Ougaa
21499904,-54,16,459,False,Kimbo's Canopy - Second Room
201589765,0,0,935,True,Hall of the Valiant
139992587,-12,-39,84,False,Tunnel of Love
201721857,0,0,926,True,
188746753,7,-21,95,True,
182191105,-9,29,494,False,Temple of the Great Ougaa - Eighth Room
182323207,0,0,494,True,Temple of the Great Ougaa - Fifth Room
204212226,0,0,935,False,Centre of the World
164496407,-22,-13,525,True,
66194432,-40,-88,757,True,
164364306,-20,-18,525,True,
162530816,-7,-11,855,False,
235537413,9,7,1043,True,
139988488,0,0,84,True,Gladiatrool Arena
66192896,-37,-88,757,True,
201721861,0,0,926,True,
21496834,-54,16,459,False,Kimbo's Canopy - Fourth Room
204210435,0,0,518,True,Cania Moors (Past)
164495896,-21,-12,525,True,
238297357,18,11,1130,True,Eternal Gardens Sanctuary - Castle Corridor
14418181,-16,-22,76,True,
238301953,9,14,1129,True,Eternal Gardens Sanctuary - Ephedra's Court
54161740,-56,-76,609,True,
156238855,-6,-37,56,True,
54161738,-56,-74,609,True,
54167874,-68,-66,608,True,
54173485,-79,-45,601,True,
54173512,-79,-72,603,True,
147589640,-18,-48,70,True,
54154554,0,0,604,True,
54161215,-55,-63,604,True,
54161219,-55,-67,604,True,
54168408,-69,-88,610,True,
54169902,-72,-46,602,True,
54173995,-80,-43,601,True,
54169393,-71,-49,615,True,
54159147,-51,-43,652,True,
54175533,-83,-45,601,True,
54161744,-56,-80,609,True,
54161736,-56,-72,609,True,
147588613,-20,-51,70,True,
126223132,-6,-57,519,True,
54168383,-69,-63,608,True,
54170417,-73,-49,604,True,
54169377,-71,-33,602,True,
54168385,-69,-65,608,True,
54170933,-74,-53,604,True,
54160681,-54,-41,651,True,
54162746,-58,-58,615,True,
54169428,-71,-84,610,True,
54170923,-74,-43,601,True,
54164275,-61,-51,604,True,
54171951,-76,-47,602,True,
54170916,-74,-36,601,True,
54161722,-56,-58,604,True,
54153530,0,0,604,True,
54171944,-76,-40,601,True,
173279232,17,-60,872,True,
147589126,-19,-50,70,True,
54163273,-59,-73,609,True,
54165308,-63,-60,604,True,
54161732,-56,-68,604,True,
54163795,-60,-83,609,True,
54160709,-54,-69,609,True,
54173001,-78,-73,603,True,
54166841,-66,-57,615,True,
126091521,-5,-30,178,True,
54160698,-54,-58,604,True,
123995651,30,-12,817,True,
54154562,0,0,602,True,
54172489,-77,-73,603,True,
54160190,-53,-62,604,True,
54171431,-75,-39,601,True,
54166844,-66,-60,604,True,
232003584,0,0,472,True,
54162743,-58,-55,604,True,
156239367,-5,-37,56,True,
54169903,-72,-47,602,True,
54173477,-79,-37,600,True,
54169891,-72,-35,602,True,
126094103,0,-52,519,True,
54167845,-68,-37,602,True,
54170403,-73,-35,601,True,
54177056,0,0,600,True,
54166331,-65,-59,604,True,
113510404,-13,-29,750,True,Ten Year Tournament - 1E
104861187,-6,5,8,False,
227279106,33,-69,1031,True,
128058881,-9,-59,518,True,
185335810,-15,37,61,False,Forgotten Crypt
172228609,-32,30,280,True,
126618884,0,0,1036,True,
104858121,-4,2,276,False,
75498247,-19,-10,231,True,
113508877,-13,-29,750,True,Ten Year Tournament - 1M
209455114,37,-47,962,True,Dream of the Dead
164103697,-26,-17,525,True,
172232719,-24,44,886,True,
104992257,0,0,276,True,
172233217,-23,30,280,True,
203162624,4,-3,933,False,Shackles of Tyranny - Second Room
99615239,25,-3,161,True,
209457156,24,-22,944,False,
172229134,-31,43,886,True,
104992259,0,0,276,True,
87556096,0,0,469,False,
99615490,25,-12,164,True,
161743872,3,-9,852,False,Colousses's Meowsoleum - Infested Crypt
104859143,-7,7,8,False,
104989189,0,0,277,True,
87558148,4,4,469,False,
24118281,-53,15,464,True,
138806272,1,5,833,True,
128061957,0,0,518,True,
24117769,-54,15,464,True,
161742852,0,0,852,True,
227279878,33,-63,1027,False,
99617026,28,-12,162,True,
56365316,0,0,619,True,The Wreck of the Hesperus
104991235,0,0,8,True,
227281156,36,-70,1031,True,
209457160,36,-47,963,True,Bakeneko Moon
152829956,0,0,447,True,Kardorim's Crypt - First Room
127930894,3,-46,518,True,
172360197,-33,34,280,True,
237899821,0,0,904,True,
172361218,-35,31,280,True,
104861191,-7,7,8,False,
147981570,-16,-17,169,True,
104992263,0,0,276,True,
209456128,35,-45,955,False,
209586696,0,0,955,True,Cursed Summit
227284228,0,0,1031,True,
157286400,29,6,847,False,Moon's Tree - First Room
97257991,-3,9,1034,True,Tirith Mine
76808708,-48,44,762,True,
234094596,-13,-29,1037,False,
97258011,-1,-4,29,False,
204476422,0,0,939,True,
237903906,0,0,904,True,
56363268,0,0,619,True,The Wreck of the Hesperus - Third Room
209457162,37,-47,962,True,Sea of Dust Shore
139463176,-16,-37,521,True,
164104723,-24,-15,525,True,
227280898,30,-63,1027,False,
209456138,37,-47,962,True,Ruins of Lost Dreams
164102153,-29,-25,525,True,
172361219,-35,32,280,True,
152832000,5,-1,447,False,Kardorim's Crypt - Third Room
237764655,0,0,904,True,
76809730,-49,43,762,True,
147854082,-5,-17,169,True,
97261083,0,33,29,False,
209454086,25,-23,944,False,Breath of Airgil Cavern
172360200,-33,37,280,True,
172232718,-24,43,886,True,
204604416,15,-20,939,False,Time Tunnel
209457152,35,-45,955,False,
207620110,23,-22,941,False,Akwanokima's Sanctuary
164102656,-28,-34,525,True,
127926284,-6,-48,518,True,
172231680,-26,29,280,True,
97259013,-3,9,1034,True,Tirith Mine
127929868,1,-48,518,True,
107222016,-17,8,808,True,Koolich's Lair - Fourth Room
189793286,5,-25,98,True,
224527105,-1,-1,1021,True,
161298,-59,18,453,True,
34473224,-38,-17,319,False,The Labyrinth of the Minotoror - Third Room
161542,-59,-6,471,True,
22810630,0,0,470,True,Bherb's Gully - Exit
156762116,35,2,93,True,
137226,-12,10,253,True,
142860,0,0,253,True,
154133,-45,21,466,True,
139786,-17,10,253,True,
175113220,7,-69,878,False,
224396033,-1,1,1021,True,
136194,-10,2,233,True,
140300,-18,12,253,True,
33829376,-4,20,9,False,
176817409,-19,21,71,False,
237241609,0,0,1039,True,Gargandyas's Temple - Graogarm Room
176817161,0,0,71,True,
222563334,-1,-27,859,False,
88086283,12,12,4,True,
144577794,0,0,838,True,
222562310,-1,-27,859,False,
176819457,-16,17,71,False,
144839938,0,0,837,True,
73537025,0,0,182,True,
78644736,-54,5,465,True,
199491584,-3,25,919,False,Kharnotaurus's Lair - First Room
222567432,25,-34,942,False,
88084244,8,3,3,True,
164364801,-19,-35,525,True,
88081408,3,23,170,True,
88086282,12,13,103,True,
88081156,2,19,22,True,
73401603,-14,-2,235,True,
171443712,-14,35,61,True,
88212241,0,6,482,True,
73534978,-23,3,235,True,
88083976,8,31,12,True,
88213267,-2,4,480,True,
171444740,-12,39,61,True,
73400833,-15,2,182,True,
171443205,-15,40,61,True,
73403919,-9,16,234,True,
88211971,0,26,170,True,
73401089,-15,0,182,True,
88080901,2,28,170,True,
190843396,2,-10,102,True,
171445766,0,0,61,True,
190848512,0,0,102,True,
171444739,-12,38,61,True,
73400320,-16,1,182,True,
216926729,-27,38,985,True,
73402113,-13,0,182,True,
73404433,-8,18,234,True,
171446788,0,0,61,True,
73401862,-13,7,235,True,
216927751,-28,37,985,True,
234750977,2,15,1040,True,
73534211,-21,-2,235,True,
190841856,-1,-14,102,True,
73531910,-17,7,235,True,
158231,-53,23,454,True,
138763,-15,11,253,True,
198445056,-83,-17,917,False,Well of Waters-that-Bite
54790661,5,5,600,False,
224526849,-1,1,1021,True,
183502856,-70,-78,892,True,
153090,-43,2,451,True,
198443012,-85,-15,917,True,
189792262,3,-25,98,True,
153089,-43,1,451,True,
183501836,-73,-76,892,True,
221644800,0,0,1019,True,
183501826,-76,-79,892,True,
183507972,0,0,892,True,
156762624,36,4,93,True,
161297,-59,17,453,True,
207623170,22,-27,951,False,Ferminted Inn
222300160,0,0,1017,True,
172235784,-18,37,280,True,
74975747,-51,40,771,False,Nomads' Land
97260053,-3,-4,29,True,
158859267,-21,-59,59,True,
164102160,-29,-18,525,True,
127927308,-4,-48,518,True,
207751174,0,0,943,True,Paper Workshop
99617027,28,-13,162,True,
164102666,-28,-24,525,True,
211295236,14,4,922,False,The Taciturn's Dream
207622156,18,-24,944,False,
207624194,22,-29,951,False,Bamboo Palace
211292166,0,0,922,True,
172360194,-33,31,280,True,
211291140,15,-31,943,False,Wukang Temple
74977795,-51,40,771,False,Grozilla and Grasmera's Den
207624192,22,-29,951,False,Pandassembly Hall
84410881,-5,25,315,True,
222298370,0,19,1017,True,
177473536,-6,-12,1122,True,Tournament - Arena XXI
211288074,0,0,1036,True,
127930383,2,-45,518,True,
180092930,-68,31,883,False,
74978823,-51,40,771,False,Grozilla and Grasmera's Den
74979074,0,0,771,True,Grozilla and Grasmera's Den
99353606,4,8,482,False,
211293184,23,-32,960,False,Forbidden Inn Bar
211294208,23,-32,960,False,Prayer Room
128059405,-10,-47,518,True,
128058888,-9,-52,518,True,
99358732,0,0,10,True,
237768725,0,0,904,True,
99356684,5,1,10,False,
99353608,1,16,22,False,
211289090,23,-25,944,False,
237910074,0,0,904,True,
74975745,-51,40,771,False,Nomads' Land
99352580,5,6,3,False,
192940032,7,-15,95,False,
237767727,0,0,904,True,
192939010,7,-16,95,False,
184287236,-31,24,896,True,
99356678,6,16,4,False,
164103682,-26,-32,525,True,
177474568,6,8,1122,True,Tournament - Arena XXXIV
74974723,-50,40,771,False,Expert Room
237766695,0,0,904,False,
177475588,8,4,1122,False,
192937994,5,-20,95,False,
102765063,0,0,339,True,Sphincter Cell's Lair
99485196,0,0,22,True,
99353614,11,20,103,False,
177603594,-2,10,885,True,Kolossium Duel - Arena XIII
177478660,14,4,1122,True,Tournament - Arena XXXVII
74979841,-51,40,771,False,Grozilla and Grasmera's Den
74979845,-51,40,771,False,Grozilla and Grasmera's Den
177472516,-13,-29,1122,True,
99354634,-1,2,10,False,
184289538,-32,22,896,True,
96471552,26,22,32,False,Foggernaut Temple
177476614,10,6,885,True,
146673664,3,-17,842,False,Kickroach's Lair - Third Room
146672898,3,-17,842,False,Kickroach's Lair - Larder
177603592,-2,8,1122,True,Tournament - Arena XXX
192940042,0,-25,97,False,
177474574,0,0,885,True,
237764636,0,0,904,False,
176556032,7,-67,878,True,The Pack's Coast
237908028,0,0,904,True,
146675716,0,0,842,True,Entrance to Kickroach's Lair
177477632,-6,-12,1122,True,Tournament - Arena XXV
184287240,-27,22,896,False,
62652928,-70,-72,626,False,
158993412,0,0,59,True,
177473548,0,0,1122,True,
177471500,0,0,1122,True,
177603596,0,0,1122,True,
164233736,-30,-26,525,True,
177476610,-6,12,885,True,Kolossium Duel - Arena VII
102761991,0,0,339,True,Sphincter Cell's Lair - Second Room
177474564,6,4,1122,True,
237766690,0,0,904,True,
164103701,-26,-13,525,True,
88085779,11,4,3,True,
238295040,23,9,1126,True,Eternal Gardens Sanctuary - Monochrome Text (Lantern)
101187588,0,0,784,True,Al Howin's Vegetable Patch - Entrance
75765251,0,0,767,True,
75767301,0,0,769,True,
14419209,-16,-23,76,True,
75762179,-56,38,768,True,
88081674,3,13,4,True,
66062848,-29,-88,320,True,
196345857,-4,-6,910,True,
144839940,0,0,837,True,
75762184,-50,42,770,True,
88080896,2,23,170,True,
88080391,1,30,170,True,
235406083,13,2,1043,True,
66060549,-34,-93,758,True,
88085774,11,9,481,True,
88082690,5,21,4,True,
88087304,14,15,103,True,
88083202,6,21,4,True,
190841859,-1,-11,102,True,
234620674,7,12,1040,True,
88212754,-1,5,482,True,
88086785,13,22,490,True,
171444225,-13,36,61,True,
88213257,-2,14,22,True,
216794625,-23,34,985,True,
73538049,0,0,234,True,
73533699,-20,-2,235,True,
88081414,3,29,170,True,
88082182,4,17,4,True,
73532163,-17,-2,235,True,
73403912,-9,9,234,True,
88081666,3,21,4,True,
88084242,8,5,3,True,
216795142,-22,37,985,True,
219680519,0,0,977,True,
234621697,9,13,1040,True,
197660678,0,0,915,True,Chokao Temple
64489217,-10,18,230,True,
219678209,0,0,977,True,
234625798,17,8,1036,True,
64488962,-10,21,230,True,
197659654,0,0,915,True,Chokao Temple - Fourth Room
239087880,0,0,1132,True,
239087627,0,0,1135,True,
197659648,-1,-10,915,False,Chokao Temple - Fourth Room
64487684,-13,15,230,True,
219678978,-25,36,977,False,
219678465,-25,36,977,False,
64620546,0,0,230,True,
54172967,-78,-39,600,True,
54175025,-82,-49,602,True,
54167883,-68,-75,611,True,
126093596,-1,-57,519,True,
126093079,-2,-52,519,True,
54175529,-83,-41,600,True,
126092575,-3,-60,519,True,
54167862,-68,-54,615,True,
54164796,-62,-60,615,True,
156238347,-7,-33,56,True,
126093575,-1,-36,178,True,
54164285,-61,-61,615,True,
126094107,0,-56,809,True,
54155561,0,0,651,True,
54157646,0,0,609,True,
126225168,0,0,519,True,
114295299,-32,-8,62,False,
117834759,0,0,1036,True,
107483136,-20,10,254,False,Skeunk's Hideout - Third Room
95163917,11,13,180,False,
117705226,23,26,804,True,Sunktuary - Splash Zone
95158787,1,3,180,False,
95159809,3,1,180,False,
114427395,0,0,816,True,
165155846,-6,-29,54,True,
88083721,7,14,4,True,
171442178,-17,37,61,True,
88082438,5,29,170,True,
88081673,3,14,4,True,
88213770,-3,13,22,True,
88084233,8,14,4,True,
88085510,11,29,12,True,
88085762,11,21,103,True,
88081171,2,4,482,True,
88086794,13,13,103,True,
88083215,6,8,5,True,
171442179,-17,38,61,True,
88212238,0,9,5,True,
88082704,5,7,5,True,
88082200,4,-1,10,True,
88080642,1,21,22,True,
66587136,-32,-89,321,False,Kwismas Dungeon - Third Room
239081990,9,11,1134,True,
64488707,-11,16,230,True,
73401350,-14,7,235,True,
73532418,-18,3,182,True,
73531905,-17,2,182,True,
239088909,0,0,1131,True,
66585088,-32,-89,321,False,Kwismas Dungeon - First Room
239083016,9,12,1134,True,
239088645,0,0,1134,True,
73400577,-16,0,182,True,
73533959,-21,8,235,True,
73531904,-17,1,182,True,
64487425,-13,20,230,True,
66586116,0,0,321,True,Kwismas Dungeon - Second Room
239081224,4,6,1132,True,
219679233,0,0,977,True,
64620802,0,0,230,True,
197657606,0,0,915,True,Chokao Temple - Second Room
239077391,0,0,1136,True,
64487685,-13,14,230,True,
234622211,10,11,1040,True,
64487424,-13,19,230,True,
197657600,-1,-10,915,False,Chokao Temple - Second Room
64488709,-11,14,230,True,
219680513,0,0,977,True,
239083269,5,9,1132,True,
219678981,-25,36,977,False,
64489472,-9,19,230,True,
197656576,-1,-10,915,False,Chokao Temple - First Room
239080463,11,16,1136,True,
202377216,4,-3,931,False,Blood Throne - Third Room
156240896,-2,-44,56,True,
173409283,11,-57,872,True,
126092038,-4,-35,178,True,
115608073,30,-13,798,True,
111675392,-80,-44,601,False,
183109641,-38,22,896,True,
161225227,0,0,858,True,
126092060,-4,-57,519,True,
169082896,22,34,862,True,
54167337,-67,-41,602,True,
147588612,-20,-52,70,True,
129763334,0,0,822,True,
116656641,28,-12,538,False,Wa Wabbit's Warren - Third Room
156237830,-8,-38,56,True,
120592901,2,-34,30,False,
229902594,1,6,482,False,
173278209,15,-59,872,True,
169082880,22,26,860,True,
103547392,3,-17,95,False,Kerub's Shop
201982466,-1,2,927,True,
126225166,0,0,519,True,
120586753,1,-29,30,False,
230032642,0,6,482,False,Sidekick Inn
169082890,22,31,861,True,
126094599,1,-36,178,True,
90707715,21,22,32,True,
115608067,30,-16,798,True,
161357060,-8,-10,855,True,
120590851,0,-33,30,False,
240124164,19,54,1120,True,
147588097,-21,-55,70,True,
174329344,19,-61,875,False,Mastodon Cemetery - Fourth Room
223219205,0,0,1027,True,
232000514,0,0,1036,True,
189794312,7,-23,98,True,
204997120,18,-23,941,True,
126092039,-4,-36,178,True,
161219592,0,-4,855,True,
116656647,0,0,538,True,Wa Wabbit's Warren - Third Room
161355010,-6,-9,855,True,
206046721,17,-34,943,False,
201852162,0,0,927,True,
126091523,-5,-32,178,True,
115606021,28,-15,798,True,
198969350,0,0,325,True,
233310214,0,0,885,True,26 - Cemetery (Duel)
126224148,-8,-49,519,True,
115608071,30,-14,798,True,
161353732,-4,4,855,True,
130810369,-14,-9,169,False,
206045189,17,-32,943,True,
239614493,-62,-70,1107,False,
116654601,0,0,538,True,Wa Wabbit's Warren
239616020,22,30,1085,False,
205129987,0,0,941,True,
161350658,-2,-7,855,True,
161355788,0,0,855,True,
147590152,-17,-48,70,True,
90705409,17,26,32,True,
147589124,-19,-52,70,True,
109577729,-59,-74,790,False,Nileza's Laboratory - Second Room
109576713,-59,-74,790,True,Nileza's Laboratory
175376384,26,28,849,False,Abyssal Dimension
115607049,29,-13,798,True,
214695938,-28,38,982,False,Burnt Cat Inn
201327616,2,0,928,True,
239603741,-62,-70,1106,False,
233318400,0,0,1122,True,21 - Fields (Teams)
240652288,0,0,1125,True,
201853186,0,0,927,True,
175375362,-12,-58,69,False,Cra's Judgement
163578368,-13,-41,702,False,Haunted House - First Room
115609091,31,-16,798,True,
223087112,35,-68,1027,True,
90705408,17,25,32,True,
208932870,0,0,948,True,Tanukouï San's Workshop - Fifth Room
233321482,0,0,885,True,53 - Gargandyas (Duel)
90708226,22,23,32,True,
126093083,-2,-56,519,True,
54159149,-51,-45,652,True,
54165300,-63,-52,604,True,
126093080,-2,-53,809,True,
54155578,0,0,604,True,
126093595,-1,-56,519,True,
189792768,4,-31,98,True,
54171423,-75,-31,602,True,
54172457,-77,-41,601,True,
54162741,-58,-53,604,True,
54166870,-66,-86,610,True,
54171954,-76,-50,604,True,
147589125,-19,-51,70,True,
54160711,-54,-71,609,True,
117442560,16,12,801,True,
147589635,-18,-53,70,True,
117441538,18,10,801,True,
204997377,18,-24,941,True,
71303172,0,0,944,False,
54163284,-59,-84,609,True,
54171979,-76,-75,603,True,
156238341,-7,-39,56,True,
147590663,-16,-49,70,True,
206177796,14,-33,943,True,
54165814,-64,-54,615,True,
54168370,-69,-50,615,True,
71306240,0,0,941,False,
54175012,-81,-37,625,True,
54168878,-70,-46,602,True,
54162237,-57,-61,604,True,
126092288,-3,-29,178,True,
201850883,0,3,927,True,
54167336,-67,-40,602,True,
54175537,-83,-49,602,True,
156240898,-2,-42,56,True,
54153517,0,0,652,True,
54167383,-67,-87,610,True,
126092569,-3,-54,519,True,
173277701,14,-55,874,True,
54172501,-77,-85,610,True,
54176558,-85,-46,602,True,
54154570,0,0,604,True,
204998401,20,-24,941,True,
147587078,-23,-50,70,True,
54174536,-81,-72,603,True,
54174503,-81,-39,600,True,
54164799,-62,-63,604,True,
126092546,-3,-31,178,True,
54168869,-70,-37,602,True,
54168389,-69,-69,608,True,
54168883,-70,-51,615,True,
54160713,-54,-73,609,True,
54169390,-71,-46,602,True,
54168404,-69,-84,610,True,
54167869,-68,-61,604,True,
169082894,22,33,862,True,
129761538,-10,-6,822,True,
54169888,-72,-32,602,True,
54169907,-72,-51,615,True,
54163261,-59,-61,604,True,
205129729,0,0,941,True,
54165322,-63,-74,611,True,
54174511,-81,-47,602,True,
215876870,-22,33,980,False,
68422660,13,-3,1,True,
99750401,0,0,162,True,
68551684,5,-3,479,True,
154884,-46,-4,451,False,
75631104,0,0,231,True,
131860999,3,-5,821,False,
75500289,-15,-4,231,True,
68420610,9,-5,1,True,
68422153,12,2,479,True,
236453888,6,9,1045,False,The Venerable One's Thicket - Exit
136196,-10,4,233,True,
159232,-55,0,453,True,
75497730,-20,-5,231,True,
172235266,-19,31,280,True,
185993218,0,0,480,True,
106696198,23,-7,161,False,
182061056,0,0,492,True,
159122444,0,0,1036,True,
230695431,-13,-29,1123,False,C30 - Last Hope (Duel)
106696200,22,-8,161,True,
127404039,-13,-29,750,False,Ten Year Tournament - 3H
106693128,22,-6,161,True,
230694403,-13,-29,1123,False,C18 - Sidimote II (Duel)
178652674,0,0,61,True,
106698240,26,-8,161,True,
159124482,-12,-60,1038,True,Lord Crow's Library - Eighth Room
159121410,-15,-60,1038,True,Lord Crow's Library - Fifth Room
127402506,-13,-29,750,False,Ten Year Tournament - 3J
172492803,-15,18,71,True,
178521088,-14,36,61,False,
230693385,-13,-29,1123,False,C41 - Brakmar (Teams)
212076546,3,-3,966,True,Ecaflip City (Wedding Square)
230696449,-13,-29,1123,False,C20 - Ohwymi (Teams)
179177739,-20,22,57,False,
59245572,0,0,872,True,
131337216,-3,-10,826,True,
233178627,0,0,1035,True,
212075520,2,-2,970,False,Ecaflip City (Kitty-Neko Game)
150472706,-10,-11,168,False,Kit's Mine - Third room
230695435,-13,-29,1123,False,C43 - Ereboria (Duel)
230696459,-13,-29,1123,False,C44 - Ephedrya (Duel)
230697477,-13,-29,1123,False,C32 - Amber (Teams)
230699523,-13,-29,1123,False,
230687233,-13,-29,1123,False,C11 - Cracklers (Teams)
230688271,-13,-29,1123,False,C48 - Sidekicks (Duel)
230687249,-13,-29,1123,False,C54 - Chaos Clock (Teams)
230689295,-13,-29,1123,False,C49 - Koalaks (Duel)
172492805,-15,20,71,True,
136841216,8,8,831,False,Toxoliath's Cave - Exit
230689285,-13,-29,1123,False,C26 - Cemetery (Teams)
84805379,-3,-25,178,True,
120061957,-1,-30,30,True,
112728577,0,0,787,True,
230691335,-13,-29,1123,False,C24 - Dragon Pig II (Duel)
230689289,-13,-29,1123,False,C37 - The Possessed III (Teams)
230690305,-13,-29,1123,False,C14 - Aerdala (Teams)
155717632,-23,0,213,False,Moowolf Lair - Fifth Room
155716610,-23,0,213,False,Moowolf Lair - Fourth Room II
62131712,-63,-75,753,True,
172491266,-18,17,71,True,
230693377,-13,-29,1123,False,C17 - Sidimote I (Teams)
62129666,-63,-75,753,True,
172492291,-16,18,71,True,
219415554,-24,35,977,True,
168034308,-24,-27,525,False,
155718656,-23,0,213,False,Moowolf Lair - Sixth Room
208669696,26,-30,946,False,Damadrya's Bamboo Grove - Fourth Room
112727553,0,0,787,True,
118226944,21,7,800,False,Dramak's Theatre - Auditorium 1
172493316,-14,19,71,True,
168037378,0,0,525,True,
179177227,-20,22,57,False,
179177738,-20,22,57,False,
62130688,-63,-75,753,True,
208666630,0,0,946,True,Damadrya's Bamboo Grove - First Room
118231040,21,7,800,False,Dramak's Theatre - Auditorium 5
62131716,-63,-75,753,True,
62260738,0,0,753,True,
112728579,0,0,787,True,
168165888,-25,-27,525,False,
219417088,-21,34,980,True,
172492292,-16,19,71,True,
118230020,0,0,800,True,Dramak's Theatre - Auditorium 4
84806657,-6,-21,178,True,
62131970,-63,-75,753,True,
226497539,0,0,1023,True,Forgelance Temple - Runic Forge
137101312,8,-4,832,False,Throne Room of the Dark Court - Crossing
226492929,33,-84,1023,False,Forgelance Temple
219415556,-24,36,977,True,
84806921,0,0,178,True,
172623874,0,0,71,True,
118231044,0,0,800,True,Dramak's Theatre - Exit
219415558,-24,37,977,True,
155975683,-15,-56,69,True,
54167339,-67,-43,602,True,
54159686,-52,-70,609,True,
54171950,-76,-46,601,True,
204997891,19,-26,941,True,
54159658,-52,-42,652,True,
54167868,-68,-60,604,True,
54163275,-59,-75,609,True,
124126723,0,0,1036,True,
189792257,3,-30,98,True,
54164792,-62,-56,615,True,
54164786,-62,-50,604,True,
54160700,-54,-60,604,True,
54165311,-63,-63,604,True,
54156622,0,0,609,True,
54171438,-75,-46,602,True,
54168406,-69,-86,610,True,
96206848,5,6,201,False,Tofu House - Third Room
170131456,25,28,866,False,
117704209,22,25,805,True,Sunktuary - Undertow Rooms
96206852,5,6,201,False,Tofu House - Basement
167250945,0,0,334,True,
117706760,22,29,806,True,Sunktuary - Abyss Rooms
170131468,21,32,865,False,
175900164,0,0,880,True,Wurmlord's Passage - Third Room
114427399,0,0,816,True,
26217472,19,42,452,True,
165151247,-15,-20,54,True,
117708817,23,33,806,True,Sunktuary - Abyss Rooms
117705228,22,21,804,True,Sunktuary - Splash Zone
96210950,5,6,780,False,Royal Tofu House - Exit
117707788,21,33,806,True,Sunktuary - Abyss Rooms
165153285,-11,-30,54,True,
96206860,0,0,780,True,Royal Tofu House - Second Room
167248390,-30,-14,334,True,
96210954,0,0,201,True,Tofu House - Fifth Room
184686337,-73,-76,893,False,Ilyzaelle's Lookout - Erzal's Fissure
165154320,-9,-19,54,True,
199753728,-4,29,920,False,Draegnerys's Trial - First Room
184690691,-73,-76,893,True,Ilyzaelle's Lookout - First Room
96207878,5,6,780,False,Royal Tofu House - Fourth Room
170131460,21,22,32,False,
170133506,23,24,32,False,
96206854,5,6,780,False,Royal Tofu House - Third Room
107486208,-20,10,254,False,Skeunk's Hideout - Exit
165153293,-11,-22,54,True,
199230470,0,0,315,True,
165152267,-13,-24,54,True,
66061824,-31,-88,320,True,
93848576,13,-7,34,False,
77334019,0,0,750,True,
165152768,-12,-35,54,True,
119013382,6,-27,98,False,
212343822,0,0,983,False,
212339732,0,0,983,False,
77334021,0,0,750,True,
165154828,-8,-23,54,True,
146804996,0,0,750,True,
77332997,0,0,750,True,
167379463,-32,-13,334,True,
119013376,7,4,3,False,
212336656,0,0,983,False,
119016452,3,-29,98,False,
93849600,13,-7,34,False,Prison
165152771,-12,-32,54,True,
212343820,0,0,983,False,
146805760,0,0,750,True,
212343826,0,0,983,False,
212340752,0,0,983,False,
212340748,0,0,983,False,
77336069,0,0,750,True,
77335043,0,0,750,True,
212337680,0,0,983,False,
141038594,-6,-12,750,False,B7 - Goultarminator
167248391,-30,-13,334,True,
220992004,0,0,9,True,
212340746,0,0,983,False,
66062849,-29,-87,320,True,
212337684,0,0,983,False,
175899140,0,0,880,True,Wurmlord's Passage - Second Room
212341766,0,0,983,False,
165152269,-13,-22,54,True,
212338696,0,0,983,False,
193332231,8,-15,96,True,
212338704,0,0,983,False,
132121605,-12,-42,523,True,
212337668,0,0,983,False,
220987907,-4,16,9,True,
212339720,0,0,983,False,
212339718,0,0,983,False,
220988935,-2,20,9,True,
212339722,0,0,983,False,
165153025,-12,-36,54,True,
212339712,0,0,983,False,
132122114,-11,-45,523,True,
220989444,-1,17,9,True,
189531144,0,-21,97,True,
173539331,13,-62,873,True,
60033543,-79,-66,605,True,
161026,-58,-2,457,True,
156693,-50,21,454,True,
59638784,-80,-75,622,True,Snowfoux Caverns
166855170,-21,-18,541,False,
159649803,-25,-54,43,True,
189792769,4,-30,98,True,
189792264,3,-23,98,True,
59506692,-80,-73,622,True,Snowfoux Caverns
60033541,-79,-68,605,True,
107218948,0,0,223,True,Koolich Cavern - Third Room
59517444,0,0,621,True,Snowfoux Den - Fourth Room
59510794,0,0,622,True,
49024003,2,21,170,False,
159647761,-29,-48,43,True,
164104211,-25,-15,525,True,
154645,-46,21,466,True,
59506698,0,0,622,True,
94115840,1,26,297,False,Scaraleaf Dungeon - Sixth Room
110629377,0,0,788,True,
161486084,-9,-19,857,True,
161483014,-12,-20,857,True,
72622080,0,0,11,True,
189794825,8,-22,98,True,
59507712,-79,-75,622,True,Snowfoux Caverns
59518976,-75,-75,621,False,Snowfoux Den - Exit to the Petrified Forest
106433542,0,0,913,True,
154369,-45,-1,451,True,
164104726,-24,-12,525,True,
57938689,-52,-45,653,False,Sakai Mine Dungeon - Fifth Room
159649793,-25,-64,43,True,
134145,-6,1,232,True,
159649807,-25,-50,43,True,
60034566,-77,-67,605,True,
94111744,1,26,297,False,Scaraleaf Dungeon - Second Room
221778434,-5,3,1018,False,Gob Akademy - Director Grunob's Office
60036611,-73,-70,605,True,
60034053,-78,-68,605,True,
104598017,-5,10,284,False,Bwork Dungeon - Third Room
187695110,-10,-30,54,False,
160793,-58,25,453,True,
160957441,2,1,856,True,
137738,-13,10,253,True,
139593221,0,0,521,True,
221643778,-7,15,1019,True,
131597312,-1,-1,820,True,
159646736,-31,-49,43,True,
221512198,-5,21,1019,True,
153881088,4,-1,449,True,
183507968,0,0,892,True,
131729408,0,0,820,True,
156894725,32,9,93,True,
189533195,0,0,97,True,
60036865,-73,-74,605,True,
139461125,-20,-40,521,True,
160005,-56,-5,457,True,
159649281,-26,-64,43,True,
185862145,-2,-8,2,True,
107220992,-17,8,808,True,Koolich's Lair - Third Room
131729412,0,0,820,True,
85721601,-15,-5,231,False,
34475008,-40,-13,319,False,The Labyrinth of the Minotoror - Twenty-first Room
184945673,0,0,165,True,
235145985,4,11,1042,True,
34342152,-36,-17,319,False,The Labyrinth of the Minotoror - Fifth Room
175113218,6,-71,879,False,
224396801,0,0,1021,True,
160004,-56,-4,457,True,
156898822,0,0,93,True,
135170,-8,2,233,True,
175112196,5,-70,878,False,Verdant Plateau
160771,-58,3,453,True,
34476294,-41,-17,210,False,
68420611,9,-4,1,True,
149775,0,0,209,True,
175244804,0,0,878,True,
142858,0,0,253,True,
184943623,20,29,864,False,
157193,-51,9,454,True,
184811525,-21,-60,59,False,
153346,-43,-2,451,True,
139784,-17,8,253,True,
68420104,8,1,485,True,
136193,-10,1,232,True,
34344200,0,0,319,True,
68551685,5,-2,479,True,
224135168,40,-84,1022,False,Sylvan Refuge - Third Room
184811527,20,29,864,False,
22806534,0,0,470,True,Bherb's Gully - First Room
184813573,-21,-60,59,False,
152850,-42,-18,209,True,
68422661,13,-2,1,True,
160513,-57,-1,457,True,
224136192,40,-84,1022,False,Sylvan Refuge - Fourth Room
153888006,0,0,449,True,
224137216,40,-84,1022,False,Sylvan Refuge - Fifth Room
75500293,-15,-8,231,True,
159748,-56,4,454,True,
159755,-56,11,454,True,
154638,-46,14,453,True,
152324,-41,-4,451,False,
213650436,-29,36,982,False,
158209,-53,1,453,True,
213649414,-26,38,982,False,
90967557,7,5,32,False,
224137218,40,-84,1022,False,Sylvan Refuge - Exit
185992192,0,0,1036,True,
68552195,4,-4,180,True,
140297,-18,9,253,True,
68421633,11,-6,1,True,
160002,-56,-2,457,True,
90967553,7,1,32,False,
156681,-50,9,453,True,
213650690,-29,33,982,False,
90964491,1,11,32,False,
134404,-6,-4,232,True,
158215,-53,7,454,True,
156680,-50,8,453,True,
90964489,1,9,32,False,
68551425,6,-8,180,True,
68422662,13,-1,1,True,
90966529,5,1,32,False,
160956417,0,1,856,True,
75498241,-19,-4,231,True,
183108111,0,0,896,True,
233309192,0,0,1122,True,36 - The Possessed II (Teams)
162793486,0,0,851,False,Field Haven Bag
158722,-54,2,453,True,
233318406,0,0,885,True,32 - Amber (Duel)
168559626,26,31,867,True,
183108104,-31,22,896,True,
233315338,0,0,885,True,42 - Belladonna (Duel)
162793472,0,0,851,False,Amakna Haven Bag
233310208,0,0,1122,True,13 - Sufokia (Teams)
178785290,-25,45,886,False,Shifty Shaft
178784266,-25,45,886,False,Shifty Shaft
144836610,1,2,837,True,
164496916,-23,-16,525,True,
196345861,-4,-2,910,True,
75768321,0,0,770,True,
144442370,4,-3,838,True,
144574464,1,-4,838,True,
75760137,-53,40,769,True,
88086292,12,3,27,True,
235407364,0,0,1043,True,
75763207,-48,41,770,True,
75765257,0,0,767,True,
144444416,6,-4,838,True,
235407618,0,0,1043,True,
196346885,-2,-2,910,True,
196346370,-3,-5,910,True,
83886090,4,-15,95,False,
171442176,-17,35,61,True,
88086791,13,16,103,True,
88083463,7,30,12,True,
88212752,-1,7,480,True,
88083456,7,23,490,True,
73532935,-19,8,235,True,
73402626,-12,-1,235,True,
88082186,4,13,4,True,
73402891,-11,12,234,True,
234620928,8,14,1040,True,
88213781,-3,2,480,True,
171445762,-10,37,61,True,
73403915,-9,12,234,True,
73401861,-13,6,235,True,
73401345,-14,2,182,True,
88081161,2,14,22,True,
73403400,-10,9,234,True,
73402883,-11,4,234,True,
73400325,-16,6,235,True,
88212248,0,-1,10,True,
73402885,-11,6,234,True,
88085261,10,10,481,True,
73532420,-18,5,182,True,
190972422,-4,-8,102,True,
216924682,-25,38,985,True,
73402371,-12,4,235,True,
88217884,0,0,485,True,
171442180,-17,39,61,True,
73402370,-12,3,235,True,
216794627,-23,35,985,True,
216929793,0,0,1036,True,
54162241,-57,-65,604,True,
189792260,3,-27,98,True,
54177064,-86,-40,602,True,
156238856,-6,-36,56,True,
54173520,-79,-80,606,True,
64753668,0,0,755,True,The Kwakwa's Nest
54171947,-76,-43,601,True,
204998915,21,-26,941,True,
54170406,-73,-38,601,True,
90702848,12,25,32,True,
147589127,-19,-49,70,True,
115608065,30,-17,798,True,
229901570,0,6,482,False,Sidekick Inn
54164291,-61,-67,608,True,
147720198,0,0,70,True,
202378240,4,-3,931,False,Blood Throne - Fourth Room
161221644,2,-2,855,True,
129764352,-7,-5,822,True,
169084932,24,28,860,True,
120587781,-2,-30,30,False,
169216008,0,0,861,True,
126091542,-5,-51,519,True,
161355012,-6,-10,855,True,
206176775,16,-30,943,True,
111673344,-76,-80,606,False,Cavern of Destiny
120587779,-2,-30,30,False,
169084944,24,34,862,True,
169083910,23,29,861,True,
156239363,-5,-41,56,True,
120590849,0,-33,30,False,
90705411,17,28,32,True,
161351680,-3,-8,855,True,
126092034,-4,-31,178,True,
204999171,22,-20,941,True,
133644,-5,12,31,True,
233311234,0,0,885,True,14 - Aerdala (Duel)
173408771,12,-57,872,True,
231998464,0,0,453,True,
90708738,23,23,32,True,
239613460,-61,-79,1082,False,
147590148,-17,-52,70,True,
90702337,11,26,32,True,
115737095,27,-14,798,True,
109579783,-59,-74,790,True,Nileza's Laboratory - Fourth Room
173279234,17,-58,872,True,
126094104,0,-53,809,True,
161220620,1,-2,855,True,
223216385,32,-72,1027,True,
214696960,-23,34,980,False,Bworkball Inn
201850880,0,0,927,True,
130811393,10,24,32,False,
223086090,34,-67,1027,True,
239613469,-62,-70,1107,False,
201851137,0,-1,927,True,
161224198,-7,-1,858,False,
204997633,19,-22,941,True,
233308178,0,0,885,True,54 - Chaos Clock (Duel)
156238340,-7,-40,56,True,
202378246,0,0,931,True,Blood Throne - Fourth Room
223216149,32,-62,1027,True,
161220622,1,-1,855,True,
201458948,0,0,928,True,
214697220,-29,37,1113,False,Activity Room
239614487,8,8,1091,False,
116655623,0,0,538,True,Wa Wabbit's Warren - Second Room
208928774,0,0,948,True,Tanukouï San's Workshop - First Room
240129795,0,0,1121,True,
156241926,0,-38,56,True,
174329348,0,0,875,True,Mastodon Cemetery - Fourth Room
240129545,0,0,1121,True,
223085313,33,-72,1027,True,
130941443,0,0,169,True,
214696968,-26,36,977,False,
239608836,7,-24,1058,False,
240657408,0,0,1125,True,
156239369,-5,-35,56,True,
239607812,7,-24,1058,False,
240129542,0,0,1121,True,
187304450,8,8,828,False,Headquarters of the Toxine Gang
171181062,-10,-43,523,False,
186649604,-47,-83,897,False,
233316362,0,0,885,True,43 - Ereboria (Duel)
233318404,0,0,1122,True,32 - Amber (Teams)
233311244,0,0,1122,True,50 - Sylargh (Teams)
72356864,-1,33,154,False,Dragon Pig's Den - Sixth Room
206045700,18,-33,943,True,
147589641,-18,-47,70,True,
239605261,1,26,1069,False,
72360960,-1,33,154,False,Dragon Pig's Den - Twelfth Room
239601159,-7,-43,1059,False,
147589643,-18,-45,70,True,
90701826,10,27,32,True,
201327105,1,1,928,True,
239617053,4,-3,1109,False,
239603716,-39,-11,1056,False,
147590150,-17,-50,70,True,
211551232,-3,-1,958,False,Orukam's Memory - The Rock
213126146,0,0,984,False,
116919300,26,-11,162,False,
213124102,0,0,984,False,
201328640,4,0,928,True,
147587081,-23,-47,70,True,
171180032,-55,15,469,False,
181146630,-9,32,495,True,
116917254,22,-11,163,False,
112460048,-59,-89,789,True,
69208064,1,-8,2,False,Masqueraider Temple
116918280,23,-9,161,False,
104335879,0,0,94,True,Bworker's Cave - Third Room
186647556,-46,-81,897,False,
179831298,-15,27,517,True,
181144576,-11,29,495,True,
213256204,0,0,984,False,
90704896,16,25,32,True,
213123072,0,0,984,False,
210242566,0,0,954,True,Spirit Abode - Fourth Room
69207040,1,-8,2,False,Masqueraider Temple
213125128,0,0,984,False,
72352768,-1,33,154,False,Dragon Pig's Den - Second Room
213124100,0,0,984,False,
166461701,-20,-34,525,False,
213123074,0,0,984,False,
179962371,-17,28,517,True,
206047751,15,-31,943,False,
213123076,0,0,984,False,
240648195,0,0,1125,True,
196870144,-1,-7,911,True,
72359170,-1,33,154,False,Dragon Pig's Den - Tenth Room
147588615,-20,-49,70,True,
69210370,-5,-4,232,False,
72361984,-1,33,154,False,Dragon Pig's Den - Thirteenth Room
181143554,-12,30,495,True,
178782208,-25,22,57,False,Canem Cave
162791438,0,0,851,False,Crypt Haven Bag
206046725,15,-31,943,False,
69206016,1,-8,2,False,Masqueraider Temple
90704898,16,27,32,True,
231997440,0,0,451,True,
240653312,0,0,1125,True,
206045698,18,-35,943,True,
147590151,-17,-49,70,True,
196870146,-1,-6,911,True,
210239494,0,0,1036,True,
233311232,0,0,1122,True,14 - Aerdala (Teams)
178783240,-17,21,71,False,Con Cave
162793496,0,0,851,False,Pandala Haven Bag
162795534,0,0,851,False,Pirate Hold Haven Bag
240661504,0,0,1125,True,
216531970,-25,33,977,False,
147588100,-21,-52,70,True,
90704899,16,28,32,True,
72357888,-1,33,154,False,Dragon Pig's Den - Seventh Room
210239488,39,-44,954,False,Spirit Abode - First Room
90704642,15,23,32,True,
162791448,0,0,851,False,Eliocalypse Haven Bag
232000512,0,0,1036,True,
90703875,14,28,32,True,
164365334,-18,-14,525,True,
201199620,0,0,922,True,Valdi's Nightmare
209191682,20,-34,945,True,
66061314,-32,-86,320,True,
162268162,2,2,750,False,
162267140,0,4,750,False,
141038592,-6,-12,750,False,Goultarminator - Arena B VI
162270208,6,0,750,False,
201591043,4,-3,926,True,
235538177,9,4,1043,True,Windy Point - Circle of Strife
188745218,4,-20,95,True,
179570688,-68,30,884,False,Count Razof's Camp - Third Room
213910274,-34,-58,976,False,
188746241,6,-21,95,True,
164364803,-19,-33,525,True,
213910022,-34,-58,976,False,
162268160,2,0,750,False,
170394628,-13,-29,750,True,B8 - Goultarminator
209192193,21,-33,945,True,
188752385,0,0,1036,True,
209191172,19,-36,945,True,
170393606,-13,-29,750,True,B9 - Goultarminator
162269184,4,0,750,False,
170393610,-13,-29,750,True,C9 - Goultarminator
101188612,0,0,784,True,Al Howin's Vegetable Patch - Cemetery
162271234,8,2,750,False,
188743681,1,-21,95,True,
188743682,1,-20,95,True,
170526722,0,0,750,True,
162271232,8,0,750,False,
201589760,2,0,926,True,
182326273,-9,29,494,False,Temple of the Great Ougaa - Second Room
235537669,13,1,1043,True,Pariah Promontory
139994635,-13,-39,84,False,"Blop Memory" Game Cave
180356097,-11,30,889,True,
201588736,0,0,926,True,
201589505,1,-1,926,True,
204213250,0,0,935,False,Centre of the World
188751361,0,0,1036,True,
238297088,11,21,1127,True,Eternal Gardens Sanctuary - Protectors' Field
204210176,-10,-57,518,True,Cania Moors (Past)
164495895,-21,-13,525,True,
66062084,-31,-92,320,True,
201589761,2,1,926,True,
238297355,18,12,1130,True,Eternal Gardens Sanctuary - Castle Corridor
180486657,-14,30,889,True,
66198530,0,0,320,True,
14419201,-15,-20,76,True,
162529793,-7,-11,855,False,
164365319,-18,-29,525,True,
201590272,3,0,926,True,
201590273,3,1,926,True,
21495808,-54,16,459,False,Kimbo's Canopy - First Room
139990533,-11,-37,84,False,
235407362,0,0,1043,True,
204215300,0,0,921,False,
14420225,-14,-20,76,True,
66193921,-39,-87,757,True,
238293252,21,7,1126,True,Eternal Gardens Sanctuary - Monochrome Text (Pencil)
21497856,-54,16,459,False,Kimbo's Canopy - Third Room
180356613,-10,34,889,True,
66062338,-30,-86,320,True,
66060289,-34,-87,757,True,
75760644,-50,42,767,True,
164364299,-20,-25,525,True,
238297093,11,20,1127,True,
75769349,0,0,771,True,
121769990,0,0,813,True,
196347908,0,0,910,True,
238296846,17,10,1130,True,Eternal Gardens Sanctuary - Castle Corridor
66193667,-38,-91,758,True,
75766275,0,0,768,True,
121636866,2,4,813,True,
238294276,22,7,1126,True,Eternal Gardens Sanctuary - Monochrome Text (Kamas)
121769986,0,0,813,True,
75760643,-50,41,767,True,
66063360,-28,-88,320,True,
75767297,0,0,769,True,
238299906,20,15,1128,True,Eternal Gardens Sanctuary - Belladonna's Reserve (Draughtboards)
88216854,-9,1,3,True,
237241344,17,8,1039,False,Gargandyas's Temple - Graogarm Room
199493638,0,0,919,True,Kharnotaurus's Lair - Third Room
164495891,-21,-17,525,True,
144573698,2,-5,838,True,
176818433,-19,21,71,False,
144577796,0,0,838,True,
88087297,14,22,490,True,
88083216,6,7,3,True,
164364300,-20,-24,525,True,
176820483,-16,17,71,False,
144575492,0,-2,838,True,
164364298,-20,-26,525,True,
88090894,0,0,5,True,
144703746,3,0,837,True,
176822275,0,0,71,True,
222563340,0,0,750,False,
88081670,3,17,4,True,
88081158,2,17,22,True,
222566406,-34,-57,975,False,
222566404,0,0,1020,False,
164364815,-19,-21,525,True,
222560256,-31,-56,859,False,
144705794,5,0,837,True,
144837890,0,0,837,True,
88082950,6,29,12,True,
222564360,4,4,1020,False,
222565382,-27,33,977,False,
88085775,11,8,3,True,
88211969,0,24,170,True,
222560258,-78,-41,859,False,
222560266,-36,-60,976,False,
222564364,4,-19,95,True,
88082698,5,13,4,True,
88084749,9,10,481,True,
88080655,1,8,5,True,
144704514,4,2,837,True,
144703488,3,1,837,True,
222568962,-12,-29,54,True,
222565378,-27,33,977,False,
144703490,3,2,837,True,
164364308,-20,-16,525,True,
88086800,13,7,179,True,
88212250,0,-3,10,True,
88084754,9,5,3,True,
88081166,2,9,5,True,
88212737,-1,22,170,True,
147587591,-22,-49,70,True,
202375168,4,-3,931,False,Blood Throne - First Room
233309196,0,0,1122,True,48 - Sidekicks (Teams)
178782216,-27,22,891,False,Volcano Mine
112592134,-60,-84,789,True,
168691726,0,0,868,True,
182977032,-30,20,896,True,
160772,-58,4,453,True,
159647234,-30,-63,43,True,
168691716,0,0,866,True,
168560650,27,31,867,True,
152849,-42,-17,209,True,
179830786,-16,27,517,True,
147588614,-20,-50,70,True,
183109637,-33,16,896,True,
60035593,-75,-64,605,True,
233312266,0,0,885,True,39 - Wukang (Duel)
183112710,0,0,896,True,
183109635,-33,15,896,True,
168558600,25,30,867,True,
182978061,-28,27,896,True,
112592136,-60,-85,789,True,
168691722,0,0,867,True,
183108100,-31,16,896,True,
208146432,22,-24,947,False,Valley of the Lady of the Water - Fifth Room
112464137,0,0,789,True,
156694,-50,22,453,True,
60036610,-73,-71,605,True,
161794,-60,2,453,True,
22675972,0,0,461,True,
112592132,-60,-83,789,True,
60036104,-74,-65,605,True,
134660,-7,4,233,True,
154010881,-2,-1,442,True,
159652878,0,0,43,True,
189794823,8,-24,98,True,
198970368,-2,25,325,False,Crocabulia's Lair - Third Room
136316416,-39,-11,210,False,Dofus Room
135400961,0,0,828,True,
233312260,0,0,1122,True,24 - Dragon Pig II (Teams)
233317380,0,0,1122,True,31 - War (Teams)
233318410,0,0,885,True,45 - Albuera (Duel)
182977034,-30,21,896,True,
233318408,0,0,1122,True,45 - Albuera (Teams)
181403652,-13,31,495,True,
233308172,0,0,1122,True,47 - Dopples (Teams)
159491,-55,-3,457,True,
54530067,-83,-40,600,True,
240390144,0,0,1119,True,
54528260,-76,-34,1115,False,Merchants' Room
1543,0,0,31,True,
198969344,-2,25,325,False,Crocabulia's Lair - Second Room
54530069,-83,-40,600,False,
54531101,-79,-46,601,False,
54532103,12,7,601,False,
218894336,-28,37,1010,False,Black Rat's Moumousetrap - Fifth Room
54526216,-76,-34,1115,True,
54526212,-76,-34,1115,False,Function Room
231999748,0,0,1036,True,
189532164,2,-25,97,True,
218108932,0,0,1020,False,
159649283,-26,-62,43,True,
144965634,3,7,836,True,
189793800,6,-23,98,True,
218891270,0,0,1010,True,Black Rat's Moumousetrap - Second Room
135269889,8,7,828,True,
60035081,-76,-64,605,True,
54525977,0,25,601,False,
157208,-51,24,453,True,
54527007,2,31,601,False,
208143366,0,0,947,True,Valley of the Lady of the Water - Second Room
135266817,5,7,828,True,
54528010,4,10,601,False,
161291,-59,11,453,True,
153879813,2,-5,445,True,
139464193,-14,-44,521,True,
54534177,-80,-45,601,False,
54529026,6,2,601,False,
183768076,-1,9,480,False,Sadida Temple
134218754,3,3,827,True,
241443329,1,1,446,True,Dofusarium
183769094,4,-2,479,False,Pandawa Temple
148114949,-12,-10,33,False,
137364480,2,2,827,True,
186515968,-49,-82,897,True,
147852295,-8,-8,33,True,
139462147,-18,-42,521,True,
147981825,-17,-14,169,True,
56100864,-64,-55,618,False,Royal Pingwin's Excavation - Third Room
183766275,0,0,2,True,Ecaflip Temple
189530119,-2,-22,97,True,
142082561,-37,-49,68,True,
136187140,0,0,829,True,
142088708,-25,-46,68,True,
164890112,-12,-44,523,False,
139728132,0,0,84,True,
142090245,-22,-45,68,True,
183763968,7,1,485,False,Eniripsa Temple
148898562,0,0,839,True,Methea's Stone Room
200806402,0,0,922,False,Ankama Eliatrope Room
134227970,0,0,1036,True,
200802304,0,0,923,False,Ankama - Offices
241444353,2,2,446,True,
136055046,7,-2,829,True,
137369350,0,0,828,True,
200807424,0,0,923,False,Ankama - Brainstorming Room
200803328,0,0,923,False,Ankama - Offices
186385156,-48,-84,897,True,
200804352,0,0,923,False,Ankama - Eliatrope Room
200807426,0,0,923,False,Ankama - Fitness Room and Relaxation Area
166988800,-7,-43,493,False,Blop Fields - Third Room
61998338,-61,-70,624,False,Kolosso's Caverns - Bestial Room
220463108,0,0,972,True,The Final Dawn
232259586,0,0,901,False,
183763974,7,1,485,False,Eniripsa Temple
142089225,-24,-41,68,True,
220468224,1,0,972,False,The Liche's Wood
220463104,1,0,972,False,The Final Dawn
61868034,-61,-70,624,False,Kolosso's Caverns - Fourth Room
220466176,1,0,972,False,The Necromancer's Song
147851273,-10,-6,33,True,
63439360,-45,-69,501,True,
220465152,1,0,972,False,Skies of Black Lightning
241440769,1,1,536,False,
61998082,-61,-70,624,False,Kolosso's Caverns - Venomous Room
220464128,1,0,972,False,The Death of the Centoror
192416768,6,-18,95,False,Astrub Inn - Pirate Room
142083592,-35,-42,68,True,
189530625,-1,-28,97,True,
142082564,-37,-46,68,True,
95814659,0,0,180,True,
235801093,3,13,1040,True,Zozlzzbz
186391040,0,0,897,True,
147849986,-13,-17,33,True,
142086152,-30,-42,68,True,
176947204,0,0,756,True,Brumen Tinctorias's LaboRATory - Second Room
192419844,0,0,95,True,Astrub Grocery Store
61869060,-61,-70,624,False,Kolosso's Caverns - Exit
58720256,-53,-40,650,True,Sakai Tavern
192416776,6,-19,95,True,Temple of the Twelve
186386946,-46,-81,897,True,
177079300,0,0,1036,True,
176949248,-27,17,756,False,Brumen Tinctorias's LaboRATory - Third Room
224658185,27,-88,1029,True,
235668236,24,24,1041,False,
192415748,7,-19,95,False,Astrub Library
136052996,5,-1,829,True,
189531139,0,-26,97,True,
192417792,6,-18,95,False,Astrub Inn - Gobball Room
235802112,0,0,1036,True,
95686147,4,-6,180,True,
136187144,0,0,829,True,
193727490,13,-28,336,False,Sandy Castle
95687171,4,-6,180,True,Feca's Royal Chapel
186385922,-47,-81,897,True,
217057284,-29,-54,973,False,
172753920,-17,22,517,True,
97258013,-2,2,480,False,
172230157,-29,42,886,True,
172234240,-21,29,280,True,
186384900,-48,-80,897,True,
207623172,21,-27,951,False,Pandala Library
97389065,0,0,1034,True,
97257995,-3,9,1034,True,Tirith Mine
207625216,19,-27,951,False,
139462661,-17,-40,521,True,
97257997,-2,4,29,True,Kamana Mine
172235783,-18,36,280,True,
172229632,-30,29,280,True,
207750670,0,0,941,True,Akwanokima's Sanctuary
99748098,20,-12,163,True,
207750668,0,0,1036,True,
211295234,23,-32,960,False,Brewery
211293188,23,-31,960,False,Sacred Baths
207620102,15,-35,943,False,Lantern Temple
128058885,-9,-55,518,True,
164104214,-25,-12,525,True,
99353604,5,6,3,False,
177472514,2,2,885,True,Kolossium Duel - Arena III
211291138,18,-34,943,False,Paper Workshop
127926798,-5,-46,518,True,
207618048,21,-33,961,False,
207618050,23,-28,951,False,
189530115,-2,-26,97,True,
99485198,0,0,22,True,
207623427,0,0,951,True,Pandala Library
207619086,20,-25,941,False,Shaké Distillery
99358726,0,0,10,True,
207624451,0,0,951,True,Ferminted Inn
211295232,23,-32,960,False,Bow Meow Bar
189530123,-2,-18,97,True,
99354630,4,30,170,False,
192939014,6,-15,95,False,
211289092,-1,0,957,False,
164102675,-28,-15,525,True,
211290112,21,-33,965,True,
99353600,3,0,10,False,
127929870,1,-46,518,True,
99352590,0,-3,10,False,
211289088,17,-29,951,False,
164233735,-30,-27,525,True,
192939012,3,-21,95,False,
99352576,4,13,4,False,
99355658,3,29,170,False,
237906950,0,0,904,True,
177478664,0,0,1122,True,
192937990,6,-15,95,False,
146670596,0,0,842,True,Kickroach's Lair
139463681,-15,-44,521,True,
158990853,-22,-57,59,True,
164103183,-27,-19,525,True,
184290562,-34,22,896,False,Infernal Well
192939016,4,-16,95,False,
96470530,26,22,32,False,Foggernaut Temple
74978817,-51,40,771,False,Grozilla and Grasmera's Den
102764033,5,-8,339,False,Sphincter Cell's Lair - Fourth Room
180225538,0,0,1036,True,
198706182,0,0,918,True,Turtelonia's Sanctuary - Second Room
146676736,3,-17,842,False,Entrance to Kickroach's Lair
99352588,3,29,170,False,
164103188,-27,-14,525,True,
146538496,3,-17,842,False,Kickroach's Lair - Exit
158990849,-22,-61,59,True,
177481734,0,0,885,True,
237777972,0,0,904,False,
146671620,0,0,842,True,Kickroach's Lair - Fourth Room
177471488,-6,-12,1122,True,Tournament - Arena XIX
96471554,26,22,32,False,Foggernaut Temple
237766701,0,0,904,True,
237769767,0,0,904,False,
184288258,-29,23,896,True,
198709250,-84,-16,918,False,Turtelonia's Sanctuary - Exit
164104212,-25,-14,525,True,
84544001,0,0,23,True,
184287243,0,0,896,True,
177474562,6,2,885,True,Kolossium Duel - Arena V
54171977,-76,-73,603,True,
54169904,-72,-48,615,True,
156241920,0,-44,56,True,
54167334,-67,-38,602,True,
54171474,-75,-82,606,True,
54175535,-83,-47,602,True,
201851393,1,1,927,True,
204997890,19,-25,941,True,
54165810,-64,-50,604,True,
54171946,-76,-42,601,True,
169216004,0,0,860,True,
117573632,0,0,801,True,
54177063,-86,-39,602,True,
54162255,-57,-79,609,True,
156238343,-7,-37,56,True,
129763330,-8,-4,822,True,
117440514,18,11,801,True,
54176040,-84,-40,600,True,
169216002,0,0,860,True,
169083918,23,33,862,True,
173280001,18,-61,872,True,
54168884,-70,-52,615,True,
211550208,-3,-1,958,False,Orukam's Memory - The Voyage
54162250,-57,-74,609,True,
196608004,0,-7,911,False,Chocolate Museum
117442562,18,9,801,True,
71307266,0,0,943,False,
54169905,-72,-49,615,True,
54174539,-81,-75,606,True,
211552256,-3,-1,958,False,Orukam's Memory - The Dofus
232004610,0,0,466,True,
129761286,0,0,822,True,
54170400,-73,-32,602,True,
54160716,-54,-76,609,True,
201327617,2,1,928,True,
54171428,-75,-36,601,True,
54168376,-69,-56,604,True,
54166346,-65,-74,611,True,
54160707,-54,-67,604,True,
71305218,0,0,943,False,
54168378,-69,-58,604,True,
169083916,23,32,862,True,
54164276,-61,-52,604,True,
54165846,-64,-86,610,True,
54171943,-76,-39,601,True,
129764610,-7,-6,822,True,
54165305,-63,-57,615,True,
231999492,0,0,1036,True,
54170915,-74,-35,601,True,
156239366,-5,-38,56,True,
54165298,-63,-50,604,True,
201851907,2,3,927,True,
54171942,-76,-38,601,True,
201852418,3,2,927,True,
156240386,-3,-42,56,True,
54161723,-56,-59,604,True,
54166827,-66,-43,602,True,
169082888,22,30,861,True,
173411587,0,0,1036,True,
126093078,-2,-51,519,True,
54173521,-79,-81,606,True,
54174504,-81,-40,600,True,
54171986,-76,-82,606,True,
178783242,-17,21,71,False,Con Cave
208142342,0,0,947,True,Valley of the Lady of the Water - First Room
147587585,-22,-55,70,True,
147328000,6,0,32,False,
178783234,-24,22,57,False,Canem Cave
84410374,-6,30,23,True,
168558602,25,31,867,True,
156174,-49,14,454,True,
233316356,0,0,1122,True,30 - Last Hope (Teams)
178782218,-27,23,891,False,Volcano Mine
168559618,26,27,866,True,
60035589,-75,-68,605,True,
143917573,0,0,840,True,
232002564,0,0,464,True,
182979080,-26,22,896,True,
112461070,-58,-88,789,True,
156762113,35,5,93,True,
183112716,0,0,896,True,
231999488,0,0,1036,True,
168559630,26,33,868,True,
233309186,0,0,885,True,12 - Ecaflipus (Duel)
136316674,-42,-17,319,False,Sanctuary of a Hundred Detours
159647248,-30,-49,43,True,
208142336,22,-24,947,False,Valley of the Lady of the Water - First Room
112465161,0,0,789,True,
135397891,4,8,828,True,
60036614,-73,-67,605,True,
22545412,0,0,461,True,
112461062,-58,-84,789,True,
155660,-48,12,453,True,
112461060,-58,-83,789,True,
181404931,0,0,495,True,
159652872,0,0,43,True,
159648259,-28,-62,43,True,
54531082,10,10,601,False,
156762119,35,11,93,True,
189530630,-1,-23,97,True,
135269891,8,8,828,True,
150212610,-4,-12,169,False,
153879552,2,0,443,True,
130547712,-2,-3,824,False,Drhossil's Caves - Exit
54535197,-78,-43,601,False,
198967296,-2,25,314,True,
49025539,2,21,170,False,
173540352,15,-65,873,True,
60036615,-73,-66,605,True,
144971778,0,0,836,True,
159777808,-35,-49,43,True,
154132,-45,20,466,True,
161485066,-10,-22,857,True,
54535201,-80,-45,601,False,
144966916,4,4,836,True,
173672966,0,0,873,True,
54528029,4,29,601,False,
159777296,-34,-49,43,True,
54658069,-85,-44,601,False,
54529057,6,33,601,False,
54535183,-76,-42,601,False,
133892,-5,-4,232,True,
60036608,-73,-73,605,True,
150208512,-4,-12,169,True,
218103812,0,0,970,False,
157699,-52,3,453,True,
153881089,4,0,449,True,
54527005,2,29,601,False,
218894342,0,0,1010,True,Black Rat's Moumousetrap
133431302,-1,-42,56,True,
134659,-7,3,233,True,
218891264,-28,37,1010,False,Black Rat's Moumousetrap - Second Room
208144384,22,-24,947,False,Valley of the Lady of the Water - Third Room
54525979,0,27,601,False,
159650310,-24,-59,43,True,
240387077,20,21,1119,True,
159648771,-27,-62,43,True,
54528031,4,31,601,False,
189792258,3,-29,98,True,
150208520,0,0,169,True,
134658,-7,2,233,True,
160957952,3,0,856,True,
210634246,-4,1,956,True,
149688320,-9,-14,175,False,Ancestral Domain - Fifth Room
75499269,-17,-8,231,True,
68552706,3,-5,180,True,
210502144,0,-5,956,True,
185862146,-2,-7,2,True,
26739712,-60,-9,783,False,Lair of the Kralove - Second Room
215876866,-22,33,980,False,
99746820,22,-6,161,True,
172235272,-19,37,280,True,
153879298,1,-2,443,True,
121375238,0,0,82,True,Royal Gobball's Court - Third Room
75499270,-17,-9,231,True,
158078210,33,3,167,False,
172230144,-29,29,280,True,
185863171,0,-6,2,True,
172232208,-25,45,886,True,
197398534,0,0,914,True,The Crunchery
173672964,0,0,873,True,
210634243,-4,-2,956,True,
149684224,-9,-14,175,False,Ancestral Domain - First Room
123211776,6,13,814,False,Shadow's Pyramid - Fourth Room II
164233739,-30,-23,525,True,
99614720,24,-10,161,True,
121373185,2,-34,82,False,Royal Gobball's Court - First Room
154010374,-1,-6,20663,True,
99747586,21,-12,163,True,
99746819,22,-7,161,True,
75501313,-13,-4,231,True,
216400648,-32,-58,1011,True,
172360710,-34,35,280,True,
164102677,-28,-13,525,True,
99615232,25,-10,161,True,
72617986,-2,32,11,True,
172228612,-32,33,280,True,
181403907,0,0,495,True,
216401670,-33,-57,1011,True,
185863173,0,-4,10,True,
173672960,0,0,873,True,
128059403,-10,-49,518,True,
216401668,-33,-56,1011,True,
101715471,4,-8,181,True,
189532169,0,0,97,True,
153886980,0,0,443,True,
173540865,16,-64,873,True,
25694213,-53,17,472,True,
172230158,-29,43,886,True,
99614979,24,-13,164,True,
99752705,0,0,164,True,
153891076,0,0,450,True,
173539841,14,-64,873,True,
164102164,-29,-14,525,True,
153879810,2,-2,443,True,
101714443,3,-10,181,True,
140775428,0,0,835,True,Belly of the Whale
181404674,-12,33,889,True,
173540355,15,-62,873,True,
172233216,-23,29,280,True,
208404486,0,0,949,True,Fouxwork Factory - First Room
101715475,4,-6,181,True,
172360709,-34,34,280,True,
24118278,-53,16,464,True,
156894212,33,8,93,True,
159770,-56,26,453,True,
135268865,7,7,828,True,
145097986,2,5,836,True,
189793801,6,-22,98,True,
110897665,0,0,785,True,
60032003,-82,-70,605,True,
240517635,17,19,1119,True,
161486088,-9,-21,857,True,
59518470,0,0,621,True,Snowfoux Den
110887425,-61,-71,785,True,
110887431,-61,-68,785,True,
161483012,-12,-19,857,True,
240517634,17,18,1119,True,
59506690,-80,-74,622,True,Snowfoux Caverns
59516928,-75,-75,621,False,Snowfoux Den - Throne Room
154627,-46,3,451,False,
94112774,0,0,297,True,Scaraleaf Dungeon - Third Room
173673218,0,0,873,True,
60034055,-78,-66,605,True,
59510020,-77,-77,622,True,Snowfoux Caverns
162055,-60,-7,471,True,
221644806,0,0,1019,True,
59511810,-76,-74,622,True,Snowfoux Caverns
60034565,-77,-68,605,True,
60033542,-79,-67,605,True,
189531138,0,-27,97,True,
110627329,-72,-85,788,False,
153885958,0,0,20663,True,
59510788,-76,-73,622,True,Snowfoux Caverns
157190,-51,6,453,True,
59508998,-78,-77,622,True,Snowfoux Caverns
60036102,-74,-67,605,True,
59507716,-79,-73,622,True,Snowfoux Caverns
106433536,-3,-4,913,False,Waddict Foundry - Fourth Room
161613068,0,0,1036,True,
104599043,-5,10,284,False,Bwork Dungeon - Swimp Confinement
221512200,-4,23,1019,True,
161484036,-11,-19,857,True,
110626305,-72,-87,788,False,
72619522,1,32,11,True,
189792775,4,-24,98,True,
57937411,0,0,653,True,
39845888,-26,-41,68,False,
133170176,-11,-44,523,True,
135940,-9,-4,232,True,
104595977,0,0,284,True,
123213824,6,13,814,False,Shadow's Pyramid - Exit
104595969,-5,10,284,False,Bwork Dungeon - First Room
94111750,0,0,297,True,Scaraleaf Dungeon - Second Room
94111752,0,0,297,True,Scaraleaf Dungeon - Basement
104598019,-5,10,284,False,Bwork Dungeon - Exit
173670915,12,-62,873,True,
164102151,-29,-27,525,True,
104596993,-5,10,284,False,Bwork Dungeon - Second Room
153878786,0,-2,442,True,
187695106,-10,-30,54,False,
134403,-6,-3,232,True,
72619009,0,31,11,True,
161483016,-12,-21,857,True,
123208708,0,0,814,True,Shadow's Pyramid - Second Room
173540867,16,-62,873,True,
159647249,-30,-48,43,True,
104595975,0,0,284,True,Bwork Dungeon - First Room
137740,-13,12,253,True,
60032001,-82,-72,605,True,
156763140,35,8,93,True,
221774342,0,0,1018,True,
155157,-47,21,466,True,
60034564,-77,-69,605,True,
161484042,-11,-22,857,True,
160514,-57,-2,457,True,
189792774,4,-25,98,True,
210635268,-5,7,1036,True,
173540356,15,-61,873,True,
161543,-59,-7,471,True,
123207684,0,0,814,True,Shadow's Pyramid - First Room
60035075,-76,-70,605,True,
164103702,-26,-12,525,True,
75498758,-18,-9,231,True,
215744518,-22,33,980,False,
75629314,-21,-5,231,True,
215876610,-22,33,980,False,
135683,-9,3,233,True,
99614724,24,-6,161,True,
157717,-52,21,454,True,
156182,-49,22,453,True,
131858951,3,-5,821,False,
68551681,5,-6,180,True,
131861250,0,0,1036,True,
68551173,6,-2,1,True,
160958465,4,1,856,True,
207620100,20,-29,951,False,Pandazaap Inn
161302,-59,22,453,True,
207622144,19,-29,951,False,
57022985,0,0,604,True,
217056516,-35,-61,1112,False,Activity Room
57020931,0,0,610,True,
147982081,-17,-16,169,True,
230173189,-13,-29,1123,False,A32 - Amber (Teams)
230433287,-13,-29,1123,False,B30 - Last Hope (Duel)
63965953,-51,19,455,True,
95420420,15,28,32,True,
230432257,-13,-29,1123,False,B18 - Sidimote II (Teams)
190579716,5,-10,173,True,
63177217,-14,14,275,True,
207097860,0,0,955,True,
217318404,-32,-57,975,False,
230433283,-13,-29,1123,False,B19 - Incarnam (Duel)
230431241,-13,-29,1123,False,B41 - Brakmar (Teams)
206833668,38,-41,952,True,
153354244,0,-2,442,False,
207097856,0,0,955,True,
179440136,0,0,883,True,
197920768,-83,-17,917,False,
63963398,-56,14,455,True,
63308801,-17,14,275,True,
179309058,-62,30,883,True,
190581763,9,-11,173,True,
206831620,34,-41,952,True,
88606726,4,6,469,True,
217449474,-32,-57,975,False,
197921792,-79,-11,917,False,Oyukipoca Temple
121900034,4,4,812,False,
190449664,7,-24,306,False,Famished Sunflower's Barn - First Room
158336513,-12,-61,55,True,
179307525,-65,33,883,True,
122029320,0,0,812,True,
95424512,8,25,32,True,
157810947,0,0,1036,True,
220202241,-32,-59,975,False,
95420418,14,26,32,True,
121899272,4,4,812,False,
210768134,0,0,957,True,
172491778,-17,17,71,True,
112986114,-52,-83,786,True,
171837956,0,0,522,True,
206965764,0,0,952,True,
128975876,1,-3,821,True,
170656770,-16,-4,465,False,
129238528,-2,-4,820,True,
158337025,-11,-61,55,True,
121900298,4,4,812,False,Combat Room 5
121900292,4,4,812,False,Combat Room 2
157810688,31,6,165,True,
96995845,-2,-5,491,False,Larva Dungeon - Eighth Room
210765060,1,0,957,True,
174721794,0,0,879,True,
170656768,-16,-4,465,False,
210765575,2,-3,957,True,
190710278,2,-8,173,True,
121902344,0,0,812,True,
210765058,1,2,957,True,
122029322,0,0,482,True,
172492288,-16,15,71,True,
206966018,0,0,952,True,
171706377,-24,-2,522,True,
206965766,0,0,952,True,
96998913,-2,-5,491,False,Larva Dungeon - Fifth Room
214433792,-27,34,977,False,
209980416,36,-44,953,False,Shogun Tofugawa's Tomb - Fourth Room
210896129,-2,3,957,True,
106697220,25,-7,25,True,
54168356,-69,-36,602,True,
117704204,21,20,804,True,Sunktuary - Splash Zone
117704207,23,24,805,True,Sunktuary - Undertow Rooms
176030208,7,-70,880,False,Wurmlord's Passage - First Room
170135042,0,0,861,True,
165157383,0,0,54,True,
232654337,0,0,481,True,
117834753,0,0,1036,True,
114298369,-32,-8,62,False,
117704197,22,20,804,True,Sunktuary - Splash Zone
165152266,-13,-25,54,True,
26216450,0,0,452,True,
167247879,-31,-13,334,True,
96338946,5,6,201,False,Tofu House - First Room
232654593,0,0,481,True,
117703185,21,24,805,True,Sunktuary - Undertow Rooms
117708801,24,26,805,True,Sunktuary - Undertow Rooms
199233542,0,0,315,True,The Kanojedo
193201158,12,-16,96,True,
170132488,23,26,860,False,
165282318,-17,-21,54,True,
167379976,-33,-12,334,True,
96207874,5,6,201,False,Tofu House - Fourth Room
199757824,-4,29,920,False,Draegnerys's Trial - Fifth Room
184686083,-73,-76,893,True,Ilyzaelle's Lookout
165284878,0,0,54,True,
167379977,-33,-11,334,True,
167379466,-32,-10,334,True,
134742016,-6,-12,750,True,Goultarminator - The Throne of Stone
96209926,5,6,780,False,Royal Tofu House - Sixth Room
199754752,-4,29,920,False,Draegnerys's Trial - Second Room
165153793,-10,-34,54,True,
232653313,0,0,490,True,
66198790,0,0,320,True,
199230724,-4,24,315,False,The Kanojedo
167380489,-34,-11,334,True,
199753734,0,0,920,True,Draegnerys's Trial - First Room
199233536,-4,25,315,True,
212343824,0,0,983,False,
119013380,5,-29,98,False,
146801922,-13,-29,750,True,
66192644,-36,-92,758,True,
146803712,0,0,750,True,
165150732,-16,-23,54,True,
119013378,7,9,3,False,
212340740,0,0,983,False,
199230464,-4,25,315,True,
146805762,0,0,750,True,
165284880,0,0,54,True,
220987913,-4,22,9,True,Musha's House
167247872,-31,-20,334,True,
193331718,9,-16,96,True,
212341772,0,0,983,False,
132122117,-11,-42,523,True,
212342796,0,0,983,False,
212341778,0,0,983,False,
212336644,0,0,983,False,
165155340,-7,-23,54,True,
141037570,-6,-12,750,False,B6 - Goultarminator
167250947,0,0,334,True,
212337682,0,0,983,False,
212339728,0,0,983,False,
141037568,-6,-12,750,False,B4 - Goultarminator
212341762,0,0,983,False,
212339714,0,0,983,False,
167381002,-35,-10,334,True,
141033474,-6,-12,750,False,Goultarminator - Arena B VII
212341768,0,0,983,False,
212339730,0,0,983,False,
212340754,0,0,983,False,
66196740,0,0,758,True,
141035520,-6,-12,750,False,B2 - Goultarminator
66060292,-34,-84,757,True,
212341776,0,0,983,False,
212336652,0,0,983,False,
141034496,-6,-12,750,False,B1 - Goultarminator
212338694,0,0,983,False,
188744199,2,-15,95,True,
212340744,0,0,983,False,
165153296,-11,-19,54,True,
224662273,0,0,1029,True,
142088203,-26,-39,68,True,
98832899,9,3,10,False,
195298306,-84,12,905,True,
172753408,-18,22,517,True,
230173187,-13,-29,1123,False,A21 - Fields (Duel)
217057290,-35,-60,976,False,
217060360,-33,-53,973,False,
147854338,-4,-13,169,True,
98833923,11,3,10,False,
230167051,-13,-29,1123,False,A39 - Wukang (Duel)
223348996,38,-78,1024,True,
98830853,5,5,10,False,
195302404,-81,6,907,True,
230163969,-13,-29,1123,False,A12 - Ecaflipus (Teams)
230166031,-13,-29,1123,False,A50 - Sylargh (Duel)
230172167,-13,-29,1123,False,A31 - War (Duel)
230163979,-13,-29,1123,False,A36 - The Possessed II (Duel)
142083588,-35,-46,68,True,
195298304,-87,13,906,True,
217064448,-35,-57,975,False,
142089735,-23,-43,68,True,
230167055,0,0,1123,False,A51 - Solary (Duel)
195301380,-25,-52,43,True,Grougalorasalar's Tears
195301376,-87,-86,625,False,
147857409,0,0,1036,True,
147850499,-12,-18,169,True,
217061384,-33,-53,973,False,
157811712,35,5,93,False,
172756485,-12,27,517,True,
123470337,-29,-10,816,True,
147981312,-16,-15,33,True,
195298308,-82,9,907,True,
173017345,-26,15,57,True,
223346948,36,-78,1024,True,
207884294,0,0,950,True,Wind Dojo - Fifth Room
195429382,-32,-57,975,False,
142087172,-28,-46,68,True,
172756996,-11,26,517,True,
223348500,0,0,1026,True,
195430920,0,0,975,True,
173019648,-21,16,57,True,
172754440,-16,30,517,True,
172886022,0,0,517,True,
142084105,-34,-41,68,True,
195303936,0,0,625,True,
142084107,-34,-39,68,True,
173019656,-21,24,57,True,
195431942,0,0,907,True,
130285568,-6,-2,823,False,
223347975,37,-80,1026,True,
223347712,37,-76,1024,True,
195299340,-31,-85,320,False,
172752897,-19,23,517,True,
173018123,-24,27,57,True,
178259970,-13,39,61,True,
195301391,0,0,908,True,
172886024,0,0,517,True,
223480072,34,-81,1026,True,
142085646,-31,-36,68,True,
223480071,34,-80,1026,True,
130286592,-6,-2,823,False,Brutatax's Factory - Machine Room
195302659,0,0,907,True,
54168355,-69,-35,602,True,
54155606,0,0,611,True,
54172452,-77,-36,600,True,
54172463,-77,-47,602,True,
54171989,-76,-85,610,True,
54167853,-68,-45,602,True,
54167844,-68,-36,602,True,
54165316,-63,-68,608,True,
156238336,-7,-44,56,True,
147589636,-18,-52,70,True,
54161729,-56,-65,604,True,
54168384,-69,-64,608,True,
54162742,-58,-54,604,True,
54156630,0,0,611,True,
54167843,-68,-35,602,True,
54174537,-81,-73,603,True,
173281025,20,-61,872,True,
54160197,-53,-69,609,True,
54159661,-52,-45,652,True,
54169887,-72,-31,602,True,
54168373,-69,-53,615,True,
147590146,-17,-54,70,True,
54167341,-67,-45,602,True,
126092548,-3,-33,178,True,
54180173,0,0,606,True,
54167876,-68,-68,608,True,
156241416,0,0,56,True,
126093063,-2,-36,178,True,
54168868,-70,-36,602,True,
54153546,0,0,604,True,
54164287,-61,-63,604,True,
54164805,-62,-69,608,True,
156238852,-6,-40,56,True,
54159660,-52,-44,652,True,
54174505,-81,-41,600,True,
54175022,-82,-46,601,True,
54162233,-57,-57,604,True,
54170912,-74,-32,601,True,
54162763,-58,-75,609,True,
54173010,-78,-82,606,True,
54176042,-84,-42,600,True,
156241414,-1,-38,56,True,
54175536,-83,-48,602,True,Royal Mastogob's Greenhouse - Fifth Room
173279489,17,-61,872,True,
54167351,-67,-55,615,True,
54176556,-85,-44,601,True,
54160171,-53,-43,652,True,
126223640,-7,-53,519,True,
54173991,-80,-39,600,True,
54173007,-78,-79,606,True,
54165831,-64,-71,611,True,
124126727,0,0,1036,True,
54167842,-68,-34,602,True,
54163271,-59,-71,609,True,
126223130,-6,-55,519,True,
54163274,-59,-74,609,True,
126094614,1,-51,519,True,
126092033,-4,-30,178,True,
54161193,-55,-41,651,True,
54167847,-68,-39,602,True,
232003586,0,0,472,True,
54163777,-60,-65,604,True,
54175024,-82,-48,602,True,
190056962,13,-27,335,True,
165151759,-14,-20,54,True,
171966472,-27,2,526,True,
205261312,27,-26,944,True,
190055426,10,-27,335,True,
205391875,0,0,944,True,
174851072,8,-70,878,True,
85464069,-21,-5,231,False,
165151749,-14,-30,54,True,
205259778,24,-24,944,True,Earthenwarehouse
205916168,-75,-75,621,False,Snowfoux Den
85462529,-21,-5,231,False,
171705348,-26,-7,522,True,
165150720,-16,-35,54,True,
101451273,-4,-24,178,False,Temple of Scriptures
171966473,-27,3,526,True,
165154825,-8,-26,54,True,
183243780,0,0,59,True,
205391873,0,0,944,True,
171969038,-22,8,526,True,
165282828,-18,-23,54,True,
101450241,-4,-24,178,False,Autumn Room
99097093,0,0,488,True,
99094021,1,-2,10,False,
205260289,25,-25,944,True,
101450251,-4,-24,178,False,Temple of Scriptures
167379975,-33,-13,334,True,
101450249,-4,-24,178,False,Temple of Scriptures
85460481,-21,-5,231,False,
99095051,2,-2,10,False,
99097095,0,0,488,True,
85459463,-21,-5,231,False,
99094017,4,1,488,False,
99091975,3,17,4,False,
163055361,39,-21,850,True,Pyramid Square
183243778,0,0,1036,True,
99094023,6,3,485,False,Amakna Church
99090949,7,20,4,False,
99090945,1,-1,10,False,
171968010,-24,4,526,True,
99096065,4,1,488,False,
163053573,0,0,850,True,Huppermage Temple
183239170,-1,-4,10,False,Enutrof Temple
99096069,-2,-1,10,False,
99095047,4,12,4,False,
99096075,15,21,103,False,
163056642,39,-21,850,False,Huppermage Temple
171968009,-24,3,526,True,
171966989,-26,7,526,True,
183242244,-9,-22,854,False,Ivorine Room
183239179,32,-38,952,True,
183241222,-65,29,883,False,Rainikron's Sadness
183243776,0,0,10,True,Enutrof Temple
171706890,-23,-1,522,True,
183241229,-33,38,280,False,
183239168,-10,34,889,False,
167247874,-31,-18,334,True,
165152774,-12,-29,54,True,
165154049,-10,-36,54,True,
165154318,-9,-21,54,True,
171707907,-21,-8,522,True,
171835907,-29,-8,522,True,
183243783,0,0,883,True,Rainikron's Sadness
117965057,21,7,799,True,
171706379,-24,0,522,True,
183242499,0,0,163,True,
181668864,-22,12,888,False,Magik Riktus Big Top - Fourth Room
190055682,8,-31,335,True,Sacred Isle
183240198,-20,-61,59,False,
155976712,-13,-51,69,True,
183242249,-83,-86,625,False,
127665152,-1,-55,809,False,
174851074,8,-69,878,True,
171705351,-26,-4,522,True,
95161865,7,9,180,False,
171704330,-28,-1,522,True,
171705867,-25,0,522,True,
171706880,-23,-11,522,True,
171966992,-26,10,526,True,
183762944,8,2,485,False,Osamodas Temple
183768074,-1,9,480,False,Sadida Temple
183763987,0,0,10,True,Xelor Temple
166990850,-7,-43,796,False,Royal Rainbow Blop Lair - Main Room
84545025,0,0,315,True,
172752904,-19,30,517,True,
134218756,3,4,827,True,
142086660,-29,-46,68,True,
174064128,15,-65,876,False,El Piko's Cave - First Room
237766664,0,0,904,True,
147851521,-10,-16,33,True,
148111875,-14,-9,169,False,
63570432,-47,-69,501,True,
56098820,0,0,618,True,Royal Pingwin's Excavation - First Room
169869312,24,27,869,False,Captain Meno's Ship - First Room
134227972,0,0,1036,True,
212864000,-22,33,980,True,
20971521,-57,18,469,True,
173019905,-21,15,57,True,
109058048,-61,-90,787,True,
173939202,16,-58,872,False,
173939200,15,-60,872,False,
215091716,0,0,1036,True,
173937410,14,-62,873,False,
89392128,-53,20,463,False,Tynril Lab - Second Room
168824844,0,0,1036,True,
20973313,-54,16,469,True,
173017092,-26,20,57,True,
173939460,13,-61,873,False,Mynol Mine
173937154,15,-57,874,False,Sarakech Bank
168820736,19,26,863,True,
173019139,-22,19,57,True,
59771908,6,4,603,False,
83100160,9,15,7,True,
59903496,-81,-73,603,False,
20973060,-54,21,469,True,
173019657,-21,25,57,True,
214963971,0,0,1036,True,
130025985,-22,-24,525,False,Dimensional Voyagers' Tower - Fissure Tracking Room
212862470,-25,39,978,True,
59900931,-2,3,603,False,
20974853,-51,12,469,True,
173936391,0,0,1036,True,
20975618,-49,19,469,True,
59771910,6,6,603,False,
130023937,-22,-24,525,False,Dimensional Voyagers' Tower - Prison
173934082,11,-57,872,False,
168821760,20,26,863,True,
215091714,0,0,1036,True,
202638340,0,0,930,True,Tree of Death - Second Room
190579200,4,-14,173,True,
82446338,0,0,6,True,
17048835,0,0,10,True,Enutrof Temple
212862982,-24,39,978,True,
132911108,0,0,818,True,Cross Strich's Aviary
100140545,-30,-8,62,True,
20974085,-52,22,469,True,
168822786,21,27,863,True,
214961664,43,-57,969,True,
20973315,-54,14,469,True,
20972036,-56,21,469,True,
17048584,-1,-4,10,False,Enutrof Temple
202642432,4,0,930,False,Tree of Death - Exit
168822798,21,33,865,True,
20971522,-57,19,469,True,
214958850,41,-56,967,True,
190581762,9,-12,173,True,
212860932,-28,37,982,True,
202639360,4,0,930,False,Tree of Death - Third Room
76288007,-47,41,766,True,
214961409,43,-58,969,True,
168821774,20,33,865,True,
76283909,-55,39,764,True,Onthea Crater
190580228,6,-10,173,True,
156500483,30,9,166,True,
225974785,36,-78,1024,False,
225969921,36,-78,1024,False,
76284931,-53,37,765,True,Tarada Bay
225968643,33,-83,1023,False,Smiths' Workshop
172230656,-28,29,280,True,
75499272,-17,-11,231,True,
185862148,-2,-5,2,True,
197396480,-1,-7,914,False,The Crunchery - Third Room
210635264,0,0,1036,True,
172232717,-24,42,886,True,
75499008,-17,-3,231,True,
149686276,0,0,175,True,Ancestral Domain - Third Room
197397510,0,0,914,True,The Crunchery - Fourth Room
75500291,-15,-6,231,True,
72619524,1,34,11,True,
210503172,1,-3,956,True,
210502152,-1,-1,956,True,
99615237,25,-5,161,True,
197395456,-1,-7,914,False,The Crunchery - Second Room
75501314,-13,-5,231,True,
153880578,3,1,449,True,
210633735,-3,2,956,True,
101713431,7,-6,180,False,
72618498,-1,32,11,True,
216401410,-33,-53,1011,True,
185992196,0,0,1036,True,
149686272,-9,-14,175,False,Ancestral Domain - Third Room
75499271,-17,-10,231,True,
197398530,-1,-7,914,False,The Crunchery - Exit
172231168,-27,29,280,True,
197398528,-1,-7,914,False,The Crunchery - Fifth Room
172231696,-26,45,886,True,
172228610,-32,31,280,True,
99614978,24,-12,164,True,
123207680,6,13,814,False,Shadow's Pyramid - First Room
123211780,0,0,814,True,Shadow's Pyramid
101713421,2,-9,181,True,
154010112,-1,0,442,True,
185860096,-6,-9,2,True,
99746309,23,-5,161,True,
72619523,1,33,11,True,
139463171,-16,-42,521,True,
172229120,-31,29,280,True,
121375235,2,-34,82,False,Royal Gobball's Court - Exit
216401672,-33,-58,1011,True,
99615747,26,-7,161,True,
99616514,27,-12,162,True,
215222272,37,-47,922,True,Ruins of Lost Dreams
128058382,-8,-46,518,True,
25693696,-54,16,472,True,
153890052,0,0,445,True,
128059393,-10,-59,518,True,
172360962,0,0,1036,True,
154010113,-1,1,442,True,
215352834,0,0,967,True,Bakujikera's Temple
215221253,0,0,967,True,
25693192,-52,17,472,True,
216269312,-31,-54,1011,True,
172360196,-33,33,280,True,
101844483,0,0,100,True,
142087171,-28,-47,68,True,
128059914,-11,-50,518,True,
140771332,0,0,835,True,Belly of the Whale - First Room
181407236,0,0,495,True,
189530117,-2,-24,97,True,
215220226,43,-55,967,True,Bakujikera's Temple
99616001,26,-11,162,True,
237765673,0,0,904,False,
237902908,0,0,904,True,
237765677,0,0,904,True,
237899834,0,0,904,True,
237765664,0,0,904,True,
142085641,-31,-41,68,True,
237786663,0,0,904,False,
84412933,-1,29,23,True,
237766710,0,0,904,False,
237785154,0,0,904,True,
158859776,-20,-62,59,True,
237901845,0,0,904,True,
237777952,0,0,1036,True,
237773837,0,0,904,False,
237778983,0,0,904,False,
237899797,0,0,904,True,
197266436,0,0,912,True,
85984774,0,0,757,True,
23070208,-53,13,462,False,
219939330,1,2,971,True,
219938819,0,3,971,True,
219940353,3,1,971,True,Chafer Factory
155977228,-12,-47,69,True,
219939852,3,3,971,False,The Last Supper
219939841,2,1,971,True,
219942918,0,0,971,True,Nightmare's Source
23200768,0,0,462,True,
106959872,-3,-7,243,False,Crackler's Rocky Peaks - Sixth Room
171837954,0,0,522,True,
219940352,3,0,971,True,
202899969,-13,-53,935,True,Vision of Eltneg Wood
23200771,0,0,462,True,
66324484,0,0,760,True,Father Kwismas's House - Third Room
112204291,-59,-89,794,False,
66323456,-34,-89,760,False,Father Kwismas's House - Second Room
219938817,0,1,971,True,
87820807,11,-5,1,False,
67113984,10,16,6,False,Rogue Temple
23070467,-53,13,462,False,
112203265,-59,-89,794,False,The Count's Dungeon - Klime's Balcony
112203271,-59,-89,794,False,The Count's Dungeon - Nileza's Balcony
112203523,-59,-89,794,False,The Count's Dungeon - Minute Hand
219940874,0,0,1014,True,Archipelago of Destroyers
66326532,0,0,760,True,Father Kwismas's House
224919564,0,0,1032,True,
87821829,11,-5,1,False,
72090626,2,34,200,False,
87818757,13,-2,1,False,
155975687,-15,-52,69,True,
67110147,0,0,6,True,Rogue Temple
147063810,4,-19,843,True,
112201987,-59,-89,794,False,
224921604,38,-84,1026,True,
190056706,0,0,335,True,Sacred Isle
224923910,0,0,1029,True,
112202241,-59,-89,794,False,The Count's Dungeon - Rhythmetick Room
139201540,-1,5,833,True,
205788160,24,27,869,False,Captain Meno's Ship
72091654,3,36,200,False,
171968525,-23,7,526,True,
147062786,1,-16,843,True,
171707397,-22,-6,522,True,
72091652,3,35,200,False,
112199169,-59,-89,794,False,The Count's Dungeon - Banquet Hall
72094722,6,34,200,False,
224919558,-38,-56,974,True,
155975691,-15,-48,69,True,
156108806,0,0,69,True,
72091650,3,34,200,False,
72093700,5,35,200,False,
171966484,-27,14,526,True,
224920584,0,0,1032,True,
205916188,28,-12,538,False,Wa Wabbit's Warren
165154827,-8,-24,54,True,
72092678,4,36,200,False,
220200961,-32,-59,975,False,
205783064,5,-8,339,False,Sphincter Cell's Lair
224921616,0,0,967,True,Possessed Outpost
190055431,10,-22,335,True,
139199494,-1,6,833,True,
190582276,10,-10,173,True,
205785112,12,-77,882,False,Chamber of Tal Kasha
182714368,-14,25,890,False,Forfut Manor - First Room
236978435,0,0,1044,True,
90439684,0,4,1,False,
182719488,-14,25,890,False,Forfut Manor - Exit
205784066,-14,-13,781,False,Soft Oak Clearing
108794654,-51,-86,786,True,
155976195,-14,-56,69,True,
205786114,-61,-79,794,False,The Count's Dungeon - Minute Hand
209978374,0,0,953,True,Shogun Tofugawa's Tomb - Second Room
90442240,5,0,1,False,
182714372,0,0,1036,True,
224919560,0,0,1032,True,
149165062,0,0,1036,True,
108928786,-66,-93,787,True,
88080388,1,27,170,True,
88084486,9,29,12,True,
88083723,7,12,4,True,
88089870,0,0,179,True,
88081671,3,16,4,True,
88085777,11,6,3,True,
88213776,-3,7,480,True,
88082692,5,19,4,True,
88082708,5,3,485,True,
88086276,12,19,103,True,
88081927,4,30,170,True,
88084748,9,11,481,True,
88090898,0,0,5,True,
88213259,-2,12,480,True,
88212758,-1,1,10,True,
88217607,0,0,22,True,
190972421,-4,-9,102,True,
88212750,-1,9,480,True,
88081688,3,-1,10,True,
88084229,8,18,4,True,
88083713,7,22,490,True,
171443206,-15,41,61,True,
73402889,-11,10,234,True,
73534464,-22,1,235,True,
190849536,0,0,102,True,
190842369,0,-13,102,True,
88081163,2,12,5,True,
73539331,0,0,235,True,
73532934,-19,7,235,True,
171444229,-13,40,61,True,
73531906,-17,3,182,True,
171444736,-12,35,61,True,
64489473,-9,20,230,True,
239080713,3,5,1132,True,
239086597,0,0,1134,True,
234751496,10,27,1047,True,
64620804,0,0,230,True,
239080199,2,7,1132,True,
239079946,10,13,1135,True,
239086861,0,0,1131,True,
219678471,0,0,977,True,
239081230,4,2,1131,True,
197660674,-1,-10,915,False,Chokao Temple - Exit
234750978,2,16,1040,True,Osamodas Statue
64488961,-10,20,230,True,
219678468,-25,36,977,False,
160173056,35,3,93,False,
88086289,12,6,179,True,
88213266,-2,5,480,True,
88082177,4,22,170,True,
88212239,0,8,5,True,
88218625,0,0,103,True,
88086275,12,20,103,True,
88081928,4,31,170,True,
88212233,0,14,22,True,
88084747,9,12,4,True,
88217857,0,0,22,True,
88080645,1,18,22,True,
88085509,11,28,12,True,
88211973,0,28,170,True,
88212992,-2,23,170,True,
88082436,5,27,490,True,
88083734,7,1,485,True,
73402888,-11,9,234,True,
88081167,2,8,5,True,
88081165,2,10,5,True,
190841347,-2,-11,102,True,
171445763,-10,38,61,True,
234619137,4,13,1040,True,
88085772,11,11,481,True,
190841345,-2,-13,102,True,
88081164,2,11,5,True,
73532417,-18,2,182,True,Paddock 6 – Master Paddock
88086285,12,10,481,True,
171442690,-16,37,61,True,
73401348,-14,5,182,True,
73531909,-17,6,235,True,
73403397,-10,6,234,True,
171445251,-11,38,61,True,
234622212,10,10,1040,True,
219680257,0,0,977,True,
64488198,-12,13,230,True,
64488708,-11,15,230,True,
64488195,-12,16,230,True,
197658630,0,0,915,True,Chokao Temple - Third Room
219680517,0,0,977,True,
239080206,2,2,1131,True,
64488197,-12,14,230,True,
239077639,0,0,1132,True,
219679495,0,0,977,True,
64487682,-13,17,230,True,
64488448,-11,19,230,True,
64488193,-12,18,230,True,
234625794,17,12,1036,True,
54164286,-61,-62,604,True,
201982467,-1,3,927,True,
54160704,-54,-64,604,True,
202376192,4,-3,931,False,Blood Throne - Second Room
54165827,-64,-67,608,True,
206046727,15,-31,943,False,
64750592,-4,-7,755,False,The Kwakwa's Nest - Second Room
54159687,-52,-71,609,True,
54168879,-70,-47,602,True,
174327296,19,-61,875,False,Mastodon Cemetery - Second Room
54169382,-71,-38,602,True,
156242440,0,0,56,True,
54169378,-71,-34,602,True,
239605265,-52,-45,1075,False,
90703876,14,29,32,True,
239619604,-5,-54,1087,False,
239614490,27,26,1099,False,
239605252,-14,-63,1057,False,
116917250,24,-12,164,False,
186648582,-48,-84,897,False,
171180038,21,-33,963,False,Spirit World
186648580,-46,-80,897,False,
147589129,-19,-47,70,True,
179962372,-17,29,517,True,
157549568,29,9,700,False,Kanniball Village - Second Room
201326850,0,0,928,True,
90833409,9,26,32,True,
171180041,0,0,469,True,
116918272,24,-14,164,False,
116917258,25,-8,161,False,
233308166,0,0,885,True,23 - Dragon Pig I (Duel)
69207043,0,0,2,True,
196871168,0,-7,911,True,
116918274,24,-12,164,False,
147590658,-16,-54,70,True,
210243586,39,-44,954,False,Spirit Abode - Fifth Room
166462733,-20,-34,525,True,
181141514,-14,34,495,True,
213127176,0,0,984,False,
157551621,0,0,700,True,
213128196,0,0,984,False,
104335873,-15,14,94,False,Bworker's Cave - Third Room
186647554,-50,-83,897,False,
213124096,0,0,984,False,
116919302,20,-12,163,False,
196870152,-1,-3,911,True,
181143558,-12,32,495,True,
213126154,0,0,984,False,
105119744,66,6,751,False,Jail
213256198,0,0,984,False,
213255176,0,0,984,False,
159649282,-26,-63,43,True,
69207298,1,-8,2,False,Masqueraider Temple
233317382,0,0,885,True,31 - War (Duel)
213126148,0,0,984,False,
213256194,0,0,984,False,
90706432,19,25,32,True,
181147652,0,0,495,True,
213126152,0,0,984,False,
206177285,15,-32,943,True,
210241542,0,0,954,True,Spirit Abode - Third Room
178785282,-23,21,57,False,Canem Cave
69210112,1,-8,2,False,Masqueraider Temple
162793480,0,0,851,False,Saint Potrick Haven Bag
142856,0,0,253,True,
147587593,-22,-47,70,True,
216533506,0,0,977,True,Brakmar Prison
240654336,0,0,1125,True,
147589639,-18,-49,70,True,
72359936,-1,33,154,False,Dragon Pig's Den - Eleventh Room
181141504,-14,29,495,True,
178784260,-23,21,57,False,Canem Cave
162796564,10,20,851,False,
162791434,0,0,851,False,Summer Haven Bag
90702081,10,24,32,True,
162793478,0,0,851,False,Casino Haven Bag
181144586,-11,34,495,True,
159650817,-23,-64,43,True,
240648192,0,0,1125,True,
162795522,0,0,851,False,Saint Ballotwine Haven Bag
161300,-59,20,453,True,
189925377,0,0,98,True,
197004296,0,0,911,True,
197002244,-2,-5,911,True,Chocolate Pyramid
162791436,0,0,851,False,Foggernaut Haven Bag
178782220,-28,23,891,False,Volcano Mine
216664322,-25,33,977,False,
216663298,-25,33,977,False,
181146624,-9,29,495,True,
25691146,-52,17,472,True,
208407558,0,0,949,True,Fouxwork Factory - Fourth Room
209586698,0,0,962,True,Ethereal Clouds
24118282,-53,16,464,True,
104860169,-4,2,276,False,
237781005,0,0,904,False,
104860421,0,0,276,True,
227279872,35,-69,1031,True,
139462153,-18,-36,521,True,
99746304,23,-10,161,True,
164102669,-28,-21,525,True,
172229131,-31,40,886,True,
128057869,-7,-47,518,True,
128059913,-11,-51,518,True,
172360193,-33,30,280,True,
104860167,-7,7,8,False,
203164678,0,0,933,True,Shackles of Tyranny - Fourth Room
126616576,-2,-57,519,False,
104861185,-3,11,277,False,
128058371,-8,-57,518,True,
227278854,34,-64,1027,False,
104862217,-4,2,276,False,
164102149,-29,-29,525,True,
237909000,0,0,904,True,
209459722,0,0,962,True,Sea of Dust Shore
24118274,-53,16,464,True,
56365058,-60,-84,619,False,The Wreck of the Hesperus - Exit
104858117,-5,10,277,False,
38667270,0,0,103,True,
172229645,-30,42,886,True,
209457158,23,-36,945,False,Wind Temple
87557130,2,10,469,False,
127930381,2,-47,518,True,
99754755,0,0,163,True,
172229647,-30,44,886,True,
164102157,-29,-21,525,True,
227280896,0,0,1031,True,
97255953,-2,-5,29,True,Korussant Mine
76808704,-48,44,762,True,
104859137,-5,3,276,False,
24117766,-54,16,464,True,
227279874,32,-62,1027,False,
209454090,37,-47,962,True,Ethereal Clouds
56362244,0,0,619,True,The Wreck of the Hesperus - Second Room
227280132,34,-70,1031,True,
128058383,-8,-45,518,True,
24118275,-53,17,464,True,
227283970,0,0,1027,True,
209453064,39,-46,955,False,Cursed Summit
99614727,24,-3,161,True,
99756803,0,0,161,True,
209457154,34,-42,952,False,
172234769,0,0,886,True,
76809732,-47,33,772,False,
128059396,-10,-56,518,True,
207619078,15,-35,943,False,Lantern Temple
127927311,-4,-45,518,True,
204472320,23,-35,939,False,Eliocalypse Storm - Valley of the Great Spirit
157290496,29,6,847,False,Moon's Tree - Fifth Room
152833024,5,-1,447,False,Kardorim's Crypt - Fourth Room
152834048,5,-1,447,False,Kardorim's Crypt - Kardorim's Tomb
76810752,-49,44,762,True,
97261071,-2,-5,29,False,Korussant Mine
203161600,4,-3,933,False,Shackles of Tyranny - First Room
97388055,0,0,96,True,
97259031,-3,-4,29,True,
56360960,-60,-84,619,False,The Wreck of the Hesperus - First Room
139593225,0,0,521,True,
164104725,-24,-13,525,True,
209453058,37,-42,952,False,
237785140,0,0,904,False,
209458186,37,-47,962,True,Dream of the Dead
204473344,-19,-15,939,False,Eliocalypse Storm - Last Crimson Dawn
209454084,22,-28,951,True,
207619082,18,-24,942,False,
172229642,-30,39,886,True,
166985730,-7,-43,493,False,Blop Fields - Royal Indigo Blop Room
97256963,5,19,29,True,Diggum Mine
97260035,5,19,29,True,Diggum Mine
99752449,0,0,164,True,
172229643,-30,40,886,True,
99746817,22,-9,161,True,
207626242,19,-26,1114,False,Activity Room
207619076,20,-29,951,True,Pandazaap Inn
172229135,-31,44,886,True,
172234752,-20,29,280,True,
172229130,-31,39,886,True,
164103186,-27,-16,525,True,
207621134,20,-27,951,False,
97255939,5,19,29,True,Diggum Mine
74974721,-51,39,771,False,Specialist Room
97259015,-3,9,1034,True,Tirith Mine
128059915,-11,-49,518,True,
127926285,-6,-47,518,True,
207752712,0,0,945,True,Pandora Master's Home
128057859,-7,-57,518,True,
99353617,0,0,10,True,
211292422,0,0,941,True,Ink Theatre
207625218,19,-26,1114,False,Merchants' Room
211290372,0,0,965,True,
222298113,0,22,1017,True,
177477642,0,0,885,True,
128061963,0,0,518,True,
211291136,21,-33,965,True,Paradoxical Garden
128059399,-10,-53,518,True,
99358724,0,0,10,True,
164102661,-28,-29,525,True,
207621130,25,-34,942,False,Sealed Prison
211295494,0,0,960,True,Sacred Baths
99355648,-1,23,170,False,
99746818,22,-8,161,True,
99353610,-1,2,10,False,
99356672,0,2,10,False,
158859268,-21,-58,59,True,
237909011,0,0,904,True,
177477640,0,0,1122,True,
180094976,-62,29,883,False,
84412421,-2,29,23,True,
192937984,4,-20,95,False,
211294210,23,-32,960,False,Restaurant
74979843,-51,40,771,False,Grozilla and Grasmera's Den
99357706,5,1,10,False,
99354628,1,23,170,False,
99485192,0,0,22,True,
84411400,-4,32,23,True,
74976773,-51,40,771,False,Nomads' Land
211289350,0,0,944,True,
177481732,0,0,1122,True,
189531651,1,-26,97,True,
146674688,3,-17,842,False,Kickroach's Lair - Second Room
74973187,-51,40,771,False,
192939008,5,-21,95,False,
192937988,3,-21,95,False,
198705152,-84,-16,918,False,Turtelonia's Sanctuary - First Room
146675712,3,-17,842,False,Kickroach's Lair - First Room
164102662,-28,-28,525,True,
177479684,16,4,1122,True,Tournament - Arena XXXVIII
192940034,2,-16,95,False,
84541958,-7,30,23,True,
146672644,0,0,842,True,Kickroach's Lair - Annexe
180092928,-66,28,883,False,
184419586,-35,22,896,True,
177480706,-6,12,885,True,Kolossium Duel - Arena XI
237771823,0,0,904,True,
177473550,0,0,885,True,
177474566,6,6,885,True,
177481730,-6,12,885,True,Kolossium Duel - Arena XII
177481728,-6,-12,1122,True,Tournament - Arena XXIX
146674692,0,0,842,True,Kickroach's Lair - Second Room
62653952,-70,-72,626,False,
146673668,0,0,1036,True,
177479680,-6,-12,1122,True,Tournament - Arena XXVII
164102664,-28,-26,525,True,
177475594,8,10,885,True,Kolossium Duel - Arena XVIII
184292356,0,0,896,True,
177478656,-6,-12,1122,True,Tournament - Arena XXVI
184419328,-33,17,896,True,
177475590,8,6,1021,False,
62653440,-70,-72,626,False,
184287492,-34,22,896,False,Demonic Temple
96469506,26,22,32,False,Foggernaut Temple
84412419,-2,27,23,True,
177481738,0,0,885,False,
176555008,8,-67,878,True,The Pack's Coast
177473544,4,8,1122,True,Tournament - Arena XXXIII
237904943,0,0,904,True,
237910076,0,0,904,True,
184287490,-34,22,896,True,
237903880,0,0,904,True,
189530120,-2,-21,97,True,
184419332,-36,22,896,True,
177480710,18,6,885,True,
177473546,4,10,885,True,Kolossium Duel - Arena XVI
237776937,0,0,904,False,
164102678,-28,-12,525,True,
198709254,0,0,918,True,Turtelonia's Sanctuary
237767693,0,0,904,False,
177479688,0,0,1122,False,
177603588,-13,-29,1122,True,
164103190,-27,-12,525,True,
177473540,4,4,1122,True,
237775872,0,0,904,False,
176555013,0,0,878,True,The Pack's Coast
237907976,0,0,904,True,
177603600,-13,-29,1122,True,54 - Chaos Clock (Teams)
237773850,0,0,904,False,
177481736,0,0,1122,False,
184292610,0,0,896,True,Infernal Well
184287494,-34,22,896,False,Demonic Temple
177471502,0,0,885,True,
54790156,4,12,600,False,
183500806,-73,-78,892,True,
198445062,-83,-14,917,True,
54791183,-77,-38,600,False,Frigostian Paradise Tavern
107216900,0,0,223,True,Koolich Cavern - First Room
156894723,32,7,93,True,
159234,-55,2,453,True,
183502848,-76,-81,892,True,
158210,-53,2,453,True,
183632904,-74,-82,892,True,
34342146,-36,-14,319,False,The Labyrinth of the Minotoror - Twentieth Room
161544,-59,-8,471,True,
161545,-59,-9,471,True,
54789130,2,10,600,False,
183501838,-73,-75,892,True,
183500810,-71,-76,892,True,
237780518,0,0,904,False,
237897762,0,0,904,True,
237902880,0,0,904,True,
237777954,0,0,1036,True,
237905965,0,0,904,True,
237905926,0,0,904,True,
142087180,-28,-38,68,True,
237774876,0,0,904,False,
237768745,0,0,904,False,
237767725,0,0,904,True,
237897760,0,0,904,True,
237909013,0,0,904,True,
237765651,0,0,904,True,
237908002,0,0,904,True,
189661703,-3,-22,97,True,
158859781,-20,-57,59,True,
142083586,-35,-48,68,True,
84411906,-3,26,315,True,
237770773,0,0,904,True,
237776948,0,0,904,False,
237764621,0,0,904,False,
237766708,0,0,904,False,
237900834,0,0,904,True,
189531145,0,-20,97,True,
237766714,0,0,904,True,
237896751,0,0,904,True,
237772828,0,0,904,False,
237766658,0,0,904,False,
237906978,0,0,904,True,
158860802,-18,-60,59,True,
237774880,0,0,904,True,
237902854,0,0,904,True,
84412422,-2,30,23,True,
237773856,0,0,904,True,
237773824,0,0,904,False,
189530116,-2,-25,97,True,
172756997,-11,27,517,True,
237897734,0,0,904,True,
237770754,0,0,904,False,
142087684,-27,-46,68,True,
237910063,0,0,904,True,
237769730,0,0,904,False,
172754953,-15,31,517,True,
237769734,0,0,904,True,
237768762,0,0,904,True,
237777928,0,0,904,True,
139593219,0,0,521,True,
174070276,0,0,876,True,El Piko's Cave
237910061,0,0,904,True,
237777978,0,0,904,True,
142085638,-31,-44,68,True,
237774874,0,0,904,False,
237785643,0,0,904,True,
211026178,21,-32,960,True,
189531653,1,-24,97,True,
172758021,-9,27,517,True,
142088718,-25,-36,68,True,
139461635,-19,-42,521,True,
186386944,-46,-82,897,True,
237786667,0,0,904,True,
237775880,0,0,904,True,
84411912,-3,32,23,True,
174068736,15,-65,876,False,El Piko's Cave - Fourth Room
56102912,-64,-55,618,False,Royal Pingwin's Excavation - Fifth Room
237900858,0,0,904,True,
241439745,1,1,536,False,Celestial Gobball Paddock
158860291,-19,-59,59,True,
147851785,-9,-6,33,True,
139464200,-14,-37,521,True,
237769747,0,0,904,True,
172753930,-17,32,517,True,
139464197,-14,-40,521,True,
84545027,0,0,315,True,
142083589,-35,-45,68,True,
169872386,0,0,869,True,Captain Meno's Ship - Fourth Room
237766675,0,0,904,True,
174065668,0,0,876,True,El Piko's Cave - Second Room
158861313,-17,-61,59,True,
237777980,0,0,904,True,
160269,-57,13,454,True,
107227136,-17,8,223,False,Koolich Cavern - Fifth Room
183506948,0,0,892,True,
221644802,0,0,1036,True,
138762,-15,10,253,True,
198446338,-82,-18,917,True,
160278,-57,22,454,True,
159233,-55,1,453,True,
189794309,7,-26,98,True,
224395521,0,-1,1021,True,
156762120,35,12,93,True,
156763652,37,10,93,True,
160280,-57,24,453,True,
160268,-57,12,454,True,
138760,-15,8,253,True,
198447112,8,8,917,True,Sacrificial Altar
74186752,0,0,975,True,
200805376,0,0,922,False,
169872384,24,27,869,False,Captain Meno's Ship - Fourth Room
183767052,-3,-4,2,False,Sacrier Temple
63438849,-46,-68,501,True,
142213634,-39,-48,68,True,
172756993,-11,23,517,True,
183769090,4,-2,479,False,Pandawa Temple
183768066,-4,0,480,False,Sram Temple
186394112,0,0,897,True,
166990856,0,0,796,True,Royal Rainbow Blop Lair
200803332,0,0,923,False,Ankama - Showroom
169871360,24,27,869,False,Captain Meno's Ship - Third Room
134228226,0,0,1036,True,
200802308,0,0,923,False,Ankama - Meeting Room
186386178,-47,-83,897,True,
183763978,3,1,10,False,Xelor Temple
148112897,-9,-10,168,False,
148114947,-12,-6,169,False,
218630144,-34,-59,1013,False,White Rat's Pantry - Third Room
186390016,0,0,897,True,
183762963,0,0,1036,True,
137367810,6,7,828,True,
183764227,0,0,485,True,Eniripsa Temple
136054020,6,-1,829,True,
134227968,0,0,1036,True,
183768083,0,0,480,True,Sadida Temple
200803330,0,0,923,False,Ankabar
137369606,8,-4,827,False,
192416778,7,-19,95,False,
142084619,-33,-39,68,True,
147859457,0,0,1036,True,
224792327,0,0,1029,True,
61868040,0,0,624,True,
142088199,-26,-43,68,True,
192419850,0,0,95,True,Militia Tower
134224898,9,3,827,True,
186386180,-47,-84,897,True,
189530626,-1,-27,97,True,
139723265,-13,-41,84,True,Haunted House
142089227,-24,-39,68,True,
192413700,7,-19,95,False,Astrub Library
134220802,5,3,827,True,
134353156,-4,-4,827,True,
172759041,-8,24,517,True,
220465156,0,0,972,True,Skies of Black Lightning
95689219,0,0,180,True,Feca's Royal Chapel
134223878,8,5,827,True,
61868036,-61,-70,624,False,Kolosso's Caverns - Fifth Room
235667968,24,28,1041,True,
142088198,-26,-44,68,True,
136055048,7,-3,829,True,
81789954,-13,-29,1033,False,Kolossium
217057282,-31,-58,1011,False,Clandestine Inn
95686149,6,-6,180,True,Amakna Castle - Militia
192413702,4,-19,95,False,Council Tower
176950276,0,0,756,True,Brumen Tinctorias's LaboRATory
142086665,-29,-41,68,True,
172755968,-13,22,517,True,
172754433,-16,23,517,True,
235680003,0,0,1041,True,
189661705,-3,-20,97,True,
147852294,-8,-9,33,True,
176952320,-27,17,756,False,Brumen Tinctorias's LaboRATory - Exit
172752902,-19,28,517,True,
147981315,-16,-12,169,True,
136056074,8,-4,829,True,
192415746,6,-18,95,False,Astrub Inn
235799814,23,26,1041,True,Nzkzarbz Wzllbz
230171137,-13,-29,1123,False,A19 - Incarnam (Teams)
193726464,13,-28,336,False,Sandy Castle - Second Room
95684097,4,-6,180,True,
176949252,0,0,756,True,Brumen Tinctorias's LaboRATory - Fourth Room
95685121,4,-6,180,True,
57021955,0,0,652,True,
176948228,0,0,756,True,Brumen Tinctorias's LaboRATory - Third Room
166985728,-7,-43,493,False,Blop Fields - Entrance
230169089,-13,-29,1123,False,A17 - Sidimote I (Teams)
136054022,6,-2,829,True,
230172171,-13,-29,1123,False,A44 - Ephedrya (Duel)
142082050,-38,-48,68,True,
235799817,23,25,1041,True,
235669509,26,29,1041,True,Mazboorkrrbz Zowzrbz
148637185,16,32,32,False,Eliotrope Temple
235669766,25,26,1041,True,
235675401,0,0,1036,True,
148636418,0,0,32,True,Eliotrope Temple
230167041,-13,-29,1123,False,A15 - Moon (Teams)
57022979,0,0,604,True,
56885767,-50,-45,652,True,Sinus Mine
147850756,-11,-11,168,True,
235799552,23,27,1041,False,
173018124,-24,28,57,True,
147980804,-15,-11,33,True,
230167047,-13,-29,1123,False,A24 - Dragon Pig II (Duel)
156168,-49,8,453,True,
22810626,-51,9,470,False,Bherb's Gully - Exit
189793283,5,-28,98,True,
160279,-57,23,453,True,
156894214,33,10,93,True,
235145986,4,10,1042,True,
154112,-45,0,451,True,
157701,-52,5,453,True,
158721,-54,1,453,True,
152336,-41,-16,209,True,
68552194,4,-5,180,True,
160781,-58,13,453,True,
68555776,0,0,1,True,
162570,-61,-10,471,True,
221511680,-5,13,1019,True,
68553219,2,-4,180,True,
237775904,0,0,904,True,
200016896,-3,25,316,True,
195297540,0,0,905,True,
230169091,-13,-29,1123,False,A17 - Sidimote I (Duel)
98829825,3,1,10,False,
217064456,-34,-55,974,False,
224791307,0,0,1029,True,
217065480,-34,-55,973,False,
223347977,37,-82,1026,True,
195298564,0,0,905,True,
147854083,-5,-18,169,True,
147853828,-5,-11,169,True,
98829831,3,7,10,False,
230175239,-13,-29,1123,False,A34 - Pandawa (Duel)
173147142,0,0,57,True,
217062659,0,0,1036,True,
139723268,-13,-38,84,True,Larva Race
123471361,-29,-11,816,True,
154141187,32,33,849,False,
139728897,0,0,84,True,Larva Race
55050240,-84,-49,617,False,Royal Mastogob's Greenhouse - First Room
195301386,-6,3,233,True,
195302406,-16,17,71,False,
147980802,-15,-13,33,True,
139724804,-10,-38,84,True,
142086151,-30,-43,68,True,
154142465,37,-3,848,False,
230174215,-13,-29,1123,False,A33 - Crocuzko (Duel)
223350028,40,-84,1026,True,
195304194,0,0,625,True,
230163973,-13,-29,1123,False,A25 - Kolossium (Teams)
154142211,-14,-13,781,False,Soft Oak Clearing - Disillusioned Thicket
172757504,-10,22,517,True,
195299588,0,0,905,True,
142087685,-27,-45,68,True,
195301384,0,0,908,True,
195299328,-86,13,906,True,
195301378,-87,-86,625,False,
223346688,36,-76,1024,True,
207880198,0,0,950,True,Wind Dojo - First Room
195433988,0,0,907,True,
195297284,-83,9,907,True,
223348502,0,0,1026,True,
173017610,-25,26,57,True,
173018634,-23,26,57,True,
195430916,0,0,907,True,
173019653,-21,21,57,True,
207882246,0,0,950,True,Wind Dojo - Third Room
223348999,39,-80,1026,True,
195429636,0,0,1036,True,
226232835,38,-81,1025,True,
195302410,0,0,908,True,
207883270,0,0,950,True,Wind Dojo - Fourth Room
142089732,-23,-46,68,True,
173017089,-26,17,57,True,
172756480,-12,22,517,True,
139723777,-12,-41,84,True,
87296515,13,21,528,False,Blacksmith Dungeon - Last Room
223348506,0,0,1036,True,
178259968,-13,38,61,True,
223479052,36,-84,1026,True,
207881222,0,0,950,True,Wind Dojo - Second Room
223349002,39,-83,1026,True,
173017088,-26,16,57,True,
226230785,35,-82,1025,True,
173017605,-25,21,57,True,
223348486,38,-79,1026,True,
172759042,-8,25,517,True,
168953862,0,0,864,True,
173019137,-22,17,57,True,
223350026,40,-83,1026,True,
173018117,-24,21,57,True,
55053312,-82,-48,617,False,Royal Mastogob's Greenhouse - Sixth Room
142087688,-27,-42,68,True,
223347970,37,-77,1024,True,
139727873,0,0,84,True,Knife Throw
178258178,-15,37,61,True,
142086659,-29,-47,68,True,
172755462,-14,28,517,True,
142083593,-35,-41,68,True,
223482635,32,-83,1023,True,
173020169,-20,25,57,True,
173017603,-25,19,57,True,
168821768,20,30,864,True,
76286474,-50,44,762,True,
20974852,-51,13,469,True,
212864004,-22,37,980,True,
212862209,-26,32,977,True,
109058051,-61,-89,787,True,
173020171,-20,27,57,True,
89394185,0,0,463,True,Tynril Lab
109056512,-62,-91,787,True,
89392134,0,0,463,True,Tynril Lab - Second Room
168953856,0,0,863,True,
214958338,40,-56,967,True,
173801732,0,0,1036,True,
214963201,42,-58,969,True,
20971777,-57,16,469,True,
164758273,-17,-49,70,False,
212865545,-19,42,1036,True,
188219392,0,0,901,True,
173019136,-22,16,57,True,
59903498,-81,-73,603,False,
20972033,-56,18,469,True,
214960640,41,-57,969,True,
173938436,14,-61,873,False,Mynol Mine
173937152,15,-64,873,False,Pikantina
76283912,-55,42,764,True,
59770880,4,0,603,False,
173016064,-28,16,57,True,
168821770,20,31,864,True,
59903494,-81,-73,603,False,
212860933,-28,38,982,True,
59904520,-81,-73,603,False,
173019649,-21,17,57,True,
214958337,40,-55,967,True,
59903490,-81,-73,603,False,
59769864,2,8,603,False,
173021441,0,0,57,True,
20974086,-52,23,469,True,
173019655,-21,23,57,True,
147849987,-13,-18,169,True,
215091718,0,0,1036,True,
212863494,-23,39,978,True,
20975361,-50,16,469,True,
20971778,-57,15,469,True,
212864005,-22,38,978,True,
100270594,-34,-7,62,True,
168953868,0,0,865,True,
225968641,38,-77,1024,False,
132907012,0,0,818,True,Cross Strich's Aviary - First Room
212992514,-29,35,982,True,
214962688,41,-59,969,True,
225970947,38,-78,1024,False,The Meadery
20973058,-54,19,469,True,
212861962,0,0,977,True,
168953870,0,0,865,True,
202640388,0,0,930,True,Tree of Death - Fourth Room
76286469,-50,39,766,True,
225971713,37,-77,1024,False,
225975809,36,-78,1024,False,
132912128,-10,-44,818,False,Cross Strich's Aviary - Exit
20973314,-54,15,469,True,
147851783,-9,-8,33,True,
225975811,36,-78,1024,False,
225968899,37,-77,1024,False,
156499972,29,10,166,True,
212861952,-26,33,977,True,
76284928,-53,34,774,True,Vulkorog
76283904,-55,34,774,True,Vulkorog
225969923,38,-77,1024,False,
20973059,-54,20,469,True,
100273412,0,0,62,True,
20971782,-57,11,469,True,
190711808,0,0,173,True,
20973825,-53,16,469,True,
225970689,36,-77,1024,False,
100140033,-31,-8,62,True,
224657409,25,-83,1029,True,
212864518,-21,39,978,True,
82314752,11,16,6,True,
57148161,-72,-83,620,False,The Obsidemon's Hypogeum - First Room
76421635,0,0,764,True,
225972737,38,-78,1024,False,
212992516,-29,37,982,True,
20975105,-50,18,469,True,
82314754,11,18,6,True,
76284425,-54,43,764,True,
224660227,28,-85,1029,True,
212863491,-23,36,980,True,
76423683,0,0,766,True,
212862466,-25,36,977,True,
190580224,6,-14,173,True,
212865031,-20,40,978,True,
100140544,-30,-9,62,True,
76286473,-50,43,763,True,
207097862,0,0,955,True,
158336514,-12,-60,55,True,
215484422,0,0,968,True,Kabaal Ritual - Third Room
224659207,28,-87,1029,True,
147849218,-14,-13,168,True,
82446340,0,0,6,True,
76285449,-52,43,763,True,
224660225,28,-84,1029,True,
83101184,9,15,7,True,
215482374,0,0,968,True,Kabaal Ritual - First Room
163843072,-21,-60,59,False,
205520896,24,-35,942,True,
63965696,-51,20,455,True,
140509443,-84,-60,834,True,
202247686,0,0,925,True,
224659209,28,-88,1029,True,
76423687,0,0,766,True,
230427137,-13,-29,1123,False,B13 - Sufokia (Teams)
63963395,-56,17,455,True,
154272259,32,33,849,True,
76421643,0,0,764,True,
140513539,0,0,834,True,
156499969,29,7,165,True,
76424709,0,0,772,True,
76287495,-48,41,766,True,
202115592,3,-2,925,True,
154273793,0,0,1036,True,
147850245,-12,-10,33,True,
225185792,32,-64,1028,False,Bitter-Hammers' Stronghold - Fifth Room
215486470,0,0,968,True,Kabaal Ritual - Exit
140509441,-84,-59,834,True,
219152647,0,0,1036,True,
219284740,-37,-61,976,False,
158468098,0,0,55,True,
63965445,-52,15,472,True,
154142209,32,33,849,False,Abyssal Dimension
202246148,1,-1,925,True,
230434307,-13,-29,1123,False,B20 - Ohwymi (Duel)
163841024,-21,-60,59,False,
225181702,0,0,1028,True,Bitter-Hammers' Stronghold - Entrance
179307524,-65,32,883,True,
190318592,7,-24,306,False,Famished Sunflower's Barn - Fifth Room
147980800,-15,-15,33,True,
219152644,-37,-61,976,False,
154143489,37,-3,848,True,
157814272,0,0,1036,True,
207094274,37,-45,955,True,
205521410,25,-33,942,True,
98568707,11,28,77,False,The Jellith Dimension - Fifth Room
125045253,1,-54,809,False,
202246154,4,-1,925,True,
210767105,0,0,957,True,
147853825,-5,-14,33,True,
147850752,-11,-15,168,True,
187433990,0,0,899,True,Bethel's Tower
233048322,0,0,1035,False,
63965954,-51,18,455,True,
156502274,33,4,167,True,
147849731,-13,-12,168,True,
230427143,-13,-29,1123,False,B26 - Cemetery (Duel)
195040256,-62,-70,903,False,King Dazahk's Brewery - Exit
205654016,0,0,942,True,
205654018,0,0,942,True,
230437383,-13,-29,1123,False,B34 - Pandawa (Duel)
63964161,-54,21,455,True,
207094786,38,-45,955,True,
190581765,9,-9,173,True,
179440134,0,0,883,True,
147853824,-5,-15,33,True,
230427139,-13,-29,1123,False,B13 - Sufokia (Duel)
210765059,1,1,957,True,
174589441,9,-71,879,True,
230429199,0,0,1123,False,B51 - Solary (Duel)
63308288,-16,13,275,True,
147850243,-12,-12,168,True,
207097858,0,0,955,True,
153357312,1,-5,778,False,
210764288,0,4,957,True,
197921796,0,0,917,True,
95424001,7,26,32,True,
230427149,-13,-29,1123,False,B49 - Koalaks (Teams)
187435014,0,0,899,True,Bethel's Tower - Third Room
210765570,2,2,957,True,
230425103,-13,-29,1123,False,B47 - Dopples (Duel)
190448646,0,0,306,True,Famished Sunflower's Barn - Second Room
230436361,-13,-29,1123,False,B46 - Tales (Teams)
147853829,-5,-10,169,True,
230428175,-13,-29,1123,False,B50 - Sylargh (Duel)
63313156,0,0,275,True,
63963912,-55,12,455,True,
98566663,11,28,77,False,The Jellith Dimension - Royal Lemon Jelly
63963648,-55,20,455,True,
207095813,40,-42,955,True,
190448640,7,-24,306,False,Famished Sunflower's Barn - Second Room
207357187,0,0,1036,True,
168953866,0,0,864,True,
62918662,0,0,623,True,Korriander's Lair
62914566,0,0,623,True,
157025285,0,0,846,True,LeChouque's Boat - Second Room
172886016,0,0,517,True,
145228545,3,6,836,True,
145359887,0,0,836,True,
173020165,-20,21,57,True,
145228291,3,6,836,False,
172758016,-9,22,517,True,
173018119,-24,23,57,True,
173017607,-25,23,57,True,
168820738,19,27,863,True,
168820740,19,28,863,True,
172756486,-12,28,517,True,
20974593,-51,18,469,True,
230436355,-13,-29,1123,False,B22 - Freezammer (Duel)
63965450,-52,10,455,True,
153358336,2,-5,778,False,
171704323,-28,-8,522,True,
206311426,0,0,1036,True,
179308544,-63,28,883,True,
153356294,0,-4,20663,False,
230433285,-13,-29,1123,False,B30 - Last Hope (Teams)
187439104,-48,-82,899,False,Bethel's Tower - Livid Heart Room
230435337,-13,-29,1123,False,B45 - Albuera (Teams)
230433281,-13,-29,1123,False,B19 - Incarnam (Teams)
63309825,-19,14,275,True,
153356290,0,-4,20663,False,
230425095,-13,-29,1123,False,B23 - Dragon Pig I (Duel)
190316550,0,0,306,True,Famished Sunflower's Barn - Third Room
187437062,0,0,899,True,Bethel's Tower
217319424,-32,-57,975,False,
171706887,-23,-4,522,True,
220332801,-32,-59,975,False,
190582785,11,-13,173,True,
129370625,0,0,820,True,
197920772,-83,-15,917,False,
206833154,37,-43,952,True,
128976896,2,-5,821,True,
217319430,-32,-57,975,False,
153355266,2,-2,443,False,
128974856,0,0,821,True,
63964418,-54,18,455,True,
88604674,-57,19,454,False,
121902346,0,0,812,True,
153354246,0,-1,442,False,
153355270,-2,-2,442,False,
98567681,10,29,77,False,The Jellith Dimension - Second Room
193464320,0,0,102,True,
190579712,5,-14,173,True,
171707400,-22,-3,522,True,
190578689,3,-13,173,True,
88607754,0,0,453,True,
210764035,-1,1,957,True,
63963394,-56,18,455,True,
129238017,-3,-3,820,True,
95422464,22,19,32,True,
96997889,-2,-5,491,False,Larva Dungeon - Fourth Room
129371649,0,0,820,True,
88604680,-49,9,453,False,
174588416,7,-72,879,True,
158336512,-12,-62,55,True,
121896962,0,0,812,False,
170655746,-16,-4,465,False,
206833667,38,-42,952,True,
129238529,-2,-3,820,True,
96998923,0,0,491,True,Larva Dungeon - Fifth Room
214434824,-23,39,978,False,
121902342,0,0,812,True,
121903362,0,0,812,True,Combat Room 1
121903366,0,0,812,True,Combat Room 3
210897156,-2,0,957,True,
106698250,20,-12,163,True,
96997899,0,0,491,True,Larva Dungeon - Fourth Room
63963905,-55,19,455,True,
96994827,0,0,491,True,Larva Dungeon - Exit
170655744,-16,4,182,False,
86772227,5,3,465,False,
112985090,-55,-88,786,False,
96996869,-2,-5,491,False,Larva Dungeon - Ninth Room
210766084,3,0,957,True,
86246410,-6,24,181,False,
121903364,0,0,812,True,Combat Room 2
121896960,4,4,812,False,
86771203,3,3,465,False,
86247434,-6,24,181,False,
210764034,-1,2,957,True,
96996875,0,0,491,True,Larva Dungeon - Third Room
214435848,-23,39,978,False,
106698244,25,-8,25,True,
86772225,5,1,465,False,
86377476,0,0,181,True,
72093696,5,33,200,False,
129368577,-6,-3,820,True,
210765057,1,3,957,True,
72090628,2,35,200,False,
106693124,24,-9,161,True,
106694154,21,-11,163,True,
86248456,6,8,315,False,
210767108,0,0,957,True,
129368579,-6,-1,820,True,
214434816,-27,34,977,False,
176162816,12,-77,882,False,Chamber of Tal Kasha - Third Room
209978368,36,-44,953,False,Shogun Tofugawa's Tomb - Second Room
86773251,7,3,465,False,
120062982,1,-29,30,True,
171705858,-25,-9,522,True,
206965760,0,0,952,True,
90440708,2,4,1,False,
187959554,0,0,898,True,Solar's Tower - First Room
205785090,13,21,528,False,Blacksmith Dungeon
214436868,-24,39,978,False,
190580226,6,-12,173,True,
106697226,21,-12,163,True,
190582787,11,-11,173,True,
125045251,1,-54,809,False,
72089602,0,0,200,True,
187959556,0,0,898,True,Solar's Tower - Second Room
209981442,36,-44,953,False,Shogun Tofugawa's Tomb - Fifth Room
181667840,-22,12,888,False,Magik Riktus Big Top - Third Room
185078272,14,13,894,False,Hall of Judgment
96996881,0,0,491,True,Larva Dungeon - Ninth Room II
128975880,0,0,821,True,
214438406,0,0,1036,True,
206832129,35,-44,952,True,
96998927,0,0,491,True,Larva Dungeon
160695296,-1,-39,56,False,
76285959,-51,41,764,True,
156502273,33,5,167,True,
83100162,8,16,7,True,
82315265,12,17,6,True,
207094791,38,-40,955,True,
83232258,0,0,7,True,
83102212,11,15,7,False,
100271104,-35,-9,62,True,
224792331,0,0,1029,True,
224659201,27,-84,1029,True,
76424711,0,0,772,True,
76285450,-52,44,763,True,
76418565,0,0,773,True,
63964425,-54,11,455,True,
76420619,0,0,763,True,
150470658,-10,-11,168,False,Kit's Mine - First Room
230688267,-13,-29,1123,False,C36 - The Possessed II (Duel)
212077568,4,-3,966,False,Ecaflip City (Five-Cat Monte)
230690317,-13,-29,1123,False,C50 - Sylargh (Teams)
131336194,-4,-9,826,True,
230690319,-13,-29,1123,False,C50 - Sylargh (Duel)
230697479,-13,-29,1123,False,C32 - Amber (Duel)
84805381,-3,-27,178,True,
179178250,-20,22,57,False,
230691331,-13,-29,1123,False,C15 - Moon (Duel)
212074496,1,-1,966,False,Ecaflip City (Ecaesars Palace)
150471680,-11,-13,168,False,
206308355,21,-28,951,True,
120064515,4,-32,30,True,
230693383,-13,-29,1123,False,C29 - Xelorium (Duel)
59244544,-58,-83,609,False,
131336200,0,0,826,True,
230693381,-13,-29,1123,False,C29 - Xelorium (Teams)
233050370,0,0,1035,False,
87035392,10,15,516,False,Skeleton Dungeon - Third Room
179178769,0,0,1036,True,
230689283,-13,-29,1123,False,C13 - Sufokia (Duel)
87032322,10,15,516,False,Skeleton Dungeon - Fourth Room
62131720,-63,-75,752,False,Bearbarian Antichamber - Second Room
87035394,10,15,516,False,Skeleton Dungeon - Annexe
230697483,-13,-29,1123,False,C45 - Albuera (Duel)
120193539,-2,-32,30,True,
172623876,0,0,71,True,
230694401,-13,-29,1123,False,C18 - Sidimote II (Teams)
230688261,-13,-29,1123,False,C25 - Kolossium (Teams)
131337224,0,0,826,True,
84805897,0,0,178,True,
155718662,0,0,213,True,Moowolf Lair
112724481,-63,-90,787,True,
84806145,-5,-21,178,True,
172490753,-19,16,71,True,
172493315,-14,18,71,True,
84805632,-4,-22,178,True,
168034312,-24,-27,525,False,
62128642,-63,-75,753,True,
62131724,0,0,752,True,
112722437,-65,-94,787,False,
219546882,-27,33,982,True,
112724483,-62,-90,787,True,
120062468,0,-31,30,True,
179176713,-20,22,57,False,
208668678,0,0,946,True,Damadrya's Bamboo Grove - Third Room
155715584,-23,0,213,False,Moowolf Lair - Third Room
226495234,0,0,1023,True,Forgelance Temple
118228996,0,0,800,True,Dramak's Theatre - Auditorium 3
62130694,-63,-75,753,True,
208670720,26,-30,946,False,Damadrya's Bamboo Grove - Fifth Room
62129672,-63,-75,753,True,
226493185,33,-84,1023,False,Forgelance Temple
226494977,33,-84,1023,False,Forgelance Temple
168034310,-24,-27,525,False,
179176721,0,0,517,True,
219414528,-26,34,977,True,
118230016,21,7,800,False,Dramak's Theatre - Auditorium 4
62130946,-63,-75,753,True,
226494979,33,-84,1023,False,Oath Table
62135816,-63,-75,752,False,Bearbarian Antichamber - Celestial Bearbarian's Chamber
62128640,-63,-75,753,True,
226493188,0,0,1023,True,Forgelance Temple
28050436,-53,18,468,True,
84806915,-6,-25,178,True,
120062980,1,-31,30,True,
175637508,12,-75,881,True,
202901763,0,0,935,True,Vision of the Cania Fields
84806146,-5,-20,178,True,
155977222,-12,-53,69,True,
120062977,1,-34,30,True,
175642626,8,-76,881,True,
155976192,-14,-59,69,True,
175641857,14,-75,881,True,
197266438,0,0,912,True,
175769600,0,0,881,True,
84805889,-4,-23,178,True,
120063492,2,-31,30,True,
175643648,11,-72,881,True,
175642882,8,-78,881,True,
120062981,1,-30,30,True,
175637504,12,-77,881,True,
197133316,-1,-9,912,True,
84805893,-4,-27,178,True,
28185603,0,0,469,True,
155975693,-15,-46,69,True,
175644672,14,-73,881,True,
120195589,0,0,30,True,
175638528,13,-77,881,True,
28049920,-54,15,469,True,
155976708,-13,-55,69,True,
28050946,-52,17,468,True,
175641603,12,-73,881,True,
84806658,-6,-20,178,True,
237773865,0,0,904,False,
84410369,-6,25,23,True,
237771802,0,0,904,False,
237776904,0,0,904,True,
115081729,14,36,797,True,
164102665,-28,-25,525,True,
237909039,0,0,904,True,
237903893,0,0,904,True,
200015873,-5,26,316,True,
237778963,0,0,904,True,
237901843,0,0,904,True,
164102668,-28,-22,525,True,
158859265,-21,-61,59,True,
237775924,0,0,904,False,
237906991,0,0,904,True,
237908026,0,0,904,True,
180879875,-34,44,887,True,
141820675,-14,-43,521,False,
197264386,-3,-10,912,True,
84806405,-5,-27,178,True,
219942922,0,0,1014,True,Archipelago of Destroyers
219938816,0,0,971,True,
190579205,4,-9,173,True,
202901510,-22,-24,935,False,Dimensional Voyagers' Tower
171838978,0,0,522,True,
85985794,-35,-89,758,False,
171704835,-27,-8,522,True,
220071940,0,0,971,True,
219939840,2,0,971,True,
219939331,1,3,971,True,
85985798,0,0,758,True,
141951749,-19,-42,521,False,
141951745,-17,-40,521,False,
147195906,0,0,843,True,
87819777,9,-4,1,False,
87821827,9,0,1,False,
171969554,-21,12,526,True,
171837958,0,0,522,True,
112202243,-59,-89,794,False,
224921602,13,-10,1,False,
112201217,-59,-89,794,False,The Count's Dungeon - Clockmaking Workshop
87821831,11,-5,1,False,
220202242,-32,-59,975,False,
147063808,6,-21,843,True,
190055940,11,-25,335,True,
67109888,10,16,6,False,Rogue Temple
87820803,11,-1,1,False,
190580738,7,-12,173,True,
224921612,0,0,1032,True,
155975690,-15,-49,69,True,
139199490,-1,4,833,True,
112198145,-59,-89,794,False,The Count's Dungeon - Sinistro Hall
205788186,24,-13,537,False,Wa Wabbit's Castle
205788180,-3,-1,958,False,Orukam's Memory
155977227,-12,-48,69,True,
224923654,-21,-18,541,False,Old Rocky Road
23071491,0,0,462,True,
171704833,-27,-10,522,True,
224923907,0,0,1029,True,
72094726,6,36,200,False,
190580229,6,-9,173,True,
72221696,5,32,200,False,
171706376,-24,-3,522,True,
224922624,0,0,963,False,Heimër's Consciousness
224923656,0,0,1032,True,The Legend of Arthodan
108790025,0,0,788,True,
205785100,-17,8,223,False,Koolich Cavern
72090630,2,36,200,False,
150732800,-9,-9,33,False,
182715392,-14,25,890,False,Forfut Manor - Second Room
185076224,14,13,894,True,Citadel Entrance
72095750,7,36,200,False,
224920582,-38,-56,974,True,
108797714,-51,-78,786,True,
72089600,4,32,200,False,
209977350,0,0,953,True,Shogun Tofugawa's Tomb - First Room
165153808,-10,-19,54,True,
182716416,-14,25,890,False,Forfut Manor - Third Room
190581253,8,-9,173,True,
205784070,-4,29,920,False,Draegnerys's Trial
90439938,0,-2,1,False,
224920578,13,-10,1,False,
90441732,4,4,1,False,
90439682,0,2,1,False,
190055430,10,-23,335,True,
209981446,0,0,953,True,Shogun Tofugawa's Tomb - Fifth Room
205784074,-5,-54,811,False,Kanigrula's Cave
205785094,-1,33,154,False,Dragon Pig's Den
108922645,-61,-92,787,True,
90442498,5,-2,1,False,
190580227,6,-11,173,True,
224923650,0,0,963,False,Heimër's Consciousness
108927238,-71,-88,788,True,
90441730,4,2,1,False,
149161984,-6,-15,844,False,Lair of the Rac Queen - Second Room
224921600,37,-84,1026,False,
172098573,-29,7,526,True,
149165056,-6,-15,844,False,Lair of the Rac Queen - Fifth Room
108923148,0,0,787,True,
205788182,-51,9,470,False,Bherb's Gully
108923904,-72,-83,788,True,
149163008,-6,-15,844,False,Lair of the Rac Queen - Third Room
171969555,-21,13,526,True,
165152784,-12,-19,54,True,
149160960,-6,-15,844,False,Lair of the Rac Queen - First Room
205784322,-60,-84,619,False,The Wreck of the Hesperus
108927235,-72,-87,788,True,
205783066,11,28,77,False,The Jellith Dimension
224922632,0,0,1032,True,
165152782,-12,-21,54,True,
205787136,6,3,830,False,Captain Scarlight's Ring
205786142,29,-88,1030,False,Chamber of Evils
108923145,0,0,1036,True,
108923142,0,0,785,True,
108922118,0,0,785,True,
113248773,-61,-68,785,True,
113246721,-58,-75,785,False,
205787146,5,-1,447,False,Kardorim's Crypt
113252865,0,0,785,True,
108927241,-70,-88,788,True,
205785106,3,-9,852,False,Colousses's Meowsoleum
205915136,-7,-43,493,False,Blop Fields - Royal Pippin Blop Room
165282827,-18,-24,54,True,
171966482,-27,12,526,True,
205788188,0,4,968,False,Kabaal Ritual
171835915,-29,0,522,True,
205787156,-6,-15,844,False,Lair of the Rac Queen
171969042,-22,12,526,True,
205916170,-1,22,784,False,Al Howin's Vegetable Patch
205784068,-59,15,460,False,Grotto Hesque
187959296,0,0,898,True,Solar's Tower - Third Room
108924181,-62,-92,787,True,
174854144,11,-70,878,True,
187957514,-31,15,898,False,Solar's Tower - Exit
108006403,-70,-87,788,True,
113247749,-61,-69,785,True,
108790031,0,0,786,True,
190055428,10,-25,335,True,
171969556,-21,14,526,True,
182455300,0,0,1036,True,
205916164,-61,-79,794,False,The Count's Dungeon - Nileza's Balcony
187957518,-31,15,898,False,Solar's Tower - Livid Heart Room
237769769,0,0,904,False,
237896712,0,0,904,True,
84410373,-6,29,23,True,
237776941,0,0,904,True,
189661707,-3,-18,97,True,
174070272,15,-65,876,False,El Piko's Cave - Fifth Room
237911046,0,0,904,True,
142087689,-27,-41,68,True,
237777974,0,0,904,False,
237771830,0,0,904,False,
84412930,-1,26,23,True,
142088207,-26,-35,68,True,
237769754,0,0,904,False,
237772813,0,0,904,False,
237908013,0,0,904,True,
237904956,0,0,904,True,
155975681,-15,-58,69,True,
189268737,16,-26,951,True,Pandala Bridge
101450498,0,0,178,True,
99091977,2,-1,10,False,Amakna Inn
101453570,0,0,178,True,
101453319,-4,-24,178,False,Summer Room
205261570,27,-28,944,True,
99091201,-1,-1,1116,False,
171966995,-26,13,526,True,
107481092,0,0,254,True,Skeunk's Hideout - First Room
205260292,25,-22,944,True,
101451265,-4,-24,178,False,Winter Room
101581833,0,0,178,True,
205784086,1,26,297,False,Scaraleaf Dungeon
205259264,23,-26,944,True,
183239181,-19,-61,59,False,
122421248,-6,-3,232,False,
99092995,11,8,3,False,
190055424,10,-29,335,True,
99094019,11,8,3,False,
171966471,-27,1,526,True,
99090959,7,16,4,False,
174854146,11,-69,878,True,
181665796,0,0,1036,True,
171967502,-25,8,526,True,
171707394,-22,-9,522,True,
165154830,-8,-21,54,True,
163053568,37,-19,850,True,
99096071,9,21,4,False,
99093007,1,0,10,False,
99095053,3,17,4,True,
171704320,-28,-11,522,True,
138150401,6,8,828,False,
183241227,32,-38,952,True,
165153807,-10,-20,54,True,
183239183,-65,29,883,False,Rainikron's Sadness
171966479,-27,9,526,True,
171705350,-26,-5,522,True,
163055104,39,-20,850,True,
58202118,-74,-49,604,False,
183240194,-26,22,891,False,Volcano Mine
183242255,-81,6,907,True,
171835914,-29,-1,522,True,
138150406,0,0,828,True,Tiny Hideout
171704842,-27,-1,522,True,
171969043,-22,13,526,True,
171837952,0,0,522,True,
163055618,38,-20,850,False,Smithmagic Workshop
221250571,0,0,963,True,
95161867,7,11,180,False,
155977226,-12,-49,69,True,
171705863,-25,-4,522,True,
192151552,-2,-18,97,True,
146015490,3,1,837,True,Future Room
171704324,-28,-7,522,True,
118099714,0,0,799,True,
167379462,-32,-14,334,True,
171706885,-23,-6,522,True,
172100619,0,0,526,True,
155975692,-15,-47,69,True,
171968020,-24,14,526,True,
221250564,-6,18,963,False,
172098569,-29,3,526,True,
118098946,0,0,799,True,
172100617,0,0,526,True,
171704331,-28,0,522,True,
171705349,-26,-6,522,True,
190055427,10,-26,335,True,
146014208,3,1,837,True,Museum Hall
101975040,5,3,485,False,
117965570,22,6,799,True,
171704838,-27,-5,522,True,
155976203,-14,-48,69,True,
165154319,-9,-20,54,True,
171966475,-27,5,526,True,
156108800,0,0,69,True,
165155331,-7,-32,54,True,
172100615,0,0,526,True,
190187777,0,0,335,True,
171968007,-24,1,526,True,
171967497,-25,3,526,True,
220725767,0,0,1016,True,Long Slumber's Barrow - Church
172098059,-28,5,526,True,
174852100,9,-68,878,True,
171966996,-26,14,526,True,
118096384,20,8,799,True,
167379978,-33,-10,334,True,
188743687,1,-15,95,True,
116392457,0,0,537,True,Wa Wabbit's Castle
174983168,0,0,1036,True,
116395520,24,-13,537,False,Wa Wabbit's Castle - Fourth Room
155976202,-14,-49,69,True,
182453248,-10,22,803,False,Cursed Araknas Temple - First Room
107479040,-20,10,254,False,Skeunk's Hideout
116392455,0,0,537,True,Wa Wabbit's Castle - First Room
54161720,-56,-56,604,True,
54163764,-60,-52,604,True,
54173522,-79,-82,606,True,
54170401,-73,-33,602,True,
54170402,-73,-34,601,True,
156242432,1,-44,56,True,
54175530,-83,-42,600,True,
54169380,-71,-36,602,True,
156238858,-6,-34,56,True,
126223125,-6,-50,519,True,
54157638,0,0,615,True,
54166824,-66,-40,602,True,
54171441,-75,-49,604,True,
126094100,0,-49,519,True,
54163776,-60,-64,604,True,
54166323,-65,-51,604,True,
117704195,23,19,804,True,Sunktuary - Splash Zone
26216448,19,42,452,True,
96206850,5,6,201,False,Tofu House - Second Room
117708803,23,27,805,True,Sunktuary - Undertow Rooms
117705231,24,25,805,True,Sunktuary - Undertow Rooms
170131464,27,32,868,False,
96207884,0,0,780,True,Royal Tofu House - Third Room
117834763,0,0,1036,True,
170133516,22,34,862,False,
107482112,-20,10,254,False,Skeunk's Hideout - Second Room
165152268,-13,-23,54,True,
165155843,-6,-32,54,True,
117704200,23,18,804,True,Sunktuary - Splash Zone
165154306,-9,-33,54,True,
184687107,-73,-76,893,True,Ilyzaelle's Lookout - Fourth Room
134874112,-6,-12,750,True,Goultarminator - Phoenix
170132484,21,22,860,False,
96207876,5,6,780,False,Royal Tofu House - Basement
165152264,-13,-27,54,True,
165155344,-7,-19,54,True,
199756800,-4,29,920,False,Draegnerys's Trial - Fourth Room
193331714,9,-20,96,True,
184688385,-73,-76,893,False,Ilyzaelle's Lookout - Third Room
199229446,0,0,315,True,
165151744,-14,-35,54,True,
167247881,-31,-11,334,True,
165153281,-11,-34,54,True,
132121091,-13,-44,523,True,
220988934,-2,19,9,True,
199757826,-4,29,920,False,Draegnerys's Trial - Exit
165154307,-9,-32,54,True,
66192641,-36,-89,757,True,
66197762,0,0,757,True,
146800898,-13,-29,750,True,Hall of 1001 Claws
165155336,-7,-27,54,True,
212341764,0,0,983,False,
167383050,0,0,334,True,
119018498,0,0,1036,True,
77335045,0,0,750,True,
220987905,-4,14,9,True,
212341774,0,0,983,False,
212338692,0,0,983,False,
175903232,7,-70,880,False,Wurmlord's Passage - Exit
220988419,-3,16,9,True,
165154832,-8,-19,54,True,
146804736,0,0,750,True,
119015430,4,-22,98,False,
212338698,0,0,983,False,
212337666,0,0,983,False,
212337674,0,0,983,False,
165155338,-7,-25,54,True,
212337672,0,0,983,False,
141035522,-6,-12,750,False,Goultarminator - Arena B IX
175901188,0,0,880,True,Wurmlord's Passage - Fourth Room
212342798,0,0,983,False,
212336650,0,0,983,False,
212336660,0,0,983,False,
212338708,0,0,983,False,
188744196,2,-18,95,True,
141033472,-6,-12,750,False,Goultarminator - Arena B I
212336658,0,0,983,False,
212338702,0,0,983,False,
212337670,0,0,983,False,
220990980,0,0,9,True,
167379465,-32,-11,334,True,
212340750,0,0,983,False,
212341770,0,0,983,False,
175901184,7,-70,880,False,Wurmlord's Passage - Fourth Room
201065985,-32,31,924,True,
212336654,0,0,983,False,
212340742,0,0,983,False,
167248392,-30,-12,334,True,
212336648,0,0,983,False,
212339716,0,0,983,False,
193200131,10,-19,96,True,
165153537,-11,-36,84,True,Trool Fair Entrance
201066496,-31,30,924,True,
220988931,-2,16,9,True,
132122627,-10,-44,523,True,
212337678,0,0,983,False,
165154308,-9,-31,54,True,
66062596,-30,-92,320,True,
165153280,-11,-35,54,True,
201068803,0,0,922,True,Cursed One's Nightmare
193331715,9,-19,96,True,
193201156,12,-18,96,True,
66063617,-28,-89,320,True,
220987395,-5,16,9,True,
165152780,-12,-23,54,True,
66061572,-32,-92,320,True,
165154831,-8,-20,54,True,
132121604,-12,-43,523,True,
193201154,12,-20,96,True,
220987399,-5,20,9,True,
193200642,11,-20,96,True,
165153794,-10,-33,54,True,
165150730,-16,-25,54,True,
149424132,0,0,781,True,Soft Oak Clearing - Second Room
66197504,0,0,757,True,
165151755,-14,-24,54,True,
132123139,-9,-44,523,True,
165154823,-8,-28,54,True,
221119494,-7,19,9,True,
220988933,-2,18,9,True,
132122625,-10,-46,523,True,
149425152,-14,-13,781,False,Soft Oak Clearing - Third Room
165153026,-12,-37,54,True,
188745217,4,-21,95,True,
193200134,10,-16,96,True,
221118979,-6,16,9,True,
66193923,-39,-85,757,True,
171966990,-26,8,526,True,
205259779,24,-23,944,True,
205787164,4,0,932,False,Judgement of the Scales
101453313,-4,-24,178,False,Summer Room
205916180,7,-70,880,False,Wurmlord's Passage
174983172,0,0,1036,True,
205785092,-3,-7,243,False,Crackler's Rocky Peaks
182454276,0,0,803,True,Cursed Araknas Temple - Second Room
107484164,0,0,254,True,Skeunk's Hideout - Fourth Room
180356612,-10,33,889,True,
162269188,4,4,750,False,
66063106,-29,-90,320,True,
164364305,-20,-19,525,True,
122160645,1,-20,95,False,Lhambadda Manor
66062851,-29,-85,320,True,
182191111,0,0,494,True,Temple of the Great Ougaa - Eighth Room
122160641,1,-20,95,False,Lhambadda Manor
201069568,12,-67,922,True,Cursed One's Nightmare
188752387,0,0,95,True,
209192705,22,-33,945,True,
209191683,20,-35,945,True,
201591042,4,-2,926,True,
122159623,1,-20,95,False,Lhambadda Manor
170395656,-13,-29,750,True,(old) Old Arena C15
162271236,8,4,750,False,
182323201,-9,29,494,False,Temple of the Great Ougaa - Fifth Room
201589763,2,0,926,True,
180355584,-12,29,889,True,
66192900,-37,-84,757,True,
66061316,-32,-84,320,True,
164496395,-22,-25,525,True,
164364294,-20,-30,525,True,
25427968,-49,9,453,False,
182190081,-9,29,494,False,Temple of the Great Ougaa - Seventh Room
182326279,0,0,494,True,Temple of the Great Ougaa - Second Room
201589249,1,1,926,True,
164496400,-22,-20,525,True,
188746246,6,-16,95,True,
180357120,-9,29,889,True,
21498886,0,0,459,True,Kimbo's Canopy - Fourth Room
182322179,-9,29,494,False,Temple of the Great Ougaa - Sixth Room II
164495882,-21,-26,525,True,
164365313,-18,-35,525,True,
188746757,7,-17,95,True,
21497858,-54,16,459,False,Kimbo's Canopy - Fifth Room
139992581,-12,-38,84,False,
180486660,-14,33,889,True,
66193408,-38,-88,757,True,
201721859,0,0,926,True,
201592065,4,-3,926,False,
235537153,10,3,1043,True,
66062340,-30,-84,320,True,
204211459,0,0,935,True,Seabed
139992583,-9,-40,84,False,Seer's Tent
180355077,-13,34,889,True,
139993607,-10,-41,84,False,Tofu Smasher Game Tent
164496406,-22,-14,525,True,
201590793,0,0,1036,True,
121636870,5,9,813,True,
204210180,-2,-25,97,True,Astrub Forest (Past)
235537921,9,4,1043,True,Windy Point - Circle of Strife
164495879,-21,-29,525,True,
238302210,10,14,1129,True,
14423303,0,0,76,True,
180356096,-11,29,889,True,
121634822,3,8,813,True,
188484104,10,-19,96,False,Dyna Mine
14418177,-16,-20,76,True,
164495884,-21,-24,525,True,
188483080,10,-19,96,False,
139993605,-12,-39,84,False,Gift Wrapping Station
238302208,10,15,1129,True,Eternal Gardens Sanctuary - Ephedra's Court
179572736,-68,30,884,False,Count Razof's Camp - Fifth Room
238297364,15,8,1130,True,Eternal Gardens Sanctuary - Castle Top
75762691,-55,38,768,True,
75763202,-54,37,768,True,
121635846,4,9,813,True,
188485126,10,-19,96,False,
180356608,-10,29,889,True,
14419207,-15,-23,76,True,
238302466,10,13,1129,True,Eternal Gardens Sanctuary - Ephedra's Court
14421249,-13,-20,76,True,
180486658,-14,31,889,True,
66062594,-30,-90,320,True,
179571712,-68,30,884,False,Count Razof's Camp - Fourth Room
121635842,0,4,813,True,
66191872,-35,-88,757,True,
188487690,0,0,96,True,Dyna Mine
66062081,-31,-89,320,True,
188482056,10,-19,96,False,
121766912,6,13,4,False,
66193156,-37,-92,758,True,
75766281,0,0,768,True,
75768329,0,0,770,True,
238302465,10,14,1129,True,Eternal Gardens Sanctuary - Ephedra's Court
121637890,3,4,813,True,
164495887,-21,-21,525,True,
188484100,3,-17,99,False,Astrub Mine
180488708,0,0,889,True,
14551301,-19,-23,76,True,Imp Village Gate
14419203,-15,-21,76,True,
75768327,0,0,770,True,
75765253,0,0,767,True,
164364290,-20,-34,525,True,
68422145,12,-6,1,True,
131858948,-8,-5,822,False,
215744514,-22,33,980,False,
160957440,2,0,856,True,
185993220,0,0,480,True,
153889026,0,0,778,True,
68419591,7,0,485,True,
75498496,-18,-3,231,True,
172230670,-28,43,886,True,
75498246,-19,-9,231,True,
149684228,0,0,1036,True,
68422150,12,-1,1,True,
215744780,-22,33,980,False,
210633218,-2,-3,956,True,
172233728,-22,29,280,True,
99615233,25,-9,161,True,
83889164,0,0,1118,True,
88082194,4,5,482,True,
88082195,4,4,482,True,
144577538,0,0,838,True,
165413890,4,-21,859,False,Crumbling Volcano
164364809,-19,-27,525,True,
199491590,0,0,919,True,Kharnotaurus's Lair - First Room
88081154,2,21,22,True,
33827328,-4,20,9,False,
176820481,-16,17,71,False,
33819648,-2,-6,29,False,
144573440,2,-4,838,True,
164365330,-18,-18,525,True,
88085773,11,10,481,True,
176817163,0,0,1036,True,
144573442,2,-3,838,True,
150994944,-6,-12,750,False,
88089872,0,0,179,True,
222569484,0,0,1020,False,
222566410,-13,-29,1020,False,
169609220,0,0,870,True,Dantinea's Palace - Third Room
222570506,0,0,1020,False,
88212244,0,3,10,True,
144704512,4,1,837,True,
222569490,0,0,1020,False,
88212242,0,5,482,True,
88080385,1,24,170,True,
222565388,-13,-29,1020,False,
222565386,-13,-29,1020,False,
222563330,-16,1,859,False,
222565384,-13,-29,1020,False,
144839682,0,0,837,True,
144707846,7,-2,837,True,
200281600,0,0,901,True,Osamodas's Jungle
164364811,-19,-25,525,True,
88082183,4,16,4,True,
144835586,2,2,837,True,
164364821,-19,-15,525,True,
88084739,9,20,4,True,
88084225,8,22,490,True,
88217873,0,0,10,True,
222566400,1,-2,10,False,
88085251,10,20,4,True,
164495889,-21,-19,525,True,
144706560,6,1,837,True,
144839684,0,0,837,True,
88089874,0,0,179,True,
88212480,-1,23,170,True,
78643200,-57,5,465,True,
88082199,4,0,10,True,
88212235,0,12,5,True,
88083715,7,20,4,True,
78643713,-56,6,465,True,
88082695,5,16,4,True,
88080898,2,25,170,True,
88081173,2,2,10,True,
88084240,8,7,3,True,
88211974,0,29,170,True,
88213270,-2,1,10,True,
164498954,0,0,525,True,
164364819,-19,-17,525,True,
169612288,19,26,870,False,Dantinea's Palace - Exit
164495888,-21,-20,525,True,
88217601,0,0,22,True,
78643715,-56,8,465,True,
88080662,1,1,10,True,
169610240,19,26,870,False,Dantinea's Palace - Fourth Room
88216862,-9,-7,3,True,
164364822,-19,-14,525,True,
78644738,-54,7,465,True,
88082196,4,3,10,True,
88081679,3,8,5,True,
88086281,12,14,103,True,
88080904,2,31,170,True,
88218895,0,0,1021,True,
88084997,10,28,12,True,
88081170,2,5,482,True,
88212769,0,0,10,True,
88088322,16,21,103,True,
196608000,-3,-8,912,False,Doctor Theo Broma's Workshop
54169895,-72,-39,601,True,
54169896,-72,-40,601,True,
54165302,-63,-54,615,True,
232000770,0,0,1036,True,
54177574,-87,-38,602,True,
156237825,-8,-43,56,True,
126092547,-3,-32,178,True,
54167850,-68,-42,602,True,
54161724,-56,-60,604,True,
54163772,-60,-60,615,True,
173277699,14,-57,874,True,
71303174,0,0,945,False,
54166832,-66,-48,604,True,
54175008,0,0,600,True,
236717056,12,2,1046,False,The Ripper's Altar - Ritual Room
54173517,-79,-77,606,True,
54167892,-68,-84,610,True,
126093082,-2,-55,809,True,
196609030,-2,-5,911,False,Chocolate Mystery
54164795,-62,-59,615,True,
126092564,-3,-49,519,True,
156242438,1,-38,56,True,
71304192,0,0,941,False,
54164793,-62,-57,615,True,
54166839,-66,-55,615,True,
196609026,-3,-9,912,False,Chocomancer Prison
126223128,-6,-53,519,True,
54161727,-56,-63,604,True,
54170954,-74,-74,603,True,
54173482,-79,-42,601,True,
54170965,-74,-85,610,True,
169084930,24,27,860,True,
54178080,0,0,600,True,
232002560,0,0,464,True,
54167861,-68,-53,615,True,
54164281,-61,-57,615,True,
54162249,-57,-73,609,True,
54176553,-85,-41,600,True,
156240389,-3,-39,56,True,
54162228,-57,-52,604,True,
54171424,-75,-32,601,True,
54164283,-61,-59,615,True,
124126721,0,0,1036,True,
54167848,-68,-40,602,True,
54168405,-69,-85,610,True,
126092061,-4,-58,519,True,
71304196,0,0,944,False,
54170399,-73,-31,602,True,
54160699,-54,-59,604,True,
54176548,-85,-36,602,True,
54173997,-80,-45,601,True,
54153513,0,0,651,True,
201852416,3,0,927,True,
54169379,-71,-35,602,True,
54175532,-83,-44,601,True,
54169910,-72,-54,604,True,
54168876,-70,-44,602,True,
54173993,-80,-41,601,True,
126223641,-7,-54,519,True,
147590145,-17,-55,70,True,
54163254,-59,-54,604,True,
156237835,-8,-33,56,True,
126226192,0,0,809,True,
54167361,-67,-65,608,True,
189793795,6,-28,98,True,
126093062,-2,-35,178,True,
54162252,-57,-76,609,True,
147588616,-20,-48,70,True,
54160680,-54,-40,651,True,
169084942,24,33,862,True,
54154574,0,0,609,True,
54155598,0,0,609,True,
54162754,-58,-66,604,True,
54168390,-69,-70,608,True,
54161214,-55,-62,604,True,
54173484,-79,-44,601,True,
173278208,15,-60,872,True,
54169384,-71,-40,602,True,
54172455,-77,-39,601,True,
54177579,-87,-43,602,True,
54172461,-77,-45,601,True,
147587076,-23,-52,70,True,
54171473,-75,-81,606,True,
156238338,-7,-42,56,True,
54177061,-86,-37,602,True,
206179842,0,0,943,True,
201327874,2,0,928,False,
54174027,-80,-75,606,True,
54163771,-60,-59,615,True,
64753664,-4,-7,755,False,The Kwakwa's Nest - Fifth Room
54173478,-79,-38,600,True,
161222914,3,-9,855,True,
169083904,23,26,860,True,
54171475,-75,-83,606,True,
54167340,-67,-44,602,True,
54167882,-68,-74,611,True,
54161228,-55,-76,609,True,
161218568,-1,-4,855,True,
231997442,0,0,451,True,
204998407,0,0,941,True,
173411331,0,0,1036,True,
173277696,14,-60,872,True,
54170928,-74,-48,602,True,
201853188,0,0,927,True,
54166319,-65,-47,604,True,
54161210,-55,-58,604,True,
54166836,-66,-52,615,True,
90704641,15,24,32,True,
54177066,-86,-42,602,True,
64749568,-4,-7,755,False,The Kwakwa's Nest - First Room
54170913,-74,-33,601,True,
54170919,-74,-39,601,True,
126093086,-2,-59,519,True,
54172974,-78,-46,601,True,
126094108,0,-57,809,True,
173277184,13,-60,872,True,
54167872,-68,-64,608,True,
161224201,0,0,858,True,
54166869,-66,-85,610,True,
54163780,-60,-68,608,True,
64751620,0,0,755,True,The Kwakwa's Nest - Third Room
54169892,-72,-36,602,True,
156238346,-7,-34,56,True,
147588099,-21,-53,70,True,
54170932,-74,-52,604,True,
134666,-7,10,31,True,
126093081,-2,-54,809,True,
54166335,-65,-63,604,True,
54162768,-58,-80,609,True,
54170929,-74,-49,604,True,
126095643,3,-56,519,True,
126223134,-6,-59,519,True,
126096154,4,-55,519,True,
126092568,-3,-53,519,True,
54172971,-78,-43,601,True,
54160195,-53,-67,604,True,
54173006,-78,-78,606,True,
54162753,-58,-65,604,True,
54153554,0,0,608,True,
54163762,-60,-50,604,True,
54163768,-60,-56,615,True,
54169395,-71,-51,615,True,
109053440,-64,-93,787,True,
142087690,-27,-40,68,True,
168821766,20,29,864,True,
89391106,-53,20,463,False,Tynril Lab - Third Room
147852809,-7,-6,169,True,
20975364,-50,13,469,True,
145228295,1,6,836,True,
173020167,-20,23,57,True,
109062144,0,0,787,True,
214958081,40,-53,967,True,
145229315,3,6,836,False,
168821772,20,32,865,True,
109053443,-64,-92,787,True,
215091970,0,0,1036,True,
76288004,-47,38,766,True,
89392130,-53,20,463,False,Tynril Lab - Fifth Room
89394178,-53,20,463,False,Tynril Lab - Fourth Room
59773958,10,6,603,False,
173935362,15,-65,873,False,
173019141,-22,21,57,True,
173018118,-24,22,57,True,
173801472,0,0,1036,True,
173938693,0,0,874,True,Sandloon
59774464,11,0,603,False,
173938434,13,-62,873,False,
76415496,-56,42,764,True,
212992512,-29,33,982,True,
173018627,-23,19,57,True,
130155011,-22,-24,525,False,Dimensional Voyagers' Tower - Portal Room
173935106,12,-65,873,False,
168822790,21,29,864,True,
215091712,0,0,1036,True,
20975873,-49,16,469,True,
215089664,39,-54,967,True,
59768838,0,6,603,False,
59902470,-81,-73,603,False,
20975363,-50,14,469,True,
59768840,0,8,603,False,
173019654,-21,22,57,True,
59769862,2,6,603,False,
212994048,0,0,982,True,
130023939,-22,-24,525,False,Dimensional Voyagers' Tower - Generator Room
59902472,-81,-73,603,False,
173017600,-25,16,57,True,
214963200,42,-59,969,True,
59775492,13,4,603,False,
21103105,-58,18,469,True,
173016068,-28,20,57,True,
132910080,-10,-44,818,False,Cross Strich's Aviary - Fourth Room
202637312,4,0,930,False,Tree of Death - First Room
225972998,0,0,1026,True,
17048578,-1,-4,10,False,Enutrof Temple
5244422,-59,15,460,False,Grotto Hesque - Exit
20971523,-57,20,469,True,
212992517,-29,38,982,True,
215089921,39,-55,967,True,
100140546,-30,-7,62,True,
132909060,0,0,818,True,Cross Strich's Aviary - Third Room
212860930,-28,35,982,True,
20975108,-50,21,469,True,
225970691,34,-83,1023,False,Forgelance Archives
214962434,43,-58,969,False,Pandamonium Inn
202641412,0,0,930,True,Tree of Death
168822784,21,26,863,True,
76286467,-50,37,766,True,
82313986,9,14,6,True,
224658177,26,-84,1029,True,
202641408,4,0,930,False,Tree of Death - Fifth Room
225969665,37,-77,1024,False,
20975619,-49,20,469,True,
225972995,36,-77,1024,False,
20975875,-49,14,469,True,
212862724,0,0,977,True,
212864257,-22,32,980,True,
202637316,0,0,930,True,Tree of Death - First Room
20974082,-52,19,469,True,
225971971,38,-78,1024,False,The Meadery Basement
225969667,34,-83,1023,False,Forgelance Archives
76286471,-50,41,766,True,
168953860,0,0,863,True,
82314497,10,15,6,True,
76422667,0,0,765,True,
100141313,-29,-10,334,True,
82314240,10,16,6,True,
20974081,-52,18,469,True,
158468096,0,0,55,True,
57154305,-72,-83,620,False,The Obsidemon's Hypogeum - Fifth Room
156500996,31,10,166,True,
212862464,-25,33,977,True,
212864001,-22,34,980,True,
212864006,-22,39,978,True,
212861445,-27,38,982,True,
63964673,-53,21,455,True,
76287494,-48,40,766,True,
20971524,-57,21,469,True,
57151233,-72,-83,620,False,The Obsidemon's Hypogeum - Third Room
156499970,29,8,165,True,
63966466,-50,18,455,True,
20975874,-49,15,469,True,
82446342,0,0,6,True,
76285445,-52,39,765,True,
82313729,9,17,6,True,
100140289,-31,-10,62,True,
76286984,-49,42,763,True,
224789507,23,-81,1029,True,
76284938,-53,44,763,True,
212992513,-29,34,982,True,
212860928,-28,33,982,True,
190710786,0,0,173,True,
57279745,-72,-83,620,False,The Obsidemon's Hypogeum - P.A.N.T.S Antichamber
212993026,-30,35,982,True,
76287496,-48,42,763,True,
76285446,-52,40,764,True,
147856389,0,0,1036,True,
76285186,-53,32,774,False,Vulkorog
158335488,-14,-62,55,True,
76284416,-54,34,774,True,Vulkorog
76286475,-50,45,762,True,Sun Beach
212865030,-20,39,978,True,
76286985,-49,43,762,True,
82313217,8,17,6,True,
143395329,7,-7,841,False,Well of Souls
212992515,-29,36,982,True,
212864008,-22,41,978,True,
156636419,0,0,165,True,
143394305,7,-7,841,False,Eye of Vortex - Exit
63964931,-53,17,472,True,
82315264,12,16,6,True,
63963397,-56,15,455,True,
100139008,-33,-9,62,True,
76286981,-49,39,766,True,
57279495,0,0,620,True,The Obsidemon's Hypogeum - P.A.N.T.S. Antichamber
82313985,9,15,6,True,
57155841,-72,-83,620,False,The Obsidemon's Hypogeum - Sixth Room
190581248,8,-14,173,True,
76421639,0,0,764,True,
76285962,-51,44,763,True,
143396353,7,-7,841,False,Well of Souls
224658179,26,-85,1029,True,
76284422,-54,40,764,True,Billabone Cemetery
156501504,32,6,165,True,
100140801,-30,-10,62,True,
224788994,24,-82,1029,True,
88083462,7,29,12,True,
238297361,15,8,1130,True,
88087306,14,13,103,True,
66194178,-39,-90,758,True,
66197766,0,0,757,True,
66193668,-38,-92,758,True,
75768323,0,0,770,True,
164498956,0,0,525,True,
14423041,0,0,76,True,
75765249,0,0,767,True,
101193728,-1,22,784,False,Al Howin's Vegetable Patch - Cursed Vegetable Patch
83888140,1,-15,1118,False,
164364804,-19,-32,525,True,
238296328,16,15,1130,True,Eternal Gardens Sanctuary - Castle Corridor
235406081,12,3,1043,True,
238299393,19,16,1128,True,Eternal Gardens Sanctuary - Belladonna's Reserve (Draughtboards)
88082951,6,30,12,True,
73404428,-8,13,234,True,
88081686,3,1,10,True,
88080663,1,0,10,True,
171442691,-16,38,61,True,
88085511,11,30,12,True,
88086290,12,5,179,True,
171447812,0,0,61,True,
73403401,-10,10,234,True,
88217878,0,0,485,True,
88081672,3,15,4,True,
88087811,15,20,103,True,
88212246,0,1,10,True,
73402374,-12,7,235,True,
171443717,-14,40,61,True,
88082181,4,18,4,True,
88082437,5,28,170,True,
171445250,-11,37,61,True,
88085250,10,21,4,True,
216929799,0,0,1036,True,
88082710,5,1,10,True,
216925697,-26,35,985,True,
73532674,-18,-1,182,True,
171446272,-9,35,61,True,
73404427,-8,12,234,True,
73539077,0,0,235,True,
88080659,1,4,482,True,
216795141,-22,36,985,True,Heart of the Sewers
216794629,-23,36,985,True,
171444742,-12,41,61,True,
73534721,-22,0,235,True,
190841348,-2,-10,102,True,
216925706,-26,38,985,True,
216926727,-27,37,985,True,
190841349,-2,-9,102,True,
30671877,1,32,779,False,
73533446,-20,7,235,True,
216795658,5,10,985,True,
73534210,-21,-1,235,True,
216795654,-21,37,985,True,
73400835,-15,4,182,True,
239080718,3,2,1131,True,
73538305,0,0,234,True,
73400834,-15,3,182,True,
190842368,0,-14,102,True,
30671116,0,33,11,False,
73533697,-20,0,182,True,Paddock 3 – Apprentice Paddock
216794630,-23,37,985,True,
73534722,-22,-1,235,True,
73533185,-19,0,182,True,Paddock 2 – Novice Paddock
239086849,0,0,1133,True,
239085832,0,0,1132,True,
73402890,-11,11,234,True,
137890050,8,7,828,False,
30672387,1,32,779,False,
234619392,5,14,1040,True,
30672643,1,32,779,False,
30670855,1,32,11,False,
137887744,10,4,827,False,
190840836,-3,-10,102,True,
73533448,-20,9,235,True,
239077382,0,0,1134,True,
190842885,1,-9,102,True,
73403913,-9,10,234,True,
73401856,-13,1,182,True,
73533443,-20,4,235,True,
73401346,-14,3,182,True,
239081223,4,7,1132,True,
73401860,-13,5,182,True,
234620929,8,15,1040,True,
73402887,-11,8,234,True,
73402369,-12,2,235,True,
30671113,0,33,11,False,
73401090,-15,-1,182,True,
73534209,-21,0,235,True,
190841346,-2,-12,102,True,
190841858,-1,-12,102,True,
190841860,-1,-10,102,True,
73402881,-11,2,234,True,
30671879,1,32,11,False,
137890818,6,-2,829,False,
239086856,0,0,1132,True,
239089933,0,0,1131,True,
73533698,-20,-1,235,True,
73533186,-19,-1,235,True,
190840835,-3,-11,102,True,
22282246,0,0,474,True,Hold of Otomai's Ark - First Room
73539073,0,0,235,True,
73532929,-19,2,182,True,Paddock 5 – Veteran Paddock
190843140,0,0,102,True,
73532416,-18,1,182,True,
127140356,-13,-29,750,False,Ten Year Tournament - 2D
73537029,0,0,182,True,
73401347,-14,4,182,True,
239080717,3,3,1131,True,
54789632,3,0,600,False,
156763139,32,14,93,True,
189925381,0,0,98,True,
54792207,-81,-40,600,False,
158977,-54,-1,453,True,
157705,-52,9,454,True,
183505928,0,0,892,True,
54791692,7,12,600,False,
54788106,0,10,600,False,
183501834,-70,-77,892,True,
54792714,9,10,600,False,
198447104,-81,-17,917,True,
158213,-53,5,465,True,
189792265,3,-22,98,True,
54789135,-81,-41,600,False,Lisa Kaya's Tavern
156898818,0,0,93,True,
209324291,0,0,945,True,
182322185,0,0,494,True,Temple of the Great Ougaa - Sixth Room II
162267138,0,2,750,False,
201592067,4,-3,926,False,
162268164,2,4,750,False,
66061059,-33,-91,757,True,
162272260,10,4,750,False,
66192129,-35,-89,758,True,
164496917,-23,-15,525,True,
66192384,-36,-88,757,True,
66191877,-35,-83,757,True,
122159617,1,-20,95,False,Lhambadda Manor
170394630,-13,-29,750,True,B10 - Goultarminator
162272256,10,0,750,False,
164364301,-20,-23,525,True,
162270210,6,2,750,False,
204210183,0,0,97,True,Astrub Forest (Past)
21499910,0,0,459,True,Kimbo's Canopy - Fifth Room
182322183,0,0,494,True,Temple of the Great Ougaa - Sixth Room
66061317,-32,-83,320,True,
180486656,-14,29,889,True,
164365333,-18,-15,525,True,
204213248,0,0,940,False,Centre of the World
188745735,5,-15,95,True,
180357121,-9,30,889,True,
66192133,-35,-93,758,True,
14420227,-14,-21,76,True,
182327297,-9,29,494,False,Temple of the Great Ougaa - First Room
66192642,-36,-90,758,True,
164364309,-20,-15,525,True,
235536896,10,4,1043,True,
66062850,-29,-86,320,True,
66193412,-38,-84,757,True,
164496398,-22,-22,525,True,
180357124,-9,33,889,True,
66191873,-35,-87,757,True,
204213255,0,0,1036,True,
188614144,0,0,1036,True,
204213252,0,0,935,False,Centre of the World
238293250,21,8,1126,True,Eternal Gardens Sanctuary - Monochrome Text (Ruler)
139993611,-12,-39,84,False,Tunnel of Love
201591809,4,-3,926,False,
180486659,-14,32,889,True,
201590530,3,-2,926,True,
121769992,0,0,813,True,
201592577,4,-3,926,False,
238295817,15,14,1130,True,Eternal Gardens Sanctuary - Castle Corridor
139992585,-12,-40,84,False,
121634818,1,4,813,True,
101187584,-1,22,784,False,Al Howin's Vegetable Patch - Entrance
66062336,-30,-88,320,True,
179568644,0,0,884,True,Count Razof's Camp - First Room
66062595,-30,-91,320,True,
188483082,10,-19,96,False,Dyna Mine
14419211,-16,-24,76,True,
139996171,0,0,84,True,"Blop Memory" Game Cave
204215298,2,-34,82,False,Black Bow Meow Temple
180355072,-13,29,889,True,
75763203,-54,38,768,True,
121634816,3,1,813,True,
66196738,0,0,758,True,
164364806,-19,-30,525,True,
188483076,2,-18,99,False,Astrub Mine
188482060,10,-19,96,False,
75761161,-51,40,769,True,
75760135,-53,38,769,True,
188484106,10,-19,96,False,Dyna Mine
188483084,10,-19,96,False,
88212762,-1,-3,10,True,
238294016,22,9,1126,True,Eternal Gardens Sanctuary - Monochrome Text (Candle)
188614152,0,0,1036,True,
164365331,-18,-17,525,True,
66192899,-37,-85,757,True,
121636868,2,6,813,True,
179571716,0,0,884,True,Count Razof's Camp - Fourth Room
164496394,-22,-26,525,True,
238299394,19,15,1128,True,Eternal Gardens Sanctuary - Belladonna's Reserve
238297090,11,20,1127,True,
188482063,0,0,96,True,
101189636,0,0,784,True,Al Howin's Vegetable Patch - Witch's Lair
235405573,13,1,1043,True,Pariah Promontory
75762177,-56,36,768,True,
238295818,15,13,1130,True,Eternal Gardens Sanctuary - Castle Corridor
235536897,10,5,1043,True,
238295316,17,9,1130,True,Eternal Gardens Sanctuary - Castle Dungeon
188482058,10,-19,96,False,
179570692,0,0,884,True,Count Razof's Camp - Third Room
164498960,0,0,525,True,
238296833,10,20,1127,True,Eternal Gardens Sanctuary - Protectors' Field
121635844,1,6,813,True,
188614146,0,0,1036,True,
14423301,0,0,76,True,
238299648,20,17,1128,True,Eternal Gardens Sanctuary - Belladonna's Reserve (Draughtboards)
75760130,-51,40,767,True,
121637888,0,3,813,True,
238303489,12,14,1129,True,Eternal Gardens Sanctuary - Ephedra's Court
75761159,-51,38,769,True,
66060803,-33,-85,757,True,
180355075,-13,32,889,True,
179572740,0,0,1036,True,
238295300,23,7,1126,True,Eternal Gardens Sanctuary - Monochrome Text (Ring)
75760649,-52,40,769,True,
238297346,11,19,1127,True,Eternal Gardens Sanctuary - Protectors' Field
164364802,-19,-34,525,True,
66061058,-33,-90,757,True,
238296325,15,17,1130,True,Eternal Gardens Sanctuary - Entrance
121634820,1,5,813,True,
14550279,-19,-24,76,True,Imp Village (Second Platform)
75763208,-48,42,770,True,
121767936,5,13,4,False,
66193410,-38,-86,757,True,
54168881,-70,-49,615,True,
54167857,-68,-49,604,True,
54170421,-73,-53,604,True,
54164277,-61,-53,615,True,
54175015,-82,-39,600,True,
54176044,-84,-44,601,True,
54164789,-62,-53,615,True,
54162236,-57,-60,604,True,
54176554,-85,-42,600,True,
54174510,-81,-46,601,True,
126091540,-5,-49,519,True,
54174509,-81,-45,601,True,
156241925,0,-39,56,True,
54167356,-67,-60,604,True,
126092035,-4,-32,178,True,
54172496,-77,-80,606,True,
202115586,4,-2,925,True,
207225346,35,-45,955,True,
63965443,-52,17,472,True,
83102210,10,14,7,True,
83101190,10,14,7,False,
76286470,-50,40,766,True,
156500485,30,11,166,True,
100273152,0,0,62,True,
76283907,-55,37,765,True,
76283906,-55,36,765,True,Tarada Bay
190582274,10,-12,173,True,
140511489,-82,-59,834,True,
163842050,-13,34,59,True,Leorictus's Crypt
76284423,-54,41,764,True,Billabone Cemetery
63965958,-51,14,455,True,
76285954,-51,36,765,True,
179308546,-63,30,883,True,
202114054,3,0,925,True,
179440128,0,0,883,True,
147852035,-9,-18,169,True,
63964424,-54,12,455,True,
225182726,0,0,1028,True,Bitter-Hammers' Stronghold - Second Room
219284738,-37,-61,976,False,
202244608,2,-3,925,True,
140516611,0,0,834,True,
230438411,-13,-29,1123,False,B53 - Gargandyas (Duel)
141299712,-6,-12,750,False,C4 - Goultarminator
154272513,36,-3,848,True,
230426127,-13,-29,1123,False,B48 - Sidekicks (Duel)
147853059,-7,-18,169,True,
147849216,-14,-15,168,True,
158336002,-13,-60,55,True,
205654020,0,0,942,True,
190318594,7,-24,306,False,Famished Sunflower's Barn - Exit
190711810,0,0,173,True,
158336000,-13,-62,55,True,
202117642,0,0,925,True,Inside of the Figurehead
147980801,-15,-14,33,True,
230426119,-13,-29,1123,False,B25 - Kolossium (Duel)
147860481,0,0,1036,True,
125043201,1,-54,809,False,
225181696,32,-64,1028,False,Bitter-Hammers' Stronghold - First Room
141296642,-6,-12,750,False,Goultarminator - Arena C VIII
147849221,-14,-10,169,True,
202117640,0,0,925,True,Inside of the Figurehead
156500737,30,5,167,True,
179306499,-67,31,883,True,
147854593,-4,-16,169,True,
210765572,2,0,957,True,
63310337,-20,14,275,True,
63965448,-52,12,455,True,
230431237,-13,-29,1123,False,B29 - Xelorium (Teams)
202117632,0,0,925,True,
210764036,-1,0,957,True,
63965960,-51,12,455,True,
190579713,5,-13,173,True,
230426121,-13,-29,1123,False,B36 - The Possessed II (Teams)
190317574,0,0,306,True,Famished Sunflower's Barn - Fourth Room
195035136,-62,-70,903,False,King Dazahk's Brewery - First Room
147850240,-12,-15,168,True,
179307009,-66,29,883,True,
210765574,2,-2,957,True,
63308800,-17,13,275,True,
230435339,-13,-29,1123,False,B45 - Albuera (Duel)
84935177,-12,8,235,False,
156500995,31,9,166,True,
230428169,-13,-29,1123,False,B38 - Wukin (Teams)
98567693,0,0,77,True,The Jellith Dimension - Fourth Room
112989186,0,0,786,True,
210897154,-2,2,957,True,
156501510,32,12,166,True,
190582272,10,-14,173,True,
153358340,0,-3,448,False,
210766086,3,-2,957,True,
230428163,-13,-29,1123,False,B14 - Aerdala (Duel)
205522437,27,-30,942,True,
205520902,24,-29,942,True,
84935171,1,3,182,False,
63313154,0,0,275,True,
63964939,-53,9,455,True,
230430215,-13,-29,1123,False,B28 - Ecaflip City (Duel)
84937219,5,3,182,False,
63309313,-18,14,275,True,
230432261,-13,-29,1123,False,
174588929,8,-71,879,True,
179308033,-64,29,883,True,
153486336,0,0,1036,True,
95421440,16,23,32,True,
179306500,-67,32,883,True,
187438080,-48,-82,899,False,Bethel's Tower - Exit
230425097,-13,-29,1123,False,B35 - The Possessed I (Teams)
84935173,1,5,182,False,
205521415,25,-28,942,True,
171837960,0,0,522,True,
63312898,0,0,275,True,
197920774,0,0,917,True,
63963911,-55,13,455,True,
230425099,-13,-29,1123,False,B35 - The Possessed I (Duel)
84937217,5,1,182,False,
84938243,7,3,182,False,
153355264,2,-4,445,False,
190316544,7,-24,306,False,Famished Sunflower's Barn - Third Room
230433289,-13,-29,1123,False,B43 - Ereboria (Teams)
230427145,-13,-29,1123,False,B37 - The Possessed III (Teams)
63309314,-18,15,275,True,
206311430,0,0,1036,True,
179308034,-64,30,883,True,
230425105,-13,-29,1123,False,B54 - Chaos Clock (Teams)
84938241,7,1,182,False,
84936197,3,5,182,False,
67633152,-35,-84,757,False,
63963910,-55,14,455,True,
156634117,0,0,166,True,
70778880,1,-8,2,True,
84939265,9,1,182,False,
197918724,-84,-15,917,True,
63177218,-14,15,275,True,
63310593,-20,12,275,True,
187440128,-48,-82,899,False,Bethel's Tower - Livid Heart Room
95422468,13,26,32,True,
148638211,16,33,32,False,Eliotrope Temple
230429187,-13,-29,1123,False,B15 - Moon (Duel)
187432960,-48,-82,899,False,Bethel's Tower - First Room
84939271,-18,8,235,False,
63964426,-54,10,455,True,
190449670,0,0,306,True,Famished Sunflower's Barn - First Room
206307842,20,-29,951,True,
84935169,1,1,182,False,
63963649,-55,21,455,True,
230425089,-13,-29,1123,False,B11 - Cracklers (Teams)
67634176,-35,-84,757,False,
230438409,-13,-29,1123,False,B53 - Gargandyas (Teams)
156500481,30,7,165,True,
187433984,-48,-82,899,False,Bethel's Tower - Second Room
174588161,6,-73,879,True,
230431239,-13,-29,1123,False,B29 - Xelorium (Duel)
190319622,0,0,306,True,Famished Sunflower's Barn
230429191,-13,-29,1123,False,B24 - Dragon Pig II (Duel)
98567685,11,28,77,False,The Jellith Dimension - Royal Mint Jelly
158468100,0,0,55,True,
197921026,-80,-12,917,False,The Red Death's Lair
148636161,15,32,32,False,Eliotrope Temple
156500998,31,12,166,True,
109576711,-59,-74,790,True,Nileza's Laboratory - First Room
156240899,-2,-41,56,True,
169082882,22,27,860,True,
206176771,16,-34,943,True,
54173480,-79,-40,600,True,
116654593,28,-12,538,False,Wa Wabbit's Warren - First Room
54168871,-70,-39,602,True,
205129985,0,0,941,True,
173278210,15,-58,872,True,
54175021,-82,-45,601,True,
54170412,-73,-44,602,True,
201851142,0,0,927,True,Abandoned Cave
161355782,0,0,855,True,
169216016,0,0,862,True,
161221632,2,-8,855,True,
147587587,-22,-53,70,True,
206176774,16,-31,943,True,
126093064,-2,-37,178,True,
156239874,-4,-42,56,True,
126223637,-7,-50,519,True,
147589642,-18,-46,70,True,
156239875,-4,-41,56,True,
90705155,16,22,32,True,
64754688,-4,-7,755,False,The Kwakwa's Nest - Exit
64752644,0,0,755,True,The Kwakwa's Nest - Fourth Room
174328320,19,-61,875,False,Mastodon Cemetery - Third Room
129764354,-7,-4,822,True,
230032384,0,6,482,False,Sidekick Inn
126225162,0,0,519,True,
103548416,3,-17,95,False,Kerub's Shop
161218564,-1,-6,855,True,
103547394,3,-17,95,False,The Discocat
161355784,0,0,855,True,
174330368,19,-61,875,False,Mastodon Cemetery - Final Room
201852420,3,4,927,True,
130548736,-2,-3,824,False,Drhossil's Caves - Nugget Room
223085062,33,-69,1027,True,
201326593,0,1,928,True,
115609095,31,-14,798,True,
156241413,-1,-39,56,True,
189794313,7,-22,98,True,
239616029,4,-3,1109,False,
116654599,0,0,538,True,Wa Wabbit's Warren - First Room
173278212,15,-56,874,True,
173277186,13,-58,872,True,
204997383,0,0,941,True,
159650818,-23,-63,43,True,
223216131,32,-70,1027,True,
175374336,2,3,815,False,
223085077,33,-62,1027,True,
204998660,21,-19,941,True,
239608852,-5,-54,1086,False,
161358084,-9,-10,855,True,
90705412,17,29,32,True,
187303426,8,8,828,False,Headquarters of the Toxine Gang
201851394,1,2,927,True,
147589128,-19,-48,70,True,
130941699,0,0,169,True,
240128003,0,0,1121,True,
239601169,-15,14,1071,False,
223086086,34,-69,1027,True,
223085073,33,-64,1027,True,
90703362,13,27,32,True,
240651264,0,0,1125,True,
214695940,-24,39,978,False,
163583488,-13,-41,702,False,Haunted House - Exit
90701824,10,25,32,True,
239611914,0,0,10,False,
201852930,4,2,927,True,
223085075,33,-63,1027,True,
239602717,-62,-70,1106,False,
239600129,5,6,1051,False,
223216147,32,-63,1027,True,
223086097,34,-64,1027,True,
214695944,-26,36,977,False,
206177283,15,-34,943,True,
147588609,-20,-55,70,True,
239601178,24,27,1096,False,
223086337,34,-72,1027,True,
163582464,-13,-41,702,False,Haunted House - Fifth Room
214696962,-27,33,982,False,Atolmond Inn
187171330,8,8,828,False,Headquarters of the Toxine Gang
175375360,-39,-11,210,False,Labyrinth of Souls
239602689,2,-34,1052,False,
163582468,0,0,702,True,Haunted House
214697224,-29,37,1113,True,
239616023,-85,-59,1093,False,
239601156,-2,25,1055,False,
204998146,20,-21,941,True,
116655617,28,-12,538,False,Wa Wabbit's Warren - Second Room
223219203,0,0,1027,True,
201458946,0,0,928,True,
214696970,-29,38,982,False,
147587589,-22,-51,70,True,
223219207,0,0,1027,True,
208931846,0,0,948,True,Tanukouï San's Workshop - Fourth Room
239605277,4,-3,1108,False,
204999425,22,-24,941,True,
240124168,19,54,1120,True,
223216134,32,-69,1027,True,
111149315,-61,-80,795,True,
163579396,0,0,702,True,Haunted House - Second Room
171183873,-11,-14,168,False,
208930822,0,0,948,True,Tanukouï San's Workshop - Third Room
214697984,-22,34,980,False,
147590665,-16,-47,70,True,
214696200,-29,37,1113,True,
233316360,0,0,1122,True,43 - Ereboria (Teams)
223216129,32,-71,1027,True,
90703617,13,24,32,True,
147590153,-17,-47,70,True,
239605255,-5,10,1061,False,
233311246,0,0,885,True,50 - Sylargh (Duel)
214697988,-24,39,978,False,
147588098,-21,-54,70,True,
223085066,33,-67,1027,True,
239603738,27,26,1098,False,
223217171,31,-63,1027,True,
239610897,-15,14,1072,False,
208928768,26,-24,948,False,Tanukouï San's Workshop - First Room
147587080,-23,-48,70,True,
239608861,6,13,1110,False,
239613466,27,26,1099,False,
240125955,19,54,1120,True,
204998403,20,-26,941,True,
206045188,17,-33,943,True,
111282950,-61,-81,795,True,
239605258,10,15,1065,False,
214699268,-29,37,1113,False,
214696196,-29,37,1113,False,Function Room
239603722,-23,0,1064,False,
147588107,-21,-45,70,True,
206045697,18,-36,943,True,
90705410,17,27,32,True,
208931840,26,-24,948,False,Tanukouï San's Workshop - Fourth Room
208929798,0,0,948,True,Tanukouï San's Workshop - Second Room
111150345,-57,-81,795,True,
186779142,0,0,897,True,
90707714,21,23,32,True,
223217169,31,-64,1027,True,
90704384,15,25,32,True,
204998658,21,-21,941,True,
239610900,-70,-81,1080,False,
111149062,-67,-75,616,True,
239606282,10,15,1065,False,
90702850,12,27,32,True,
233314308,0,0,1122,True,29 - Xelorium (Teams)
223218195,30,-63,1027,False,
111149056,-63,-78,616,True,
171180034,-72,-83,620,False,
239610909,-31,15,1105,False,
239605268,22,30,1084,False,
239619601,-63,-86,1078,False,
239608833,13,21,1054,False,
208929792,26,-24,948,False,Tanukouï San's Workshop - Second Room
111149059,-64,-77,616,True,
239607815,-3,-7,1062,False,
239606295,-85,-59,1092,False,
152576,-42,0,451,True,
198180866,-6,26,314,True,
209193220,23,-36,945,True,
91750913,19,25,32,False,
209191171,19,-35,945,True,
201588739,1,0,926,False,
201198592,0,0,924,True,
66060800,-33,-88,757,True,
132125187,0,0,523,True,
132125185,0,0,523,True,
91751949,9,26,32,False,
66192387,-36,-85,757,True,
213910536,-34,-58,976,False,
198181890,-4,26,314,True,
91889157,23,23,1117,False,Activity Room
91753987,24,12,1048,False,
198184962,0,0,314,True,
88212249,0,-2,10,True,
73401349,-14,6,235,True,
88086803,13,4,27,True,
171447814,0,0,61,True,
73403138,-11,-1,235,True,
88081669,3,18,4,True,
88082705,5,6,3,True,
88084752,9,7,3,True,
88083217,6,6,3,True,
73403399,-10,8,234,True,
88213261,-2,10,480,True,
88080654,1,9,5,True,
171442689,-16,36,61,True,
73400578,-16,-1,182,True,
88084487,9,30,12,True,
88218889,0,0,1021,True,
216924684,-25,39,985,True,Pesthouse
88216858,-9,-3,3,True,
73538051,0,0,234,True,
88082185,4,14,4,True,
171444738,-12,37,61,True,
73404941,-7,14,234,True,
216793601,-24,34,985,True,
88086795,13,12,103,True,
73531908,-17,5,182,True,
73534466,-22,3,235,True,
171446273,-9,36,61,True,
190842882,1,-12,102,True,
216926723,-27,35,985,True,
190841861,-1,-9,102,True,
234620676,7,10,1040,True,
66588160,-32,-89,321,False,Kwismas Dungeon - Fourth Room
30672658,1,32,11,False,
30670848,0,33,11,False,
239080966,8,11,1134,True,
234621188,8,10,1040,True,
73533955,-21,4,235,True,
73534467,-22,4,235,True,
216795653,-21,36,985,True,
190842881,1,-13,102,True,
30671110,0,33,11,False,
73533440,-20,1,182,True,
190843397,2,-9,102,True,
30670853,1,32,779,False,
216794632,-23,38,985,True,
30672652,1,32,11,False,
137888768,3,2,827,False,
73402373,-12,6,235,True,
73534468,-22,5,235,True,
30803968,0,0,11,True,
73401344,-14,1,182,True,
30671881,1,32,11,False,
30672384,1,32,779,False,
239081217,3,11,1133,True,
190841344,-2,-14,102,True,
73539329,0,0,235,True,
239080970,12,13,1135,True,
30672655,1,32,11,False,
73400323,-16,4,182,True,
73401857,-13,2,182,True,
239085837,0,0,1131,True,
73532675,-18,-2,235,True,
239089669,0,0,1134,True,
30672901,1,32,779,False,
239079430,5,11,1134,True,
239080200,2,6,1132,True,
73533441,-20,2,182,True,Paddock 4 – Initiate Paddock
190840834,-3,-12,102,True,
137887746,4,0,829,False,
190840833,-3,-13,102,True,
137888002,5,7,828,False,
190840832,-3,-14,102,True,
234621185,8,13,1040,True,
73538053,0,0,234,True,
73403914,-9,11,234,True,
73533960,-21,9,235,True,
190842883,1,-11,102,True,
73405453,-6,14,234,True,
73402372,-12,5,235,True,
137889794,8,-1,829,False,
73404429,-8,14,234,True,
239080453,7,10,1134,True,
190842884,1,-10,102,True,
190841857,-1,-13,102,True,
239080459,11,14,1135,True,
22284296,0,0,474,True,Hold of Otomai's Ark - Fifth Room
73400579,-16,-2,235,True,
73532930,-19,3,235,True,
73537281,0,0,182,True,
22282240,-55,-4,474,False,Hold of Otomai's Ark - First Room
73533445,-20,6,235,True,
127140362,-13,-29,750,False,Ten Year Tournament - 2J
73532422,-18,7,235,True,
64489474,-9,21,230,True,
73532928,-19,1,182,True,
165155337,-7,-26,54,True,
114295301,-32,-8,62,False,
160564224,-9,-22,854,False,Catseye Challenge - Game Room
117704202,22,19,804,True,Sunktuary - Splash Zone
95163907,11,3,180,False,
117708815,24,32,806,True,Sunktuary - Abyss Rooms
117705219,23,20,804,True,Sunktuary - Splash Zone
95158789,1,5,180,False,
114297345,-32,-8,62,False,
220726785,-3,19,1016,False,Long Slumber's Barrow - Dragon's Crypt
167379464,-32,-12,334,True,
160433154,0,0,1036,True,
193334279,0,0,96,True,
95160835,5,3,180,False,
232654595,0,0,481,True,
117706762,21,30,806,True,Sunktuary - Abyss Rooms
96338956,0,0,780,True,Royal Tofu House - First Room
66198786,0,0,320,True,
170132480,23,31,861,False,
193201157,12,-17,96,True,
232653571,0,0,490,True,
199232770,-4,25,315,True,
165155844,-6,-31,54,True,
96206858,0,0,201,True,Tofu House - First Room
199231488,-4,25,315,True,
170132482,23,31,861,False,
134743040,-6,-12,750,True,Goultarminator - Paddock
132122629,-10,-42,523,True,
165151245,-15,-22,54,True,
165282320,-17,-19,54,True,
170131462,26,26,866,False,
96208908,0,0,780,True,Royal Tofu House - Basement
170135044,0,0,860,True,
77334017,0,0,750,True,
188746759,7,-15,95,True,
119016448,6,8,5,False,
199231494,0,0,315,True,
146800640,-13,-29,750,True,Phoenix
199229440,-5,25,315,True,
93849858,0,0,34,True,
119014404,8,-22,98,False,
77335041,0,0,750,True,
193200647,11,-15,96,True,
220989957,0,18,9,True,
184688131,-73,-76,893,True,Ilyzaelle's Lookout - Third Room
146803972,0,0,750,True,
199232512,-4,25,315,True,
119014400,8,7,3,False,
212342800,0,0,983,False,
176030212,0,0,880,True,Wurmlord's Passage - First Room
220989443,-1,16,9,True,
146806020,0,0,750,True,
146805764,0,0,750,True,
220987398,-5,19,9,True,
212338706,0,0,983,False,
119014406,6,-27,98,False,
77336065,0,0,750,True,
193331717,9,-17,96,True,
165150735,-16,-20,54,True,
167379457,-32,-19,334,True,
212336646,0,0,983,False,
146801664,-13,-29,750,True,Throne of Stone
212336640,0,0,983,False,
188744194,2,-20,95,True,
165151232,-15,-35,54,True,
165152260,-13,-31,54,True,
132123140,-9,-43,523,True,
220987908,-4,17,9,True,
193332230,8,-16,96,True,
175902208,7,-70,880,False,Wurmlord's Passage - Fifth Room
165154305,-9,-34,54,True,
167381001,-35,-11,334,True,
66060801,-33,-87,757,True,
201068548,12,-65,922,True,Cursed One's Nightmare
220989445,-1,18,9,True,
201066503,-28,-37,922,True,Silouate's Nightmare
66062593,-30,-89,320,True,
188743685,1,-17,95,True,
193334273,0,0,96,True,
175900160,7,-70,880,False,Wurmlord's Passage - Third Room
66060805,-33,-83,757,True,
188746758,7,-16,95,True,
165154824,-8,-27,54,True,
193200130,10,-20,96,True,
220990982,0,0,9,True,
132122116,-11,-43,523,True,
165282830,-18,-21,54,True,
165152271,-13,-20,54,True,
201064450,-35,32,924,True,
132125189,0,0,523,True,
193331716,9,-18,96,True,
193332227,8,-19,96,True,
66060804,-33,-84,757,True,
201065984,-32,30,924,True,
220987393,-5,14,9,True,
220987397,-5,18,9,True,
66198528,0,0,320,True,
193334277,0,0,96,True,
165155334,-7,-29,54,True,
221118982,-6,19,9,True,
193331713,9,-21,96,True,
91751947,6,26,32,False,
149427204,0,0,781,True,Soft Oak Clearing
221118981,-6,18,9,True,Blairouiche Cottage
193200643,11,-19,96,True,
91889153,23,23,1117,False,
220992002,0,0,9,True,
201064453,-5,9,922,True,Valdi's Nightmare
193332225,8,-21,96,True,
220989446,-1,19,9,True,
201065474,-33,32,924,True,
132125191,0,0,523,True,
198182400,-3,24,314,True,
209191685,20,-37,945,True,
91753993,10,25,32,False,
193334281,0,0,96,True,
165282832,-18,-19,54,True,
209192706,22,-34,945,True,
201067014,-27,-38,922,True,Silouate's Nightmare
220987906,-4,15,9,True,Burning Bush
91752963,23,12,1048,False,
132123137,-9,-46,523,True,
165155845,-6,-30,54,True,
91753997,11,24,32,False,
198181889,-4,25,314,True,
220987394,-5,15,9,True,
201064452,-5,8,922,True,Valdi's Nightmare
165150734,-16,-21,54,True,
91755523,0,0,1048,True,
66194433,-40,-87,757,True,
188745223,4,-15,95,True,
91752967,22,14,1048,False,
220987909,-4,18,9,True,
198181891,-4,27,314,True,
91751951,22,23,32,False,
132121601,-12,-46,523,True,
91750927,22,23,32,False,
220988424,-3,21,9,True,
188745730,5,-20,95,True,
220987912,-4,21,9,True,
132121090,-13,-45,523,True,
198182913,-2,25,314,True,
66061057,-33,-89,757,True,
172360195,-33,32,280,True,
227280900,32,-65,1027,False,
164104722,-24,-16,525,True,
25691650,-54,15,472,True,
113508865,-13,-29,750,False,Ten Year Tournament - 1A
101714447,3,-7,181,True,
25690116,-52,16,472,True,
215222274,41,-56,967,False,Prison of the Possessed
113508871,-13,-29,750,True,Ten Year Tournament - 1G
127926796,-5,-48,518,True,
139463689,-15,-36,521,True,
158073856,33,3,167,True,
223870982,0,0,1030,True,Chamber of Evils - First Room
164233737,-30,-25,525,True,
113508874,-13,-29,750,True,Ten Year Tournament - 1J
24118283,-53,17,464,True,
104861443,0,0,8,True,
223873030,0,0,1030,True,Chamber of Evils - Third Room
56364032,-60,-84,619,False,The Wreck of the Hesperus - Fourth Room
166990848,-7,-43,493,False,Blop Fields - Fifth Room
208406528,14,-32,949,False,Fouxwork Factory - Third Room
99614725,24,-5,161,True,
142088197,-26,-45,68,True,
172235267,-19,32,280,True,
99750657,0,0,162,True,
24118279,-53,17,464,True,
208406534,0,0,949,True,Fouxwork Factory - Third Room
164103172,-27,-30,525,True,
126619648,-7,-59,59,False,
203164672,4,-3,933,False,Shackles of Tyranny - Fourth Room
147850241,-12,-14,168,True,
75498757,-18,-8,231,True,
76811776,-47,44,762,False,
87556102,0,6,469,False,
172360201,-33,38,280,True,
227281154,36,-70,1031,False,
227285252,0,0,1031,True,
237906952,0,0,904,True,
209454080,40,-45,955,False,
87556104,0,8,469,False,
237902906,0,0,904,True,
164103173,-27,-29,525,True,
189532417,2,-30,97,True,
104992265,0,0,276,True,
104862209,-4,3,276,False,
87557128,2,8,469,False,
24117770,-54,16,464,True,
227284994,0,0,1027,True,
104859139,-6,5,8,False,
152830976,5,-1,447,False,Kardorim's Crypt - Second Room
207619074,23,-29,951,False,
97260043,-3,9,1034,True,Tirith Mine
203165696,4,-3,933,False,Shackles of Tyranny - Fifth Room
127930380,2,-48,518,True,
234094592,-13,-29,1037,True,
209453056,39,-40,955,False,Sepulchral Forge
99615746,26,-8,161,True,
223870976,29,-88,1030,False,Chamber of Evils - First Room
56363008,-60,-84,619,False,The Wreck of the Hesperus - Third Room
209459720,0,0,963,True,Bakeneko Moon
234094852,0,0,1037,True,
76811778,-47,39,766,False,
97261065,-3,9,1034,True,Tirith Mine
76809728,-49,44,762,True,
172229121,-31,30,280,True,
189532160,2,-29,97,True,
99615234,25,-8,161,True,
222298369,0,20,1017,True,
204476418,0,0,939,False,Eliocalypse Storm - Exit
127927820,-3,-48,518,True,
223872006,0,0,1030,True,Chamber of Evils - Second Room
207621124,19,-31,951,False,Stubbyob Inn
152834052,0,0,447,True,Kardorim's Crypt
147853570,-6,-17,33,True,
209453060,19,-31,951,False,Stubbyob Inn
209455106,36,-43,952,False,Cemetery Inn
204475392,6,-19,939,False,Eliocalypse Storm - Temple of the Twelve
172229123,-31,32,280,True,
157287429,0,0,847,True,Moon's Tree - Second Room
152836096,4,-1,447,False,Snoowolf's Tomb
209458184,10,8,955,False,
97259025,-2,-5,29,False,Korussant Mine
209455116,4,12,955,False,
207623178,10,10,942,False,Spirit Clearing
97257987,5,19,29,True,Diggum Mine
152830980,0,0,447,True,Kardorim's Crypt - Second Room
207750666,0,0,1036,True,
99614723,24,-7,161,True,
207622148,21,-27,951,False,Pandala Library
172360202,-33,39,886,True,
97257985,4,28,29,False,
38535168,14,18,103,False,
97260047,-2,-5,29,False,Korussant Mine
209456130,33,-43,952,False,
56364292,0,0,619,True,The Wreck of the Hesperus - Fourth Room
97256965,10,11,29,True,
152829952,5,-1,447,False,Kardorim's Crypt - First Room
97261061,-3,9,1034,True,Tirith Mine
97260057,-3,-4,29,True,
128057871,-7,-45,518,True,
186392064,0,0,897,True,
157288448,29,6,847,False,Moon's Tree - Third Room
207620096,19,-29,951,False,
99746308,23,-6,161,True,
207620355,0,0,951,True,
209458188,10,12,955,False,
209453068,0,12,955,False,
157286405,0,0,847,True,Moon's Tree - First Room
209585668,0,0,963,True,Astral Clearing
207619080,21,-33,945,False,Receptacle Cave
38536194,14,20,103,True,
128058889,-9,-51,518,True,
234094594,-13,-29,1037,False,
207628547,0,0,1114,True,
157288453,0,0,847,True,Moon's Tree - Third Room
38667268,0,0,103,True,
97261059,5,19,29,True,Diggum Mine
97389057,0,0,1034,True,
157290501,0,0,847,True,Moon's Tree
38535170,15,18,103,False,
172229132,-31,41,886,True,
207621132,25,-22,944,True,Ikiki Mine
97261069,-2,4,29,True,Kamana Mine
164102658,-28,-32,525,True,
222300420,0,0,1017,True,
172228611,-32,32,280,True,
128057860,-7,-56,518,True,
157289477,0,0,847,True,Moon's Tree - Fourth Room
97258003,0,-3,29,True,Shoon Mine
97255937,4,28,29,True,
128058372,-8,-56,518,True,
172232705,-24,30,280,True,
234095620,-13,-29,1037,False,
128059395,-10,-57,518,True,
99614980,24,-14,164,True,
164233732,-30,-30,525,True,
97261063,-3,9,1034,True,Tirith Mine
207621126,22,-27,951,False,
152833028,0,0,447,True,Kardorim's Crypt - Fourth Room
234095618,-13,-29,1037,False,
97256989,10,21,4,False,
99616515,27,-13,162,True,
97255947,-3,9,1034,True,Tirith Mine
97255941,10,11,29,False,
97256969,-3,9,1034,True,Tirith Mine
237769782,0,0,904,False,
128059917,-11,-47,518,True,
97256977,-2,-5,29,False,Korussant Mine
97261085,10,-24,96,False,
172235269,-19,34,280,True,
128058890,-9,-50,518,True,
97388057,0,0,96,True,
172235787,-18,40,280,True,
234096644,-13,-29,1037,False,
147852805,-7,-10,169,True,
97262083,5,19,29,True,
128057857,-7,-59,518,True,
97255951,-2,-5,29,False,Korussant Mine
234097666,-13,-29,1037,False,
152836100,0,0,1036,True,
139593223,0,0,521,True,
97260059,-1,-4,29,False,
166986752,-7,-43,493,False,Blop Fields - First Room
99750659,0,0,162,True,
97261057,5,19,29,True,Diggum Mine
97259027,0,-3,29,True,Shoon Mine
127928333,-2,-47,518,True,
97261067,-3,9,1034,True,Tirith Mine
97260039,-3,9,1034,True,Tirith Mine
97258007,-3,-4,29,True,
172230159,-29,44,886,True,
164233733,-30,-29,525,True,
97255945,-3,9,1034,True,Tirith Mine
207618054,18,-34,943,False,Paper Workshop
147852800,-7,-15,33,True,
135680,-9,0,232,True,
135179,-8,11,31,True,
134916,-7,-4,232,True,
215876608,-22,33,980,False,
131862020,-8,-5,822,False,
131859972,-8,-5,822,False,
160957953,3,1,856,True,
121374216,0,0,82,True,Royal Gobball's Court
68420099,8,-4,1,True,
75499266,-17,-5,231,True,
156682,-50,10,453,True,
215744778,-22,33,980,False,
68556034,0,0,1,True,
160271,-57,15,454,True,
68421126,10,-1,1,True,
131858954,0,0,821,True,
160958466,4,2,856,True,
139461122,-20,-43,521,True,
185862658,-1,-7,2,True,
99746821,22,-5,161,True,
160956416,0,0,856,True,
153890050,0,0,445,True,
210633731,-3,-2,956,True,
128058893,-9,-47,518,True,
127928844,-1,-48,518,True,
197397504,-1,-7,914,False,The Crunchery - Fourth Room
149685248,-9,-14,175,False,Ancestral Domain - Second Room
75499779,-16,-6,231,True,
72617988,-2,34,11,True,
75501826,-12,-5,231,True,
216269570,-31,-55,1011,True,
210503176,1,-1,956,True,
75498760,-18,-11,231,True,
75499780,-16,-7,231,True,
154010372,-1,-4,20663,True,
216274188,0,0,1011,True,
127927823,-3,-45,518,True,
153881601,5,0,449,True,
210635270,-5,9,1036,True,
101844501,0,0,180,True,
215223555,0,0,963,True,
75498242,-19,-5,231,True,
216401666,-33,-55,1011,True,
123212800,6,13,814,False,Shadow's Pyramid - Fifth Room
172235786,-18,39,280,True,
139462660,-17,-41,521,True,
173539329,13,-64,873,True,
216270594,-30,-55,1011,True,
75500290,-15,-5,231,True,
153879809,2,-1,443,True,Incarnam - Phoenix Rock
181405700,-11,31,495,True,
75499781,-16,-8,231,True,
101713413,3,-14,99,False,
99615748,26,-6,161,True,
216400644,-32,-56,1011,True,
172231169,-27,30,280,True,
25690624,-55,15,472,True,
208404480,14,-32,949,False,Fouxwork Factory - First Room
172361728,0,0,1036,True,
208408582,0,0,949,True,Fouxwork Factory - Fifth Room
185992200,0,0,1036,True,
127927310,-4,-46,518,True,
128059397,-10,-55,518,True,
121374209,2,-34,82,False,Royal Gobball's Court - Second Room
25691654,-54,17,472,True,
128059398,-10,-54,518,True,
101716495,5,-8,181,True,
153887744,0,0,449,True,
181404676,-12,31,495,True,
75497731,-20,-6,231,True,
101716503,7,-5,181,True,
25691144,-52,16,472,True,
101717525,7,-7,181,True,
164233743,-30,-19,525,True,
172362752,0,0,1036,True,
139463688,-15,-37,521,True,
101714445,3,-9,181,True,
101715461,4,-13,100,False,
208408578,14,-32,949,False,
101716501,6,-6,181,True,
140774400,-85,-59,835,False,Belly of the Whale - Third Room
101715469,5,-9,181,True,
121373192,0,0,82,True,Royal Gobball's Court - Fourth Room
25690115,-52,15,472,True,
23330816,-56,25,467,False,
101715479,6,-4,181,True,
140773376,-85,-59,835,False,Belly of the Whale - Annex Room
24118791,-52,17,464,True,
101716489,6,-12,100,False,
223874054,0,0,1030,True,Chamber of Evils - Fourth Room
25690112,-54,15,472,True,
75501056,-13,-3,231,True,
153884932,0,0,442,True,
101844487,0,0,100,True,
128059394,-10,-58,518,True,
25693701,-54,17,472,True,
101844493,0,0,99,True,
164103182,-27,-20,525,True,
128058380,-8,-48,518,True,
172231681,-26,30,280,True,
128059910,-11,-54,518,True,
101715467,4,-10,181,True,
158082564,0,0,167,True,
172233747,0,0,886,True,
25691652,-54,16,472,True,
25692160,-52,15,472,True,
97389061,0,0,1034,True,
99615238,25,-4,161,True,
75500032,-15,-3,231,True,
101713415,2,-13,100,False,
75499777,-16,-4,231,True,
75498756,-18,-7,231,True,
72621058,0,0,11,True,
97388041,0,0,29,True,
164103184,-27,-18,525,True,
127928847,-1,-45,518,True,
158082562,0,0,167,True,
142086671,-29,-35,68,True,
101715481,5,-3,181,True,
139461123,-20,-42,521,True,
158082560,0,0,167,True,
75500802,-14,-5,231,True,
101844485,0,0,100,True,
101713429,6,-5,180,False,
101844489,0,0,100,True,
215221250,38,-52,967,False,
127928846,-1,-46,518,True,
101713411,2,-15,99,False,
172360711,-34,36,280,True,
113510410,-13,-29,750,True,Ten Year Tournament - 1K
158077186,33,3,167,False,
235929600,11,3,1043,False,
172360705,-34,30,280,True,
113511946,-13,-29,750,True,Ten Year Tournament - 1L
127926287,-6,-45,518,True,
25693697,-54,17,472,True,
97258005,-3,-4,29,True,
223875074,29,-88,1030,False,Chamber of Evils - Exit
158078976,33,3,167,True,
25694209,-53,17,472,True,
147981317,-16,-10,169,True,
97256987,-1,-4,29,False,
172232205,-25,42,886,True,
66060547,-34,-91,758,True,
66193409,-38,-87,757,True,
88083205,6,18,4,True,
164364296,-20,-28,525,True,
83888138,1,-15,1118,False,Merchants' Room
66192898,-37,-86,757,True,
75763209,-48,43,770,True,
196345859,-4,-4,910,True,
88082435,5,26,490,True,
66061571,-32,-91,320,True,
75761153,-49,39,767,True,
14420231,-14,-23,76,True,
88080647,1,16,22,True,
235405313,11,5,1043,True,
144837636,0,3,837,True,
164364813,-19,-23,54,True,
176820229,-16,17,71,False,
88082192,4,7,482,True,
165413888,4,-21,859,False,Ether Tower
88083717,7,18,4,True,
222562314,-25,33,977,False,
164364292,-20,-32,525,True,
164364297,-20,-27,525,True,
165412866,4,-21,859,False,Uzyun Isle
199495680,-3,25,919,False,Kharnotaurus's Lair - Fifth Room
222561286,4,-32,859,False,
144442628,4,-6,838,True,
88083731,7,4,3,True,
169610244,0,0,870,True,Dantinea's Palace - Fourth Room
88215047,-6,30,170,True,
176818181,-16,17,71,False,
176817155,-18,16,71,False,
88212481,-1,24,170,True,
88213265,-2,6,480,True,
222563328,-54,16,859,False,
88212747,-1,12,480,True,
222570510,0,0,1020,False,
88081168,2,7,482,True,
164365825,-17,-35,525,True,
78643201,-57,6,465,True,
88080660,1,3,10,True,
164364310,-20,-14,525,True,
144704772,4,-1,837,True,
200280064,0,0,901,True,Osamodas's Jungle
88081926,4,29,170,True,
237240579,0,0,1039,True,
222560268,0,0,750,False,
88218893,0,0,1021,True,
88085764,11,19,103,True,
88212745,-1,14,22,True,
164364812,-19,-24,54,True,
88090890,0,0,5,True,
88080673,0,0,10,True,
88217871,0,0,10,True,
88085262,10,9,481,True,
169611264,19,26,870,False,Dantinea's Palace - Final Room
88087813,15,18,103,True,
169607172,0,0,870,True,Dantinea's Palace - First Room
88212245,0,2,10,True,
88081925,4,28,170,True,
88219409,0,0,482,True,
164365316,-18,-32,525,True,
88083212,6,11,5,True,
88083716,7,19,4,True,
88080386,1,25,170,True,
164364808,-19,-28,525,True,
88084755,9,4,3,True,
88081678,3,9,5,True,
88086790,13,17,103,True,
88082696,5,15,4,True,
88087814,15,17,103,True,
88218881,0,0,103,True,
88213268,-2,3,480,True,
88087810,15,21,103,True,
88081178,2,-3,479,True,
88215045,-6,28,170,True,
88215297,-6,22,170,True,
88216856,-9,-1,3,True,
88081929,4,32,170,True,
88217875,0,0,10,True,
88082689,5,22,490,True,
88213777,-3,6,480,True,
200279040,0,0,922,True,Oyukipoca's Nightmare
88216847,0,0,482,True,
88218631,0,0,103,True,
200279299,0,0,922,True,Oyukipoca's Nightmare
88083730,7,5,3,True,
88090892,0,0,5,True,
88082711,5,0,10,True,
88083207,6,16,4,True,
88081155,2,20,22,True,
88211975,0,30,170,True,
88083974,8,29,12,True,
88083461,7,28,490,True,
88217603,0,0,22,True,
173539844,14,-61,873,True,
106434566,0,0,913,True,Waddict Foundry
145099780,0,8,836,True,
155665,-48,17,454,True,
133431298,-1,-42,56,True,
159650317,-24,-52,43,True,
189793285,5,-26,98,True,
150212612,-4,-12,169,True,
60035079,-76,-66,605,True,
135684,-9,4,233,True,
110100488,-52,-87,791,True,Sylargh's Carrier - Fourth Room
135270145,8,6,828,True,
153879300,1,-4,445,True,
161485062,-10,-20,857,True,
104599049,0,0,284,True,Bwork Dungeon - Solitary Confinement
203426822,0,0,932,True,Judgement of the Scales - Fourth Room
158861315,-17,-59,59,True,
237764627,0,0,904,True,
237764629,0,0,904,True,
237896710,0,0,904,True,
237767688,0,0,904,True,
237767680,0,0,904,False,
237901882,0,0,904,True,
237773830,0,0,904,True,
139723778,-12,-40,84,True,Wheel of Gobbtune
237775900,0,0,904,False,
237788743,0,0,904,True,
84411911,-3,31,23,True,
237768736,0,0,904,True,
142090766,-21,-36,68,True,
237910050,0,0,904,True,
237776911,0,0,904,False,
237767738,0,0,904,True,
237896762,0,0,904,True,
237766697,0,0,904,False,
158861317,-17,-57,59,True,
158860803,-18,-59,59,True,
237901858,0,0,904,True,
237767721,0,0,904,False,
237778946,0,0,904,False,
237766716,0,0,904,True,
163317764,-13,-19,857,False,
237900806,0,0,904,True,
84410883,-5,27,23,True,
139724289,-11,-41,84,True,
237767701,0,0,904,True,
142082051,-38,-47,68,True,
237772808,0,0,904,True,
237910035,0,0,904,True,
147851782,-9,-9,33,True,
232259584,-82,-73,605,False,
237777965,0,0,904,True,
237764653,0,0,904,True,
139461640,-19,-37,521,True,
172758018,-9,24,517,True,
56101888,-64,-55,618,False,Royal Pingwin's Excavation - Fourth Room
84410885,-5,29,23,True,
237775893,0,0,904,True,
142215682,0,0,1036,True,
237768738,0,0,904,True,
237778944,0,0,904,False,
237897775,0,0,904,True,
186516226,-49,-83,897,True,
158860289,-19,-61,59,True,
241445377,3,3,446,True,
64225284,0,0,605,True,
139723779,-12,-39,84,True,
158859780,-20,-58,59,True,
157027333,0,0,846,True,LeChouque's Boat - Fourth Room
237774863,0,0,904,False,
147852297,-8,-6,169,True,
237911059,0,0,904,True,
237773858,0,0,904,True,
84410884,-5,28,23,True,
158993414,0,0,59,True,
84541956,-7,28,23,True,
142088716,-25,-38,68,True,
237776917,0,0,904,True,
237766656,0,0,904,False,
174064132,0,0,876,True,El Piko's Cave - First Room
139462657,-17,-44,521,True,
172752900,-19,26,517,True,
84410375,-6,31,23,True,
142082563,-37,-47,68,True,
237900808,0,0,904,True,
172754432,-16,22,517,True,
84411910,-3,30,23,True,
64226304,-75,-83,606,False,
237772847,0,0,904,True,
142086149,-30,-45,68,True,
169873408,24,27,869,False,Captain Meno's Ship - Final Room
237787207,0,0,904,True,
142087694,-27,-36,68,True,
237787661,0,0,904,False,
147852807,-7,-8,169,True,
158861314,-17,-60,59,True,
237776898,0,0,904,False,
142090760,-21,-42,68,True,
174068740,0,0,876,True,El Piko's Cave - Fourth Room
56103936,-64,-55,618,False,Royal Pingwin's Excavation - Exit
147851784,-9,-7,33,True,
237900847,0,0,904,True,
142086662,-29,-44,68,True,
158861829,-16,-57,59,True,
147858437,0,0,1036,True,
169873410,0,0,869,True,Captain Meno's Ship
237911100,0,0,904,True,
136577024,6,3,830,False,
237774848,0,0,904,False,
237775906,0,0,904,True,
64228356,0,0,606,True,
241438721,1,1,536,False,Celestial Poutch Platform
139462152,-18,-37,521,True,
56102916,0,0,618,True,
237903919,0,0,904,True,
139462665,-17,-36,521,True,
147850759,-11,-8,33,True,
186384896,-48,-82,897,True,
169870336,24,27,869,False,Captain Meno's Ship - Second Room
137363456,2,2,827,True,
241437185,1,1,536,False,
139723267,-13,-39,84,True,
211025920,21,-31,960,True,
172757506,-10,24,517,True,
237907987,0,0,904,True,
142087176,-28,-42,68,True,
158990848,-22,-62,59,True,
205916176,-39,-11,210,False,Minotoror Room
205260801,26,-25,944,True,
85459461,-21,-5,231,False,
165152772,-12,-31,54,True,
205787148,-4,-7,755,False,The Kwakwa's Nest
99093001,2,-1,10,False,Amakna Inn
165153292,-11,-23,54,True,
99094273,-1,-1,1116,False,Merchants' Room
205783046,-62,-70,903,False,King Dazahk's Brewery
171966984,-26,2,526,True,
205786134,-2,-5,491,False,Larva Dungeon
101450243,-4,-24,178,False,Autumn Room
174855174,12,-67,878,True,
117965569,22,7,799,True,
171968014,-24,8,526,True,
205915162,7,-24,306,False,Famished Sunflower's Barn
85461511,-21,-5,231,False,
165151750,-14,-29,54,True,
99095041,4,1,488,False,
183243785,0,0,61,True,
171968529,-23,11,526,True,
174855170,12,-69,878,True,
171706378,-24,-1,522,True,
155976193,-14,-58,69,True,
205391877,0,0,944,True,
107485184,-20,10,254,False,Skeunk's Hideout - Fifth Room
85459459,-21,-5,231,False,
99095045,1,-2,10,False,
99090947,1,0,10,False,
99093249,-1,-1,1116,False,Function Room
171704841,-27,-2,522,True,
171968527,-23,9,526,True,
99096073,2,-1,10,False,
190054916,9,-25,335,True,
183241231,-25,52,43,True,Grougalorasalar's Tears
163054594,38,-21,850,False,Huppermage Temple
171968018,-24,12,526,True,
129501188,0,0,825,True,King Nidas's Palace - Exit
99092997,1,-2,10,False,
165155343,-7,-20,54,True,
163053570,39,-21,850,False,Dopple Room
99094027,2,1,10,False,
99093005,4,-1,10,False,
167248904,-29,-12,334,True,
163054849,38,-21,850,True,
129499136,-5,-5,825,False,
99091979,2,1,10,False,
171838984,0,0,522,True,
183241220,25,28,866,False,
183240205,-10,35,61,False,
183241225,-87,-86,625,False,
171704322,-28,-9,522,True,
165152773,-12,-30,54,True,
221382146,0,0,9,True,Elm Clearing
174853122,10,-69,878,True,
171966478,-27,8,526,True,
183241218,-54,14,455,False,
171705865,-25,-2,522,True,
183240196,-2,33,11,False,
155977216,-12,-59,69,True,
146014466,3,1,837,True,Present Day Room
127664128,2,-55,809,False,
171706888,-23,-3,522,True,
232654347,0,0,12,True,
165282314,-17,-25,54,True,
171705862,-25,-5,522,True,
177211392,8,-67,878,False,Ouginak Temple
118098690,0,0,799,True,
118099456,0,0,799,True,
95161863,7,7,180,False,
171966985,-26,3,526,True,
190055938,11,-27,335,True,
171705864,-25,-3,522,True,
95159819,3,11,180,False,
167379459,-32,-17,334,True,
155977218,-12,-57,69,True,
174851076,8,-68,878,True,
117964800,21,8,799,True,
165154821,-8,-30,54,True,
171705345,-26,-10,522,True,
117965312,22,8,799,True,
167248388,-30,-16,334,True,
220729863,0,0,1016,True,Long Slumber's Barrow - Stakes of the Sacrificed
171966481,-27,11,526,True,
181668868,0,0,888,True,Magik Riktus Big Top - Fourth Room
117965058,21,6,799,True,
171968008,-24,2,526,True,
172098057,-28,3,526,True,
171704834,-27,-9,522,True,
146147328,3,1,837,True,Museum of Errors
171706883,-23,-8,522,True,
171708934,0,0,1036,True,
171966986,-26,4,526,True,
165152259,-13,-32,54,True,
146146562,3,1,837,True,Past Room
177212416,8,-67,878,False,Ouginak Temple
95158791,1,7,180,False,
220728833,-3,19,1016,False,Long Slumber's Barrow - Crypt of Memory
221249538,-5,17,9,False,Elm Clearing
165152769,-12,-34,54,True,
221249540,-6,18,9,False,Blairouiche Cottage
107482116,0,0,254,True,Skeunk's Hideout - Second Room
221254148,0,0,22,True,Dark Hornbeam Copse
165153284,-11,-31,54,True,
177213440,8,-67,878,False,Ouginak Temple
155975688,-15,-51,69,True,
117707791,23,31,806,True,Sunktuary - Abyss Rooms
188746755,7,-19,95,True,
58203142,-66,-60,604,False,
177209344,8,-67,878,False,Ouginak Temple
177210629,0,0,878,True,Ouginak Temple
174856200,13,-66,878,True,
221251584,-6,18,9,False,Blairouiche Cottage
95159815,3,7,180,False,
114295297,-32,-8,62,False,
174852098,9,-69,878,True,
193332226,8,-20,96,True,
174854152,11,-66,878,True,
95158795,1,11,180,False,
114296323,-32,-8,62,False,
155976199,-14,-52,69,True,
95160841,5,9,180,False,
167380484,-34,-16,334,True,
95160843,5,11,180,False,
165155856,-6,-19,178,True,
181797888,-22,12,526,False,
95161861,7,5,180,False,
181667844,0,0,888,True,Magik Riktus Big Top - Third Room
117703180,20,19,804,True,Sunktuary - Splash Zone
165153286,-11,-29,54,True,
95160839,5,7,180,False,
220729865,0,0,1016,True,Long Slumber's Barrow - Chamber of Evil
95163915,11,11,180,False,
165282829,-18,-22,54,True,
232653569,0,0,490,True,
220729857,-3,19,1016,False,Long Slumber's Barrow - Stakes of the Sacrificed
190055943,11,-22,335,True,
117834757,0,0,1036,True,
117703183,22,23,805,True,Sunktuary - Undertow Rooms
165153295,-11,-20,54,True,
220726791,0,0,1016,True,Long Slumber's Barrow - Dragon's Crypt
95158785,1,1,180,False,
190054402,8,-27,335,True,
172230145,-29,30,280,True,
172231180,-27,41,886,True,
99747073,22,-11,163,True,
185863684,1,-5,2,True,
153884934,0,0,442,True,
99615236,25,-6,161,True,
185862147,-2,-6,2,True,
210502146,0,-3,956,True,
197526528,-1,-7,914,False,Fleaster Chocoshop
149688324,0,0,175,True,Ancestral Domain
139462664,-17,-37,521,True,
75499268,-17,-7,231,True,
210633733,-3,0,956,True,
197395462,0,0,914,True,The Crunchery - Second Room
99746311,23,-3,161,True,
172230668,-28,41,886,True,
164102163,-29,-15,525,True,
164102673,-28,-17,525,True,
153880064,3,0,449,True,
210634244,-4,-1,956,True,
101716487,5,-13,100,False,
149689344,-9,-14,175,False,Ancestral Domain - Exit
197394438,0,0,914,True,Fleaster Chocoshop
123208704,6,13,814,False,Shadow's Pyramid - Second Room
172233745,0,0,886,True,
210502148,0,-1,956,True,
172232192,-25,29,280,True,
154010371,-1,-3,450,True,
189532171,0,0,97,True,
149687300,0,0,175,True,Ancestral Domain - Fourth Room
99615235,25,-7,161,True,
185860610,-5,-7,2,True,
127929357,0,-47,518,True,
140773380,0,0,835,True,Belly of the Whale - Annex Room
164104213,-25,-13,525,True,
164102152,-29,-26,525,True,
216400384,-32,-54,1011,True,
181403650,-13,33,889,True,
216271116,4,-12,1011,True,
72618497,-1,31,11,True,
172231694,-26,43,886,True,
173539332,13,-61,873,True,
75499267,-17,-6,231,True,
185862659,-1,-6,2,True,
181403654,-13,30,889,True,
101713423,2,-8,181,True,
164102676,-28,-14,525,True,
216269574,-31,-57,1011,True,
173541891,18,-62,873,True,
23331073,-56,25,500,False,
72622082,0,0,11,True,
181404678,-12,30,889,True,
24118794,-52,16,464,True,
172234241,-21,30,280,True,
181404680,-14,34,889,False,
140772352,-85,-59,835,False,Belly of the Whale - Second Room
215223296,35,-46,963,True,
181403656,-14,34,889,False,
153881090,4,1,449,True,
235929602,12,3,1043,False,
75500294,-15,-9,231,True,
181405696,-9,31,889,True,
101714453,4,-4,181,True,
164102159,-29,-19,525,True,
172233229,-23,42,886,True,
72619521,1,31,11,True,
181403648,-12,31,495,False,
142085644,-31,-38,68,True,
24118787,-52,17,464,True,
99615745,26,-9,161,True,
164103174,-27,-28,525,True,
101716493,6,-9,181,True,
172360707,-34,32,280,True,
101715477,5,-5,181,True,
164233738,-30,-24,525,True,
140774404,0,0,835,True,Belly of the Whale - Fourth Room
101844481,0,0,100,True,
26738688,-60,-9,783,False,Lair of the Kralove - First Room
128057870,-7,-46,518,True,
127926799,-5,-45,518,True,
101715465,5,-11,100,False,
24117771,-54,17,464,True,
189530125,-2,-16,97,True,
140771328,-85,-59,835,False,Belly of the Whale - First Room
128058880,-9,-60,518,True,
173670912,12,-65,873,True,
237778985,0,0,904,False,
139462145,-18,-44,521,True,
223875078,0,0,1030,True,Chamber of Evils - Exit
235930626,10,3,1043,False,
158072832,33,3,167,True,
72618499,-1,33,11,True,
215220224,21,-39,922,True,
101714439,3,-13,100,False,
25694724,-52,16,472,True,
128058891,-9,-49,518,True,
172363010,0,0,1036,True,
166985736,0,0,493,True,Blop Fields - Royal Indigo Blop Room
101713427,6,-6,180,False,
215352832,0,0,922,True,Starry Dream
99746564,23,-14,164,True,
25694725,-52,17,472,True,
140776448,-85,-59,835,False,Belly of the Whale - Heart Room
147852808,-7,-7,169,True,
172231693,-26,42,886,True,
101713419,2,-10,181,True,
164103170,-27,-32,525,True,
172235781,-18,34,280,True,
75631368,0,0,231,True,
24118789,-52,15,464,True,
101713409,3,-16,99,False,
113511940,-13,-29,750,True,Ten Year Tournament - 1F
223872000,29,-88,1030,False,Chamber of Evils - Second Room
127929356,0,-48,518,True,
173541379,17,-62,873,True,
25694721,-52,17,472,True,
128059912,-11,-52,518,True,
24117767,-54,17,464,True,
140772356,0,0,1036,True,
173539330,13,-63,873,True,
101717517,7,-10,181,True,
147849219,-14,-12,168,True,
113511943,-13,-29,750,True,Ten Year Tournament - 1I
189532165,2,-24,97,True,
215221248,0,0,922,True,Starry Dream
24117765,-54,15,464,True,
75629056,-21,-3,231,True,
126095127,2,-52,519,True,
156237827,-8,-41,56,True,
54160703,-54,-63,604,True,
126223129,-6,-54,519,True,
126091546,-5,-55,519,True,
54171984,-76,-80,606,True,
126091264,-5,-29,178,True,
126093574,-1,-35,178,True,
126093590,-1,-51,519,True,
54169898,-72,-42,602,True,
54175020,-82,-44,601,True,
156239365,-5,-39,56,True,
126096153,4,-54,519,True,
126224153,-8,-54,519,True,
54167352,-67,-56,615,True,
126092054,-4,-51,519,True,
175115266,8,-69,878,False,
41944064,-3,6,480,False,
156167,-49,7,453,True,
184815105,0,0,828,True,
68421640,11,1,1,True,
160786,-58,18,453,True,
175116804,0,0,881,True,
139785,-17,9,253,True,
34474246,-39,-16,319,False,The Labyrinth of the Minotoror - Seventh Room
1549,0,0,31,True,
163080,-62,-8,471,True,
22807558,0,0,470,True,Bherb's Gully - Second Room
157191,-51,7,453,True,
161299,-59,19,453,True,
184813569,7,8,828,False,
34341888,-36,-13,319,False,The Labyrinth of the Minotoror - Twenty-fifth Room
68420615,9,0,1,True,
90966539,5,11,32,False,
135177,-8,9,233,True,
22808578,-51,9,470,False,Bherb's Gully - Fourth Room
224135174,0,0,1022,True,Sylvan Refuge - Third Room
161028,-58,-4,457,True,
90967561,7,9,32,False,
3333,6,-5,180,True,
155150,-47,14,453,True,
160794,-58,26,453,True,
155657,-48,9,453,True,
145753601,4,-4,838,True,
90964483,1,3,32,False,
155667,-48,19,454,True,
224134144,40,-84,1022,False,Sylvan Refuge - Second Room
235146498,5,10,1042,True,
160276,-57,20,454,True,
68555780,0,0,1,True,
90965509,3,5,32,False,
133889,-5,-1,232,True,
203427840,4,0,932,False,Judgement of the Scales - Fifth Room
213649410,-23,35,980,False,
90968585,9,9,32,False,
152577,-42,1,451,True,
135681,-9,1,232,True,
90967555,7,3,32,False,
159756,-56,12,454,True,
153878789,0,-5,20663,True,
213650434,-23,35,980,False,
68552196,4,-3,479,True,
160003,-56,-3,457,True,
213647364,-22,39,978,False,
155153,-47,17,466,True,
160775,-58,7,453,True,
134667,-7,11,31,True,
154127,-45,15,466,True,
213649408,-29,34,982,False,
203425798,0,0,932,True,Judgement of the Scales - Third Room
135427,-8,-3,232,True,
155158,-47,22,466,True,
68419588,7,-3,1,True,
7,0,0,233,True,
90965513,3,9,32,False,
68551682,5,-5,180,True,
140299,-18,11,253,True,
139273,-16,9,253,True,
90966531,5,3,32,False,
157188,-51,4,453,True,
68556800,0,0,180,True,
154130,-45,18,466,True,
138248,-14,8,253,True,
203427842,4,0,932,False,
159236,-55,4,454,True,
99746306,23,-8,161,True,
154010369,-1,-1,442,True,
160956930,1,2,856,True,
135428,-8,-4,232,True,
133893,-5,-5,232,True,
75500805,-14,-8,231,True,
68556804,0,0,180,True,
203425792,4,0,932,False,Judgement of the Scales - Third Room
68420616,9,1,479,True,
157189,-51,5,453,True,
131859975,3,-5,821,False,
161546,-59,-10,471,True,
154113,-45,1,451,True,
68420614,9,-1,1,True,
0,0,0,10,False,
131865604,0,0,822,True,
161287,-59,7,453,True,
99746562,23,-12,164,True,
161089794,0,0,856,True,
75631366,0,0,231,True,
75497729,-20,-4,231,True,
133890,-5,-2,232,True,
1547,0,0,31,True,
185993222,0,0,1036,True,
156175,-49,15,454,True,
153858,-44,-2,451,True,
218632192,-34,-59,1013,False,White Rat's Pantry - Fifth Room
56100868,0,0,618,True,Royal Pingwin's Excavation - Third Room
169874432,24,27,869,False,Captain Meno's Ship - Exit
183766022,1,-5,2,False,Ecaflip Temple
211028226,23,-32,960,True,
137366528,5,2,827,True,
137365764,5,-1,829,True,
166987784,0,0,493,True,Blop Fields - Royal Pippin Blop Room
134222848,7,2,827,True,
63440385,-47,-69,501,False,
147981571,-16,-18,169,True,
183769347,0,0,479,True,Pandawa Temple
137369602,7,2,827,False,
172755973,-13,27,517,True,
211027968,23,-31,960,True,
200804354,0,0,923,False,Ankama - Cafeteria
218631168,-34,-59,1013,False,White Rat's Pantry - Fourth Room
183762946,8,2,485,False,Osamodas Temple
134219778,4,3,827,True,
218632194,-34,-59,1013,False,White Rat's Pantry
200802310,0,0,923,False,
95683073,4,-6,180,True,
147859461,0,0,1036,True,
134221826,6,3,827,True,
148898305,7,3,839,False,Methea's Stone Room
164890371,0,0,523,True,
63439617,-45,-70,501,True,
200802306,0,0,923,False,Ankama - Server Room
142089737,-23,-41,68,True,
200805378,0,0,922,False,
142087177,-28,-41,68,True,
192414730,5,-19,95,False,Prison
183763203,0,0,1036,True,
136055042,7,0,829,True,
137368580,5,-2,829,True,
192419842,0,0,95,True,Astrub Inn
183763980,3,1,10,False,Xelor Temple
183895554,0,0,485,True,Osamodas Temple
137365762,4,1,829,True,
176950272,-27,17,756,False,Brumen Tinctorias's LaboRATory - Fourth Room
137369600,7,2,827,False,
134350337,0,0,827,True,
183764992,12,5,179,False,Feca Temple
134351108,0,0,827,True,
61869064,0,0,624,True,
183766020,1,-5,2,False,Ecaflip Temple
192417794,5,-17,95,False,
61998340,-61,-70,624,False,Kolosso's Caverns - Pyrotechnic Room
235669769,25,25,1041,True,Bzzkkbz Zxkhankzbz
220464132,0,0,972,True,The Death of the Centoror
192545798,4,-19,95,False,Council Tower
134219776,4,2,827,True,
147849217,-14,-14,168,True,
176948224,-27,17,756,False,Brumen Tinctorias's LaboRATory - Second Room
136055044,7,-1,829,True,
134225922,10,3,827,True,
192419846,0,0,95,True,Council Hall
142085131,-32,-39,68,True,
136187142,0,0,829,True,
224790021,23,-80,1029,True,
193726471,0,0,336,True,Sandy Castle - Second Room
192414720,6,-18,95,False,Astrub Inn
192416772,1,-16,95,False,Astrub Grocery Store
136187138,0,0,829,True,
232260610,-11,-13,963,False,Silvosse's Clearing
192414728,5,-15,95,False,
186387970,-45,-81,897,True,
142088196,-26,-46,68,True,
142213633,-39,-49,68,True,
95683077,2,-7,180,True,
193727495,0,0,1036,True,
147858691,0,0,168,True,
235673859,0,0,1041,True,
235678467,0,0,1041,True,
61867008,-61,-70,624,False,Kolosso's Caverns - Second Room
176947200,-27,17,756,False,Brumen Tinctorias's LaboRATory - First Room
192416770,6,-18,95,False,Astrub Inn
147981058,-15,-17,33,True,
95815681,0,0,180,True,
95687173,6,-6,180,True,
142088201,-26,-41,68,True,
139724805,-10,-37,84,True,
235673865,0,0,1036,True,
95686145,4,-6,180,True,
230171147,-13,-29,1123,False,A43 - Ereboria (Duel)
189530634,-1,-19,97,True,
57016843,-76,-85,610,False,Konk Cave
177079296,-27,17,57,False,
147851011,-11,-18,169,True,
95685125,5,-6,180,True,Amakna Castle - Militia
230162959,-13,-29,1123,False,A47 - Dopples (Duel)
235799560,21,27,1041,True,Bombarnazzzbz Zzazzonbz
81788928,-13,-29,1033,False,Kolossium
95687169,4,-6,180,True,
189530633,-1,-20,97,True,
56885760,-59,-71,604,False,
172754441,-16,31,517,True,
173018120,-24,24,57,True,
193728512,13,-28,336,False,Sandy Castle - Fourth Room
166989824,-7,-43,493,False,Blop Fields - Fourth Room
57019907,0,0,609,True,
142084103,-34,-43,68,True,
142086154,-30,-40,68,True,
147852298,-8,-5,169,True,
230164997,-13,-29,1123,False,A26 - Cemetery (Teams)
163319298,0,0,856,True,
230173185,-13,-29,1123,False,A21 - Fields (Teams)
230167045,-13,-29,1123,False,A24 - Dragon Pig II (Teams)
172755969,-13,23,517,True,
189530126,-2,-15,97,True,
163317762,1,1,856,False,
172753413,-18,27,517,True,
147851780,-9,-11,168,True,
172753931,-17,33,517,True,
56886791,-50,-45,652,False,Sinus Mine
189530629,-1,-24,97,True,
230166017,-13,-29,1123,False,A14 - Aerdala (Teams)
230162949,-13,-29,1123,False,A23 - Dragon Pig I (Teams)
173015554,-29,18,57,True,
139725317,-9,-37,84,True,
163321346,0,0,856,True,
147853571,-6,-18,169,True,
139724802,-10,-40,84,True,Mallets
57024009,0,0,275,True,
142083081,-36,-41,68,True,
193729536,13,-28,336,False,Sandy Castle - Fifth Room
230168069,-13,-29,1123,False,A28 - Ecaflip City (Teams)
173020172,-20,28,57,True,
163320322,0,0,856,True,
217057286,-29,-57,973,False,
142090252,-22,-38,68,True,
147849985,-13,-16,33,True,
57019909,0,0,609,True,
193730567,0,0,336,True,Sandy Castle
57020937,0,0,610,True,
56886793,-56,-76,609,False,Charhole Cavern
57016837,-55,-64,604,True,Faultline Mine
142084615,-33,-43,68,True,
230176265,-13,-29,1123,False,A53 - Gargandyas (Teams)
147856643,0,0,1036,True,
230166019,-13,-29,1123,False,A14 - Aerdala (Duel)
166985987,0,0,493,True,Blop Fields - Entrance
156501250,31,4,167,True,
207622154,8,10,942,False,Spirit Clearing
207622146,20,-31,951,False,Pandawushu Dojo
172234753,-20,30,280,True,
172234771,0,0,886,True,
207620108,25,-22,944,True,Ikiki Mine
97259009,5,19,29,True,Diggum Mine
97259029,-3,-4,29,True,
147856385,0,0,1036,True,
207620106,25,-34,942,False,Abandoned Temple
164102162,-29,-16,525,True,
128059909,-11,-55,518,True,
97259037,-2,2,480,False,
84410368,-6,24,23,True,
127928845,-1,-47,518,True,
207620098,20,-30,951,False,Pandissident Lair
142087179,-28,-39,68,True,
99352582,4,8,5,False,
177476608,-6,-12,1122,True,Tournament - Arena XXIV
211292162,8,2,941,False,Ink Theatre
207751170,0,0,1036,True,
211288068,0,0,957,True,Mount Black and White
177471496,0,8,1122,True,Tournament - Arena XXXI
74974725,-52,40,771,False,Amateur Room
211292419,0,0,1036,True,
99747585,21,-11,163,True,
211295238,0,2,957,False,Wukang Temple
99354636,-1,5,482,False,
99354638,14,21,103,False,
207751688,0,0,951,True,Pandassembly
139463177,-16,-36,521,True,
158860290,-19,-60,59,True,
84412420,-2,28,23,True,
96471810,26,22,32,False,Foggernaut Temple
99356676,2,25,170,False,
192940040,4,-15,95,False,
139463682,-15,-43,521,True,
99355650,1,13,22,False,
237767699,0,0,904,True,
237775878,0,0,904,True,
177480714,0,0,885,False,
96470786,26,22,32,False,Foggernaut Temple
192940036,3,-21,95,False,
99358730,0,0,10,True,
127929359,0,-45,518,True,
184419334,-36,23,896,True,
184288514,-33,22,896,True,
237776930,0,0,904,True,
74976775,-51,40,771,False,Nomads' Land
99358728,0,0,10,True,
74976002,0,0,771,True,Nomads' Land
237771776,0,0,904,False,
177480708,18,4,1122,True,
192939018,5,-20,95,False,
84414981,0,0,23,True,
99357704,2,2,10,False,
84410888,-5,32,23,True,
164102154,-29,-24,525,True,
177472524,0,0,1122,True,
237772800,0,0,904,False,
177473542,4,6,885,True,
99352586,6,0,485,False,
99357696,0,2,10,False,
146670592,3,-17,842,False,Kickroach's Lair - Fifth Room
99356674,2,29,170,False,
146672640,3,-17,842,False,Kickroach's Lair - Annexe
96469504,26,22,32,False,Foggernaut Temple
237768758,0,0,904,False,
237907004,0,0,904,True,
102760963,5,-8,339,False,Sphincter Cell's Lair - Fifth Room
237769728,0,0,904,False,
139464195,-14,-42,521,True,
177482762,0,0,885,False,
177476616,10,8,1122,True,Tournament - Arena XXXVI
177473538,4,2,885,True,Kolossium Duel - Arena IV
74975751,-51,40,771,False,Nomads' Land
146671616,3,-17,842,False,Kickroach's Lair - Fourth Room
184289284,-29,24,896,True,
177474572,0,0,1122,True,
180093954,-68,31,883,False,
177474570,6,10,885,True,Kolossium Duel - Arena XVII
177472522,2,10,885,True,Kolossium Duel - Arena XV
237775885,0,0,904,False,
184289280,-32,23,896,True,
237907002,0,0,904,True,
158860293,-19,-57,59,True,
177475592,8,8,1122,True,Tournament - Arena XXXV
177603598,0,0,885,True,
177479686,16,6,885,True,Kolossium Duel - Arena XXI
198708224,-84,-16,918,False,Turtelonia's Sanctuary - Fourth Room
237787188,0,0,904,False,
237764649,0,0,904,False,
177483786,0,0,885,False,
237899808,0,0,904,True,
237783079,0,0,904,False,
139593217,0,0,521,True,
177476618,10,10,885,True,Kolossium Duel - Arena XIX
177482756,0,0,1122,True,
177478666,0,0,885,True,
237776915,0,0,904,True,
158859266,-21,-60,59,True,
177603584,-6,-12,1122,True,Tournament - Arena XVIII
164102144,-29,-34,525,True,
177476612,10,4,1122,True,
139463174,-16,-39,521,True,
237908998,0,0,904,True,
177472520,2,8,1122,True,Tournament - Arena XXXII
84411394,-4,26,315,True,
102760967,0,0,339,True,Sphincter Cell's Lair - First Room
237897773,0,0,904,True,
176555010,8,-66,878,True,The Pack's Coast
237765666,0,0,904,True,
176556034,7,-66,878,True,The Pack's Coast
198708230,0,0,918,True,Turtelonia's Sanctuary - Fourth Room
237767712,0,0,904,True,
237768710,0,0,904,True,
237770760,0,0,904,True,
200016384,-4,25,316,True,
237765632,0,0,904,False,
177472518,2,6,885,True,
237771804,0,0,904,False,
177471490,0,2,885,True,Kolossium Duel - Arena II
198706176,-84,-16,918,False,Turtelonia's Sanctuary - Second Room
237769743,0,0,904,False,
7077888,0,-8,2,False,The Guild Temple
102763009,5,-8,339,False,Sphincter Cell's Lair - Third Room
176422917,0,0,878,True,The Pack's Coast
177480712,0,0,1122,False,
200018946,0,0,316,True,
7078912,0,-8,2,False,The Guild Temple
237787687,0,0,904,False,
237906963,0,0,904,True,
164102670,-28,-20,525,True,
84411908,-3,28,23,True,
200016897,-3,26,316,True,
84411396,-4,28,23,True,
237772852,0,0,904,False,
145492227,0,0,837,True,
237765645,0,0,904,False,
237764668,0,0,904,True,
237785159,0,0,904,False,
7080960,0,0,488,False,
237908015,0,0,904,True,
237905941,0,0,904,True,
158861827,-16,-59,59,True,
164103700,-26,-14,525,True,
139461129,-20,-36,521,True,
84410887,-5,31,23,True,
237904941,0,0,904,True,
237775932,0,0,904,True,
237770786,0,0,904,True,
237787691,0,0,904,True,
237773845,0,0,904,True,
115081731,13,34,797,True,
237765634,0,0,904,False,
237904917,0,0,904,True,
237771782,0,0,904,True,
237897736,0,0,904,True,
237768732,0,0,904,False,
142084106,-34,-40,68,True,
201589769,0,0,926,True,
122161667,1,-20,95,False,Lhambadda Manor
164364810,-19,-26,525,True,
122159621,1,-20,95,False,Lhambadda Manor
201066497,-31,31,924,True,
213913096,0,0,976,True,
66062337,-30,-87,320,True,
213910530,-34,-58,976,False,
209191170,19,-34,945,True,
122161665,1,-20,95,False,Lhambadda Manor
66062339,-30,-85,320,True,
209191169,19,-33,945,True,
182322177,-9,29,494,False,Temple of the Great Ougaa - Sixth Room
201591811,2,-2,926,False,
162267136,0,0,750,False,
201591041,4,-1,926,True,
86511107,-47,21,466,False,
188743683,1,-19,95,True,
66061061,-33,-93,757,True,
201590787,3,1,926,True,
86508033,1,1,466,False,
164365332,-18,-16,525,True,
180357125,-9,34,889,True,
86509059,3,3,466,False,
86511105,-47,21,466,False,
204212231,0,0,1036,True,
21496838,0,0,459,True,Kimbo's Canopy - Third Room
101188608,-1,22,784,False,Al Howin's Vegetable Patch - Swamp
86510081,5,1,466,False,
66193411,-38,-85,757,True,
204211200,7,23,935,False,Seabed
182324231,0,0,494,True,Temple of the Great Ougaa - Fourth Room
238295822,16,9,1130,True,
164495883,-21,-25,525,True,
21497862,0,0,459,True,Kimbo's Canopy - Second Room
204214274,-11,-57,211,False,Lord Crow's Throne Room
66197506,0,0,757,True,
180488710,0,0,889,True,
201589248,1,0,926,True,
180355589,-12,34,889,True,
188744193,2,-21,95,True,
188749315,0,0,95,True,
201590018,2,-2,926,True,
66192389,-36,-83,757,True,
204214276,0,0,935,False,Centre of the World
139993609,-10,-37,84,False,Monster Fair Tent
238302977,11,14,1129,True,Eternal Gardens Sanctuary - Ephedra's Court
162532097,-7,-11,855,False,
139988485,-9,-41,84,False,Gladiatrool Arena
164495893,-21,-15,525,True,
66061315,-32,-85,320,True,
188614150,0,0,1036,True,
14550277,-17,-22,76,True,
14420229,-14,-22,76,True,
204211202,0,0,921,True,Xelor's Clock
121769988,0,0,1036,True,
204212228,0,0,935,False,Centre of the World
180356101,-11,34,889,True,
164364820,-19,-16,525,True,
66192643,-36,-91,758,True,
179569668,0,0,884,True,Count Razof's Camp - Second Room
188484108,10,-19,96,False,Dyna Mine
204215296,-31,-52,973,False,
66192385,-36,-87,757,True,
180355587,-12,32,889,True,
66060546,-34,-90,758,True,
66191876,-35,-84,757,True,
188486152,10,-19,96,False,Dyna Mine
75761154,-49,40,767,True,
164496405,-22,-15,525,True,
235405312,11,4,1043,True,
188484111,0,0,96,True,Dyna Mine
14421255,-13,-23,76,True,
235405571,12,2,1043,True,
188482052,1,-17,99,False,Astrub Mine
101193730,-1,22,784,False,Al Howin's Vegetable Patch
188614148,0,0,1036,True,
88090896,0,0,5,True,
164496920,-23,-12,525,True,
188615688,0,0,96,True,
164364312,-20,-12,525,True,
179568640,-68,30,884,False,Count Razof's Camp - First Room
66061826,-31,-86,320,True,
238295298,23,8,1126,True,Eternal Gardens Sanctuary - Monochrome Text (Arachnee)
188485128,10,-19,96,False,Dyna Mine
121636864,1,2,813,True,
66062082,-31,-90,320,True,
88087817,15,14,103,True,
188486154,10,-19,96,False,Dyna Mine
66063361,-28,-87,320,True,
121635840,2,2,813,True,
66061569,-32,-89,320,True,
179573760,-68,30,884,False,Count Razof's Camp - Exit
180356098,-11,31,889,True,
180488704,0,0,889,True,
75762697,-49,43,770,True,
75762695,-49,41,770,True,
66192386,-36,-86,757,True,
14419205,-15,-22,76,True,
196346374,-3,-1,910,True,
164496919,-23,-13,525,True,
88084235,8,12,4,True,
66193155,-37,-91,758,True,
75760648,-52,39,769,True,
196346371,-3,-4,910,True,
14423297,0,0,76,True,
180356099,-11,32,889,True,
238297345,11,20,1127,True,Eternal Gardens Sanctuary - Protectors' Field
238300160,21,17,1128,True,Eternal Gardens Sanctuary - Belladonna's Reserve
75762185,-50,43,770,True,
164495894,-21,-14,525,True,
148111877,-12,-8,33,False,
147852804,-7,-11,169,True,
147860485,0,0,1036,True,
218628102,0,0,1013,True,White Rat's Pantry - First Room
139463172,-16,-41,521,True,
183762956,1,3,10,False,Iop Temple
172754945,-15,23,517,True,
158860801,-18,-61,59,True,
142086147,-30,-47,68,True,
183765000,0,3,10,False,Cra Temple
211026946,22,-30,960,True,
186387202,-46,-83,897,True,
183763976,3,1,10,False,Xelor Temple
142089231,-24,-35,68,True,
134350082,1,1,827,True,
183763982,3,1,10,False,Xelor Temple
172491776,-17,15,71,True,
159123460,-13,-59,1038,True,Lord Crow's Library - Eleventh Room
167510020,-52,-45,653,False,
125306373,3,5,519,False,
150470656,-11,-13,168,False,
230688269,-13,-29,1123,False,C48 - Sidekicks (Teams)
120061954,-1,-33,30,True,
84806913,-6,-23,178,True,
230694411,-13,-29,1123,False,C42 - Belladonna (Duel)
172623872,0,0,71,True,
131335172,-5,-8,826,True,
230700553,-13,-29,1123,False,C53 - Gargandyas (Teams)
125305345,1,1,519,False,
230692357,-13,-29,1123,False,C28 - Ecaflip City (Teams)
150471682,-10,-11,168,False,Kit's Mine - Second room
150473730,-10,-11,168,False,Kit's Mine - Chest Room
131337220,-3,-8,826,True,
179176718,-12,22,517,False,
119801345,9,-26,335,False,
120064002,3,-33,30,True,
87032320,10,15,516,False,Skeleton Dungeon - Entrance
208669702,0,0,946,True,Damadrya's Bamboo Grove - Fourth Room
119801347,11,-23,335,False,
87034374,0,0,516,True,Skeleton Dungeon - Second Room
206311682,0,0,1036,True,
230692353,-13,-29,1123,False,C16 - Srambad (Teams)
87033346,10,15,516,False,Skeleton Dungeon - Fifth Room
230698507,-13,-29,1123,False,C46 - Tales (Duel)
172493313,-14,16,71,True,
230688265,-13,-29,1123,False,C36 - The Possessed II (Teams)
84806925,0,0,178,True,
62260736,0,0,753,True,
230688263,-13,-29,1123,False,C25 - Kolossium (Duel)
208666624,26,-30,946,False,Damadrya's Bamboo Grove - First Room
230692363,-13,-29,1123,False,C40 - Bonta (Duel)
136839172,0,0,831,True,
112725507,-61,-89,787,True,
230698505,-13,-29,1123,False,C46 - Tales (Teams)
179177742,-13,22,517,False,
62260740,0,0,753,True,
179179788,-13,25,517,False,
155715590,0,0,213,True,Moowolf Lair - Fourth Room
55837696,-64,-55,615,False,
219546628,-27,36,982,True,
62130696,-63,-75,752,False,Bearbarian Antichamber - First Room
208670722,26,-30,946,False,
155717638,0,0,213,True,Moowolf Lair - Fifth Room
172490754,-19,17,71,True,
118227972,0,0,800,True,Dramak's Theatre - Auditorium 2
62128644,-63,-75,753,True,
208667654,0,0,946,True,Damadrya's Bamboo Grove - Second Room
112722435,-64,-92,787,True,
172492804,-15,19,71,True,
112727555,0,0,787,True,
168167424,-27,-27,525,False,
62133768,-63,-75,752,False,Bearbarian Antichamber - Fourth Room
112723461,-64,-94,787,False,
84806403,-5,-25,178,True,
118226948,0,0,800,True,Dramak's Theatre - Auditorium 1
118228992,21,7,800,False,Dramak's Theatre - Auditorium 3
62131718,-63,-75,753,True,
112724485,-61,-92,787,False,
172623880,0,0,71,True,
62133772,0,0,752,True,
137101316,0,0,832,True,
219416064,-23,34,980,True,
28050944,-52,15,468,True,
226496003,33,-84,1023,False,Forgelance Temple - Runic Forge
172493318,-14,21,71,True,
219416584,-23,38,978,True,
219546624,-27,34,982,True,
155976705,-13,-58,69,True,
219417346,-21,33,980,True,
28051458,-51,17,468,True,
219417090,-21,35,980,True,
172493317,-14,20,71,True,
120062465,0,-34,30,True,
219415552,-24,34,977,True,
172623878,0,0,71,True,
28049408,-55,15,469,True,
120195587,0,0,30,True,
202900486,0,0,935,False,
175769602,0,0,881,True,
28181505,-55,16,468,True,
155976704,-13,-59,69,True,
197133314,-1,-10,912,True,
84805633,-4,-21,178,True,
175639553,10,-76,881,True,
202899968,-13,-54,935,True,Vision of Eltneg Wood
76022530,1,-2,182,False,
197132296,-2,-7,912,True,
175769858,0,0,881,True,
28050437,-53,19,468,True,
76022274,1,2,182,False,
202901504,-28,-44,935,True,Vision of the Cania Fields
84805377,-3,-23,178,True,
175640579,11,-74,881,True,
180879873,-34,42,887,True,
180618244,-16,27,517,False,
175637506,12,-76,881,True,
155975686,-15,-53,69,True,
175769606,0,0,881,True,
175636484,11,-75,881,True,
175645698,14,-72,881,True,
28182017,-56,16,468,True,
76024322,5,2,182,False,
180619266,-23,4,526,False,
120062978,1,-33,30,True,
106957836,0,0,243,True,Crackler's Rocky Peaks
28184067,0,0,468,True,
76023296,3,0,182,False,
175644676,12,-71,881,True,
28050434,-53,17,468,True,Zoth Village - Prism
180618240,-23,13,526,False,
180880388,-33,45,887,True,
106954764,0,0,243,True,
155975682,-15,-57,69,True,
202899456,-14,-54,935,True,Vision of Eltneg Wood
197132294,-2,-8,912,True,
28185857,0,0,469,True,
180620290,-23,-2,522,False,
203032066,0,0,935,True,Vision of the Cania Peaks
167513090,0,0,71,True,
183239177,32,-38,952,False,
155977219,-12,-56,69,True,
28180996,-55,18,468,True,
28185605,0,0,469,True,
180880384,-33,41,887,True,
180880390,-33,45,887,True,
190581252,8,-10,173,True,
106958860,0,0,243,True,Crackler's Rocky Peaks - Fifth Room
106957826,-3,-7,243,False,Crackler's Rocky Peaks
167511048,0,0,653,True,Ereziah's Laboratory
180619268,-25,26,57,False,
28185601,0,0,469,True,
171838976,0,0,522,True,
84806402,-5,-24,178,True,
155976711,-13,-52,69,True,
28185859,0,0,469,True,
197264388,-3,-9,912,True,
84806401,-5,-23,178,True,
180880386,-33,43,887,True,
23071232,0,0,462,True,
84806656,-6,-22,178,True,
106955776,-3,-7,243,False,Crackler's Rocky Peaks - Second Room
202900994,-2,-56,935,True,Vision of the Kanig Village
180880385,-33,42,887,True,
167514114,0,0,71,True,
84806404,-5,-26,178,True,
197133318,-1,-8,912,True,
220334082,-4,2,975,True,
180879361,-35,42,887,True,
197264390,-3,-8,912,True,
202903046,0,0,935,True,Dimensional Voyagers' Tower
167511044,-52,-45,653,False,Ereziah's Laboratory
203033094,0,0,937,True,
167510018,-14,16,71,False,
106961920,-3,-7,243,False,Crackler's Rocky Peaks - Exit
171705353,-26,-2,522,True,
237900845,0,0,904,True,
237786650,0,0,904,False,
158991365,-23,-57,59,True,
237899823,0,0,904,True,
142088712,-25,-42,68,True,
84411397,-4,29,23,True,
139464198,-14,-39,521,True,
237765647,0,0,904,False,
237776935,0,0,904,False,
84412416,-2,24,23,True,
237773863,0,0,904,False,
237770780,0,0,904,False,
139723780,-12,-38,84,True,
237777961,0,0,904,False,
142086668,-29,-38,68,True,
158860292,-19,-58,59,True,
84412932,-1,28,23,True,
237897747,0,0,904,True,
139724803,-10,-39,84,True,Quaquack Pond
237771789,0,0,904,False,
142084101,-34,-45,68,True,
195036160,-62,-70,903,False,King Dazahk's Brewery - Second Room
237769773,0,0,904,True,
237778996,0,0,904,False,
142090759,-21,-43,68,True,
158859269,-21,-57,59,True,
139727875,-10,-40,84,True,Mallets
237904904,0,0,904,True,
158991364,-23,-58,59,True,
195037186,0,0,903,True,King Dazahk's Brewery - Third Room
237774861,0,0,904,False,
189531655,1,-22,97,True,
237766662,0,0,904,True,
142085130,-32,-40,68,True,
237773869,0,0,904,True,
237786624,0,0,904,False,
158990852,-22,-58,59,True,
237896725,0,0,904,True,
237904915,0,0,904,True,
56101892,0,0,618,True,Royal Pingwin's Excavation - Fourth Room
237765653,0,0,904,True,
237770806,0,0,904,False,
189531142,0,-23,97,True,
172754950,-15,28,517,True,
147852292,-8,-11,33,True,
142082049,-38,-49,68,True,
237774882,0,0,904,True,
237901871,0,0,904,True,
64227332,0,0,610,True,
139462663,-17,-38,521,True,
142090762,-21,-40,68,True,
211027970,23,-30,960,True,
237903930,0,0,904,True,
142089226,-24,-40,68,True,
237905978,0,0,904,True,
158859264,-21,-62,59,True,
169871362,0,0,869,True,Captain Meno's Ship - Third Room
142089738,-23,-40,68,True,
237774887,0,0,904,False,
186515972,-49,-80,897,True,
241440773,0,0,536,True,
237776950,0,0,904,False,
189661710,-3,-15,97,True,
189531149,0,-16,97,True,
237901869,0,0,904,True,
237904902,0,0,904,True,
139461126,-20,-39,521,True,
237909026,0,0,904,True,
84541952,-7,24,23,True,
142086158,-30,-36,68,True,
64229376,-82,-72,605,False,
172757505,-10,23,517,True,
237785613,0,0,904,False,
189530121,-2,-20,97,True,
211026944,22,-31,960,True,
172758020,-9,26,517,True,
139463173,-16,-40,521,True,
189530637,-1,-16,97,True,
237764642,0,0,904,True,
84410372,-6,28,23,True,
139464201,-14,-36,521,True,
186517250,-50,-83,897,True,
148113925,-12,-10,33,False,
63570433,-47,-68,501,True,
158861824,-16,-62,59,True,
237898773,0,0,904,True,
166989826,-7,-43,493,False,Blop Fields - Sixth Room
64230400,-65,-67,608,False,
183767048,-3,-4,2,False,Sacrier Temple
237775930,0,0,904,True,
139463683,-15,-42,521,True,
142084613,-33,-45,68,True,
84541954,-7,26,23,True,
147849729,-13,-14,168,True,
136578048,6,3,830,False,Captain Scarlight's Ring
237767740,0,0,904,True,
64228352,-78,-78,606,False,
142215688,0,0,1036,True,
63438848,-46,-69,501,True,
237900860,0,0,904,True,
189531652,1,-25,97,True,
148111873,-13,-17,33,False,
147851522,-10,-17,33,True,
147851265,-10,-14,168,True,
136577028,0,0,830,True,
84410882,-5,26,315,True,
84411909,-3,29,23,True,
64225280,-74,-67,605,False,
142087686,-27,-44,68,True,
183764994,12,5,179,False,Feca Temple
142085635,-31,-47,68,True,
217055236,-30,-56,973,False,
223347463,36,-80,1026,True,
217056264,-32,-56,975,False,
57016835,-55,-64,604,True,Faultline Mine
142089736,-23,-42,68,True,
98828811,1,11,10,False,
230165005,-13,-29,1123,False,A49 - Koalaks (Teams)
224790532,22,-81,1029,True,
172753929,-17,31,517,True,
230164999,-13,-29,1123,False,A26 - Cemetery (Duel)
139725315,-9,-39,84,True,
173020162,-20,18,57,True,
217065482,0,0,973,True,
147859715,0,0,168,True,
57021963,0,0,652,True,
57024003,0,0,275,True,
109060096,0,0,787,True,
89395206,0,0,463,True,
214961665,43,-56,969,True,
173940736,0,0,872,True,
76418563,0,0,773,True,
173938178,15,-57,874,False,Sandloon
109054982,-63,-90,787,True,
173019146,-22,26,57,True,
214961152,42,-57,969,True,
20974340,-52,13,469,True,
5242883,-59,15,460,False,Grotto Hesque - Third Room
212863233,-24,32,977,True,
173938176,20,-61,872,False,
173934080,11,-57,872,False,
173935364,16,-60,872,False,Mynol Mine
173018112,-24,16,57,True,
173017091,-26,19,57,True,
59769866,2,10,603,False,
215089665,39,-53,967,True,
83101186,10,17,7,True,
59771912,-78,-75,603,False,Last Chance Saloon
130155009,-22,-24,525,False,Dimensional Voyagers' Tower - Prison
59768834,0,2,603,False,
190582784,11,-14,173,True,
168820742,19,29,864,True,
173936130,15,-56,874,False,Sarakech Militia
173021189,0,0,57,True,
173018633,-23,25,57,True,
212860929,-28,34,982,True,
20972289,-56,16,469,True,
215089922,39,-56,967,True,
173018626,-23,18,57,True,
168822800,21,34,865,True,
17048576,-1,-4,10,False,Enutrof Temple
132908032,-10,-44,818,False,Cross Strich's Aviary - Second Room
168820750,19,33,865,True,
5244419,-59,15,460,False,Grotto Hesque - Fourth Room
212864522,-21,43,978,True,
214959105,42,-53,967,True,
20974596,-51,21,469,True,
212866569,-17,42,1036,True,
20975617,-49,18,469,True,
17048582,-1,-4,10,False,Enutrof Temple
132911104,-10,-44,818,False,Cross Strich's Aviary - Fifth Room
20974337,-52,16,469,True,
5243139,-59,15,460,False,Grotto Hesque - First Room
212866564,-17,37,980,True,
147980805,-15,-10,169,True,
132907008,-10,-44,818,False,Cross Strich's Aviary - First Room
225968902,0,0,1036,True,
168953858,0,0,863,True,
132909056,-10,-44,818,False,Cross Strich's Aviary - Third Room
212862467,-25,37,977,True,
100271105,-35,-8,62,True,
82314753,11,17,6,True,
21103108,-58,21,469,True,
20971781,-57,12,469,True,
212863492,-23,37,980,True,
20974339,-52,14,469,True,
202640384,4,0,930,False,Tree of Death - Fourth Room
202639364,0,0,930,True,Tree of Death - Third Room
156636163,0,0,165,True,
212863498,0,0,978,True,
147980803,-15,-12,33,True,
20972801,-55,16,469,True,
100139522,-32,-7,62,True,
156634371,0,0,1036,True,
212862976,-24,33,977,True,
76284426,-54,44,763,True,Surf Beach
212864515,-21,36,980,True,
76415494,-56,40,764,True,Billabone Cemetery
57150983,0,0,620,True,The Obsidemon's Hypogeum - Third Room
57149697,-72,-83,620,False,The Obsidemon's Hypogeum - Second Room
20972804,-55,13,469,True,
190580740,7,-10,173,True,
212861185,-28,32,982,True,
212864007,-22,40,978,True,
147851275,-10,-4,169,True,
76289281,-47,34,772,False,Anonimoy Island
76285442,-52,36,765,True,
63965442,-52,18,455,True,
76421637,0,0,764,True,
158334978,-15,-60,55,True,
76288005,-47,39,766,True,
212994050,-32,35,982,True,
147852296,-8,-7,33,True,
20975620,-49,21,469,True,
212860931,-28,36,982,True,
224660231,29,-87,1029,True,
212862721,-25,32,977,True,
76287491,-48,37,766,True,
57154055,0,0,620,True,The Obsidemon's Hypogeum - Fifth Room
57152519,0,0,620,True,The Obsidemon's Hypogeum - Fourth Room
76285963,-51,45,762,True,Sun Beach
224659203,27,-85,1029,True,
156501249,31,5,167,True,
224791301,0,0,1029,True,
57155591,0,0,620,True,The Obsidemon's Hypogeum
76285961,-51,43,763,True,
57157377,-72,-83,620,False,The Obsidemon's Hypogeum - Exit
143393285,0,0,841,True,
212864002,-22,35,980,True,
76285960,-51,42,763,True,
190578691,3,-11,173,True,
156500994,31,8,165,True,
212861697,-27,32,982,True,
147849222,-14,-9,169,True,
76284932,-53,38,765,True,Tarada Bay
143393281,7,-7,841,False,Eye of Vortex - Room of Lost Hours
82446594,0,0,6,True,
57149447,0,0,620,True,
63965444,-52,16,472,True,
76418571,0,0,773,True,
212863490,-23,35,980,True,
76285958,-51,40,772,True,Pinki Crater Clearing
76288008,-47,42,762,True,
100273154,0,0,62,True,
143397377,7,-7,841,False,
76287498,-48,44,762,True,Halcyon Harbour
156500997,31,11,166,True,
57152769,-72,-83,620,False,The Obsidemon's Hypogeum - Fourth Room
63966470,-50,14,455,True,
82315009,11,15,6,True,
147850758,-11,-9,33,True,
76284933,-53,39,765,True,
76419841,0,0,762,True,
76288009,-47,43,762,True,
190578693,3,-9,173,True,
160696320,-4,-42,56,False,
76286472,-50,42,763,True,Jeez Crater
76422661,0,0,765,True,
83232262,0,0,7,True,
83104258,11,15,7,True,
215485440,43,-57,968,False,Kabaal Ritual - Fourth Room
63964423,-54,13,455,True,
76285447,-52,41,764,True,
147850762,-11,-5,169,True,
83100164,11,15,7,False,
76283914,-55,44,763,True,Surf Beach
100141827,-29,-11,334,True,
76423689,0,0,766,True,
76423691,0,0,766,True,
83103242,9,15,7,False,
206963203,33,-42,952,True,
197921798,0,0,917,True,
174588417,7,-71,879,True,
217449472,-32,-57,975,False,
207094787,38,-44,955,True,
153356296,2,-3,450,False,
174721538,0,0,879,True,
48234498,-2,-52,519,False,
230432265,-13,-29,1123,False,B42 - Belladonna (Teams)
207095303,39,-40,955,True,
153358338,2,-4,778,False,
230426123,-13,-29,1123,False,B36 - The Possessed II (Duel)
217317382,-32,-57,975,False,
230432267,-13,-29,1123,False,B42 - Belladonna (Duel)
197918978,-80,-11,917,True,Moonlit Jungle
153355268,-1,-2,442,False,
179308032,-64,28,883,True,
217319683,0,0,975,True,
88606724,-55,15,469,False,
210766085,3,-1,957,True,
174719746,5,-74,879,True,
63963399,-56,13,455,True,
153486340,0,0,1036,True,
197922050,-79,-11,917,True,Moonlit Jungle
190579714,5,-12,173,True,
171706369,-24,-10,522,True,
207095297,39,-46,955,True,Cursed Summit
98566657,9,29,77,False,The Jellith Dimension - First Room
128974850,0,-4,821,True,
121900296,4,4,812,False,Combat Room 4
88604682,-49,9,453,False,
128977928,0,0,821,True,
121899268,4,4,812,False,
88607750,0,0,455,True,
171704836,-27,-7,522,True,
220333313,-32,-59,975,False,
193463296,1,-11,102,False,
95423489,6,26,32,True,
206965762,0,0,952,True,
120061958,-1,-29,30,True,
121900290,4,4,812,False,Combat Room 1
128976900,2,-3,821,True,
112987138,-51,-80,786,False,
210765576,2,-4,957,True,
128975874,1,-4,821,True,
96994821,-2,-5,491,False,Larva Dungeon - Seventh Room
63963907,-55,17,455,True,
220203268,4,-4,1036,True,
206963204,33,-41,952,True,
170657792,-16,-4,465,False,
96998915,-2,-5,491,False,Larva Dungeon - Fifth Room II
206308354,21,-29,951,True,
209981440,36,-44,953,False,Shogun Tofugawa's Tomb - Fifth Room
210765573,2,-1,957,True,
179308547,-63,31,883,True,
63963908,-55,16,455,True,
190580736,7,-14,173,True,
112986112,-52,-84,786,True,
129370627,0,0,820,True,
96997905,0,0,491,True,Larva Dungeon - Tenth Room II
121902340,0,0,812,True,
96996879,0,0,491,True,Larva Dungeon - Ninth Room
128976898,2,-4,821,True,
106700292,0,0,25,True,
190578690,3,-12,173,True,
206832131,35,-42,952,True,
206831621,34,-40,952,True,
86770179,1,3,465,False,
205783054,-64,-55,618,False,Royal Pingwin's Excavation
210768129,0,0,957,True,
209979392,36,-44,953,False,Shogun Tofugawa's Tomb - Third Room
206832644,36,-41,952,True,
214433794,-23,34,980,False,
106697222,23,-7,161,True,
210896131,-2,1,957,True,
176165888,12,-77,882,False,Chamber of Tal Kasha - Exit
121903368,0,0,812,True,Combat Room 4
121899010,4,4,812,False,
214436870,-24,39,978,False,
128977920,3,-5,821,True,
96998917,-2,-5,491,False,Larva Dungeon - Eleventh Room
174721536,0,0,879,True,
220334338,-4,-2,975,True,
182718464,-14,25,890,False,Forfut Manor - Fifth Room
69992450,0,2,859,False,
106693136,26,-12,162,True,
96993807,0,0,491,True,Larva Dungeon - Sixth Room
86377482,0,0,181,True,
125045249,1,-54,809,False,
206963202,33,-43,952,True,
86245386,-2,28,29,False,
176160768,12,-77,882,False,Chamber of Tal Kasha - First Room
108797711,-54,-75,785,True,
129238530,-2,-2,820,True,
214435842,-22,35,980,False,
63963914,-55,10,455,True,
106695176,22,-7,161,True,
86377480,0,0,181,True,
106694158,28,-12,162,False,
129239042,-1,-2,820,True,
214435840,-25,37,977,False,
108926976,-74,-85,788,True,
182715396,0,0,890,True,Forfut Manor - Second Room
106693138,23,-4,161,False,
86771201,3,1,465,False,
125044227,1,-54,809,False,
190056453,12,-24,335,True,
172491268,-18,19,71,True,
239339520,0,0,1021,False,Paris Games Week
214436864,-24,39,978,False,
176161792,12,-77,882,False,Chamber of Tal Kasha - Second Room
69995779,0,0,1,True,
176160772,0,0,882,True,Chamber of Tal Kasha - First Room
182717440,-14,25,890,False,Forfut Manor - Fourth Room
127402509,-13,-29,750,False,Ten Year Tournament - 3M
128977924,3,-3,821,True,
86770177,1,1,465,False,
106695170,26,-11,162,True,
185074176,12,15,894,True,Gates of Onekros
106696206,24,-14,164,True,
127402497,-13,-29,750,False,Ten Year Tournament - 3A
129238018,-3,-2,820,True,
185075200,13,14,894,True,Last Sigh Bridge
69995522,13,0,1,False,
106828288,0,0,163,True,
214433798,-28,33,982,False,
185077248,14,13,894,False,Citadel Waiting Room
106697228,27,-13,162,True,
172490752,-19,15,71,True,
182061058,0,0,492,True,
206833156,37,-41,952,True,
233047300,0,0,1035,False,
176161796,0,0,882,True,Chamber of Tal Kasha - Second Room
106696196,23,-10,161,True,
178523136,-14,36,61,False,
206832641,36,-44,952,True,
106695186,22,-10,163,False,
181929473,-4,12,492,True,
106695174,23,-8,161,True,
159124492,0,0,1036,True,
106698242,25,-9,161,True,
106694150,23,-8,161,True,
206832642,36,-43,952,True,
106698248,22,-10,163,True,
106826248,0,0,161,True,
106698252,27,-12,162,True,
172491270,-18,21,71,True,
159123468,0,0,1036,True,
106694152,22,-7,161,False,
176164868,0,0,882,True,Chamber of Tal Kasha
178653698,0,0,61,True,
129237504,-4,-4,826,True,
69994496,9,-4,1,False,
206307330,19,-29,951,True,
181927936,-24,12,492,True,
129371651,0,0,820,True,
233051394,0,0,1035,False,
106695190,0,0,163,True,
106698256,25,-11,161,False,
131336196,-4,-8,826,True,
127405575,-13,-29,750,False,Ten Year Tournament - 3I
182061314,0,0,492,True,
106694148,24,-8,161,True,
127405569,-13,-29,750,False,Ten Year Tournament - 3C
230687235,-13,-29,1123,False,C11 - Cracklers (Duel)
206307332,19,-27,951,True,
159121666,-15,-63,211,False,Lord Crow's Library - Library Annexe
230687239,-13,-29,1123,False,C23 - Dragon Pig I (Duel)
159124480,-12,-61,1038,True,Lord Crow's Library - Fourth Room
127404033,-13,-29,750,False,Ten Year Tournament - 3B
106696202,22,-12,163,True,
106695172,25,-8,161,True,
106693132,23,-12,163,True,
120063489,2,-34,30,True,
172491777,-17,16,71,True,
147851274,-10,-5,169,True,
147857413,0,0,1036,True,
224657410,25,-82,1029,True,
217055232,-35,-55,974,False,Kikim Inn
57022987,0,0,604,True,
230166027,-13,-29,1123,False,A38 - Wukin (Duel)
166987776,-7,-43,493,False,Blop Fields - Second Room
57020935,0,0,610,True,
224660229,28,-86,1029,True,
230162945,-13,-29,1123,False,A11 - Cracklers (Teams)
147854337,-4,-14,169,True,
147851264,-10,-15,168,True,
217062400,-35,-57,975,False,
230163977,-13,-29,1123,False,A36 - The Possessed II (Teams)
230164995,-13,-29,1123,False,A13 - Sufokia (Duel)
57020939,0,0,610,True,
207095812,40,-43,955,True,
63963909,-55,15,455,True,
95420416,20,25,32,True,
197920770,-83,-15,917,False,
206831618,34,-43,952,True,
98567687,11,28,77,False,The Jellith Dimension - Royal Jellies
197919750,-83,-15,917,False,
230434311,-13,-29,1123,False,B31 - War (Duel)
63309312,-18,13,275,True,
230430213,-13,-29,1123,False,B28 - Ecaflip City (Teams)
179309057,-62,29,883,True,
63963393,-56,19,455,True,
153354242,-1,-4,20663,False,
88606730,0,0,454,True,
128977922,3,-4,821,True,
197919748,-83,-15,917,True,
88607746,0,0,453,True,
128976904,0,0,821,True,
187436032,-48,-82,899,False,Bethel's Tower - Fourth Room
207095302,39,-41,955,True,
63963906,-55,18,455,True,
157810690,31,8,165,False,
153354248,1,-2,443,False,
121899266,4,4,812,False,
88605704,-49,9,453,False,
63965956,-51,16,455,True,
96993793,-2,-5,491,False,
129368578,-6,-2,820,True,
217317376,-32,-57,975,False,Bonta Prison
121903370,0,0,1036,True,
63965955,-51,17,455,True,
88607752,0,0,454,True,
128974848,0,-5,821,True,
171706891,-23,0,522,True,
217318400,-32,-57,975,False,
210764548,0,0,957,True,
217317380,-32,-57,975,False,
121899270,4,4,812,False,
206309378,23,-29,951,True,
206831617,34,-44,952,True,
210768132,0,0,957,True,
174589185,8,-73,879,True,
88605706,-55,11,455,False,
121902338,0,0,812,True,
121897224,0,0,812,True,
174587905,6,-71,879,True,
129238019,-3,-1,820,True,
190581760,9,-14,173,True,
95423492,26,22,32,True,
106697216,26,-7,161,True,
120063490,2,-33,30,True,
88607748,0,0,472,True,
98566669,0,0,77,True,The Jellith Dimension - Third Room
190710788,0,0,173,True,
121900032,4,4,812,False,
96997895,-2,-5,491,False,Larva Dungeon - Tenth Room II
176164864,12,-77,882,False,Chamber of Tal Kasha - Fifth Room
96997903,0,0,491,True,Larva Dungeon - Tenth Room
96997901,0,0,491,True,Larva Dungeon - Fourth Room II
96993797,-2,-5,491,False,Larva Dungeon - Sixth Room
121899274,4,4,812,False,
174721796,0,0,879,True,
129236995,-5,-1,820,True,
172492801,-15,16,71,True,
174587904,6,-72,879,True,
86248458,-6,24,29,False,
63964422,-54,14,455,True,
210764546,0,2,957,True,
121896964,4,4,482,False,
206307844,20,-27,951,True,
106826244,0,0,161,True,
96996871,-2,-5,491,False,Larva Dungeon - Ninth Room II
72222720,6,32,200,False,
96998919,-2,-5,491,False,Larva Dungeon - Exit
96995855,0,0,491,True,Larva Dungeon - Eighth Room
220201730,-32,-59,975,False,
63966467,-50,17,455,True,
96997893,-2,-5,491,False,Larva Dungeon - Tenth Room
86377478,0,0,181,True,
210764033,-1,3,957,True,
63964672,-53,20,455,True,
172490756,-19,19,71,True,
165152272,-13,-19,54,True,
205784076,-73,-69,623,False,Korriander's Lair
214435844,-28,33,982,False,
176163840,12,-77,882,False,Chamber of Tal Kasha - Fourth Room
128975872,1,-5,821,True,
90440704,2,0,1,False,
86377474,0,0,181,True,
86774275,9,3,465,False,
205786370,-7,-43,493,False,Blop Fields - Royal Coco Blop Room
96997891,-2,-5,491,False,Larva Dungeon - Fourth Room II
172491267,-18,18,71,True,
106698254,26,-13,164,True,
96996865,-2,-5,491,False,Larva Dungeon - Third Room
108928789,-65,-94,787,True,
176163844,0,0,882,True,Chamber of Tal Kasha - Fourth Room
165155335,-7,-28,54,True,
206311428,0,0,1036,True,
106695168,24,-7,161,True,
206832643,36,-42,952,True,
125043205,1,-54,809,False,
96994817,-2,-5,491,False,Larva Dungeon - First Room
214433800,-23,39,978,False,
206833157,37,-40,952,True,
209977344,36,-44,953,False,Shogun Tofugawa's Tomb - First Room
125044225,1,-54,809,False,
108923151,0,0,786,True,
214436866,-24,39,978,False,
127402503,-13,-29,750,False,Ten Year Tournament - 3G
206833153,37,-44,952,True,
129238016,-3,-4,820,True,
69995520,-26,36,1,True,
72090624,2,33,200,False,
106696210,22,-10,163,False,
206832645,36,-40,952,True,
209979398,0,0,953,True,Shogun Tofugawa's Tomb - Third Room
214434822,-28,33,982,False,
214436872,-22,36,980,False,
106697232,24,-11,161,False,
69993731,0,0,95,True,
119800321,9,-28,335,False,
86773249,7,1,465,False,
214434820,-28,35,982,False,
129370881,0,0,820,True,
127405578,-13,-29,750,False,Ten Year Tournament - 3L
214434818,-23,34,980,False,
206438914,18,-29,951,True,
106697230,25,-14,164,True,
106693120,24,-6,161,True,
214433796,-28,38,982,False,
106826246,0,0,161,True,
214435846,-26,36,977,False,
129237506,-4,-2,820,True,
106695178,22,-11,163,True,
181928448,-23,12,492,True,
69996546,13,0,1,False,
172491781,-17,20,71,True,
129237505,-4,-3,820,True,
178520064,-14,37,61,False,Twist Ham Cathedral
206308356,21,-27,951,True,
106694146,26,-10,161,True,
106693134,28,-12,162,True,
206439426,17,-29,951,True,
70007808,-4,25,315,False,
181929985,-3,12,492,True,
106696194,25,-10,161,True,
129238531,-2,-1,820,True,
159122434,-14,-60,1038,True,Lord Crow's Library - Sixth Room
181928449,-23,13,492,True,
69994498,0,-22,95,False,
106696192,25,-7,161,True,
106697224,22,-9,161,True,
172492290,-16,17,71,True,
211813376,2,0,959,False,Imagiro's Memory - The Garden
230699525,-13,-29,1123,False,C34 - Pandawa (Teams)
178524672,0,0,1036,True,
89915394,0,0,470,True,
106828292,0,0,163,True,
159121412,-15,-59,1038,True,Lord Crow's Library - Ninth Room
211813378,0,0,959,True,
106697218,24,-10,161,True,
176162820,0,0,882,True,Chamber of Tal Kasha - Third Room
181930497,-2,12,492,True,
178520066,-14,35,61,False,
89916416,-51,9,470,False,Bherb's Gully - Entrance
159122438,-14,-58,1038,True,Lord Crow's Library - Fourteenth Room
159122436,-14,-59,1038,True,Lord Crow's Library - Tenth Room
127405572,-13,-29,750,False,Ten Year Tournament - 3F
129236993,-5,-3,820,True,
172491269,-18,20,71,True,
106828290,0,0,163,True,
106696208,23,-16,164,False,
127402500,-13,-29,750,False,Ten Year Tournament - 3D
178521092,-13,37,61,False,
89915392,-51,9,470,False,Bherb's Gully - Entrance
178521090,-13,39,61,False,
233047040,0,0,1035,False,
127404036,-13,-29,750,False,Ten Year Tournament - 3E
159124484,-12,-59,1038,True,Lord Crow's Library - Twelfth Room
178522112,-14,36,61,False,
106826240,0,0,161,True,
159125512,-14,-63,211,False,Lord Crow's Library - Throne Room
54161211,-55,-59,604,True,
54170408,-73,-40,601,True,
54167859,-68,-51,615,True,
54172968,-78,-40,601,True,
54167365,-67,-69,608,True,
54172446,-77,-30,602,True,
54169388,-71,-44,602,True,
54167338,-67,-42,602,True,
54177577,-87,-41,602,True,
147589131,-19,-45,70,True,
54155602,0,0,608,True,
126095644,3,-57,519,True,
54163263,-59,-63,604,True,
54168392,-69,-72,608,True,
54172490,-77,-74,603,True,
54162745,-58,-57,604,True,
126091541,-5,-50,519,True,
126093085,-2,-58,519,True,
161350660,-2,-6,855,True,
229900546,0,6,482,False,Sidekick Inn
54170930,-74,-50,604,True,
140809,-19,9,253,True,
161356038,-7,-11,855,True,
120586757,1,-29,30,False,
64750596,0,0,755,True,The Kwakwa's Nest - Second Room
161219588,0,-6,855,True,
120589829,-2,-32,30,False,
147590144,-17,-56,70,True,
54171465,-75,-73,603,True,
159778319,-36,-50,43,True,
115606025,28,-13,798,True,
204998402,20,-25,941,True,
126094101,0,-50,519,True,
204997632,19,-23,941,True,
126096156,4,-57,519,True,
202379270,0,0,931,True,Blood Throne
173279745,18,-59,872,True,
147587592,-22,-48,70,True,
161350662,-2,-5,855,True,
115608069,30,-15,798,True,
126091776,-4,-29,178,True,
90702849,12,26,32,True,
239619613,6,13,1111,False,
153879040,1,0,443,True,
161218560,-1,-8,855,True,
163580416,-13,-41,702,False,Haunted House - Third Room
126092058,-4,-55,519,True,
147590661,-16,-51,70,True,
223219209,0,0,1027,True,
174328324,0,0,875,True,Mastodon Cemetery - Third Room
109579777,-59,-74,790,False,Nileza's Laboratory - Fourth Room
198972418,-2,25,325,False,Crocabulia's Lair - Fifth Room
201982464,-1,0,927,True,
161224203,0,0,858,True,
181405698,-8,31,495,True,
115609093,31,-15,798,True,
109578759,-59,-74,790,True,Nileza's Laboratory - Third Room
161356036,-7,-10,855,True,
206177795,14,-34,943,True,
156240897,-2,-43,56,True,
90705920,18,25,32,True,
223217177,0,0,1027,True,
153889028,0,0,778,True,
233313288,0,0,1122,True,40 - Bonta (Teams)
202375174,0,0,931,True,Blood Throne - First Room
239601172,-70,-81,1079,False,
223086099,34,-63,1027,True,
130941445,0,0,169,True,
239603729,-42,-17,1073,False,
156241921,0,-43,56,True,
187173378,8,8,828,False,Headquarters of the Toxine Gang
90702336,11,25,32,True,
223085064,33,-68,1027,True,
201852929,4,1,927,True,
116654595,28,-12,538,False,Wa Wabbit's Warren - Cawwot Dofus Room
239608855,7,-2,1094,False,
130941441,0,0,169,True,
214695936,-25,37,977,False,Djaul Inn
174327300,0,0,875,True,Mastodon Cemetery - Second Room
223216145,32,-64,1027,True,
204998147,20,-20,941,True,
239600148,-70,-81,1079,False,
147590660,-16,-52,70,True,
201458178,-1,2,928,True,
214696966,-21,39,978,False,Misery Inn
214697986,0,0,1036,True,
187172354,8,8,828,False,Headquarters of the Toxine Gang
90707713,21,24,32,True,
147588101,-21,-51,70,True,
240128000,0,0,1121,True,
156238337,-7,-43,56,True,
214697994,-29,38,982,False,
239603725,13,-28,1068,False,
208932864,26,-24,948,False,Tanukouï San's Workshop - Fifth Room
223086088,34,-68,1027,True,
233321480,0,0,1122,True,53 - Gargandyas (Teams)
206045702,18,-31,943,True,
223085057,33,-71,1027,True,
163579392,-13,-41,702,False,Haunted House - Second Room
214697992,-26,36,977,False,
90835973,0,0,32,True,
233311242,0,0,885,True,38 - Wukin (Duel)
239617047,-85,-59,1093,False,
187302402,8,8,828,False,Headquarters of the Toxine Gang
239611924,-70,-81,1080,False,
239600141,29,6,1067,False,
111150348,-57,-82,795,True,
223219201,0,0,1027,True,
223216143,32,-65,1027,True,
239611930,24,27,1097,False,
206045184,17,-37,943,False,Akaitei's Sanctuary
90708481,23,24,32,True,
201327104,1,0,928,True,
90704386,15,27,32,True,
111153932,0,0,1036,True,
239602695,-28,37,1060,False,
223085071,33,-65,1027,True,
116657665,28,-12,538,False,Wa Wabbit's Warren - Fourth Room
239606301,4,-3,1108,False,
214695942,-24,38,978,False,
239601153,5,6,1051,False,
239607809,13,21,1054,False,
111281420,-60,-82,795,True,
223087114,35,-67,1027,True,
239600138,-34,-59,1063,False,
163578372,0,0,702,True,Haunted House - First Room
223217160,31,-68,1027,True,
233309184,0,0,1122,True,12 - Ecaflipus (Teams)
90836225,0,0,32,True,
223086092,34,-66,1027,True,
233310222,0,0,885,True,49 - Koalaks (Duel)
223085059,33,-70,1027,True,
214698244,-29,37,1113,False,Merchants' Room
163581444,0,0,702,True,Haunted House - Fourth Room
171181058,-57,-1,877,False,
239614484,-61,-79,1082,False,
239608849,-63,-86,1077,False,
239611921,-15,14,1072,False,
208932866,26,-24,948,False,
111150342,-60,-80,795,True,
111150592,-62,-79,616,True,
239608842,-17,8,1066,False,
223216136,32,-68,1027,True,
111281417,-60,-81,795,True,
223086095,34,-65,1027,True,
233319432,0,0,1122,True,46 - Tales (Teams)
223217153,31,-71,1027,True,
240125952,19,54,1120,True,
201327107,1,3,928,True,
175374338,26,28,849,False,
239606273,-14,-13,1053,False,
201328641,4,1,928,True,
223217173,31,-62,1027,True,
239605249,-14,-13,1053,False,
239601181,-31,15,1104,False,
208930816,26,-24,948,False,Tanukouï San's Workshop - Third Room
239605274,19,26,1100,False,
239605271,-85,-59,1092,False,
223086101,34,-62,1027,True,
233314304,0,0,1122,True,17 - Sidimote I (Teams)
239601162,-34,-59,1063,False,
116916224,23,-14,164,False,
233308176,0,0,1122,True,54 - Chaos Clock (Teams)
233311240,0,0,1122,True,38 - Wukin (Teams)
171182082,-57,-1,877,False,
239617050,19,26,1101,False,
206177282,15,-35,943,True,
147587584,-22,-56,70,True,
239619607,7,-2,1095,False,
214696964,-24,39,978,False,
239611927,-2,-3,1089,False,
239603713,2,-34,1052,False,
171182086,-10,-43,523,False,
147590147,-17,-53,70,True,
239600154,24,27,1096,False,
210501633,-1,-4,956,True,
215876874,-22,33,980,False,Ritual Room
121373187,2,-34,82,False,Royal Gobball's Court - Fourth Room
172230156,-29,41,886,True,
154010883,-2,-3,450,True,
68422664,13,1,1,True,
160956928,1,0,856,True,
139462148,-18,-41,521,True,
160958464,4,0,856,True,
185862661,-1,-4,10,True,
26740736,-61,-9,783,False,Lair of the Kralove - Third Room
172230669,-28,42,886,True,
75498243,-19,-6,231,True,
68421129,10,2,479,True,
210501635,-1,-2,956,True,
68559106,0,0,479,True,
175902212,0,0,880,True,Wurmlord's Passage
170133510,23,24,32,False,
96211980,0,0,780,True,Royal Tofu House
165154826,-8,-25,54,True,
26214402,0,0,452,True,
184689667,-73,-76,893,True,Ilyzaelle's Lookout - Second Room
165151246,-15,-21,54,True,
117834761,0,0,1036,True,
167248386,-30,-18,334,True,
96338950,5,6,780,False,Royal Tofu House - Second Room
193332229,8,-17,96,True,
26215424,19,42,452,True,
165155341,-7,-22,54,True,
66192132,-35,-92,758,True,
96209930,0,0,201,True,Tofu House - Fourth Room
170131458,22,28,860,False,
170133504,23,26,860,False,
165150731,-16,-24,54,True,
96210946,5,6,201,False,Tofu House - Exit
167379973,-33,-15,334,True,
170132490,23,26,860,False,
96208906,0,0,201,True,Tofu House - Basement
167379460,-32,-16,334,True,
132121093,-13,-42,523,True,
199229442,-5,26,315,True,
199755782,0,0,920,True,Draegnerys's Trial - Third Room
184690945,-73,-76,893,False,Ilyzaelle's Lookout - First Room
184685313,-73,-76,893,False,Ilyzaelle's Lookout - Erzal's Fissure (exit)
232654339,0,0,481,True,
96209932,0,0,780,True,Royal Tofu House - Fourth Room
199230466,-4,26,315,True,
170132486,27,28,866,False,
199230722,-4,25,315,True,
199754758,0,0,920,True,Draegnerys's Trial - Second Room
199232514,-3,26,315,True,
165151243,-15,-24,54,True,
146804738,0,0,750,True,
199234560,-4,25,315,True,
119015424,9,7,3,False,
119015428,6,-30,98,False,
188751363,0,0,95,True,
220990978,0,0,9,True,
199231490,-4,26,315,True,
212338690,0,0,983,False,
119014402,3,25,170,False,
77336067,0,0,750,True,
146802688,-13,-29,750,True,Hall of Champions
119015426,5,-26,98,False,
212342802,0,0,983,False,
212340738,0,0,983,False,
212338688,0,0,983,False,
212337676,0,0,983,False,
66193665,-38,-89,757,True,
66192645,-36,-93,758,True,
212336642,0,0,983,False,
165154311,-9,-28,54,True,
141034498,-6,-12,750,False,Goultarminator - Arena B VIII
212337664,0,0,983,False,
220988932,-2,17,9,True,
220989956,0,17,9,True,
165155339,-7,-24,54,True,
212339726,0,0,983,False,
212339724,0,0,983,False,
201065991,-29,-37,922,True,Silouate's Nightmare
167379461,-32,-15,334,True,
188744705,3,-21,95,True,
165282316,-17,-23,54,True,
167247876,-31,-16,334,True,
220988417,-3,14,9,True,
165152770,-12,-33,54,True,
66192897,-37,-87,757,True,
165152781,-12,-22,54,True,
221119495,-7,20,9,True,
201065986,-32,32,924,True,
201065990,-29,-38,922,True,Silouate's Nightmare
193200641,11,-21,96,True,
188744706,3,-20,95,True,
132121603,-12,-44,523,True,
132122115,-11,-44,523,True,
220988423,-3,20,9,True,
201065472,-33,30,924,True,
132123141,-9,-42,523,True,
201197568,0,0,924,True,
188745222,4,-16,95,True,
149426176,-14,-13,781,False,Soft Oak Clearing - Fourth Room
165152513,-13,-36,54,True,
220988422,-3,19,9,True,
220988425,-3,22,9,True,
165151751,-14,-28,54,True,
201065988,-2,8,922,True,Valdi's Nightmare
66192131,-35,-91,758,True,
132122628,-10,-43,523,True,
165151756,-14,-23,54,True,
201064964,-4,8,922,True,Valdi's Nightmare
213910020,-34,-58,976,False,
220988421,-3,18,9,True,
165151754,-14,-25,54,True,
193200133,10,-17,96,True,
170393602,-13,-29,750,True,A9 - Goultarminator
165152778,-12,-25,54,True,
201197826,0,0,924,True,
188750337,0,0,1036,True,
66060290,-34,-86,757,True,
66191874,-35,-86,757,True,
220988930,-2,15,9,True,
165152779,-12,-24,54,True,
209191684,20,-36,945,True,
193201153,12,-21,96,True,
91753989,20,25,32,False,
188745729,5,-21,95,True,
201198850,0,0,924,True,
220987910,-4,19,9,True,
165152776,-12,-27,54,True,
188744710,3,-16,95,True,
220988420,-3,17,9,True,
91889155,23,23,1117,False,Function Room
193332228,8,-18,96,True,
220987911,-4,20,9,True,
149427200,-14,-13,781,False,Soft Oak Clearing - Fifth Room
198182915,-2,27,314,True,
209324293,0,0,1036,True,
165282826,-18,-25,54,True,
209191175,20,-38,945,True,
193200645,11,-17,96,True,
201070594,13,-66,922,True,Cursed One's Nightmare
66193154,-37,-90,758,True,
201064960,-34,-30,924,True,
196347392,0,0,910,True,
88212760,-1,-1,10,True,
164496399,-22,-21,525,True,
122684929,2,3,815,False,
33821184,-2,-6,29,False,
164364289,-20,-35,525,True,
196346369,-3,-6,910,True,
122683905,2,3,815,False,
88083219,6,4,485,True,
88083729,7,6,3,True,
144442368,4,-4,838,True,
88087812,15,19,103,True,
88080661,1,2,10,True,
196345856,-4,-7,910,True,
75760129,-51,39,767,True,
73532932,-19,5,235,True,
88084751,9,8,3,True,
176817157,-14,21,71,False,
78644225,-55,6,465,True,
199495686,0,0,919,True,Kharnotaurus's Lair
176685313,-16,20,71,False,
144704770,4,0,837,True,
165412864,4,-21,859,False,Song of the Possibles
88082952,6,31,12,True,
176818435,-19,15,71,False,
176685317,-17,18,71,False,
222560264,-31,-56,1020,False,
222562312,-26,37,1020,False,
222562306,3,-5,859,False,
222567434,4,-3,450,True,
88080387,1,26,170,True,
222564358,4,-32,859,False,
144835842,2,0,837,True,
222561280,13,26,859,False,
222568961,-12,-30,54,True,
222568960,-12,-31,54,True,
88084239,8,8,3,True,
164364816,-19,-20,525,True,
237240320,17,8,1039,False,Gargandyas's Temple - Offering Room
222565376,23,24,32,False,
78644226,-55,7,465,True,
88081159,2,16,22,True,
222561292,22,-29,951,True,
164364311,-20,-13,525,True,
164495886,-21,-22,525,True,
164495881,-21,-27,525,True,
222561290,23,24,32,True,
88216581,0,0,4,True,
78644224,-55,5,465,True,
88083718,7,17,4,True,
164496397,-22,-23,525,True,
88083720,7,15,4,True,
88081172,2,3,10,True,
169611268,0,0,1036,True,
88085268,10,3,3,True,
88084746,9,13,4,True,
88081413,3,28,170,True,
88087299,14,20,103,True,
78644227,-55,8,465,True,
164364823,-19,-13,525,True,
88084756,9,3,3,True,
88081924,4,27,170,True,
88085259,10,12,4,True,
88081680,3,7,482,True,
88083733,7,2,485,True,
164364302,-20,-22,525,True,
88083728,7,7,3,True,
88080903,2,30,170,True,
88212749,-1,10,480,True,
88216583,0,0,4,True,
88082189,4,10,5,True,
88082706,5,5,3,True,
88083209,6,14,4,True,
88080641,1,22,170,True,
88217867,0,0,10,True,
78644739,-54,8,465,True,
88086787,13,20,103,True,
88084245,8,2,485,True,
88080666,1,-3,10,True,
88081681,3,6,482,True,
78643202,-57,7,465,True,
88086799,13,8,179,True,
88217605,0,0,22,True,
88084738,9,21,4,True,
88082187,4,12,4,True,
88083211,6,12,4,True,
88080651,1,12,5,True,
88083206,6,17,4,True,
88080653,1,10,5,True,
88080664,1,-1,10,True,
200278016,16,-62,873,True,Ohwymi Forest
78643203,-57,8,465,True,
88083214,6,9,5,True,
88082703,5,8,5,True,
88216849,0,0,482,True,
188746242,6,-20,95,True,
21498882,-54,16,459,False,Kimbo's Canopy - Exit
198182402,-3,26,314,True,
193200132,10,-18,96,True,
198182916,-2,28,314,True,
209192710,22,-38,945,True,
91751945,11,27,32,False,
235537667,21,4,1043,True,
209324297,0,0,945,True,
198181888,-4,24,314,True,
209191424,20,-32,945,True,
91751939,22,12,1048,False,
188744198,2,-16,95,True,
220988418,-3,15,9,True,
198181379,-5,27,314,True,
149422080,-14,-13,781,False,Soft Oak Clearing - Entrance
88087816,15,15,103,True,
88212751,-1,8,480,True,
88082432,5,23,490,True,
88081174,2,1,10,True,
88082197,4,2,10,True,
88083726,7,9,3,True,
171444741,-12,40,61,True,
88084740,9,19,4,True,
88083719,7,16,4,True,
88081923,4,26,170,True,
88218887,0,0,1021,True,
88084243,8,4,3,True,
88087815,15,16,103,True,
171446790,0,0,61,True,
88083464,7,31,12,True,
88082188,4,11,5,True,
239089921,0,0,1133,True,
73401858,-13,3,182,True,
127140365,-13,-29,750,False,Ten Year Tournament - 2M
239079942,6,11,1134,True,
73402886,-11,7,234,True,
127141892,-13,-29,750,False,Ten Year Tournament - 2E
22285314,-55,-4,474,False,Hold of Otomai's Ark - Exit
64488705,-11,18,230,True,
127143425,-13,-29,750,False,Ten Year Tournament - 2C
73403139,-11,-2,235,True,
127140359,-13,-29,750,False,Ten Year Tournament - 2G
239077652,0,0,1131,True,
239089928,0,0,1132,True,
127140353,-13,-29,750,False,Ten Year Tournament - 2A
73400321,-16,2,182,True,
127141895,-13,-29,750,False,Ten Year Tournament - 2H
212601348,-30,-56,973,True,
22283264,-55,-4,474,False,Hold of Otomai's Ark - Second Room
22283270,0,0,474,True,
212601860,-29,-56,973,True,
212599555,-33,-60,975,True,
212730880,-35,-58,976,True,
192675842,1,-19,95,False,
64488196,-12,15,230,True,
64488450,-11,21,230,True,
192676866,1,-19,95,False,
212599811,-32,-56,975,True,
212600323,-31,-56,975,True,
64489218,-10,17,230,True,
192808964,0,0,95,True,
234620161,6,13,1040,True,
64488194,-12,17,230,True,
212736000,0,0,1036,True,
212601353,-31,-52,973,True,
192809218,0,0,95,True,
212599813,-33,-55,973,True,
212737024,0,0,974,True,
212603138,-29,-61,973,True,
234750466,3,16,1040,True,
212600839,-31,-53,973,True,
212730625,-34,-59,976,True,
212730371,-35,-56,975,True,
212599302,-34,-54,974,True,
212732163,-36,-60,976,True,
234623758,7,12,1040,False,Giant Fang
194775046,-66,-69,902,False,
212602885,-28,-56,973,True,
212601345,-30,-59,973,True,
194905088,-69,-71,605,True,Coldiron Gate
234750721,3,13,1040,True,
40895746,-10,13,230,True,
194779142,0,0,902,True,
194779138,-62,-70,902,True,
194774018,-67,-70,902,True,
194778118,0,0,902,True,
234627584,0,0,1040,True,
234619393,5,15,1040,True,
234621701,9,9,1040,True,
194778120,0,0,902,True,
194775051,0,0,902,True,
194775300,-66,-72,902,False,
234622213,10,9,1040,True,
194775040,-66,-71,902,True,
194774016,-67,-71,902,True,
134483968,-6,-12,750,False,A4 - Goultarminator
134483970,-6,-12,750,False,A6 - Goultarminator
134479872,-6,-12,750,False,Goultarminator - Arena A I
134484992,-6,-12,750,False,Goultarminator - Arena A VI
109315076,-54,-84,786,True,
90178560,-55,4,473,False,The Hidden Laboratory - Second Room
125831683,-5,-54,811,False,Kanigrula's Cave - Matriarchal Chamber
109316096,-53,-85,786,True,
128453121,-24,-36,68,False,The Treasure Chest
191106056,0,0,95,True,
109316098,-53,-84,786,True,
93324803,0,0,951,False,
128451073,-25,-36,68,False,The Treasure Chest
109315074,-54,-85,786,True,
149947398,0,0,1036,True,
93324805,0,0,951,False,
191889665,0,-1,95,False,
90177794,0,0,473,True,
4589570,0,0,2,True,
191891457,4,1,95,False,
238551040,0,0,938,False,Entrance to the Well of Dreams
125832705,-5,-54,811,False,Kanigrula's Cave Prison
191105028,5,-17,95,True,
191105032,0,0,95,True,
192021511,-2,7,95,False,
191890437,2,5,95,False,
191889413,0,5,95,False,
191890435,2,3,95,False,
125832711,0,0,811,True,Kanigrula's Cave - Rostrum Room
125831687,0,0,811,True,Kanigrula's Cave - Banquet Hall
125829633,-5,-54,811,False,
4457472,-1,-4,2,False,
4459522,-3,-6,2,False,
4588801,0,0,2,True,
238683394,-1,-1,938,False,Dream Market
191102976,3,-19,95,True,
238553348,1,-1,938,False,
4588547,0,0,2,True,
191102978,3,-18,95,True,
4458496,-2,12,2,False,
191107080,0,0,95,True,
196088320,0,0,916,True,Aguabrial's Cavern
238685442,0,0,938,True,Dream Market
110362624,-63,-93,792,False,Klime's Private Suite - First Room
196083712,0,0,916,False,Aguabrial's Cavern
110363650,-63,-93,792,False,Klime's Private Suite - Klime's Room
196084740,0,0,916,False,Bonta Palace
110363648,-63,-93,792,False,Klime's Private Suite - Second Room
126223124,-6,-49,519,True,
126225164,0,0,519,True,
126094615,1,-52,519,True,
156240390,-3,-38,56,True,
126093061,-2,-34,178,True,
126223131,-6,-56,519,True,
126093076,-2,-49,519,True,
156241924,0,-40,56,True,
126093588,-1,-49,519,True,
126094619,1,-56,809,True,
126094106,0,-55,809,True,
126092566,-3,-51,519,True,
160694272,-1,-39,56,False,
82314241,10,17,6,True,
83102218,9,15,7,False,
215485446,0,0,968,True,Kabaal Ritual - Fourth Room
100139520,-32,-9,62,True,
76285448,-52,42,764,True,
83232264,0,0,7,True,
76286986,-49,44,762,True,
83102208,11,16,7,True,
76420617,0,0,763,True,
147854340,-4,-11,169,True,
126878209,-5,-52,519,False,
224657411,25,-81,1029,True,
160697344,-6,-37,56,False,
63963913,-55,11,455,True,
224659205,27,-86,1029,True,
156636165,0,0,165,True,
205520899,24,-32,942,True,
202115588,4,-1,925,True,
154272257,-19,-23,54,False,Imp Village Platform
207094784,38,-47,955,True,
76284939,-53,45,763,True,
154141185,-19,-23,54,False,Imp Village Workshop
76424713,0,0,772,True,
205521926,26,-29,942,True,
76284421,-54,39,765,True,
154141441,37,-3,848,True,
154144769,0,0,849,True,Abyssal Dimension
158337026,-11,-60,55,True,
147850755,-11,-12,168,True,
230427147,-13,-29,1123,False,B37 - The Possessed III (Duel)
219285504,-36,-60,976,False,
156634113,0,0,166,True,
225184774,0,0,1028,True,Bitter-Hammers' Stronghold - Fourth Room
190579715,5,-11,173,True,
230425107,-13,-29,1123,False,B54 - Chaos Clock (Duel)
195037184,-62,-70,903,False,King Dazahk's Brewery - Third Room
100273410,0,0,62,True,
147851271,-10,-8,33,True,
154142469,0,0,848,True,
219284482,-36,-60,976,False,
147850248,-12,-7,169,True,
205521411,25,-32,942,True,
147981059,-15,-18,169,True,
230426113,-13,-29,1123,False,B12 - Ecaflipus (Teams)
147851270,-10,-9,33,True,
140517635,0,0,834,True,
230427151,-13,-29,1123,False,B49 - Koalaks (Duel)
147857667,0,0,168,True,
230436363,-13,-29,1123,False,B46 - Tales (Duel)
230425093,-13,-29,1123,False,B23 - Dragon Pig I (Teams)
210767112,0,0,957,True,
179438081,-68,29,883,True,
225313792,32,-64,1028,True,Bitter-Hammers' Stronghold - Entrance
147853827,-5,-12,33,True,
230437381,-13,-29,1123,False,B34 - Pandawa (Teams)
202115594,0,0,925,False,Inside of the Figurehead
63966469,-50,15,455,True,
125044229,1,-54,809,False,
202114056,3,-2,925,True,
179307011,-66,31,883,True,
63964417,-54,19,455,True,
205521409,25,-34,942,True,
156501761,32,5,167,True,
210765571,2,1,957,True,
156638467,0,0,167,True,
98568709,11,28,77,False,The Jellith Dimension - Royal Strawberry Jelly
233049346,0,0,1035,False,
207095299,39,-44,955,True,
187432966,0,0,899,True,Bethel's Tower - First Room
230426117,-13,-29,1123,False,B25 - Kolossium (Teams)
147849730,-13,-13,168,True,
179306497,-67,29,883,True,
210766083,3,1,957,True,
153357316,0,-3,448,False,
205521412,25,-31,942,True,
205520903,24,-28,942,True,
156636161,0,0,165,True,
205654024,0,0,942,True,
197919744,-83,-17,917,True,
179307526,-65,34,883,True,
171706881,-23,-10,522,True,
210764545,0,3,957,True,
84937221,5,5,182,False,
100139009,-33,-8,62,True,
230428173,-13,-29,1123,False,B50 - Sylargh (Teams)
112984066,-53,-82,786,True,
153358344,3,-4,778,False,
63964933,-53,15,472,True,
230435331,-13,-29,1123,False,B21 - Fields (Duel)
230428171,-13,-29,1123,False,B38 - Wukin (Duel)
205520901,24,-30,942,True,
158334976,-15,-62,55,True,
84936195,3,3,182,False,
153355272,1,-4,445,False,
112984064,-55,-87,786,True,
205522436,27,-31,942,True,
230430211,-13,-29,1123,False,B16 - Srambad (Duel)
230429195,-13,-29,1123,False,B39 - Wukang (Duel)
207355904,18,-30,943,False,
190581251,8,-11,173,True,
84935175,-16,4,182,False,
230435333,-13,-29,1123,False,B32 - Amber (Teams)
63965447,-52,13,455,True,
84936201,-18,8,235,False,
207356928,2,0,951,False,
207095810,40,-45,955,True,
112990210,0,0,786,True,
230428165,-13,-29,1123,False,B27 - Kwismas (Teams)
230429189,-13,-29,1123,False,B24 - Dragon Pig II (Teams)
84937223,-17,1,182,True,
84938245,7,5,182,False,
63177216,-14,13,275,True,
95422466,12,24,32,True,
230429197,0,0,1123,False,B51 - Solary (Teams)
174589440,9,-72,879,True,
230428161,-13,-29,1123,False,B14 - Aerdala (Teams)
84936193,3,1,182,False,
179309059,-62,31,883,True,
84936199,-17,1,182,True,
205521924,26,-31,942,True,
98567683,10,30,77,False,The Jellith Dimension - Fourth Room
148638466,0,0,1036,True,
207093762,36,-45,955,True,
84938247,-18,8,235,False,
230436353,-13,-29,1123,False,B22 - Freezammer (Teams)
63964934,-53,14,455,True,
230431243,-13,-29,1123,False,B41 - Brakmar (Duel)
207094785,38,-46,955,True,
179307523,-65,31,883,True,
230434313,-13,-29,1123,False,B44 - Ephedrya (Teams)
179308545,-63,29,883,True,
190578688,3,-14,173,True,
63964935,-53,13,455,True,
206832132,35,-41,952,True,
230425101,-13,-29,1123,False,B47 - Dopples (Teams)
63312896,0,0,275,True,
187433986,-48,-82,899,False,Bethel's Tower
148637187,16,33,32,False,Eliotrope Temple
63310336,-20,13,275,True,
230434305,-13,-29,1123,False,B20 - Ohwymi (Teams)
63964936,-53,12,455,True,
63965441,-52,19,455,True,
220987401,-5,22,9,True,
149423104,-14,-13,781,False,Soft Oak Clearing - First Room
91891203,23,23,1117,True,Activity Room
209324289,0,0,945,True,
91752961,12,24,32,False,
209193217,23,-33,945,True,
198182403,-3,27,314,True,
220987396,-5,17,9,True,
66196742,0,0,758,True,
132122626,-10,-45,523,True,
149428224,-14,-13,781,False,Soft Oak Clearing - Exit
198182404,-3,28,314,True,
91889409,23,23,1117,False,
201064961,-34,31,924,True,
193334275,0,0,96,True,
221119493,-7,18,9,True,
101191680,-1,22,784,False,Al Howin's Vegetable Patch - Pumpkwin Patch
121769984,0,0,813,True,
235405317,10,7,1043,True,
121637892,3,7,813,True,
88082193,4,6,482,True,
88083213,6,10,5,True,
88212755,-1,4,482,True,
88213273,-2,-2,10,True,
88081417,3,32,170,True,
73401602,-14,-1,182,True,
88214294,-4,1,480,True,
171442694,-16,41,61,True,
88213785,-3,-2,2,True,
88081682,3,5,482,True,
88083727,7,8,3,True,
88086796,13,11,103,True,
88081416,3,31,170,True,
88080646,1,17,22,True,
88085264,10,7,3,True,
88080656,1,7,5,True,
73539075,0,0,235,True,
239090693,0,0,1134,True,
66590208,-32,-89,321,False,Kwismas Dungeon - Exit
73533952,-21,1,235,True,
239088897,0,0,1133,True,
219678977,-25,36,977,False,
64620544,0,0,230,True,
239080711,3,7,1132,True,
66588164,0,0,321,True,Kwismas Dungeon - Fourth Room
239080448,2,12,1133,True,
73533442,-20,3,235,True,
73402880,-11,1,235,True,
239080971,12,14,1135,True,
239087885,0,0,1131,True,
64487683,-13,16,230,True,
66589184,-32,-89,321,False,Kwismas Dungeon - Fifth Room
192675848,3,-16,95,False,
212730627,-34,-61,976,True,
212737282,0,0,974,True,
160169984,33,4,167,False,
192677892,10,-12,1124,False,Unknown Dimension
192677890,4,-18,95,False,Astrub Bank
212601346,-30,-58,973,True,
234627844,0,0,1040,True,
212730368,-34,-58,976,True,
192677894,-3,-29,30,False,
192679428,0,0,1124,True,Unknown Dimension
212601858,-29,-58,973,True,
192676868,1,-21,95,False,
192808960,0,0,1036,True,
212601347,-30,-57,973,True,
234619649,5,13,1040,True,
234623750,18,7,1040,True,
234625536,17,14,1036,True,
234625802,8,11,1040,True,Lake of Hani
212731652,-35,-61,976,True,
234621189,8,9,1040,True,
212601859,-29,-57,973,True,
234623762,5,14,1040,False,Gateausavannah
212603914,-27,-51,973,True,
40896512,-9,21,230,True,
212602114,-29,-62,43,True,
234621187,8,11,1040,True,
194779144,0,0,902,True,
212602375,-29,-54,973,True,
234753031,0,31,1047,True,
212731649,-36,-59,976,True,
212733190,-37,-61,976,True,
194773254,-68,-72,902,False,
194776324,-65,-71,902,False,
194777096,-64,-68,902,True,
234618882,4,16,1040,True,
194772994,-70,-70,605,True,
194776066,-65,-70,902,True,
194774022,-66,-70,902,False,
194775048,-64,-67,608,False,
194774020,-70,-69,605,False,Sea Fever
234622721,15,9,1040,True,Ledge of Scales
194775044,-66,-69,902,True,
194904583,0,0,605,True,
194778371,0,0,902,True,
234623745,16,9,1040,True,
109321216,0,0,786,True,
134481926,0,0,750,True,C2 - Goultarminator
93324807,0,0,951,False,
191889409,0,1,95,False,
191889411,0,3,95,False,
90179584,-55,4,473,False,The Hidden Laboratory - Third Room
149946372,-5,-15,33,False,
125830663,0,0,811,True,Kanigrula's Cave - Prison
191890433,2,1,95,False,
125830659,-5,-54,811,False,Kanigrula's Cave - Rostrum Room
191102980,3,-17,95,True,
191889415,0,7,95,False,
125833735,0,0,811,True,Kanigrula's Cave
192021505,-2,1,95,False,
191890439,2,7,95,False,
191105026,5,-18,95,True,
191104000,4,-19,95,True,
192021507,-2,3,95,False,
110363654,-63,-93,792,True,Klime's Private Suite - Second Room
110364674,-63,-93,792,False,Klime's Private Suite - Exit
110365698,-63,-93,792,False,Klime's Private Suite - Fourth Room
196089346,0,0,916,True,Noximilian's Workshop
110364678,-63,-93,792,True,Klime's Private Suite - Third Room
110362630,-63,-93,792,True,Klime's Private Suite - First Room
110362632,-63,-93,792,True,Klime's Private Suite - Fourth Room
110363656,-63,-93,792,True,Klime's Private Suite
110364672,-63,-93,792,False,Klime's Private Suite - Third Room
110365696,-63,-93,792,False,Klime's Private Suite - Annexe
196083714,0,0,916,False,Crimson Dawn
196218377,0,0,232,True,Pet Sanctuary
196083722,-25,-49,43,True,Crimson Dawn
196215822,0,0,315,True,
110362626,-63,-93,792,False,Klime's Private Suite - Fourth Room
196086790,0,0,916,False,Kelba Market
37227523,-15,8,253,True,
109838849,-71,-88,793,False,Missiz Freezz's Frostforge - First Room
104071170,-6,8,8,True,
109839873,-71,-88,793,False,Missiz Freezz's Frostforge - Second Room
109840897,-71,-88,793,False,Missiz Freezz's Frostforge - Third Room
109840899,-71,-88,793,False,Missiz Freezz's Frostforge - Missiz Freezz's Room
109841927,-71,-88,793,True,Missiz Freezz's Frostforge - Fourth Room
109840903,-71,-88,793,True,Missiz Freezz's Frostforge - Third Room
156237834,-8,-34,56,True,
126092552,-3,-37,178,True,
156238857,-6,-35,56,True,
126091545,-5,-54,519,True,
126091544,-5,-53,519,True,
126092063,-4,-60,519,True,
126223638,-7,-51,519,True,
164364295,-20,-29,525,True,
66062083,-31,-91,320,True,
75762690,-55,37,768,True,
101190656,-1,22,784,False,Al Howin's Vegetable Patch - Witch's Lair
73537283,0,0,182,True,
164364293,-20,-31,525,True,
196346373,-3,-2,910,True,
75760136,-53,39,769,True,
144705536,5,1,837,True,
164495885,-21,-23,525,True,
88213258,-2,13,22,True,
83890186,1,-15,1118,False,Activity Room
88081160,2,15,22,True,
75766277,0,0,768,True,
75761155,-49,41,767,True,
75769351,0,0,771,True,
88213249,-2,22,170,True,
88085252,10,19,103,True,
88082699,5,12,4,True,
88082944,6,23,490,True,
73534976,-23,1,235,True,
73402625,-12,0,235,True,
171445249,-11,36,61,True,
88211970,0,25,170,True,
171445248,-11,35,61,True,
88084228,8,19,4,True,
73538307,0,0,234,True,
73533447,-20,8,235,True,
88211968,0,23,170,True,
88087302,14,17,103,True,
88218629,0,0,103,True,
88083223,6,0,485,True,
64487681,-13,18,230,True,
239085579,0,0,1135,True,
64488710,-11,13,230,True,
219677441,-25,36,977,False,
219678469,-25,36,977,False,
64489219,-10,16,230,True,
64487426,-13,21,230,True,
239081225,4,5,1132,True,
239079941,6,10,1134,True,
239089675,0,0,1135,True,
239080960,3,12,1133,True,
239080706,2,10,1133,True,
239077654,0,0,1131,True,
219678980,-25,36,977,False,
197656582,0,0,915,True,Chokao Temple - First Room
64488706,-11,17,230,True,
192809988,0,0,95,True,
212601857,-29,-59,973,True,
234623754,8,11,1040,False,Lake of Hani
64488449,-11,20,230,True,
212600577,-31,-60,975,True,
192679426,0,0,95,True,Astrub Bank
212599815,-33,-53,973,True,
192676870,5,-17,95,False,
234754563,1,17,1036,True,
212599297,-33,-58,975,True,
212598787,-34,-56,975,True,
234751491,1,17,1047,True,
192675846,5,-17,95,False,
192675844,1,-21,95,False,
234750976,2,14,1040,True,
212730374,-36,-54,974,True,
212600065,-32,-60,975,True,
212600322,-31,-57,975,True,
194774274,-67,-72,902,True,
212737286,0,0,974,True,
212600321,-31,-58,975,True,
212600838,-31,-54,973,True,
212601350,-30,-54,973,True,
212601344,-30,-60,973,True,
212736262,0,0,1036,True,
212731392,-36,-58,976,True,
212602886,-28,-55,973,True,
212601865,-30,-52,973,True,
194776072,-64,-67,608,False,
212736258,0,0,1036,True,
212737284,0,0,974,True,
212731651,-35,-60,976,True,
212736260,0,0,1036,True,
234619400,1,22,1047,True,
212602887,-28,-54,973,True,
194778112,-63,-70,902,False,
40894464,-11,13,230,True,
212599809,-32,-58,975,True,
212599808,-32,-59,975,True,
234619904,6,14,1040,True,
194777090,-64,-70,902,True,
212600326,-32,-54,973,True,
194775298,-66,-72,902,True,
194777088,-66,-72,902,False,
194773250,-68,-72,902,True,
234627846,0,0,1040,True,
194773252,-68,-72,902,False,
234621186,8,12,1040,True,
109323264,0,0,786,True,
134481922,-6,-12,750,False,Goultarminator - Arena A IX
134480902,0,0,750,True,C1 - Goultarminator
134479874,-6,-12,750,False,Goultarminator - Arena A VII
134479880,0,0,750,True,Goultarminator - Arena C VII
134482946,-6,-12,750,False,A5 - Goultarminator
134480896,-6,-12,750,False,A1 - Goultarminator
134479878,0,0,750,True,Goultarminator - Arena C I
134481920,-6,-12,750,False,A2 - Goultarminator
134482950,0,0,750,True,C3 - Goultarminator
134480898,-6,-12,750,False,Goultarminator - Arena A VIII
109318148,-51,-81,786,True,
134483976,0,0,750,True,C6 - Goultarminator
134484994,-6,-12,750,False,A7 - Goultarminator
192021761,-2,-1,95,False,
109317124,-52,-82,786,True,
149946370,-13,-15,168,False,
149948422,0,0,33,True,
125832707,-5,-54,811,False,Kanigrula's Cave - Exit
93324801,0,0,951,False,
90177536,-55,4,473,False,The Hidden Laboratory - First Room
125831681,-5,-54,811,False,Kanigrula's Cave - Prison
128452353,0,0,68,True,
93327879,0,0,951,False,
93326853,0,0,951,False,
93328903,0,0,951,False,
93323781,0,0,951,False,
93325829,0,0,951,False,
149949444,-5,-15,33,False,
149947394,-15,-16,33,False,
191104004,4,-17,95,True,
191104002,4,-18,95,True,
196088322,0,0,1036,True,
196084748,0,0,921,True,
196215812,-12,-31,54,False,Outerworld
196084738,0,0,916,False,Crimson Dawn
196217348,0,0,54,True,Outerworld
196215818,-7,-1,232,True,Pet Sanctuary
196217350,0,0,916,True,Tainela
196215816,3,6,482,False,
196216842,-7,-1,232,True,Pet Sanctuary
196086794,-2,-14,95,False,
196088326,0,0,916,True,Puddly Village
109839879,-71,-88,793,True,Missiz Freezz's Frostforge - Second Room
196089354,0,0,95,True,
196084744,0,0,916,False,Mineral Tower
196085764,0,0,916,False,Time Abysses
196086800,0,0,916,False,
109838855,-71,-88,793,True,Missiz Freezz's Frostforge - First Room
196085762,0,0,916,False,Noximilian's Workshop
37229056,-17,12,253,True,
104205312,0,0,8,True,
37225984,-15,11,253,True,
37229059,-16,8,253,True,
37227520,-16,12,253,True,
37225987,-15,9,253,True,
104072197,-4,11,277,True,
104071681,-5,7,8,True,
104072452,-4,2,276,True,
104071680,-5,6,8,True,
104071171,-6,9,277,True,
104072196,-4,10,277,True,
104071684,-5,10,277,True,
54161742,-56,-78,609,True,
54162759,-58,-71,609,True,
54160679,-54,-39,651,True,
54160702,-54,-62,604,True,
126093084,-2,-57,519,True,
54166327,-65,-55,615,True,
232000516,0,0,1036,True,
54162767,-58,-79,609,True,
54161721,-56,-57,604,True,
156240902,-2,-38,56,True,
54156602,0,0,604,True,
126093593,-1,-54,809,True,
54172498,-77,-82,606,True,
126224151,-8,-52,519,True,
54171430,-75,-38,601,True,
54160200,-53,-72,609,True,
156241412,-1,-40,56,True,
156239872,-4,-44,56,True,
54173518,-79,-78,606,True,
54169431,-71,-87,610,True,
54165813,-64,-53,615,True,
54172976,-78,-48,602,True,
54166852,-66,-68,608,True,
54158637,-50,-45,652,True,
156241411,-1,-41,56,True,
204998656,21,-23,941,True,
54169941,-72,-85,610,True,
54168875,-70,-43,602,True,
54164802,-62,-66,608,True,
54180177,0,0,610,True,
173411333,0,0,1036,True,
126094105,0,-54,809,True,
54168887,-70,-55,604,True,
126093591,-1,-52,519,True,
54177068,-86,-44,602,True,
54154541,0,0,652,True,
54168386,-69,-66,608,True,
156239877,-4,-39,56,True,
156239878,-4,-38,56,True,
54154537,0,0,651,True,
126094600,1,-37,178,True,
54168362,-69,-42,602,True,
126093576,-1,-37,178,True,
54161735,-56,-71,609,True,
54166843,-66,-59,604,True,
54163259,-59,-59,615,True,
54178088,-88,-40,602,True,
231998722,0,0,453,True,
54156610,0,0,602,True,
54161209,-55,-57,604,True,
54177069,-86,-45,602,True,
54164791,-62,-55,615,True,
54174023,-80,-71,603,True,
54164307,-61,-83,609,True,
123996677,31,-11,817,True,
156241408,-1,-44,56,True,
54172488,-77,-72,603,True,
54169911,-72,-55,604,True,
126094612,1,-49,519,True,
54165301,-63,-53,615,True,
156239368,-5,-36,56,True,
54171982,-76,-78,606,True,
54168863,-70,-31,602,True,
54177575,-87,-39,602,True,
54167867,-68,-59,604,True,
126094598,1,-35,178,True,
54165818,-64,-58,604,True,
54171467,-75,-75,603,True,
54158636,-50,-44,652,True,
54173009,-78,-81,606,True,
147590656,-16,-56,70,True,
54170918,-74,-38,601,True,
204998913,21,-24,941,True,
54175019,-82,-43,601,True,
54170917,-74,-37,601,True,
54170422,-73,-54,604,True,
123994629,29,-11,817,True,
54169906,-72,-50,615,True,
126223639,-7,-52,519,True,
54161726,-56,-62,604,True,
54162244,-57,-68,604,True,
126094086,0,-35,178,True,
54168886,-70,-54,604,True,
232002562,0,0,464,True,
54168882,-70,-50,615,True,
54174029,-80,-77,606,True,
54169430,-71,-86,610,True,
54166850,-66,-66,608,True,
54168916,-70,-84,610,True,
54173000,-78,-72,603,True,
124126729,0,0,1036,True,
126223135,-6,-60,519,True,
54160199,-53,-71,609,True,
54162257,-57,-81,609,True,
54168364,-69,-44,602,True,
54171934,-76,-30,602,True,
124126725,0,0,1036,True,
147720196,0,0,1036,True,
54177065,-86,-41,602,True,
54162240,-57,-64,604,True,
54165299,-63,-51,604,True,
126092574,-3,-59,519,True,
126094102,0,-51,519,True,
54173999,-80,-47,602,True,
54172966,-78,-38,600,True,
156238344,-7,-36,56,True,
54168906,-70,-74,611,True,
54173487,-79,-47,602,True,
126092572,-3,-57,519,True,
54170398,-73,-30,602,True,
54168365,-69,-45,602,True,
54167354,-67,-58,604,True,
123996673,31,-13,817,True,
54170910,-74,-30,602,True,
54166330,-65,-58,604,True,
156237832,-8,-36,56,True,
54160193,-53,-65,604,True,
54171429,-75,-37,601,True,
54168360,-69,-40,602,True,
54170452,-73,-84,610,True,
126092062,-4,-59,519,True,
54167360,-67,-64,608,True,
54173994,-80,-42,601,True,
54170419,-73,-51,604,True,
54166329,-65,-57,615,True,
54165309,-63,-61,604,True,
54160201,-53,-73,609,True,
54159148,-51,-44,652,True,
126096152,4,-53,519,True,
174326276,0,0,875,True,Mastodon Cemetery - First Room
54163272,-59,-72,609,True,
54168352,-69,-32,602,True,
54163262,-59,-62,604,True,
54162232,-57,-56,604,True,
156242436,1,-40,56,True,
54162229,-57,-53,604,True,
147588611,-20,-53,70,True,
54167345,-67,-49,604,True,
54170409,-73,-41,601,True,
54159142,-51,-38,650,True,
174331392,19,-61,875,False,Mastodon Cemetery - Exit
54170931,-74,-51,604,True,
54169427,-71,-83,610,True,
75767303,0,0,769,True,
238294018,22,8,1126,True,
238299905,20,16,1128,True,Eternal Gardens Sanctuary - Belladonna's Reserve
14423299,0,0,76,True,
238305025,12,14,1129,True,
75760647,-52,38,769,True,
238298890,20,12,1130,True,
75762183,-50,41,770,True,
88212237,0,10,5,True,
75760642,-50,40,767,True,
164364805,-19,-31,525,True,
75762692,-55,39,768,True,
238296842,17,13,1130,True,Eternal Gardens Sanctuary - Castle Corridor
235536898,10,6,1043,True,
196345860,-4,-3,910,True,
238292992,21,9,1126,True,Eternal Gardens Sanctuary - Monochrome Text (Bobbin)
88084226,8,21,490,True,
88081684,3,3,10,True,
73532423,-18,8,235,True,
73401091,-15,-2,235,True,
88082697,5,14,4,True,
88212234,0,13,22,True,
88081690,3,-3,479,True,
88215043,-6,26,170,True,
88083220,6,3,485,True,
171442177,-17,36,61,True,
73402114,-13,-1,182,True,
88085761,11,22,490,True,
73403403,-10,12,234,True,
88081667,3,20,4,True,
88212757,-1,2,10,True,
88213262,-2,9,480,True,
239079947,10,14,1135,True,
219678466,-25,36,977,False,
64487938,-12,21,230,True,
239080458,11,13,1135,True,
66587140,0,0,321,True,Kwismas Dungeon - Third Room
239079951,10,16,1136,True,
66589188,0,0,321,True,Kwismas Dungeon
239088904,0,0,1132,True,
239080193,1,11,1133,True,
197658624,-1,-10,915,False,Chokao Temple - Third Room
239082247,4,8,1132,True,
64620806,0,0,230,True,
239085825,0,0,1133,True,
239080726,3,0,1131,True,
64488960,-10,19,230,True,
239081218,3,10,1133,True,
212603916,-26,-50,973,True,
212601861,-29,-55,973,True,
212730626,-34,-60,976,True,
212601354,-31,-51,973,True,
212599296,-33,-59,975,True,
192675840,7,-19,95,False,
192677896,0,0,1036,True,
234618880,4,14,1040,True,
192677888,6,-21,95,False,
192676864,7,-19,95,False,
234620675,7,11,1040,True,
212602890,-28,-52,973,True,
212599301,-34,-55,974,True,
212736002,0,0,1036,True,
234621190,8,8,1040,True,
192808962,0,0,1036,True,
234621700,9,10,1040,True,
212730373,-36,-55,974,True,
212730370,-35,-57,975,True,
234620416,7,14,1040,True,
234750465,3,15,1040,True,
40895488,-10,13,230,True,
212598789,-35,-55,974,True,
212600327,-32,-53,973,True,
212598790,-35,-54,974,True,
234620162,6,12,1040,True,
212599814,-33,-54,973,True,
212599303,-34,-53,974,True,
194777092,-64,-69,902,True,
194773513,0,0,608,True,
212731397,-36,-56,974,True,
234618881,4,15,1040,True,
109315072,-54,-86,786,True,
109316100,-53,-83,786,True,
134484998,0,0,750,True,Goultarminator - Arena C VI
134481928,0,0,750,True,Goultarminator - Arena C IX
109317120,-52,-84,786,True,
109322240,0,0,786,True,
134483974,0,0,750,True,C4 - Goultarminator
134482944,-6,-12,750,False,A3 - Goultarminator
109316102,-53,-82,786,True,
134482952,0,0,750,True,C5 - Goultarminator
134485000,0,0,750,True,C7 - Goultarminator
109320192,0,0,786,True,
128452097,-25,-36,68,False,The Treasure Chest
109314048,-55,-87,786,True,
134480904,0,0,750,True,Goultarminator - Arena C VIII
109317122,-52,-83,786,True,
93323777,0,0,951,False,
93326855,0,0,951,False,
90180608,-55,4,473,False,The Hidden Laboratory - Fourth Room
191106048,6,-19,95,True,
125829635,-5,-54,811,False,Kanigrula's Cave - Banquet Hall
149948416,-11,-16,33,True,
149949440,-8,-13,33,False,
149948420,-5,-15,33,False,
149946368,-5,-13,33,False,Treechnid Forest - Smithmagic Workshop
93325831,0,0,951,False,
149947392,-16,-14,33,False,
125830657,-5,-54,811,False,Kanigrula's Cave - Trap Room
93323779,0,0,951,False,
93323783,0,0,951,False,
149947396,-5,-15,33,False,
90181632,-55,4,473,False,The Hidden Laboratory - Exit
196088328,0,0,916,True,Mineral Tower
196089350,0,0,916,True,Kelba Market
196083716,0,0,916,False,Bonta Palace
196085770,-1,-14,95,False,
196088324,0,0,916,True,Bonta Palace
196084742,0,0,916,False,Puddly Village
196215814,1,-32,916,False,Tainela
196086788,0,0,916,False,Time Abysses
196085776,0,0,916,False,
196086784,0,0,916,False,Brakmar
196089352,0,0,1036,True,
196086786,0,0,916,False,Noximilian's Workshop
196086792,0,0,916,False,Xelor's Clock
196217870,0,0,315,True,
196084746,-24,-49,43,True,Crimson Dawn
196083718,0,0,916,False,Puddly Village
109841923,-71,-88,793,False,Missiz Freezz's Frostforge - Exit
37224448,-16,11,253,True,
104072195,-4,9,277,True,
104202753,-7,7,8,True,
104071937,-5,5,8,True,
104072451,-4,3,276,True,
104072449,-4,5,276,True,
104072450,-4,4,276,True,
104071168,-6,6,8,True,
104072961,-3,5,276,True,
104071682,-5,8,8,True,
104071169,-6,7,8,True,
104071426,-6,4,276,True,
104073218,-2,8,8,True,
104205570,0,0,8,True,
198446084,-82,-15,917,True,
189792776,4,-23,98,True,
198575110,-86,-14,917,True,
221512192,-4,13,1019,True,
34475272,-40,-17,319,False,The Labyrinth of the Minotoror - First Room
198447108,0,0,917,True,Sacrificial Altar
224526848,-1,0,1021,True,
138498,0,0,232,True,
137228,-12,12,253,True,
107224064,-17,8,808,True,Koolich's Lair - Sixth Room
135169,-8,1,232,True,
189793287,5,-24,98,True,
68553218,2,-5,180,True,
198444290,-84,-18,917,True,
198575106,-86,-16,917,True,
113770496,-13,-29,750,True,
88082179,4,20,4,True,
88083204,6,19,4,True,
88082691,5,20,4,True,
88081157,2,18,22,True,
88084234,8,13,4,True,
88081920,4,23,490,True,
88082694,5,17,4,True,
88086786,13,21,103,True,
171444230,-13,41,61,True,
88084236,8,11,481,True,
88086288,12,7,179,True,
88081177,2,-2,10,True,
88085776,11,7,3,True,
88080384,1,23,170,True,
88082180,4,19,4,True,
88215041,-6,24,170,True,
127143428,-13,-29,750,False,Ten Year Tournament - 2F
66585092,0,0,321,True,Kwismas Dungeon - First Room
73400837,-15,6,235,True,
73400838,-15,7,235,True,
73533956,-21,5,235,True,
66586112,-32,-89,321,False,Kwismas Dungeon - Second Room
239087621,0,0,1134,True,
234750464,3,14,1040,True,
73403918,-9,15,234,True,
73402627,-12,-2,235,True,
127143434,-13,-29,750,False,Ten Year Tournament - 2L
239081984,4,12,1133,True,
64489222,-10,13,230,True,
239080707,2,9,1133,True,
239080724,3,1,1131,True,
73404430,-8,15,234,True,
64487936,-12,19,230,True,
64487937,-12,20,230,True,
22284290,-55,-4,474,False,Hold of Otomai's Ark - Fifth Room
234620417,7,15,1040,True,
197660672,-1,-10,915,False,Chokao Temple - Fifth Room
160172032,34,3,93,False,
22283266,-55,-4,474,False,Hold of Otomai's Ark - Fourth Room
212731910,-37,-55,974,True,
64489729,-9,18,230,True,
64489221,-10,14,230,True,
212737026,0,0,974,True,
64489220,-10,15,230,True,
22282242,-55,-4,474,False,Hold of Otomai's Ark - Third Room
212600841,-32,-52,973,True,
234753281,0,18,1047,True,Season Simulator
160171008,34,4,167,False,
212598786,-34,-57,975,True,
212602376,-29,-53,973,True,
212601864,-30,-53,973,True,
40896770,-13,19,230,True,
212601349,-30,-55,973,True,
212599298,-33,-57,975,True,
234625538,17,16,1036,True,
212600325,-32,-55,973,True,
194775042,-66,-70,902,True,
212599810,-32,-57,975,True,
212600837,-31,-55,973,True,
212600320,-31,-59,975,True,
212599299,-33,-56,975,True,
212731137,-35,-59,976,True,
234621702,9,8,1040,True,
234621698,9,12,1040,True,
234619905,6,15,1040,True,
194774276,-67,-71,902,False,
194776068,-65,-69,902,True,
194776070,-65,-68,902,True,
194776322,-65,-72,902,True,
194777094,-64,-68,902,True,
194778114,-63,-70,902,True,
194776064,-65,-71,902,True,
234627842,0,0,1040,True,
194778116,-63,-69,902,True,
194772996,-70,-69,605,True,
234620673,7,13,1040,True,
234752517,0,18,1047,True,
194779140,0,0,902,True,
194772992,-68,-71,902,True,
234627586,0,0,1040,True,
192021509,-2,5,95,False,
4460546,0,-8,2,False,
191106052,6,-17,95,True,
125829639,0,0,811,True,Kanigrula's Cave - Trap Room
4456448,-1,-4,2,False,
4457474,-6,-8,2,False,
4588551,0,0,2,True,
4456450,-2,-7,2,False,
191106050,6,-18,95,True,
191105024,5,-19,95,True,
196089360,0,0,916,True,
4588545,0,0,2,True,
4588549,0,0,2,True,
191104008,0,0,95,True,
4460544,1,-8,2,False,
191102984,0,0,95,True,
196085766,0,0,916,False,Kelba Market
196216844,-4,26,315,True,
109842951,-71,-88,793,True,Missiz Freezz's Frostforge
196215820,-4,25,315,True,
196083720,0,0,916,False,Mineral Tower
196084736,0,0,916,False,Aguabrial's Cavern
196089344,0,0,916,True,Brakmar
196083724,0,0,921,True,
104205314,0,0,8,True,
196085760,0,0,916,False,Brakmar
196085768,0,0,916,False,Xelor's Clock
196217868,-4,26,315,False,
135528448,-11,-50,518,True,
196089348,0,0,916,True,Time Abysses
109841921,-71,-88,793,False,Missiz Freezz's Frostforge - Fourth Room
37224451,-15,10,253,True,
104072193,-4,7,8,True,
104071683,-5,9,277,True,
104072710,-3,12,277,True,
104071938,-5,4,276,True,
104071939,-5,3,276,True,
104205572,0,0,8,True,
104072706,-3,8,8,True,
104072962,-3,4,276,True,
104072194,-4,8,8,True,
104072192,-4,6,8,True,
104071425,-6,5,8,True,
104073221,-2,11,277,True,
104205316,0,0,8,True,
104072963,-3,3,276,True,
104072709,-3,11,277,True,
126092573,-3,-58,519,True,
54166858,-66,-74,611,True,
147587586,-22,-54,70,True,
54166332,-65,-60,604,True,
54165816,-64,-56,615,True,
54162234,-57,-58,604,True,
54174508,-81,-44,601,True,
54162235,-57,-59,604,True,
54171440,-75,-48,602,True,
54172972,-78,-44,601,True,
54168372,-69,-52,615,True,
54176032,0,0,600,True,
54164785,-62,-49,604,True,
54169397,-71,-53,604,True,
54166357,-65,-85,610,True,
54162750,-58,-62,604,True,
126095642,3,-55,519,True,
54169389,-71,-45,602,True,
126224154,-8,-55,519,True,
54178089,-88,-41,602,True,
54171937,-76,-33,600,True,
54165310,-63,-62,604,True,
54162771,-58,-83,609,True,
54165819,-64,-59,604,True,
147590666,-16,-46,70,True,
54165832,-64,-72,611,True,
54156589,0,0,652,True,
54153558,0,0,611,True,
54164798,-62,-62,604,True,
54172494,-77,-78,606,True,
54169897,-72,-41,601,True,
54164807,-62,-71,611,True,
54155594,0,0,604,True,
54166838,-66,-54,615,True,
156238848,-6,-44,56,True,
54168888,-70,-56,604,True,
54171432,-75,-40,601,True,
54174024,-80,-72,603,True,
54162762,-58,-74,609,True,
54161226,-55,-74,609,True,
54170911,-74,-31,602,True,
54168354,-69,-34,602,True,
54168870,-70,-38,602,True,
54165315,-63,-67,608,True,
54170411,-73,-43,601,True,
126094088,0,-37,178,True,
54165811,-64,-51,604,True,
205129731,0,0,941,True,
54164787,-62,-51,604,True,
54178121,0,0,603,True,
54171463,-75,-71,603,True,
54169429,-71,-85,610,True,
232001538,0,0,1036,True,
54163781,-60,-69,608,True,
54174535,-81,-71,603,True,
54169942,-72,-86,610,True,
54162253,-57,-77,609,True,
147589637,-18,-51,70,True,
54165307,-63,-59,615,True,
54169387,-71,-43,602,True,
123996675,31,-12,817,True,
147588619,-20,-45,70,True,
54171437,-75,-45,601,True,
54167349,-67,-53,615,True,
156239360,-5,-44,56,True,
54157634,0,0,602,True,
54169416,-71,-72,608,True,
54182225,0,0,610,True,
54162248,-57,-72,609,True,
126091551,-5,-60,519,True,
126091548,-5,-57,519,True,
147590154,-17,-46,70,True,
54167355,-67,-59,604,True,
54172453,-77,-37,600,True,
123995653,30,-11,817,True,
54172495,-77,-79,606,True,
54169383,-71,-39,602,True,
54169889,-72,-33,602,True,
54171952,-76,-48,602,True,
54162761,-58,-73,609,True,
54169386,-71,-42,602,True,
54163775,-60,-63,604,True,
156239364,-5,-40,56,True,
54166842,-66,-58,604,True,
54170414,-73,-46,602,True,
54164288,-61,-64,604,True,
173278722,16,-58,872,True,
126092549,-3,-34,178,True,
54164788,-62,-52,604,True,
54177580,-87,-44,602,True,
54167380,-67,-84,610,True,
54171975,-76,-71,603,True,
54166851,-66,-67,608,True,
54162757,-58,-69,604,True,
156241409,-1,-43,56,True,
54168353,-69,-33,602,True,
126092550,-3,-35,178,True,
54168388,-69,-68,608,True,
54170927,-74,-47,602,True,
54166338,-65,-66,608,True,
54170953,-74,-73,603,True,
54171436,-75,-44,601,True,
54172462,-77,-46,601,True,
126092571,-3,-56,519,True,
54160172,-53,-44,652,True,
54177070,-86,-46,602,True,
204999172,22,-19,941,True,
54161227,-55,-75,609,True,
54172965,-78,-37,600,True,
54161218,-55,-66,604,True,
54167846,-68,-38,602,True,
54171433,-75,-41,601,True,
232000772,0,0,1036,True,
173280261,0,0,874,True,
126092567,-3,-52,519,True,
54157630,0,0,601,True,
54166835,-66,-51,604,True,
54163266,-59,-66,604,True,
54165319,-63,-71,611,True,
54174512,-81,-48,602,True,
54176555,-85,-43,601,True,
54169399,-71,-55,604,True,
147588103,-21,-49,70,True,
54168872,-70,-40,602,True,
54168877,-70,-45,602,True,
126093589,-1,-50,519,True,
54163796,-60,-84,609,True,
68421634,11,-5,1,True,
121373190,0,0,82,True,Royal Gobball's Court - First Room
131860993,2,-4,821,True,
153889030,0,0,778,True,
215744782,-22,33,980,False,
68421637,11,-2,1,True,
153602,-44,2,451,True,
99754753,0,0,163,True,
26738692,0,0,783,True,Lair of the Kralove - First Room
75498759,-18,-10,231,True,
215744772,-22,33,980,False,
185860608,-5,-9,2,True,
172361224,-35,37,280,True,
68419587,7,-4,1,True,
159257,-55,25,453,True,
99747587,21,-13,163,True,
206307331,19,-28,951,True,
120064003,3,-32,30,True,
159123462,-13,-58,1038,True,Lord Crow's Library - Fifteenth Room
159121408,-15,-61,1038,False,Lord Crow's Library - First Room
106693130,21,-10,163,True,
230690309,-13,-29,1123,False,C27 - Kwismas (Teams)
230689293,-13,-29,1123,False,C49 - Koalaks (Teams)
172491265,-18,16,71,True,
172491782,-17,21,71,True,
230691339,-13,-29,1123,False,C39 - Wukang (Duel)
106694160,23,-14,164,False,
159122432,-14,-61,1038,True,Lord Crow's Library - Second Room
14160908,0,0,976,True,
159125516,0,0,1036,True,
106698246,23,-6,161,True,
230698503,-13,-29,1123,False,C33 - Crocuzko (Duel)
230687237,-13,-29,1123,False,C23 - Dragon Pig I (Teams)
212074498,1,-1,966,True,Ecaflip City (Square of Fame)
131335168,-5,-10,826,True,
212206592,0,0,970,False,Ecaflip City (Night Club)
59246594,0,0,32,True,
230691343,0,0,1123,False,C51 - Solary (Duel)
230692361,-13,-29,1123,False,C40 - Bonta (Teams)
233046274,0,0,1035,False,
212077570,4,-3,966,True,Ecaflip City (Main Square)
172492294,-16,21,71,True,
230696457,-13,-29,1123,False,C44 - Ephedrya (Teams)
230693387,-13,-29,1123,False,C41 - Brakmar (Duel)
212206594,0,0,966,True,Ecaflip City (Music Square)
59245568,-58,-83,609,False,
87033352,0,0,516,True,Skeleton Dungeon
131335170,-5,-9,826,True,
175639555,10,-75,881,True,
230699529,-13,-29,1123,False,C52 - Gargandyas (Teams)
172490755,-19,18,71,True,
230689287,-13,-29,1123,False,C26 - Cemetery (Duel)
62134796,0,0,752,True,
230693379,-13,-29,1123,False,C17 - Sidimote I (Duel)
230690311,-13,-29,1123,False,C27 - Kwismas (Duel)
131336192,-4,-10,826,True,
120062466,0,-33,30,True,
172492806,-15,21,71,True,
155716614,0,0,213,True,Moowolf Lair - Fourth Room II
230694409,-13,-29,1123,False,C42 - Belladonna (Teams)
230696451,-13,-29,1123,False,C20 - Ohwymi (Duel)
136840192,8,8,831,False,Toxoliath's Cave - Egg Room
62129664,-63,-75,753,True,
62134792,-63,-75,752,False,Bearbarian Antichamber - Fifth Room
112723457,-61,-90,787,True,
62130690,-63,-75,753,True,
136839168,8,8,831,False,
55836672,-64,-55,615,False,
62130692,-63,-75,753,True,
62129668,-63,-75,753,True,
219547652,-30,36,982,True,
179180812,-9,24,517,False,
155714566,0,0,213,True,Moowolf Lair - Second Room
62131714,-63,-75,753,True,
112723459,-63,-91,787,True,
168037380,0,0,525,True,
55837188,0,0,615,True,
208667648,26,-30,946,False,Damadrya's Bamboo Grove - Second Room
172492293,-16,20,71,True,
208668672,26,-30,946,False,Damadrya's Bamboo Grove - Third Room
62132744,-63,-75,752,False,Bearbarian Antichamber - Third Room
226493953,33,-84,1023,False,Forgelance Temple
84805891,-4,-25,178,True,
120062469,0,-30,30,True,
118229252,21,7,800,False,Dramak's Theatre - Backstage 2
219414536,-26,39,978,True,
120193541,-2,-30,30,True,
172492802,-15,17,71,True,
62129922,-63,-75,753,True,
226494982,0,0,1023,True,Oath Table
168035328,-23,-27,525,False,
118232064,21,7,800,False,Dramak's Theatre - Exit
137103360,8,-4,832,False,Throne Room of the Dark Court - Exit
62260994,0,0,753,True,
226624513,0,0,1023,True,Forgelance Temple
219415040,-25,34,977,True,
84806917,-6,-27,178,True,
120061955,-1,-32,30,True,
202899460,-16,-43,935,True,Vision of the Cania Peaks
211814400,2,0,959,False,Imagiro's Memory - The Dofus
211812352,2,0,959,False,Imagiro's Memory - The Crossroads
28184069,0,0,468,True,
197132298,-2,-6,912,True,
175769604,0,0,881,True,
202899464,15,-20,934,False,
120193540,-2,-31,30,True,
155976714,-13,-49,69,True,
28049666,-55,14,469,True,
120195591,0,0,30,True,
197132288,-2,-11,912,True,
84805899,0,0,178,True,
175642628,8,-75,881,True,
28049921,-54,16,468,True,
197264392,-3,-7,912,True,
180617216,-15,27,517,False,
155976713,-13,-50,69,True,
120195585,0,0,30,True,
175643652,10,-73,881,True,
175638532,13,-75,881,True,
202899459,-16,-44,935,True,Vision of the Cania Peaks
84805380,-3,-26,178,True,
175636482,11,-76,881,True,
84806918,-6,-28,178,True,
175638530,13,-76,881,True,
28182019,-54,17,468,True,
28051968,-50,15,468,True,
180617218,-21,14,526,False,
175641601,13,-74,881,True,
28050432,-53,15,468,True,Zoth Village Gate
175636480,11,-77,881,True,
76024578,5,-2,182,False,
28184321,0,0,468,True,
180879874,-34,43,887,True,
175642624,9,-77,881,True,
180617220,-19,35,280,False,
120195841,0,0,30,True,
175644674,13,-72,881,True,
106954752,-3,-7,243,False,Crackler's Rocky Peaks - First Room
155975680,-15,-59,69,True,
120062467,0,-32,30,True,
203032068,0,0,935,True,Vision of the Cania Peaks
28184323,0,0,468,True,
183242240,21,-13,163,False,
28051456,-51,15,468,True,
180620294,-24,24,57,False,
183371264,0,0,1036,True,
106959884,0,0,243,True,Crackler's Rocky Peaks - Sixth Room
106956812,0,0,243,True,Crackler's Rocky Peaks - Third Room
197132290,-2,-10,912,True,
120061956,-1,-31,30,True,
171705346,-26,-9,522,True,
28051970,-50,17,468,True,
167511042,-14,16,71,False,
155975684,-15,-55,69,True,
106956800,-3,-7,243,False,Crackler's Rocky Peaks - Third Room
197266442,0,0,912,True,
28049412,-54,18,468,True,
202899972,-15,-43,935,True,Vision of the Cania Peaks
180619264,-29,6,526,False,
28184065,0,0,468,True,
155977728,-11,-59,69,True,
202899462,0,0,937,False,
106960908,0,0,243,True,Crackler's Rocky Peaks
28050945,-52,16,468,True,
106960896,-3,-7,243,False,Crackler's Rocky Peaks - Seventh Room
84805378,-3,-24,178,True,
106955788,0,0,243,True,Crackler's Rocky Peaks - Second Room
202899715,0,0,935,True,Vision of Eltneg Wood
171705861,-25,-6,522,True,
155976194,-14,-57,69,True,
190578694,3,-8,173,True,
171705856,-25,-11,522,True,
202901506,-1,-56,935,True,Vision of the Kanig Village
180880387,-33,44,887,True,
202903042,0,0,935,True,Vision of the Kanig Village
106434562,-3,-4,913,False,Waddict Foundry - Exit
189661709,-3,-16,97,True,
59508746,0,0,622,True,
153878787,0,-3,450,True,
159649805,-25,-52,43,True,
60037124,-72,-69,605,True,
240518147,16,19,1119,True,
110893572,-57,-72,785,True,
110895617,0,0,785,True,
169349120,27,26,871,False,Koutoulou's Temple - Final Room
153885954,0,0,20663,True,
185860098,-6,-7,2,True,
107226112,-17,8,223,False,Koolich Cavern - Fourth Room
144966656,4,6,836,True,
173540354,15,-63,873,True,
49020931,2,21,170,False,
171966476,-27,6,526,True,
170133512,23,24,32,False,
205784064,2,-34,82,False,Royal Gobball's Court
155976706,-13,-57,69,True,
101452295,-4,-24,178,False,Spring Room
205392129,0,0,944,True,
85465093,-21,-5,231,False,
171967508,-25,14,526,True,
170136582,0,0,32,True,
205786138,7,-3,853,False,Ush's Plateau
205783052,-61,-70,624,False,Kolosso's Caverns
99091969,4,1,10,False,
205787138,-61,-79,794,False,The Count's Dungeon - Klime's Balcony
167247875,-31,-17,334,True,
101451522,0,0,178,True,
205261569,27,-27,944,True,
190054915,9,-26,335,True,
101452291,-4,-24,178,False,Spring Room
174983174,0,0,1036,True,
165150736,-16,-19,54,True,
101453321,-4,-24,178,False,Temple of Scriptures
101450247,-4,-24,178,False,Autumn Room
101451267,-4,-24,178,False,Winter Room
174854150,11,-67,878,True,
205260545,25,-27,944,True,
85466117,-21,-5,231,False,
99095043,11,8,3,False,
183243789,0,0,280,True,Hyrkul Cavern
99090951,3,17,4,False,
205260802,26,-24,944,True,
205259777,24,-25,944,True,
171968016,-24,10,526,True,
183240192,11,-77,881,False,
129500160,-5,-5,825,False,King Nidas's Palace - Chest Room
221250821,0,0,9,True,Barrow Summit
171838982,0,0,522,True,
165151748,-14,-31,54,True,
165284876,0,0,54,True,
171968523,-23,5,526,True,
99091973,2,6,482,False,
171967501,-25,7,526,True,
186908672,-10,-29,54,True,
155976198,-14,-53,69,True,
232654349,0,0,12,True,
174855172,12,-68,878,True,
99092993,4,1,10,False,
165154822,-8,-29,54,True,
138150403,8,6,828,False,Tiny Hideout
181669892,0,0,888,True,Magik Riktus Big Top
183242246,-83,-92,625,False,
190054404,8,-25,335,True,
165151248,-15,-19,54,True,
146146566,0,0,1036,True,
171704837,-27,-6,522,True,
171705347,-26,-8,522,True,
171706886,-23,-5,522,True,
171706368,-24,-11,522,True,
171966991,-26,9,526,True,
171966480,-27,10,526,True,
165153294,-11,-21,54,True,
171707395,-22,-8,522,True,
167248393,-30,-11,334,True,
171707392,-22,-11,522,True,
190055942,11,-23,335,True,
165153806,-10,-21,54,True,
165154561,-9,-36,54,True,
172098571,-29,5,526,True,
232654343,0,0,12,True,
171707398,-22,-5,522,True,
171706372,-24,-7,522,True,
171968522,-23,4,526,True,
177210626,8,-67,878,False,Ouginak Temple
172098062,-28,8,526,True,
172098568,-29,2,526,True,
101974016,5,3,485,False,
171707906,-21,-9,522,True,
181670912,-22,12,888,False,Magik Riktus Big Top - Exit
220728839,0,0,1016,True,Long Slumber's Barrow - Crypt of Memory
167379974,-33,-14,334,True,
232653317,0,0,490,True,
181665792,-22,12,888,False,Magik Riktus Big Top - First Room
171969041,-22,11,526,True,
155976707,-13,-56,69,True,
167381514,-36,-10,334,True,
116392450,24,-13,537,False,Wa Wabbit's Castle - Throne Room
232654351,0,0,12,True,
171966983,-26,1,526,True,
165151752,-14,-27,54,True,
221250562,-3,19,9,True,Barrow Summit
165152514,-13,-37,54,True,
165153283,-11,-32,54,True,
190054912,9,-29,335,True,
177210368,8,-67,878,False,Ouginak Temple
155976197,-14,-54,69,True,
190054914,9,-27,335,True,
116393474,24,-13,537,False,Wa Wabbit's Castle - Exit
174850048,7,-70,878,True,
116394503,0,0,537,True,Wa Wabbit's Castle - Third Room
117706767,22,30,806,True,Sunktuary - Abyss Rooms
116394496,24,-13,537,False,Wa Wabbit's Castle - Third Room
116392448,24,-13,537,False,Wa Wabbit's Castle - First Room
116393472,24,-13,537,False,Wa Wabbit's Castle - Second Room
221252608,-5,19,9,False,
181669888,-22,12,888,False,Magik Riktus Big Top - Fifth Room
220729859,-3,19,1016,False,Long Slumber's Barrow - Chamber of Evil
177212674,0,0,878,True,Ouginak Temple
221252869,0,0,9,True,Amber Prison
114427393,0,0,816,True,
220727809,-3,19,1016,False,Long Slumber's Barrow - Crypt of Flames
116393479,0,0,537,True,Wa Wabbit's Castle - Second Room
116395527,0,0,537,True,Wa Wabbit's Castle - Fourth Room
221382144,0,0,175,True,Crobak Clearing
95162881,9,1,180,False,
165154317,-9,-22,54,True,
221251595,0,0,9,True,
174854148,11,-68,878,True,
190187523,0,0,335,True,
190187525,0,0,335,True,
165154304,-9,-35,54,True,
114297347,-32,-8,62,False,
167248389,-30,-15,334,True,
181666820,0,0,888,True,Magik Riktus Big Top - Second Room
220725761,-3,19,1016,False,Long Slumber's Barrow - Church
174855176,12,-66,878,True,
155976200,-14,-51,69,True,
221252610,-3,19,9,False,Amber Prison
221251586,-3,19,9,False,Amber Prison
221251588,-2,17,9,False,
117705224,24,19,804,True,Sunktuary - Splash Zone
95161859,7,3,180,False,
95163905,11,1,180,False,
155977225,-12,-50,69,True,
167250951,0,0,334,True,
95160833,5,1,180,False,
95162883,9,3,180,False,
155977729,-11,-58,69,True,
114427397,0,0,816,True,
167379458,-32,-18,334,True,
95160837,5,5,180,False,
155976710,-13,-53,69,True,
95159817,3,9,180,False,
193200646,11,-16,96,True,
114296321,-32,-8,62,False,
178784258,-23,21,57,False,Canem Cave
161303,-59,23,453,True,
147720194,0,0,70,True,
182978568,-27,22,896,True,
147325952,25,28,32,False,Strange Sanctuary
168560656,27,34,868,True,
136317698,-39,-11,210,False,Antechamber
147324928,25,28,32,False,Undersea Cave
111411715,-65,-76,616,False,
182977548,-29,26,896,True,
233317378,0,0,885,True,20 - Ohwymi (Duel)
168558598,25,29,867,True,
179831810,-14,27,517,True,
147326976,25,28,32,False,Strange Sanctuary
182978569,-27,23,896,True,
233320458,0,0,885,True,52 - Gargandyas (Duel)
208145414,0,0,947,True,Valley of the Lady of the Water - Fourth Room
22545408,-55,-4,461,False,
240386054,18,22,1119,True,
134915,-7,-3,232,True,
233317386,0,0,885,True,44 - Ephedrya (Duel)
233320454,0,0,885,True,34 - Pandawa (Duel)
136446468,0,0,523,True,
60035076,-76,-69,605,True,
182978571,-27,25,896,True,
233308162,0,0,885,True,11 - Cracklers (Duel)
240517639,17,23,1119,True,
160259,-57,3,453,True,
168559632,26,34,868,True,
140298,-18,10,253,True,
157718,-52,22,454,True,
233313286,0,0,885,True,28 - Ecaflip City (Duel)
161281,-59,1,453,True,
54526978,2,2,601,False,
54532125,-79,-46,601,False,
233315328,0,0,1122,True,18 - Sidimote II (Teams)
54531103,-82,-42,601,False,
54539297,0,0,601,True,
135267843,6,8,828,True,
218892294,0,0,1010,True,Black Rat's Moumousetrap - Third Room
153880325,3,-5,445,True,
240388100,22,20,1119,True,
198970374,0,0,325,True,
54532119,-72,-40,601,False,
233320456,0,0,1122,True,52 - Gargandyas (Teams)
159650306,-24,-63,43,True,
161290,-59,10,453,True,
218103810,0,2,970,False,Pantheon of Sidekicks
54534154,16,10,601,False,
54528033,4,33,601,False,
208146434,22,-24,947,False,Valley of the Lady of the Water - Exit
240386563,19,19,1119,True,
54526995,2,19,601,False,
232004608,0,0,466,True,
54534173,-78,-43,601,False,
218893312,-28,37,1010,False,Black Rat's Moumousetrap - Fourth Room
54532123,-76,-40,601,False,
54535191,-77,-42,601,False,
54531097,-75,-38,601,False,
112460037,-59,-84,789,True,
150213636,-4,-12,169,True,
189925379,0,0,98,True,
157697,-52,1,453,True,
139463175,-16,-38,521,True,
240386051,18,19,1119,True,
112467209,0,0,789,True,
54527236,-76,-34,1115,False,Activity Room
159651329,-22,-64,43,True,
158214,-53,6,454,True,
150214662,-4,-12,169,True,
150213634,-4,-12,169,False,
153889792,0,0,445,True,
54529036,6,12,601,False,
158745,-54,25,453,True,
161484034,-11,-18,857,True,
112461066,-58,-86,789,True,
189794824,8,-23,98,True,
60040193,0,0,605,True,
156762627,27,8,93,True,
189532162,2,-27,97,True,
54536225,-79,-42,601,False,
159647746,-29,-63,43,True,
54534161,-76,-42,601,False,
54537249,-79,-42,601,False,
169347079,0,0,871,True,Koutoulou's Temple - Third Room
54533132,14,12,601,False,
161538,-59,-2,457,True,
203426816,4,0,932,False,Judgement of the Scales - Fourth Room
157700,-52,4,453,True,
54527009,2,33,601,False,
54525959,0,7,601,False,
54533137,-76,-42,601,False,
54536209,-76,-42,601,False,
54531087,-74,-33,601,False,
133169152,-11,-43,523,True,
54531079,10,7,601,False,
110100480,-52,-87,791,False,Sylargh's Carrier - First Room
138240,0,0,232,True,
133891,-5,-3,232,True,
54533130,14,10,601,False,
137225,-12,9,253,True,
54532115,-83,-44,601,False,
26084354,0,0,54,True,
240387587,21,19,1119,True,
54531105,-74,-42,601,False,
159650316,-24,-53,43,True,
60035592,-75,-65,605,True,
54531077,10,5,601,False,
60032516,-81,-69,605,True,
54525952,0,0,601,False,
150208516,-4,-12,169,True,
135272451,0,0,828,True,
54525969,0,17,601,False,
110101510,-52,-87,791,True,Sylargh's Carrier - Second Room
54531091,-83,-44,601,False,
145098752,1,6,836,True,
54525987,0,35,601,False,
54530050,8,2,601,False,
54525964,0,12,601,False,
54536221,-78,-43,601,False,
54535204,0,0,601,True,
54528007,4,7,601,False,
54526981,2,5,601,False,
110101506,-52,-87,791,False,Sylargh's Carrier - Sylargh's Room
54527011,2,35,601,False,
156898820,0,0,1036,True,
150210564,-4,-12,169,True,
54536217,-77,-44,601,False,The Silver Tavern
153600,-44,0,451,True,
133170178,-10,-43,523,True,
203423750,0,0,932,True,Judgement of the Scales - First Room
216402696,-34,-58,1011,True,
240387076,20,20,1119,True,
54529284,-76,-34,1115,False,
54534156,16,12,601,False,
173670913,12,-64,873,True,
54526993,2,17,601,False,
143138823,7,3,839,False,Fraktal's Megalith - Stone Circle
133431296,-1,-42,56,True,
144971776,0,0,836,True,
152594,0,0,466,True,
54525957,0,5,601,False,
54528019,4,19,601,False,
149773,0,0,209,True,
60031491,-83,-70,605,True,
159652870,0,0,43,True,
110890497,-59,-72,785,True,
161484040,-11,-21,857,True,
54525971,0,19,601,False,
104597001,0,0,284,True,Bwork Dungeon
54526988,2,12,601,False,
54529053,6,29,601,False,
54531084,10,12,601,False,
110101512,-52,-87,791,True,Sylargh's Carrier
54529059,6,35,601,False,
161795,-60,3,453,True,
54525975,0,23,601,False,
150210562,-4,-12,169,False,
54536207,-76,-42,601,False,
54525985,0,33,601,False,
59507722,0,0,622,True,
54532127,-77,-45,601,False,
110103558,-52,-87,791,True,Sylargh's Carrier - Third Room
144968704,6,6,836,True,
133432578,-1,-42,56,True,
135400963,0,0,828,True,
26084352,-14,-32,54,False,
240517637,17,21,1119,True,
150209538,-4,-12,169,False,
203427846,0,0,932,True,Judgement of the Scales
60033539,-79,-70,605,True,
135268869,7,9,828,True,
84541953,-7,25,23,True,
142090250,-22,-40,68,True,
237771808,0,0,904,True,
237776954,0,0,904,True,
237778976,0,0,1036,True,
189661706,-3,-19,97,True,
174065664,15,-65,876,False,El Piko's Cave - Second Room
237773882,0,0,904,True,
237897788,0,0,904,True,
237778978,0,0,1036,True,
237902893,0,0,904,True,
237765640,0,0,904,True,
237896749,0,0,904,True,
237772832,0,0,904,True,
237768730,0,0,904,False,
237898771,0,0,904,True,
112204293,-59,-89,794,False,The Count's Dungeon - Missiz Freezz's Balcony
219941896,0,0,1015,True,Long Descendre
85983746,-37,-87,757,False,
180879362,-35,43,887,True,
219940864,4,0,971,True,
171707396,-22,-7,522,True,
66323460,0,0,760,True,Father Kwismas's House - Second Room
85986816,-32,-86,320,False,Kwismas Workshops
190581250,8,-12,173,True,
155975694,-15,-45,69,True,
219940355,3,3,971,True,
219940354,3,2,971,True,
220333314,-32,-59,975,False,
112204295,-59,-89,794,False,The Count's Dungeon - Nileza's Balcony
219939850,0,0,1014,True,Archipelago of Destroyers
180620292,-24,23,57,False,
112199175,-59,-89,794,True,The Count's Dungeon - Banquet Hall
87819781,13,-2,1,False,
224922626,13,-10,1,True,
87820801,8,-4,1,False,
23068934,-53,13,462,False,
66325508,0,0,760,True,Father Kwismas's House - Fourth Room
147196162,0,0,843,True,
72094728,6,37,200,False,
87819779,11,-1,1,False,
112204545,-59,-89,794,False,The Count's Dungeon - Sylargh's Balcony
155977220,-12,-55,69,True,
87820805,11,-5,1,False,
112203269,-59,-89,794,False,The Count's Dungeon - Missiz Freezz's Balcony
171966477,-27,7,526,True,
190579717,5,-9,173,True,
87818753,12,-1,1,False,
139201536,0,5,833,True,
72092672,4,33,200,False,
220203008,4,0,975,True,
205786124,39,-44,954,False,Spirit Abode
165154819,-8,-32,54,True,
72089604,0,0,200,True,
139200518,0,6,833,True,
23068931,-53,13,462,False,
205783056,-70,-81,793,False,Missiz Freezz's Frostforge
220332802,-32,-59,975,False,
172098572,-29,6,526,True,
190581766,9,-8,173,True,
190056961,13,-28,335,True,
72093702,5,36,200,False,
171705857,-25,-10,522,True,
139202562,-2,5,833,False,
150733824,-9,-9,33,False,
171967507,-25,13,526,True,
72089606,0,0,200,True,
190056452,12,-25,335,True,
171706882,-23,-9,522,True,
108794368,-61,-72,785,True,
205787158,36,-44,953,False,Shogun Tofugawa's Tomb
182717444,0,0,890,True,Forfut Manor - Fourth Room
190579202,4,-12,173,True,
182718468,0,0,890,True,Forfut Manor
171966994,-26,12,526,True,
205916418,-9,-14,175,False,Ancestral Domain
90439680,0,0,1,False,
165152262,-13,-29,54,True,
171969044,-22,14,526,True,
90443264,7,0,1,False,
224923648,22,-81,1029,True,
149164032,-6,-15,844,False,Lair of the Rac Queen - Fourth Room
155975685,-15,-54,69,True,
108928783,-67,-92,787,True,
205916174,33,4,846,False,LeChouque's Boat
149166080,-6,-15,844,False,Lair of the Rac Queen - Exit
108789760,-67,-77,616,True,
205916186,-84,-16,918,False,Turtelonia's Sanctuary
108791296,-65,-76,616,True,
205785346,-48,-82,899,False,Bethel's Tower
171705352,-26,-3,522,True,
149164038,0,0,1036,True,
149159936,-6,-15,844,False,Entrance to the Lair of the Rac Queen
108922127,0,0,786,True,
165151757,-14,-22,54,True,
108922121,0,0,788,True,
205915148,-63,-86,792,False,Klime's Private Suite
108922368,-68,-78,616,True,
108793118,-52,-87,786,True,
108794627,-60,-73,785,True,
149163014,0,0,844,True,
108794630,-59,-74,785,True,
171708417,-20,-10,522,True,
108794633,-58,-75,785,True,
171967495,-25,1,526,True,
108010241,0,0,788,True,
108790022,0,0,785,True,
172098066,-28,12,526,True,
174853126,10,-67,878,True,
236978176,24,23,1044,False,Bzmblzbzzbz Khzkkpoznzbz
108004876,-71,-83,788,True,
108790040,-56,-87,786,True,
205915144,11,28,77,False,The Jellith Dimension - Royal Blue Jelly
108791579,-54,-87,786,True,
108796181,-51,-80,786,True,
113246725,-60,-69,785,True,
113252867,0,0,785,True,
171708418,-20,-9,522,True,
108797708,-55,-74,785,True,
108004873,-71,-84,788,True,
108009481,-68,-86,788,True,
171966483,-27,13,526,True,
108794651,-52,-85,786,True,
205788190,32,-64,1028,False,Bitter-Hammers' Stronghold
155976196,-14,-55,69,True,
108797717,-50,-79,786,True,
113247747,-58,-72,785,True,
108925440,-73,-84,788,True,
205260291,25,-23,944,True,
205788164,26,-30,946,False,Damadrya's Bamboo Grove
165155332,-7,-31,54,True,
205783062,-32,-89,321,False,Kwismas Dungeon
171967496,-25,2,526,True,
108925717,-63,-93,787,True,
205787160,-75,-75,621,False,Snowfoux Den
205786128,-27,17,756,False,Brumen Tinctorias's LaboRATory
165151760,-14,-19,54,True,
187957506,-31,15,898,False,Solar's Tower - First Room
190054403,8,-26,335,True,
205784080,13,-28,336,False,Sandy Castle
236980224,24,23,1044,False,Qzzznbz Khambzrbz
205783044,-68,30,884,False,Count Razof's Camp
108006412,-70,-84,788,True,
187957510,-31,15,898,False,Solar's Tower - Fourth Room
187957248,-31,15,898,False,Solar's Tower - Third Room
187959560,0,0,898,True,Solar's Tower
171969040,-22,10,526,True,
108012289,0,0,788,True,
205786132,8,-4,832,False,Throne Room of the Dark Court
205915142,19,26,870,False,Dantinea's Palace
205785118,-5,3,1018,False,Gob Akademy - Director Grunob's Office
205787394,-7,-43,493,False,Blop Fields - Royal Morello Cherry Blop Room
205786116,-2,25,325,False,Crocabulia's Lair
205916166,22,-24,947,False,Valley of the Lady of the Water
205916162,10,15,516,False,Skeleton Dungeon
205915156,-10,22,803,False,Cursed Araknas Temple
101451269,-4,-24,178,False,Winter Room
174983170,0,0,1036,True,
108004870,-71,-85,788,True,
205788170,-3,25,919,False,Kharnotaurus's Lair
205788174,-23,0,213,False,Moowolf Lair
205259780,24,-22,944,True,
205785098,3,-17,842,False,Kickroach's Lair
182456320,-10,22,803,False,Cursed Araknas Temple - Araknas Altar
205785104,29,6,847,False,Moon's Tree
205783040,-13,-41,702,False,Haunted House
171706884,-23,-7,522,True,
205259265,23,-25,944,True,
205916160,-7,-43,796,False,Royal Rainbow Blop Lair
108007948,-69,-85,788,True,
205786112,-5,10,284,False,Bwork Dungeon
172100621,0,0,526,True,
85462531,-21,-5,231,False,
108007945,-69,-86,788,True,
205785102,-3,-4,913,False,Waddict Foundry
88083714,7,21,4,True,
88216845,0,0,482,True,
88082198,4,1,10,True,
88213782,-3,1,480,True,
88216579,0,0,4,True,
88213783,-3,0,2,True,
88083722,7,13,4,True,
88214295,-4,0,480,True,
88086793,13,14,103,True,
88086284,12,11,481,True,
88086274,12,21,103,True,
88214297,-4,-2,2,True,
88082191,4,8,5,True,
88212756,-1,3,10,True,
88213272,-2,-1,10,True,
88082693,5,18,4,True,
88080650,1,13,22,True,
88217880,0,0,485,True,
234625796,17,10,1036,True,
171445760,-10,35,61,True,
73401859,-13,4,182,True,
88081175,2,0,10,True,
73404939,-7,12,234,True,
190842373,0,-9,102,True,
171442182,-17,41,61,True,
88081665,3,22,170,True,
88217886,0,0,485,True,
234620677,7,9,1040,True,
171444224,-13,35,61,True,
88083725,7,10,5,True,
73403920,-9,17,234,True,
73533444,-20,5,235,True,
216929801,0,0,1036,True,
88080389,1,28,170,True,
216795656,-21,37,985,False,
73533958,-21,7,235,True,
30803970,0,0,11,True,
216793610,-24,38,985,True,
171443718,-14,41,61,True,
73401601,-14,0,182,True,
239080705,2,11,1133,True,
171443200,-15,35,61,True,
73533957,-21,6,235,True,
73405452,-6,13,234,True,
73404940,-7,13,234,True,
73533954,-21,3,235,True,
30672646,1,32,779,False,
171445761,-10,36,61,True,
171445252,-11,39,61,True,
216929797,0,0,1036,True,
73402375,-12,8,235,True,
216924673,-25,34,985,True,
190842880,1,-14,102,True,
30675973,1,32,779,False,
239080454,7,11,1134,True,
73400322,-16,3,182,True,
73532421,-18,6,235,True,
73534469,-22,6,235,True,
30671107,0,33,11,False,
73400836,-15,5,182,True,
73534723,-22,-2,235,True,
216929795,0,0,1036,True,
216926725,-27,36,985,True,
30802951,1,32,11,False,
73532162,-17,-1,182,True,
73532419,-18,4,182,True,
30670857,1,32,11,False,
234623747,17,8,1040,True,Entrance to Gargandyas's Temple
73533187,-19,-2,235,True,
73534465,-22,2,235,True,
190840838,-3,-8,102,True,
30673925,1,32,779,False,
190846464,0,0,102,True,
190847488,0,0,102,True,
190843394,2,-12,102,True,
239081229,4,3,1131,True,
239080712,3,6,1132,True,
73403917,-9,14,234,True,
190842372,0,-10,102,True,
30672649,1,32,11,False,
73537027,0,0,182,True,
73534470,-22,7,235,True,
73403402,-10,11,234,True,
73532161,-17,0,182,True,
190843393,2,-13,102,True,
22283272,0,0,474,True,Hold of Otomai's Ark - Fourth Room
190843395,2,-11,102,True,
239088651,0,0,1135,True,
137889792,5,3,827,False,
234622214,10,8,1040,True,
234621699,9,11,1040,True,
190843392,2,-14,102,True,
73402884,-11,5,234,True,
73403398,-10,7,234,True,
73400324,-16,5,182,True,
73532931,-19,4,235,True,
137888770,8,-2,829,False,
190845440,0,0,102,True,
190840837,-3,-9,102,True,
239080965,8,10,1134,True,
137889026,4,9,828,False,
64487686,-13,13,230,True,
73402115,-13,-2,235,True,
127143431,-13,-29,750,False,Ten Year Tournament - 2I
73402882,-11,3,234,True,
239087873,0,0,1133,True,
73404432,-8,17,234,True,
239086603,0,0,1135,True,
22282248,0,0,474,True,Hold of Otomai's Ark - Third Room
127141898,-13,-29,750,False,Ten Year Tournament - 2K
127141889,-13,-29,750,False,Ten Year Tournament - 2B
198443010,-85,-16,917,True,
183506944,0,0,892,True,
54793738,11,10,600,False,
183500808,-72,-77,892,True,
156762112,35,4,93,True,
134661,-7,5,233,True,
54789132,2,12,600,False,
198446086,-82,-14,917,True,
134917,-7,-5,232,True,
54791687,7,7,600,False,
183632898,-74,-83,788,True,
54790663,5,7,600,False,
54791186,0,0,600,True,Frigostian Paradise Tavern
158743,-54,23,454,True,
189792772,4,-27,98,True,
160776,-58,8,453,True,
106957828,-3,-7,243,False,Crackler's Rocky Peaks
190581249,8,-13,173,True,
203032070,0,0,935,True,
141820673,-16,-36,521,False,
155976204,-14,-47,69,True,
171704321,-28,-10,522,True,
106957824,-3,-7,243,False,Crackler's Rocky Peaks - Fourth Room
171706889,-23,-2,522,True,
180879872,-34,41,887,True,
219943946,0,0,1036,True,
180619270,-28,4,526,False,
155976715,-13,-48,69,True,
219940872,-7,16,971,False,Nightmare of the Elm Tree
202900992,-29,-44,935,True,Vision of the Cania Fields
219939842,2,2,971,True,Troolofar Bridge
219940356,3,4,971,True,
219940868,4,4,971,True,
112206341,-59,-89,794,True,The Count's Dungeon - Missiz Freezz's Balcony
66322432,-34,-89,760,False,Father Kwismas's House - First Room
85986052,0,0,320,True,
219941898,0,0,1014,True,Sea of Dust
112206343,-59,-89,794,True,The Count's Dungeon - Nileza's Balcony
66326528,-34,-89,760,False,Father Kwismas's House - Fifth Room
85983750,0,0,757,True,
219939332,1,4,971,True,
23070211,-53,13,462,False,
171704839,-27,-4,522,True,
87818759,11,-5,1,False,
66322436,0,0,760,True,
220071936,0,0,971,True,
72094724,6,35,200,False,
220203010,4,2,975,True,
172098570,-29,4,526,True,
112203521,-59,-89,794,False,The Count's Dungeon - Sylargh's Balcony
139201538,-1,5,833,True,
220334080,-4,0,975,True,
23068672,-53,13,462,False,
171707904,-21,-11,522,True,
205787154,-1,-10,915,False,Chokao Temple
172098567,-29,1,526,True,
190580737,7,-13,173,True,
72092676,4,35,200,False,
190580225,6,-13,173,True,
23201030,0,0,462,True,
205915150,-6,-2,823,False,Brutatax's Factory
112203527,-59,-89,916,True,Getting Even Counts
72221698,0,0,200,True,
220201729,-32,-59,975,False,
172098055,-28,1,526,True,
165155333,-7,-30,54,True,
190580739,7,-11,173,True,
185077507,0,0,1036,True,
190054400,8,-29,335,True,
239337472,0,0,1021,True,
139198470,-2,6,833,True,
205783068,4,-3,933,False,Shackles of Tyranny
182716420,0,0,890,True,Forfut Manor - Third Room
190580741,7,-9,173,True,
72093704,5,37,200,False,
171704840,-27,-3,522,True,
171966987,-26,5,526,True,
72094720,6,33,200,False,
139202560,-2,4,833,False,
108796184,-50,-81,786,True,
171966474,-27,4,526,True,
171706370,-24,-9,522,True,
108794636,-57,-76,785,True,
224920834,0,0,1,True,
205787162,7,-7,841,False,Eye of Vortex
108796187,-49,-82,786,True,
171705354,-26,-1,522,True,
205788178,-34,-89,760,False,Father Kwismas's House
205788418,-7,-43,493,False,Blop Fields - Royal Indigo Blop Room
90440706,2,2,1,False,
205784090,8,8,831,False,Toxoliath's Cave
108790043,-55,-88,786,True,
58464774,-69,-39,602,False,
209980422,0,0,953,True,Shogun Tofugawa's Tomb - Fourth Room
171968013,-24,7,526,True,
108796172,-56,-75,785,True,
205783050,-71,-78,893,False,Ilyzaelle's Lookout
190187527,0,0,335,True,
171968012,-24,6,526,True,
108791582,-53,-88,786,True,
58465798,-85,-36,602,False,
155977730,-11,-57,69,True,
149160966,0,0,1036,True,
190055425,10,-28,335,True,
149164034,-6,-15,844,False,
113248771,-57,-73,785,True,
108792832,-62,-73,785,True,
108003331,-72,-85,788,True,
108790028,0,0,787,True,
205784094,-3,19,1016,False,Long Slumber's Barrow
108003334,-72,-84,788,True,
149161990,0,0,844,True,
108927244,-69,-89,788,True,
108922124,0,0,787,True,
205916182,-5,-5,825,False,King Nidas's Palace
165155342,-7,-21,54,True,
205787140,-1,-7,914,False,The Crunchery
171968019,-24,13,526,True,
190055939,11,-26,335,True,
205786118,15,-65,876,False,El Piko's Cave
236979200,24,23,1044,False,Khzkkpoznzbz - Zxzzbz
190055937,11,-28,335,True,
187957516,-31,15,898,False,Solar's Tower - Livid Heart Room
205785110,20,-37,950,False,Wind Dojo
205786126,-11,-57,211,False,Lord Crow's Library
205786136,26,-24,948,False,Tanukouï San's Workshop
165151753,-14,-26,54,True,
108927253,-64,-94,787,True,
108793115,-53,-86,786,True,
108790037,-60,-91,787,True,
187957512,-31,15,898,False,Solar's Tower - Fifth Room
108009217,0,0,788,True,
108928780,-69,-90,788,True,
171967504,-25,10,526,True,
165153792,-10,-35,54,True,
113247745,-55,-74,785,False,
205915160,-31,15,898,False,Solar's Tower
113246723,-58,-74,785,True,
205915166,1,0,972,False,Battle of the Crimson Dawn
205785108,2,0,959,False,Imagiro's Memory
113251841,0,0,785,True,
187959558,0,0,898,True,Solar's Tower - Fourth Room
113249795,-59,-72,785,True,
171707908,-21,-7,522,True,
205785114,-53,20,463,False,Tynril Lab
108007942,-69,-87,788,True,
155977224,-12,-51,69,True,
205260033,24,-27,944,True,
205785116,0,0,939,False,Eliocalypse Storm
182453252,0,0,803,True,Cursed Araknas Temple - First Room
165156880,-4,-19,178,True,
171968011,-24,5,526,True,
205788162,-61,-79,794,False,The Count's Dungeon - Missiz Freezz's Balcony
205783298,5,6,201,False,Tofu House
205786140,4,0,930,False,Tree of Death
108011265,0,0,788,True,
108004867,-71,-86,788,True,
205259783,0,0,944,True,Earthenwarehouse
187957508,-31,15,898,False,Solar's Tower - Second Room
113251843,0,0,785,True,
171705344,-26,-11,522,True,
165152783,-12,-20,54,True,
155977223,-12,-52,69,True,
190187521,0,0,335,True,
190054401,8,-28,335,True,
205783048,11,28,77,False,The Jellith Dimension - Royal Lemon Jelly
165154829,-8,-22,54,True,
205786130,-85,-59,835,False,Belly of the Whale
165282317,-17,-22,54,True,
171967500,-25,6,526,True,
205788172,27,26,871,False,Koutoulou's Temple
165152270,-13,-21,54,True,
205788184,5,6,780,False,Royal Tofu House
205783042,-22,12,888,False,Magik Riktus Big Top
85460487,-21,-5,231,False,
154370,-45,-2,451,True,
218103808,0,0,970,False,
240390148,0,0,1119,True,
182977030,-30,19,896,True,
218105860,4,4,1020,False,
218890240,-28,37,1010,False,Black Rat's Moumousetrap - First Room
60037120,-72,-73,605,True,
22675968,-55,-4,461,False,
119276033,21,18,807,False,Aquadome - Bathyscaphe Room
147587074,-23,-54,70,True,
189792770,4,-29,98,True,
233319430,0,0,885,True,33 - Crocuzko (Duel)
232002818,0,0,464,True,
183108098,-31,15,896,True,
182978570,-27,24,896,True,
168560642,27,27,866,True,
183112708,0,0,896,True,
54527240,-76,-34,1115,True,
112460034,-59,-82,789,True,
233314314,0,0,885,True,41 - Brakmar (Duel)
183108613,-32,16,896,True,
155658,-48,10,453,True,
159256,-55,24,453,True,
159650312,-24,-57,43,True,
233316354,0,0,885,True,19 - Incarnam (Duel)
160257,-57,1,453,True,
156683,-50,11,454,True,
235147009,6,11,1042,True,
233316352,0,0,1122,True,19 - Incarnam (Teams)
232003588,0,0,472,True,
233312268,0,0,1122,True,51 - Solary (Teams)
182978060,-28,26,896,True,
54534159,-76,-42,601,False,
233308164,0,0,1122,True,23 - Dragon Pig I (Teams)
218106884,-13,-29,1020,False,
54532108,12,12,601,False,
159650309,-24,-60,43,True,
240388101,22,21,1119,True,
150211586,-4,-12,169,False,
54530055,8,7,601,False,
153884930,0,0,442,True,
161294,-59,14,453,True,
198971392,-2,25,325,False,Crocabulia's Lair - Fourth Room
158230,-53,22,454,True,
153878528,0,0,442,True,
130549760,-2,-3,824,False,Drhossil's Caves - Exit
60030977,-84,-72,605,True,
54532117,-79,-43,601,False,
54534169,-77,-44,601,False,The Silver Tavern
112463113,0,0,789,True,
235145728,4,12,1042,True,
134402,-6,-2,232,True,
144965632,3,6,836,True,
54532111,-74,-33,601,False,
156763651,39,10,93,True,
159648257,-28,-64,43,True,
60033028,-80,-69,605,True,
135400967,0,0,828,True,
156179,-49,19,454,True,
54525954,0,2,601,False,
240390152,0,0,1119,True,
144966658,4,7,836,True,
218890246,0,0,1010,True,Black Rat's Moumousetrap - First Room
232002820,0,0,464,True,
54528017,4,17,601,False,
145097730,2,7,836,True,
54528021,4,21,601,False,
54532121,-75,-38,601,False,
54529051,6,27,601,False,
156181,-49,21,453,True,
232004866,0,0,466,True,
54525967,0,15,601,False,
54528012,4,12,601,False,
155148,-47,12,453,True,
161613062,0,0,1036,True,
135266819,5,8,828,True,
173672962,0,0,873,True,
54529043,6,19,601,False,
54527003,2,27,601,False,
60031489,-83,-72,605,True,
150209544,0,0,169,True,
240386562,19,18,1119,True,
54529049,6,25,601,False,
54529047,6,23,601,False,
143138827,0,0,839,True,
189793793,6,-30,98,True,
54528005,4,5,601,False,
54531095,-72,-40,601,False,
144967680,5,6,836,True,
54531093,-79,-43,601,False,
54528027,4,27,601,False,
218894338,-28,37,1010,False,Black Rat's Moumousetrap
153878529,0,1,442,True,
218893318,0,0,1010,True,Black Rat's Moumousetrap - Fourth Room
135271169,9,6,828,True,
159746,-56,2,453,True,
159650313,-24,-56,43,True,
54526991,2,15,601,False,
144965890,3,5,836,True,
54526983,2,7,601,False,
54535193,-77,-44,601,False,The Silver Tavern
153886982,0,0,443,True,
54528015,4,15,601,False,
54536215,-77,-42,601,False,
159650314,-24,-55,43,True,
54529045,6,21,601,False,
54534165,-77,-41,601,False,
216269572,-31,-56,1011,True,
189926915,0,0,98,True,
54525962,0,10,601,False,
144969990,7,3,836,True,
54527001,2,25,601,False,
54528035,4,35,601,False,
133171202,-10,-44,523,True,
145098754,1,7,836,True,
54532101,12,5,601,False,
54538775,0,0,601,True,
54532113,-81,-44,601,False,
54535199,-79,-42,601,False,
161480704,-10,-11,857,True,
54525973,0,21,601,False,
54526999,2,23,601,False,
143139847,7,3,839,False,Fraktal's Megalith - Exit
54535195,-82,-46,601,False,
240517636,17,20,1119,True,
161029,-58,-5,457,True,
189532167,2,-22,97,True,
110100482,-52,-87,791,False,Sylargh's Carrier - Fourth Room
54525983,0,31,601,False,
153885696,0,0,20663,True,
60035588,-75,-69,605,True,
153878788,0,-4,20663,True,
169346055,0,0,871,True,Koutoulou's Temple - Second Room
54535185,-76,-42,601,False,
54526986,2,10,601,False,
157953,-52,-1,453,True,
135267845,6,9,828,True,
159753,-56,9,454,True,
54532106,12,10,601,False,
54534175,-79,-42,601,False,
144967938,5,5,836,True,
145100034,0,5,836,True,
54534167,-77,-42,601,False,
54529039,6,15,601,False,
139464199,-14,-38,521,True,
54531099,-76,-40,601,False,
54534171,-82,-46,601,False,
240386569,19,23,1119,False,
54530048,8,0,601,False,
54529041,6,17,601,False,
54529034,6,10,601,False,
54529055,6,31,601,False,
235147526,0,0,1042,True,
159649808,-25,-49,43,True,
60031488,-83,-73,605,True,
240386050,18,18,1119,True,
169347072,27,26,871,False,Koutoulou's Temple - Third Room
154010886,-2,-6,20663,True,
144968964,6,4,836,True,
54181193,0,0,603,True,
54165820,-64,-60,604,True,
54162744,-58,-56,604,True,
54169400,-71,-56,604,True,
156242437,1,-39,56,True,
54170964,-74,-84,610,True,
54166345,-65,-73,611,True,
126095131,2,-56,809,True,
54162256,-57,-80,609,True,
54168358,-69,-38,602,True,
54166339,-65,-67,608,True,
54167865,-68,-57,604,True,
54163265,-59,-65,604,True,
173411585,0,0,1036,True,
54172454,-77,-38,600,True,
54169375,-71,-31,602,True,
239618589,6,13,1111,False,
239606289,-52,-45,1075,False,
186647552,-48,-78,625,False,
233313280,0,0,1122,True,16 - Srambad (Teams)
171183620,-16,-22,54,False,Storm Platform
116919308,22,-6,161,False,
186646528,-48,-78,625,True,
239607834,-72,-77,1102,False,
239617044,22,30,1085,False,
239606292,22,30,1084,False,
239600157,-31,15,1104,False,
233310216,0,0,1122,True,37 - The Possessed III (Teams)
239607837,6,13,1110,False,
239610906,24,27,1097,False,
239601165,29,6,1067,False,
239617041,-52,-45,1076,False,
157552645,0,0,700,True,
116917252,26,-12,162,False,
116917260,25,-6,161,False,
213125122,0,0,984,False,
56623104,-46,-25,625,False,
186646532,-45,-82,897,False,
201328130,3,2,928,True,
171312646,0,0,963,True,Spirit World
239607828,-5,-54,1086,False,
211551234,0,0,958,True,
166462729,-20,-34,525,True,
213124098,0,0,984,False,
104334849,-15,14,94,False,Bworker's Cave - Second Room
233312258,0,0,885,True,15 - Moon (Duel)
147589122,-19,-54,70,True,
90707201,20,24,32,True,
213125120,0,0,984,False,
196870150,-1,-4,911,True,
147588104,-21,-48,70,True,
213125126,0,0,984,False,
181145600,-10,29,495,True,
196871176,0,-3,911,True,
72361988,0,0,154,True,Dragon Pig's Den
56625152,-83,-31,625,False,
69208322,1,-8,2,False,Masqueraider Temple
213124106,0,0,984,False,
157551616,29,9,700,False,Kanniball Village - Fourth Room
104336903,0,0,94,True,Bworker's Cave - Fourth Room
90704385,15,26,32,True,
104334855,0,0,94,True,Bworker's Cave - Second Room
213127172,0,0,984,False,
213255170,0,0,984,False,
162795542,0,0,851,False,Misery's Desert Haven Bag
181143560,-12,33,495,True,
213255172,0,0,984,False,
179830784,-16,25,517,True,
181143552,-12,29,495,True,
105120002,66,6,751,False,Jail
159650318,-24,-51,43,True,
213125124,0,0,984,False,
134913,-7,-1,232,True,
181146634,-9,34,495,True,
147588102,-21,-50,70,True,
162793490,0,0,851,False,Temporal Anomaly Haven Bag
84412929,-1,25,23,True,
216664070,-25,33,977,False,
69206274,1,-8,2,False,Masqueraider Temple
162793500,0,0,851,False,Ephedrya Haven Bag
72355840,-1,33,154,False,Dragon Pig's Den - Fifth Room
181144580,-11,31,495,True,
162791430,0,0,851,False,Inn Haven Bag
84541955,-7,27,23,True,
240650240,0,0,1125,True,
179962370,-17,27,517,True,
162793494,0,0,851,False,Servitude's Galley Haven Bag
90707458,22,24,32,True,
181147648,0,0,495,True,
216530944,-25,33,977,False,
162792470,2,22,851,False,
233314310,0,0,885,True,29 - Xelorium (Duel)
181141506,-14,30,495,True,
162795530,0,0,851,False,Harebourg Haven Bag
159649796,-25,-61,43,True,
196870154,-1,-2,911,True,
90703360,13,25,32,True,
162795538,0,0,851,False,Bonta Stadium Haven Bag
216531202,-25,33,977,False,
162795550,0,0,851,False,Summer Almanax Haven Bag
168560652,27,32,868,True,
178783232,-24,22,57,False,Canem Cave
197004288,0,0,911,True,
189795336,9,-23,98,True,
162791452,0,0,851,False,Mercenary Haven Bag
206177284,15,-33,943,True,
168560646,27,29,867,True,
210243584,39,-44,954,False,Spirit Abode - Fifth Room
181145602,-10,30,495,True,
216531204,-25,33,977,False,Brakmar Prison
159649798,-25,-59,43,True,
119278087,0,0,807,True,Aquadome - Globe Room
162795546,0,0,851,False,Evil Forest Haven Bag
233309190,0,0,885,True,25 - Kolossium (Duel)
216663302,-25,33,977,False,
181145608,-10,33,495,True,
181141508,-14,31,495,True,
181145610,-10,34,495,True,
178785280,-28,28,57,False,
168562690,0,0,866,True,
162791442,0,0,851,False,Corsair Ship Haven Bag
162795524,0,0,851,False,Winter Haven Bag
210243590,0,0,954,True,Spirit Abode - Fifth Room
233311238,0,0,885,True,27 - Kwismas (Duel)
206179848,0,0,943,True,
119277063,0,0,807,True,Aquadome - Bubblejet Room
216530946,-25,33,977,False,
134156,-6,12,31,True,
197002246,-2,-4,911,True,
162794518,6,22,851,False,
179831296,-15,25,517,True,
84412417,-2,25,23,True,
233312262,0,0,885,True,24 - Dragon Pig II (Duel)
147590667,-16,-45,70,True,
168560644,27,28,866,True,
162795520,0,0,851,False,Kwismas Haven Bag
147587075,-23,-53,70,True,
162795536,0,0,851,False,Mishell Haven Bag
233310218,0,0,885,True,37 - The Possessed III (Duel)
168560654,27,33,868,True,
162793474,0,0,851,False,Wabbit Haven Bag
232001536,0,0,1036,True,
196871174,0,-4,911,True,
216530948,-25,33,977,False,
147588096,-21,-56,70,True,
178784262,-23,10,526,False,
162791440,0,0,851,False,Tritun Haven Bag
162791446,0,0,851,False,War's Wounds Haven Bag
168691712,0,0,866,True,
216531208,-25,33,977,False,
119277057,21,18,807,False,Aquadome - Bubblejet Room
168558608,25,34,868,True,
147587594,-22,-46,70,True,
178784256,-23,21,57,False,Canem Cave
233318402,0,0,885,True,21 - Fields (Duel)
162795544,0,0,851,False,Sweets Haven Bag
147590657,-16,-55,70,True,
233319428,0,0,1122,True,33 - Crocuzko (Teams)
162795532,8,12,851,False,Al Howin Haven Bag
152067,-41,3,451,False,
162796566,10,22,851,False,
178914820,0,0,1036,True,
147589633,-18,-55,70,True,
178785288,-26,7,526,False,Eks Cave
162795548,0,0,851,False,Autumn Almanax Haven Bag
162791444,0,0,851,False,Brakmar Stadium Haven Bag
159652874,0,0,43,True,
233316358,0,0,885,True,30 - Last Hope (Duel)
122946049,0,-32,30,False,
189794311,7,-24,98,True,
147587077,-23,-51,70,True,
178914822,0,0,1036,True,
178785286,-26,5,526,False,Eks Cave
159652876,0,0,43,True,
111411713,-68,-78,616,False,
233314306,0,0,885,True,17 - Sidimote (Duel)
202377222,0,0,931,True,Blood Throne - Third Room
237897749,0,0,904,True,
174071808,15,-65,876,False,El Piko's Cave - Exit
142087693,-27,-37,68,True,
237901856,0,0,904,True,
237907974,0,0,904,True,
84544005,0,0,23,True,
237785150,0,0,904,True,
237765660,0,0,904,False,
237909024,0,0,904,True,
237911087,0,0,904,True,
237787648,0,0,904,False,
237777922,0,0,904,False,
237911048,0,0,904,True,
237902869,0,0,904,True,
237766671,0,0,904,False,
237900821,0,0,904,True,
98830851,5,3,10,False,
217058308,-29,-56,973,False,
139723266,-13,-40,84,True,
98830859,5,11,10,False,
98831875,7,3,10,False,
142088195,-26,-47,68,True,
217059334,-32,-54,973,False,
230170115,-13,-29,1123,False,A18 - Sidimote II (Duel)
223347978,37,-83,1026,True,
217061380,-28,-55,973,False,
98831877,7,5,10,False,
98831881,7,9,10,False,
195302402,-81,6,907,True,
142087175,-28,-43,68,True,
230163981,-13,-29,1123,False,A48 - Sidekicks (Teams)
98831883,7,11,10,False,
173016066,-28,18,57,True,
142085124,-32,-46,68,True,
223348487,38,-80,1026,True,
217057280,-35,-56,975,False,
230162947,-13,-29,1123,False,A11 - Cracklers (Duel)
195432966,0,0,907,True,
142089220,-24,-46,68,True,
223348736,38,-76,1024,True,
230168071,-13,-29,1123,False,A28 - Ecaflip City (Duel)
142213635,-39,-47,68,True,
142090764,-21,-38,68,True,
55052290,-83,-48,617,False,Royal Mastogob's Greenhouse - Third Room
230174211,-13,-29,1123,False,A22 - Freezammer (Duel)
179307012,-66,32,883,True,
230172165,-13,-29,1123,False,A31 - War (Teams)
224658183,27,-87,1029,True,
130287616,-6,-2,823,False,Brutatax's Factory - Exit
172754954,-15,32,517,True,
142090251,-22,-39,68,True,
207880192,20,-37,950,False,Wind Dojo - First Room
142083074,-36,-48,68,True,
172755458,-14,24,517,True,
195300367,0,0,908,True,
195298319,0,0,2,True,
173020166,-20,22,57,True,
195429378,-83,11,905,True,
173018624,-23,16,57,True,
142089224,-24,-42,68,True,
139725314,-9,-40,84,True,
195301635,0,0,907,True,
130285572,0,0,823,True,
223479050,36,-83,1026,True,
226234883,0,0,1025,True,
147851269,-10,-10,168,True,
223348490,38,-83,1026,True,
207883264,20,-37,950,False,Wind Dojo - Fourth Room
226232837,38,-77,1025,True,
172754956,-15,34,517,True,
178257920,-15,38,61,True,
142088710,-25,-44,68,True,
142087683,-27,-47,68,True,
173019138,-22,18,57,True,
147853569,-6,-16,33,True,
142085123,-32,-47,68,True,
87294471,13,21,528,False,Blacksmith Dungeon - Ninth Room
172753417,-18,31,517,True,
76285443,-52,37,765,True,Paleozoi Crater
55054336,-82,-48,617,False,Royal Mastogob's Greenhouse - Exit
147849736,-13,-7,169,True,
173018631,-23,23,57,True,
55053318,0,0,617,True,Royal Mastogob's Greenhouse - Fourth Room
142084618,-33,-40,68,True,
76285444,-52,38,765,True,
226232833,38,-83,1025,True,
223479561,35,-82,1026,True,
173019143,-22,23,57,True,
178257922,-15,39,61,True,
172754955,-15,33,517,True,
87297537,13,21,528,False,Blacksmith Dungeon - Third Room
168821762,20,27,863,True,
223347462,36,-79,1026,True,
223481611,33,-83,1023,True,
142086661,-29,-45,68,True,
173019660,-21,28,57,True,
173019144,-22,24,57,True,
172753415,-18,29,517,True,
76421641,0,0,764,True,
87295489,13,21,528,False,Blacksmith Dungeon - First Room
66847748,0,0,759,True,Kwismas Cavern - Second Room
66846724,0,0,759,True,Kwismas Cavern - First Room
142083082,-36,-40,68,True,
147850760,-11,-7,33,True,
172756484,-12,26,517,True,
223349000,39,-81,1026,True,
223348488,38,-81,1026,True,
87294469,13,21,528,False,Blacksmith Dungeon - Sixth Room
76415493,-56,39,764,True,Billabone Cemetery
172757509,-10,27,517,True,
173018881,-23,15,57,True,
173016069,-28,21,57,True,
142086150,-30,-44,68,True,
173147138,0,0,57,True,
87297541,13,21,528,False,Blacksmith Dungeon - Emote
173018636,-23,28,57,True,
168820748,19,32,865,True,
142085647,-31,-35,68,True,
87294465,13,21,528,False,Blacksmith Dungeon - Entrance
87295493,13,21,528,False,Blacksmith Dungeon - Seventh Room
66851840,-36,-89,759,False,Kwismas Cavern - Exit
147849474,-14,-17,33,True,
172759040,-8,23,517,True,
172754434,-16,24,517,True,
173019651,-21,19,57,True,
66848768,-36,-89,759,False,Kwismas Cavern - Third Room
157027328,33,4,846,False,LeChouque's Boat - Fourth Room
62917638,0,0,623,True,Korriander's Lair - Fourth Room
66850816,-36,-89,759,False,Kwismas Cavern - Fifth Room
59900934,-2,6,603,False,
66848772,0,0,759,True,Kwismas Cavern - Third Room
62920706,-73,-69,623,False,
173017611,-25,27,57,True,
157026304,33,4,846,False,LeChouque's Boat - Third Room
142085637,-31,-45,68,True,
142084610,-33,-48,68,True,
157026309,0,0,846,True,LeChouque's Boat - Third Room
59770886,4,6,603,False,
173021185,0,0,57,True,
168820752,19,34,865,True,
173018121,-24,25,57,True,
66846720,-36,-89,759,False,Kwismas Cavern - First Room
59903488,-81,-73,603,False,
137368576,7,2,827,False,
189531146,0,-19,97,True,
172753416,-18,30,517,True,
174067204,0,0,876,True,El Piko's Cave - Third Room
134223874,8,3,827,True,
172753411,-18,25,517,True,
64227328,-71,-83,610,False,
183768064,-4,0,480,False,Sram Temple
186515970,-49,-81,897,True,
136579072,6,3,830,False,Ring Exit
148112899,-14,-9,169,False,
158859777,-20,-61,59,True,
147982082,-17,-17,169,True,
200804356,0,0,922,False,
183765002,0,3,10,False,Cra Temple
147850757,-11,-10,168,True,
183769088,4,-2,479,False,Pandawa Temple
63440641,-46,-69,501,False,
183895560,0,0,1036,True,
67372032,5,-15,95,True,
200805380,0,0,922,False,
164889088,-12,-44,523,False,
183768070,-4,0,480,False,Sram Temple
137367812,6,-2,829,True,
142083077,-36,-45,68,True,
134220800,5,2,827,True,
147852802,-7,-13,33,True,
218629126,0,0,1013,True,White Rat's Pantry - Second Room
142085636,-31,-46,68,True,
192414722,6,-18,95,False,Astrub Inn
186387968,-45,-82,897,True,
137367814,6,1,827,True,
183762954,1,3,10,False,Iop Temple
172755972,-13,26,517,True,
192413696,6,-18,95,False,Astrub Inn
147849732,-13,-11,33,True,
186385920,-47,-82,897,True,
192413698,6,-18,95,False,Astrub Inn
183767054,-3,-4,2,False,Sacrier Temple
61865992,0,0,624,True,
134222852,7,4,827,True,
183767044,-3,-4,2,False,Sacrier Temple
137370371,0,0,1036,True,
241441797,0,0,536,True,
192417798,3,-21,95,False,
235668230,24,26,1041,True,
95685123,4,-6,180,True,
186384898,-48,-81,897,True,
147860739,0,0,168,True,
95683079,4,-6,180,False,
172754442,-16,32,517,True,
139727108,0,0,84,True,
192419848,0,0,1036,True,
172752899,-19,25,517,True,
134220034,4,1,827,True,
166986754,-7,-43,493,False,Blop Fields - Royal Morello Cherry Blop Room
61998088,0,0,624,True,
134223876,8,4,827,True,
136185090,4,0,829,True,
95684103,4,-5,180,False,
192415754,5,-19,95,False,Militia Tower
147858433,0,0,1036,True,
142090254,-22,-36,68,True,
142087692,-27,-38,68,True,
235667971,24,29,1041,True,Zxkhankzbz Zzazzonbz
57019915,0,0,609,True,
192415750,4,-18,95,False,Astrub Bank
147852288,-8,-15,33,True,
235668227,24,27,1041,True,
224789506,23,-82,1029,True,
192415752,2,-19,95,False,Hair Salon
217063428,-35,-60,976,False,
95685127,5,-6,180,True,Amakna Castle - Militia
81789952,-13,-29,1033,False,Kolossium
192414726,4,-19,95,False,Council Hall
136054018,6,0,829,True,
235669512,26,30,1041,True,Mazboorkrrbz Zzazzonbz
193729543,0,0,336,True,Sandy Castle - Exit
230166023,-13,-29,1123,False,A27 - Kwismas (Duel)
147851779,-9,-12,168,True,
235668233,24,25,1041,True,
172753922,-17,24,517,True,
142089229,-24,-37,68,True,
148638209,17,32,32,False,Eliotrope Temple
235799811,23,27,1041,True,
235668239,24,23,1041,True,Anzzkhambzrbz
230171141,-13,-29,1123,False,A30 - Last Hope (Teams)
95815683,0,0,180,True,
172886018,0,0,517,True,
147849734,-13,-9,169,True,
189533193,0,0,97,True,
224792325,0,0,1029,True,
95684101,6,-6,180,True,
142085128,-32,-42,68,True,
235669763,25,27,1041,True,
142085122,-32,-48,68,True,
230163983,-13,-29,1123,False,A48 - Sidekicks (Duel)
230162961,-13,-29,1123,False,A54 - Chaos Clock (Teams)
57025031,0,0,795,True,
166987778,-7,-43,493,False,Blop Fields - Royal Pippin Blop Room
224788995,24,-81,1029,True,
147854341,-4,-10,169,True,
57024007,0,0,275,True,
235675395,0,0,1041,True,
189530113,-2,-28,97,True,
230168075,-13,-29,1123,False,A40 - Bonta (Duel)
230170123,-13,-29,1123,False,A42 - Belladonna (Duel)
166986758,0,0,493,True,Blop Fields - First Room
166987782,0,0,493,True,Blop Fields - Second Room
142086666,-29,-40,68,True,
230163971,-13,-29,1123,False,A12 - Ecaflipus (Duel)
172753412,-18,26,517,True,
235799557,21,26,1041,True,Bombarnazzzbz Zowzrbz
235673868,0,0,1041,True,Bzzkkbz Zxkhankzbz
163315716,1,3,856,True,
56885769,-56,-76,609,True,Charhole Cavern
230176267,-13,-29,1123,False,A53 - Gargandyas (Duel)
57021957,0,0,652,True,
189531150,0,-15,97,True,
147853315,-6,-12,33,True,
230165001,-13,-29,1123,False,A37 - The Possessed III (Teams)
230174219,-13,-29,1123,False,A46 - Tales (Duel)
230170117,-13,-29,1123,False,
193725447,0,0,336,True,Sandy Castle - First Room
142089733,-23,-45,68,True,
224792323,0,0,1029,True,
172753409,-18,23,517,True,
230175237,-13,-29,1123,False,A34 - Pandawa (Teams)
163316738,1,1,856,False,
217056266,-30,-57,973,False,
173018632,-23,24,57,True,
189532166,2,-23,97,True,
57017867,-76,-85,610,True,Konk Cave
163316743,0,0,857,True,
173019652,-21,20,57,True,
217059338,-35,-56,975,False,
230174213,-13,-29,1123,False,A33 - Crocuzko (Teams)
142086663,-29,-43,68,True,
230168073,-13,-29,1123,False,A40 - Bonta (Teams)
56887808,-78,-77,606,False,
54161728,-56,-64,604,True,
54164284,-61,-60,615,True,
232004612,0,0,466,True,
54179153,0,0,610,True,
54166322,-65,-50,604,True,
204999169,22,-22,941,True,
156240387,-3,-41,56,True,
156237824,-8,-44,56,True,
54163770,-60,-58,615,True,
54169909,-72,-53,604,True,
54171434,-75,-42,601,True,
129761282,-10,-4,822,True,
54162749,-58,-61,604,True,
54160705,-54,-65,604,True,
54173513,-79,-73,603,True,
117443586,19,8,801,True,
196609282,-3,-9,912,False,Chocomancers' Secret Conference Room
204998657,21,-22,941,True,
126091522,-5,-31,178,True,
156240384,-3,-44,56,True,
173278721,16,-59,872,True,
156238345,-7,-35,56,True,
71304198,0,0,945,False,
54170922,-74,-42,601,True,
196608006,-2,-5,911,False,Chocolate Mystery
54175023,-82,-47,602,True,
196608258,-4,-4,910,False,Dadi's Hiding Place
54173996,-80,-44,601,True,
54167864,-68,-56,604,True,
123994627,29,-12,817,True,
54161741,-56,-77,609,True,
54166831,-66,-47,604,True,
54172459,-77,-43,601,True,
126092055,-4,-52,519,True,
54160712,-54,-72,609,True,
156237826,-8,-42,56,True,
54168867,-70,-35,602,True,
54167849,-68,-41,602,True,
54169394,-71,-50,615,True,
54167362,-67,-66,608,True,
54164800,-62,-64,604,True,
54167343,-67,-47,604,True,
54173519,-79,-79,606,True,
189792773,4,-26,98,True,
54173990,-80,-38,600,True,
54167860,-68,-52,615,True,
71305222,0,0,945,False,
126095128,2,-53,809,True,
54153538,0,0,602,True,
231997444,0,0,451,True,
54174542,-81,-78,606,True,
159649809,-25,-48,43,True,
169083912,23,30,861,True,
206177286,15,-31,943,True,
54171953,-76,-49,604,True,
54167353,-67,-57,604,True,
156242433,1,-43,56,True,
54171938,-76,-34,600,True,
126223133,-6,-58,519,True,
161351684,-3,-6,855,True,
64751616,-4,-7,755,False,The Kwakwa's Nest - Third Room
204999681,23,-22,941,True,
54166840,-66,-56,615,True,
201326852,0,0,1036,True,
54168865,-70,-33,602,True,
54156626,0,0,608,True,
54167348,-67,-52,615,True,
54168907,-70,-75,611,True,
54168866,-70,-34,602,True,
54168874,-70,-42,602,True,
201851139,0,-1,927,False,Abandoned Cave
54180169,0,0,603,True,
201854210,0,0,927,True,
173277698,14,-58,872,True,
54172460,-77,-44,601,True,
54165809,-64,-49,604,True,
54167877,-68,-69,608,True,
54167855,-68,-47,604,True,
54174030,-80,-78,606,True,
54159659,-52,-43,652,True,
169083908,23,28,860,True,
189793799,6,-24,98,True,
54163282,-59,-82,609,True,
126091543,-5,-52,519,True,
54157650,0,0,608,True,
54169893,-72,-37,602,True,
54168864,-70,-32,602,True,
129763586,-8,-6,822,True,
54173992,-80,-40,600,True,
159779343,-38,-50,43,True,
201852164,0,0,927,True,
115607041,29,-17,798,True,
147588105,-21,-47,70,True,
204998914,21,-25,941,True,
54160192,-53,-64,604,True,
54170921,-74,-41,601,True,
54170920,-74,-40,601,True,
90705665,17,24,32,True,
54163794,-60,-82,609,True,
54170450,-73,-82,610,True,
64752640,-4,-7,755,False,The Kwakwa's Nest - Fourth Room
156238854,-6,-38,56,True,
54167369,-67,-73,611,True,
54162752,-58,-64,604,True,
156238853,-6,-39,56,True,
54162231,-57,-55,604,True,
54173488,-79,-48,602,True,
54160706,-54,-66,604,True,
204998144,20,-23,941,True,
126226186,0,0,809,True,
54165812,-64,-52,604,True,
126095132,2,-57,809,True,
54167382,-67,-86,610,True,
115607047,29,-14,798,True,
54161223,-55,-71,609,True,
169216006,0,0,861,True,
54168885,-70,-53,615,True,
54173008,-78,-80,606,True,
54169376,-71,-32,602,True,
156240388,-3,-40,56,True,
159649806,-25,-51,43,True,
54163283,-59,-83,609,True,
169084936,24,30,861,True,
129762310,0,0,822,True,
126093592,-1,-53,809,True,
54166849,-66,-65,608,True,
161224196,-7,-2,858,False,
156178,-49,18,454,True,
110892033,-58,-73,785,True,
166855168,-21,-18,541,False,
153890054,0,0,445,True,
156762625,36,5,93,True,
153885956,0,0,20663,True,
59515138,-75,-75,621,False,Snowfoux Den - Fifth Room
163081,-62,-9,471,True,
161484038,-11,-20,857,True,
156898824,0,0,93,True,
166724096,-18,-33,525,False,
59509760,-77,-75,622,True,Snowfoux Caverns
59510784,-76,-75,622,True,Snowfoux Caverns
156171,-49,11,453,True,
59507972,-79,-77,622,True,Snowfoux Caverns
159646224,-32,-49,43,True,
173670916,12,-61,873,True,
59518468,0,0,621,True,Snowfoux Den
60036609,-73,-72,605,True,
60034051,-78,-70,605,True,
153879811,2,-3,450,True,
60038146,-70,-71,605,True,
59639808,-80,-75,622,True,Snowfoux Caverns
153362,-43,-18,209,True,
110625283,-69,-85,788,True,
159649284,-26,-61,43,True,
160773,-58,5,453,True,
107216896,-17,8,223,False,Koolich Cavern - First Room
133169154,-10,-44,523,True,
139463684,-15,-41,521,True,
134144,-6,0,232,True,
104599041,-5,10,284,False,Bwork Dungeon - Solitary Confinement
60035078,-76,-67,605,True,
221775366,0,0,1018,True,
151824,-40,-16,209,True,
185863683,1,-6,2,True,
137739,-13,11,253,True,
156679,-50,7,453,True,
161089542,0,0,856,True,
161483010,-12,-18,857,True,
189793797,6,-26,98,True,
189795335,9,-24,98,True,
161481992,-13,-21,857,True,
221776390,0,0,1018,True,
60035591,-75,-66,605,True,
161485064,-10,-21,857,True,
85723651,-18,-2,235,False,
164103699,-26,-15,525,True,
210633730,-3,-3,956,True,
72617985,-2,31,11,True,
221643266,-6,15,1019,True,
221774336,-5,3,1018,False,Gob Akademy - First Room
183505920,0,0,892,True,
60037125,-72,-68,605,True,
107228160,-17,8,223,False,Koolich Cavern - Exit
164103171,-27,-31,525,True,
161485060,-10,-19,857,True,
60036097,-74,-72,605,True,
153879301,1,-5,445,True,
154128,-45,16,466,True,
189794310,7,-25,98,True,
221778438,0,0,1018,True,
159651330,-22,-63,43,True,
210501634,-1,-3,956,True,
153360,-43,-16,209,True,
131596288,0,0,820,True,
221643270,-7,21,1019,True,
60034054,-78,-67,605,True,
161027,-58,-3,457,True,
72621056,0,0,11,True,
183502854,-71,-79,892,True,
210503170,1,-4,956,True,
159649799,-25,-58,43,True,
221777410,-5,3,1018,False,Gob Akademy - Laboratory
60040449,0,0,605,True,
189792261,3,-26,98,True,
164103681,-26,-33,525,True,
60036103,-74,-66,605,True,
160959745,5,-1,856,True,
139461128,-20,-37,521,True,
159745,-56,1,453,True,
128058892,-9,-48,518,True,
160957954,3,2,856,True,
156177,-49,17,454,True,
210502145,0,-4,956,True,
153880836,4,-4,445,True,Incarnam - Flight Zone
123209732,0,0,814,True,Shadow's Pyramid - Third Room
183502852,-74,-80,892,True,
203685888,15,-20,929,True,
183507976,0,0,892,True,
152848,-42,-16,209,True,
161304,-59,24,453,True,
60037634,-71,-71,605,True,
216273164,0,0,1011,True,
60035077,-76,-68,605,True,
183508992,0,0,892,True,
159489,-55,-1,453,True,
161286,-59,6,453,True,
60040195,0,0,605,True,
157206,-51,22,454,True,
161301,-59,21,453,True,
156893698,34,6,93,True,
183501832,-71,-78,892,True,
60036099,-74,-70,605,True,
60036101,-74,-68,605,True,
157698,-52,2,453,True,
183502862,-72,-75,892,True,
221512712,-3,23,1019,True,
183500804,-75,-78,892,True,
54789127,2,7,600,False,
183500816,-73,-74,892,True,
183501840,-71,-75,892,True,
54793740,11,12,600,False,
54790159,-77,-38,600,False,Frigostian Paradise Tavern
107217924,0,0,223,True,Koolich Cavern - Second Room
183509000,0,0,892,True,
54788108,0,12,600,False,
159767,-56,23,454,True,
155155,-47,19,466,True,
198444040,-84,-13,917,True,Sacrificial Altar
183504396,0,0,892,True,
54788098,0,2,600,False,
183502858,-69,-78,892,True,
183508996,0,0,892,True,
34473218,-38,-14,319,False,The Labyrinth of the Minotoror - Eighteenth Room
54789634,3,2,600,False,
198575104,-86,-17,917,True,
172228613,-32,34,280,True,
101714437,4,-15,99,False,
140775424,-85,-59,835,False,Belly of the Whale - Fourth Room
99756545,0,0,161,True,
101712387,1,-16,99,False,
215222531,0,0,1036,True,
227278852,33,-64,1027,False,
113510407,-13,-29,750,True,Ten Year Tournament - 1H
75499265,-17,-4,231,True,
237780992,0,0,904,False,
99615491,25,-13,164,True,
158075904,33,3,167,True,
173542403,19,-62,873,True,
147852545,-8,-16,33,True,
230170121,-13,-29,1123,False,A42 - Belladonna (Teams)
98828801,1,1,10,False,
98830855,5,7,10,False,
172755970,-13,24,517,True,
195300352,-86,13,906,False,
98829833,3,9,10,False,
98832905,9,9,10,False,
217061376,-31,-57,975,False,
98830857,5,9,10,False,
224659211,27,-88,1029,True,
98828805,1,5,10,False,
230170113,-13,-29,1123,False,A18 - Sidimote II (Teams)
98829827,3,3,10,False,
195300362,-18,27,517,True,
98828807,1,7,10,False,
195297280,-87,14,906,True,
217060352,-31,-57,975,False,
195431940,0,0,907,True,
173018113,-24,17,57,True,
147852033,-9,-16,33,True,
139724290,-11,-40,84,True,Knife Throw
142085639,-31,-43,68,True,
205521414,25,-29,942,True,
195303938,0,0,907,True,
217056260,-33,-54,973,False,
230171139,-13,-29,1123,False,A19 - Incarnam (Duel)
172756992,-11,22,517,True,
123472385,-29,-12,816,True,
230173193,-13,-29,1123,False,A45 - Albuera (Teams)
230166029,-13,-29,1123,False,A50 - Sylargh (Teams)
179306498,-67,30,883,True,
172754951,-15,29,517,True,
142086159,-30,-35,68,True,
207884290,20,-37,950,False,
195300364,15,14,894,False,Citadel Hall
142090763,-21,-39,68,True,
173018114,-24,18,57,True,
195300360,0,0,908,True,
195297286,-82,6,907,True,
223348489,38,-82,1026,True,
207881216,20,-37,950,False,Wind Dojo - Second Room
195430918,0,0,975,True,
173018629,-23,21,57,True,
173016577,-27,17,57,True,
207882240,20,-37,950,False,Wind Dojo - Third Room
195301382,-25,-52,43,True,Grougalorasalar's Tears
195297282,-84,13,905,True,
173019147,-22,27,57,True,
142213636,-39,-46,68,True,
195298312,-5,-9,2,True,
226231809,37,-82,1025,True,
223348508,0,0,1036,True,
173019650,-21,18,57,True,
147981824,-17,-15,169,True,
207884288,20,-37,950,False,Wind Dojo - Fifth Room
142089221,-24,-45,68,True,
223347972,37,-78,1024,True,
139725313,-9,-41,84,True,Gladiatrool Arena
130287620,0,0,1036,True,
142087691,-27,-39,68,True,
142090758,-21,-44,68,True,
223348994,38,-77,1024,True,
142089230,-24,-36,68,True,
87294475,0,0,528,True,Blacksmith Dungeon - First Room
173016581,-27,21,57,True,
178260226,-13,37,61,True,
226234881,0,0,1036,True,
142084616,-33,-42,68,True,
55052288,-83,-48,617,False,Royal Mastogob's Greenhouse - Fourth Room
173017609,-25,25,57,True,
76284936,-53,42,764,True,
172753928,-17,30,517,True,
223348498,0,0,1026,True,
172753414,-18,28,517,True,
55051270,0,0,617,True,Royal Mastogob's Greenhouse - Second Room
87297547,0,0,528,True,Blacksmith Dungeon - Fifth Room
173021187,0,0,57,True,
223479560,35,-81,1026,True,
172758532,-8,26,517,True,
223478536,36,-81,1026,True,Albuera Quarry
172754444,-16,34,517,True,
226234885,0,0,1025,True,
87298571,0,0,528,True,Blacksmith Dungeon - Entrance
76283911,-55,41,764,True,Billabone Cemetery
173018116,-24,20,57,True,
172757507,-10,25,517,True,
142083587,-35,-47,68,True,
55050246,0,0,617,True,Royal Mastogob's Greenhouse - First Room
173147136,0,0,57,True,
223480587,34,-83,1023,True,
142085129,-32,-41,68,True,
139725316,-9,-38,84,True,
223481613,33,-84,1023,True,
223479559,35,-80,1026,True,
55054342,0,0,617,True,
172754952,-15,30,517,True,
87300619,0,0,528,True,Blacksmith Dungeon - Ninth Room
223480073,34,-82,1026,True,
66849796,0,0,759,True,Kwismas Cavern - Fourth Room
76285955,-51,37,765,True,
142090249,-22,-41,68,True,
173017090,-26,18,57,True,
142090246,-22,-44,68,True,
87296513,13,21,528,False,Blacksmith Dungeon - Second Room
142084104,-34,-42,68,True,
223347974,37,-79,1026,True,
142089219,-24,-47,68,True,
66850820,0,0,759,True,Kwismas Cavern
139724801,-10,-41,84,True,
76284937,-53,43,764,True,
168953872,0,0,865,True,
76286468,-50,38,766,True,
87299595,0,0,528,True,Blacksmith Dungeon
59900929,-2,1,603,False,
87296523,0,0,528,True,Blacksmith Dungeon - Fourth Room
142215690,0,0,1036,True,
59904513,-81,-73,603,False,
173019659,-21,27,57,True,
173017098,-26,26,57,True,
87296517,13,21,528,False,Blacksmith Dungeon - Eighth Room
62915584,-73,-69,623,False,Korriander's Lair - First Room
172758017,-9,23,517,True,
87297539,13,21,528,False,
142087182,-28,-36,68,True,
172752896,-19,22,517,True,
62915590,0,0,623,True,
233308174,0,0,885,True,47 - Dopples (Duel)
111286022,-61,-81,795,False,
205129733,0,0,941,True,
90833410,9,27,32,True,
239608845,4,32,1070,False,
147589632,-18,-56,70,True,
171185409,0,0,168,True,
111284486,-61,-81,795,True,Entrance to the Geofurnaces
186647558,-49,-81,897,False,
233310220,0,0,1122,True,49 - Koalaks (Teams)
201326594,0,2,928,True,
239611933,-31,15,1105,False,
239618580,-5,-54,1087,False,
90706689,19,24,32,True,
239607825,-63,-86,1077,False,
239606298,19,26,1100,False,
206176770,16,-35,943,True,
239600132,-2,25,1055,False,
104333825,-15,14,94,False,Bworker's Cave - First Room
72363008,-1,33,154,False,Dragon Pig's Den - Exit
171181313,-57,-1,877,False,
116917248,24,-14,164,False,
60817408,-78,-41,601,False,
204999170,22,-21,941,True,
201328643,4,3,928,True,
233309198,0,0,885,True,48 - Sidekicks (Duel)
206045699,18,-34,943,True,
166461697,-20,-34,525,False,
90703874,14,27,32,True,
72355844,0,0,154,True,Dragon Pig's Den - Fifth Room
116918276,27,-12,162,False,
196870156,-1,-1,911,True,
166461699,-20,-34,525,False,
181147654,0,0,495,True,
181146632,-9,33,495,True,
69209088,1,-8,2,False,Masqueraider Temple
157553664,29,9,700,False,Kanniball Village - Exit
100928001,0,32,11,False,
213123078,0,0,984,False,
157549573,0,0,700,True,
72358912,-1,33,154,False,Dragon Pig's Den - Ninth Room
104336897,-15,14,94,False,Bworker's Cave - Fourth Room
213256192,0,0,984,False,
206179840,0,0,943,True,
116916232,23,-10,161,False,
90703872,14,25,32,True,
213127174,0,0,984,False,
157552640,29,9,700,False,Kanniball Village - Fifth Room
213255180,0,0,984,False,
213126150,0,0,984,False,
201328642,4,2,928,True,
107223040,-17,8,808,True,Koolich's Lair - Fifth Room
181145604,-10,31,495,True,
90835969,0,0,32,True,
147589638,-18,-50,70,True,
213256202,0,0,984,False,
112592140,-60,-87,789,True,
72358146,-1,33,154,False,Dragon Pig's Den - Eighth Room
69209346,1,-8,2,False,Masqueraider Temple
90702593,11,24,32,True,
156172,-49,12,453,True,
104334851,-15,14,94,False,Bworker's Cave - Exit
147587590,-22,-50,70,True,
181141510,-14,32,495,True,
240655360,0,0,1125,True,
210240512,39,-44,954,False,Spirit Abode - Second Room
159648785,-27,-48,43,True,
181142538,-13,34,495,True,
72358916,0,0,154,True,Dragon Pig's Den - Second Room
72354816,-1,33,154,False,Dragon Pig's Den - Fourth Room
90704643,15,22,32,True,
90708227,22,22,32,True,
196871172,0,-5,911,True,
201458688,-1,0,928,False,
181147656,0,0,495,True,
90702338,11,27,32,True,
240659456,0,0,1125,True,
181144578,-11,30,495,True,
147587073,-23,-55,70,True,
216663042,-25,33,977,False,
206179846,0,0,943,True,
179830785,-16,26,517,True,
153857,-44,-1,451,True,
162791424,0,0,851,False,Kerub Haven Bag
181143562,-12,34,495,True,
154641,-46,17,466,True,
181144582,-11,32,495,True,
84410376,-6,32,23,True,
147587079,-23,-49,70,True,
196871178,0,-2,911,True,
162793492,0,0,851,False,Ankama Haven Bag
159778831,-37,-50,43,True,
162791454,0,0,851,False,Winter Almanax Haven Bag
162793484,0,0,851,False,Sidimote Haven Bag
210240518,0,0,954,True,Spirit Abode - Second Room
162795526,0,0,851,False,Princess Haven Bag
162791426,0,0,851,False,Allister Haven Bag
206179844,0,0,943,True,
196871170,0,-6,911,True,
216531206,-25,33,977,False,
178914824,0,0,1036,True,
168558592,25,26,866,True,
181142534,-13,32,495,True,
216533504,0,0,977,True,
181142536,-13,33,495,True,
179962368,-17,25,517,True,
119276039,0,0,807,True,Aquadome - Bathyscaphe Room
147588617,-20,-47,70,True,
162793498,0,0,851,False,Bonta Haven Bag
233308168,0,0,1122,True,35 - The Possessed I (Teams)
216530950,-25,33,977,False,
189792777,4,-22,98,True,
178914816,0,0,1036,True,
159649797,-25,-60,43,True,
181145606,-10,32,495,True,
156677,-50,5,453,True,
147589120,-19,-56,70,True,
162795528,0,0,851,False,Gobbstock Haven Bag
168691720,0,0,867,True,
181147650,0,0,495,True,
181141512,-14,33,495,True,
202376198,0,0,931,True,Blood Throne - Second Room
233313290,0,0,885,True,40 - Bonta (Duel)
168559628,26,32,868,True,
181142528,-13,29,495,True,
178782214,-26,22,891,False,Volcano Mine
206045187,17,-34,943,True,
159649804,-25,-53,43,True,
216663300,-25,33,977,False,
136317440,-39,-11,210,False,Labyrinth of Souls
233309194,0,0,885,True,36 - The Possessed II (Duel)
197004292,0,0,911,True,
178914818,0,0,1036,True,
179831809,-14,26,517,True,
202379266,4,-3,931,False,Blood Throne - Exit
183112714,0,0,896,True,
168558606,25,33,868,True,
168560648,27,30,867,True,
119278081,21,18,807,False,Aquadome - Globe Room
231998466,0,0,453,True,
143918593,7,-2,840,False,XLII's Metronomicon - Exit
160779,-58,11,453,True,
134657,-7,1,232,True,
162793488,0,0,851,False,Moon Haven Bag
84410880,-5,24,23,True,
162793502,0,0,851,False,Spring Almanax Haven Bag
178785284,-28,28,57,False,
143917569,7,-2,840,False,XLII's Metronomicon - Gear Room
233313284,0,0,1122,True,28 - Ecaflip City (Teams)
168691728,0,0,868,True,
162791428,0,0,851,False,Spring Haven Bag
197004294,0,0,911,True,
136316420,0,0,210,True,Dofus Room
162795540,0,0,851,False,Corruption's Kingdom Haven Bag
147589123,-19,-53,70,True,
162791432,0,0,851,False,Fleaster Haven Bag
126094087,0,-36,178,True,
54170404,-73,-36,601,True,
54171435,-75,-43,601,True,
54168361,-69,-41,602,True,
54169886,-72,-30,602,True,
54172487,-77,-71,603,True,
54170418,-73,-50,604,True,
54167894,-68,-86,610,True,
54163280,-59,-80,609,True,
54164790,-62,-54,615,True,
54173483,-79,-43,601,True,
156237833,-8,-35,56,True,
201850881,0,1,927,True,
54164274,-61,-50,604,True,
156237828,-8,-40,56,True,
54164282,-61,-58,615,True,
235143425,0,0,1042,True,
155664,-48,16,454,True,
107220996,0,0,223,True,Koolich Cavern
59514880,-75,-75,621,False,Snowfoux Den - Fourth Room
60033027,-80,-70,605,True,
59508740,-78,-73,622,True,Snowfoux Caverns
57936387,0,0,653,True,
59511808,-75,-75,621,False,Snowfoux Den - First Room
110626307,-71,-84,788,True,
106434560,-3,-4,913,False,Waddict Foundry - Fifth Room
135172,-8,4,233,True,
156893697,34,5,93,True,
106432512,-3,-4,913,False,Waddict Foundry - Third Room
153883648,0,0,450,True,
94110720,1,26,297,False,Scaraleaf Dungeon - First Room
160275,-57,19,454,True,
94116864,1,26,297,False,Scaraleaf Dungeon - Exit
94114822,0,0,297,True,Scaraleaf Dungeon - Fifth Room
189793796,6,-27,98,True,
185992194,0,0,1036,True,
72619010,0,32,11,True,
154639,-46,15,466,True,
57934593,-52,-45,653,False,Sakai Mine Dungeon - First Room
123210756,0,0,814,True,Shadow's Pyramid - Fourth Room II
189925383,0,0,98,True,
60036612,-73,-69,605,True,
221512706,0,15,1019,True,
160785,-58,17,453,True,
155154,-47,18,466,True,
57935363,0,0,653,True,
164103680,-26,-34,525,True,
161486090,-9,-22,857,True,
173539843,14,-62,873,True,
123209728,6,13,814,False,Shadow's Pyramid - Third Room
221511686,-6,21,1019,True,
210633736,-3,3,956,True,
72619011,0,33,11,True,
221777414,0,0,1018,True,
153880324,3,-4,445,True,
160260,-57,4,454,True,
85722625,-15,-5,231,False,
159650321,-24,-48,43,True,
161089536,0,0,856,True,
161613064,0,0,1036,True,
60033030,-80,-67,605,True,
153884672,0,0,442,True,
158233,-53,25,453,True,
60034052,-78,-69,605,True,
156169,-49,9,453,True,
162567,-61,-7,471,True,
203689222,15,-20,929,True,
158978,-54,-2,453,True,
210634240,0,0,1036,True,
211294214,38,-47,955,False,Firefly Grave
173540353,15,-64,873,True,
189531140,0,-25,97,True,
158212,-53,4,453,True,
162568,-61,-8,471,True,
156893703,34,11,93,True,
3845,7,-5,180,True,
107219968,-17,8,808,True,Koolich's Lair - Second Room
123210752,6,13,814,False,Shadow's Pyramid - Fourth Room
159650307,-24,-62,43,True,
173540866,16,-63,873,True,
85722627,-18,-2,235,False,
135939,-9,-3,232,True,
154011397,-3,-5,20663,True,
203689218,15,-20,929,True,
221776384,-5,3,1018,False,Gob Akademy - Third Room
187695104,-10,-30,54,False,
159648258,-28,-63,43,True,
60032515,-81,-70,605,True,
203687174,15,-20,929,True,
187695108,-10,-30,54,False,
156894216,33,12,93,True,
173541890,18,-63,873,True,
159647235,-30,-62,43,True,
189792771,4,-28,98,True,
221643779,-7,16,1019,True,
159777807,-35,-50,43,True,
159235,-55,3,454,True,
160782,-58,14,453,True,
159648769,-27,-64,43,True,
183502850,-75,-80,892,True,
189792256,3,-31,98,True,
221512194,-1,15,1019,True,
210633220,-2,-1,956,True,
183502860,-72,-76,892,True,
135168,-8,0,232,True,
210501632,-1,-5,956,True,
156691,-50,19,454,True,
60031490,-83,-71,605,True,
189792259,3,-28,98,True,
183503880,-69,-81,892,True,
60037126,-72,-67,605,True,
183505924,0,0,892,True,
54791685,7,5,600,False,
183506952,0,0,892,True,
54791690,7,10,600,False,
198443266,-85,-18,917,True,
156762630,36,10,93,True,
54788101,0,5,600,False,
189793282,5,-29,98,True,
152338,-41,-18,209,True,
107225088,-17,8,223,False,Koolich Cavern - Third Room
54789125,2,5,600,False,
54788111,-77,-36,600,False,
54788096,0,0,600,False,
54788103,0,7,600,False,
155156,-47,20,466,True,
198447110,0,0,917,True,Sacrificial Altar
41947393,0,0,480,True,
158742,-54,22,454,True,
161296,-59,16,453,True,
184811529,-7,-41,56,False,
175115268,12,-76,881,False,
184811523,-14,35,61,False,
140812,-19,12,253,True,
175112198,5,-69,878,False,Verdant Plateau
41945859,0,0,480,True,
22809606,0,0,470,True,Bherb's Gully - Fourth Room
160777,-58,9,453,True,
34473220,-38,-15,319,False,The Labyrinth of the Minotoror - Thirteenth Room
158211,-53,3,453,True,
184812557,0,0,1036,True,
34473474,-39,-11,210,False,Minotoror Room
175112192,14,-61,873,False,
184812549,20,29,864,False,
139787,-17,11,253,True,
137737,-13,9,253,True,
34474244,-39,-15,319,False,The Labyrinth of the Minotoror - Twelfth Room
185863169,0,-8,2,True,
156180,-49,20,454,True,
90965507,3,3,32,False,
135688,-9,8,233,True,
22809602,-51,9,470,False,Bherb's Gully - Fifth Room
160784,-58,16,453,True,
184812545,6,8,828,False,
34341124,-37,-15,319,False,The Labyrinth of the Minotoror - Fourteenth Room
9,0,0,233,True,
68421128,10,1,479,True,
34342148,-36,-15,319,False,The Labyrinth of the Minotoror - Fifteenth Room
157205,-51,21,454,True,
90966533,5,5,32,False,
213648384,-28,32,982,False,
68420612,9,-3,1,True,
68557826,0,0,27,True,
153879812,2,-4,445,True,
224136198,0,0,1022,True,Sylvan Refuge - Fourth Room
224134150,0,0,1022,True,Sylvan Refuge - Second Room
185863685,1,-4,10,True,
90965515,3,11,32,False,
68420100,8,-3,1,True,
158980,-54,-4,457,True,
90968587,9,11,32,False,
90964485,1,5,32,False,
213650438,-28,36,982,False,
90967563,7,11,32,False,
135173,-8,5,233,True,
75498245,-19,-8,231,True,
156173,-49,13,454,True,
213648386,-28,33,982,False,
90967559,7,7,32,False,
162056,-60,-8,471,True,
203424768,4,0,932,False,Judgement of the Scales - Second Room
152337,-41,-17,209,True,
68557828,0,0,27,True,
159769,-56,25,453,True,
99752707,0,0,164,True,
90964487,1,7,32,False,
185862149,-2,-4,10,True,
203423744,4,0,932,False,Judgement of the Scales - First Room
213648642,-28,32,982,False,
153890816,0,0,450,True,
90964481,1,1,32,False,
185860097,-6,-8,2,True,
68552704,3,-7,180,True,
203424774,0,0,932,True,Judgement of the Scales - Second Room
90965511,3,7,32,False,
142854,0,0,253,True,
213647360,-26,38,982,False,
155147,-47,11,453,True,
161089538,0,0,856,True,
160770,-58,2,453,True,
133132,-4,12,31,True,
68423168,13,-7,1,True,
138246,0,0,31,True,
99614721,24,-9,161,True,
68420103,8,0,479,True,
75497472,-20,-3,231,True,
68551680,5,-7,180,True,
138761,-15,9,253,True,
138244,0,0,232,True,
185860611,-5,-6,2,False,
161284,-59,4,453,True,
68420098,8,-5,1,True,
155669,-48,21,466,True,
161292,-59,12,453,True,
159754,-56,10,454,True,
155662,-48,14,453,True,
99754497,0,0,163,True,
152339,-41,-19,209,True,
68553217,2,-6,180,True,
158232,-53,24,453,True,
68552193,4,-6,180,True,
131862017,-9,-6,822,True,
183501824,-77,-80,892,True,
161295,-59,15,453,True,
34472450,-37,-11,210,False,Minotot Room
1545,0,0,31,True,
183500802,-76,-78,892,True,
235143427,0,0,1042,True,
198443008,-85,-17,917,True,
198445317,0,0,917,True,Well of Waters-that-Bite
34472960,-38,-13,319,False,The Labyrinth of the Minotoror - Twenty-third Room
224395265,0,1,1021,True,
139275,-16,11,253,True,
198446080,-82,-17,917,True,
235146499,5,9,1042,True,
68422663,13,0,1,True,
107223044,0,0,1036,True,
183500800,-77,-79,892,True,
104858113,-6,9,277,False,
24117762,-54,16,464,True,
104992261,0,0,276,True,
24118277,-53,15,464,True,
208405504,14,-32,949,False,Fouxwork Factory - Second Room
127928334,-2,-46,518,True,
203161606,0,0,933,True,Shackles of Tyranny - First Room
126615554,1,-48,518,False,
127928332,-2,-48,518,True,
104859145,-4,2,276,False,
223874048,29,-88,1030,False,Chamber of Evils - Fourth Room
209453066,37,-47,962,True,Ethereal Clouds
172228608,-32,29,280,True,
147981316,-16,-11,169,True,
172233729,-22,30,280,True,
127928335,-2,-45,518,True,
139461636,-19,-41,521,True,
104862215,-7,7,8,False,
147849475,-14,-18,169,True,
227283204,0,0,1031,True,
104861193,-4,2,276,False,
87558154,4,10,469,False,
38667264,0,0,103,True,
56361984,-60,-84,619,False,The Wreck of the Hesperus - Second Room
227280130,36,-71,1031,False,
209456132,25,-22,944,True,Ikiki Mine
237906965,0,0,904,True,
172360712,-34,37,280,True,
127930893,3,-47,518,True,
127929871,1,-45,518,True,
24118785,-52,15,464,True,
227279876,32,-65,1027,False,
76940290,0,0,762,True,
38667266,0,0,103,True,
24118793,-52,15,464,True,
104989193,0,0,277,True,
227278848,32,-69,1031,True,
104860161,-6,4,276,False,
203162630,0,0,933,True,Shackles of Tyranny - Second Room
138674176,1,5,833,True,
209455112,25,-34,942,False,
97259021,-2,4,29,True,Kamana Mine
104861189,-6,6,8,False,
209458180,21,-19,941,False,
104989191,0,0,277,True,
172360706,-34,31,280,True,
222429696,-1,21,1017,True,
237910024,0,0,904,True,
203163648,4,-3,933,False,Shackles of Tyranny - Third Room
142082562,-37,-48,68,True,
172360708,-34,33,280,True,
222429953,-1,20,1017,True,
157287424,29,6,847,False,Moon's Tree - Second Room
97260055,-3,-4,29,True,
223873024,29,-88,1030,False,Chamber of Evils - Third Room
97255965,10,-24,96,False,
99756549,0,0,161,True,
128058886,-9,-54,518,True,
76810754,-48,40,766,True,
76810756,-53,40,764,True,
209586688,0,0,1036,True,
172229133,-31,42,886,True,
237776924,0,0,904,False,
207751172,0,0,951,True,
237766703,0,0,904,True,
142087181,-28,-37,68,True,
209586694,0,0,1036,True,
209585672,0,0,951,True,Pandawushu Dojo
99614722,24,-8,161,True,
56365056,-60,-84,619,False,The Wreck of the Hesperus - Fifth Room
172234755,-20,32,280,True,
157291520,29,6,847,False,Moon's Tree - Exit
164103698,-26,-16,525,True,
128059400,-10,-52,518,True,
97260033,5,19,29,True,Diggum Mine
209454082,36,-43,952,False,Cemetery Inn
209456140,6,12,955,False,
97256979,0,-3,29,True,Shoon Mine
209459718,0,0,951,True,Archive Room
97255955,0,-3,29,True,Shoon Mine
128057868,-7,-48,518,True,
237764616,0,0,904,True,
128058887,-9,-53,518,True,
97258001,-2,-5,29,False,Korussant Mine
207619072,20,-27,951,False,Shaman's House
97259035,-1,-4,29,False,
207622152,22,-38,945,False,Pandora Master's Home
38536192,15,18,103,False,
207618052,20,-30,951,False,
164102165,-29,-13,525,True,
209454092,2,12,955,False,
147852291,-8,-12,33,True,
209586692,0,0,944,True,Breath of Airgil Cavern
97388035,0,0,29,True,
172232704,-24,29,280,True,
209454088,36,-46,955,False,
97260045,-2,4,29,True,Kamana Mine
97388063,0,0,96,True,
97259017,-3,9,1034,True,Tirith Mine
237769756,0,0,904,False,
139462151,-18,-38,521,True,
56361220,0,0,619,True,The Wreck of the Hesperus - First Room
127927822,-3,-46,518,True,
97255943,-3,9,1034,True,Tirith Mine
97259019,-3,9,1034,True,Tirith Mine
152832004,0,0,447,True,Kardorim's Crypt - Third Room
147850246,-12,-9,33,True,
207622158,26,-24,948,False,Tanukouï San's Workshop - Storeroom
207619084,25,-22,944,True,Ikiki Mine
237770810,0,0,904,True,
237778959,0,0,904,False,
142087687,-27,-43,68,True,
97256961,4,28,29,True,
97261075,0,-3,29,True,Shoon Mine
172228614,-32,35,280,True,
97388061,0,0,96,True,
139464196,-14,-41,521,True,
207628290,0,0,1114,False,
38667522,0,0,103,True,
234096642,-13,-29,1037,False,
207618058,24,-31,942,False,
207627266,19,-26,1114,False,Function Room
157289472,29,6,847,False,Moon's Tree - Fourth Room
97255949,-2,4,29,True,Kamana Mine
97259033,-3,-4,29,True,
237768706,0,0,904,False,
97388039,0,0,29,True,
164233740,-30,-22,525,True,
207751168,0,0,951,True,Pandazaap Inn
74977797,-51,40,771,False,Grozilla and Grasmera's Den
97255963,-1,-4,29,False,
164102671,-28,-19,525,True,
189661704,-3,-21,97,True,
172235271,-19,36,280,True,
207627523,0,0,1114,True,
172361223,-35,36,280,True,
222300418,0,0,1017,True,
97256973,-2,4,29,True,Kamana Mine
97388059,0,0,96,True,
97256971,-3,9,1034,True,Tirith Mine
97257993,-3,9,1034,True,Tirith Mine
142086153,-30,-41,68,True,
97388037,0,0,29,True,
97259023,-2,-5,29,False,Korussant Mine
147852293,-8,-10,33,True,
84411904,-3,24,23,True,
99746563,23,-13,164,True,
97259011,5,19,29,True,Diggum Mine
207622403,0,0,1036,True,
97260037,-3,9,1034,True,Tirith Mine
164104210,-25,-16,525,True,
97260041,-3,9,1034,True,Tirith Mine
172235779,-18,32,280,True,
128059916,-11,-48,518,True,
172229646,-30,43,886,True,
97256981,-3,-4,29,True,
172229633,-30,30,280,True,
186385154,-48,-83,897,True,
237772841,0,0,904,False,
160792,-58,24,453,True,
107225092,0,0,1036,True,
221643776,0,0,1019,True,
113772033,-13,-29,750,True,Room of doors
157194,-51,10,454,True,
224395777,1,1,1021,True,
134155,-6,11,31,True,
113902080,-13,-29,750,True,
34476296,-41,-17,210,False,Entrance
156762631,36,11,93,True,
68557824,0,0,27,True,
34474248,-39,-17,319,False,The Labyrinth of the Minotoror - Second Room
160788,-58,20,453,True,
113773057,-13,-29,750,True,Third slab Room
189793281,5,-30,98,True,
68558848,0,0,479,True,
224788993,24,-83,1029,True,
76423685,0,0,766,True,
156638465,0,0,167,True,
140509187,-84,-57,834,True,
224660233,29,-88,1029,True,
215486464,43,-57,968,False,Kabaal Ritual - Fifth Room
158334977,-15,-61,55,True,
230427141,-13,-29,1123,False,B26 - Cemetery (Teams)
163843074,-13,34,59,True,
140514563,0,0,834,True,
76286980,-49,38,766,True,
147852290,-8,-13,33,True,
190579201,4,-13,173,True,
154142214,0,0,781,True,Soft Oak Clearing - Disillusioned Thicket
179308035,-64,31,883,True,
100270593,-34,-8,62,True,
141295618,-6,-12,750,False,Goultarminator - Arena C VII
195038208,-62,-70,903,False,King Dazahk's Brewery - Fourth Room
76415491,-56,37,765,True,
205521927,26,-28,942,True,
141297666,-6,-12,750,False,Goultarminator - Arena C IX
202115584,4,-3,925,True,
140510465,-83,-59,834,True,
147852546,-8,-17,33,True,
195036162,0,0,903,True,King Dazahk's Brewery - Second Room
219153408,-36,-60,976,False,
100139521,-32,-8,62,True,
207094788,38,-43,955,True,
141297664,-6,-12,750,False,C2 - Goultarminator
163842048,-12,-58,69,False,
140515587,0,0,834,True,
190579204,4,-10,173,True,
179438082,-68,30,883,True,
187435008,-48,-82,899,False,Bethel's Tower - Third Room
141298688,-6,-12,750,False,C3 - Goultarminator
100140034,-31,-7,62,True,
140509185,-84,-58,834,True,
156499971,29,9,166,True,
230430219,-13,-29,1123,False,B40 - Bonta (Duel)
205521925,26,-30,942,True,
125043203,1,-54,809,False,
147981313,-16,-14,33,True,
141296640,-6,-12,750,False,C1 - Goultarminator
202244622,0,0,925,True,
202244612,2,-1,925,True,
225183750,0,0,1028,True,Bitter-Hammers' Stronghold - Third Room
230436357,-13,-29,1123,False,B33 - Crocuzko (Teams)
141299714,-6,-12,750,False,C6 - Goultarminator
190317568,7,-24,306,False,Famished Sunflower's Barn - Fourth Room
158468102,0,0,55,True,
207094272,37,-47,955,True,
202244610,2,-2,925,True,
190581254,8,-8,173,True,
230435329,-13,-29,1123,False,B21 - Fields (Teams)
205521413,25,-30,942,True,
230433291,-13,-29,1123,False,B43 - Ereboria (Duel)
207095301,39,-42,955,True,
207093760,36,-47,955,True,
147850247,-12,-8,33,True,
230437387,-13,-29,1123,False,B52 - Gargandyas (Duel)
202118656,0,0,925,True,
100140032,-31,-9,62,True,
147849473,-14,-16,33,True,
177482760,0,0,1122,False,
237771795,0,0,904,True,
177471498,0,10,885,True,Kolossium Duel - Arena XIV
177472512,-6,-12,1122,True,Tournament - Arena XX
84542209,-7,23,23,True,
177480704,-6,-12,1122,True,Tournament - Arena XXVIII
177471492,-13,-29,1122,True,
177472526,0,0,885,True,
102764039,0,0,339,True,Sphincter Cell's Lair - Fourth Room
237789242,0,0,904,True,
184419330,-33,18,896,True,
177603586,-2,2,885,True,Kolossium Duel - Arena I
237771834,0,0,904,True,
198709248,-84,-16,918,False,Turtelonia's Sanctuary - Fifth Room
164104209,-25,-17,525,True,
184290304,-34,22,896,False,Infernal Well
164102672,-28,-18,525,True,
177471494,0,6,885,True,
237902895,0,0,904,True,
164103696,-26,-18,525,True,
237770791,0,0,904,False,
84542210,-7,22,23,True,
102763015,0,0,339,True,Sphincter Cell's Lair - Third Room
198707206,0,0,918,True,Turtelonia's Sanctuary - Third Room
177475586,8,2,885,True,Kolossium Duel - Arena VI
177478658,-6,12,885,True,Kolossium Duel - Arena IX
237902882,0,0,904,True,
237785626,0,0,904,False,
237766684,0,0,904,False,
237764640,0,0,904,True,
189530118,-2,-23,97,True,
177483784,0,0,1122,False,
237770765,0,0,904,False,
189530114,-2,-27,97,True,
177474560,-6,-12,1122,True,Tournament - Arena XXII
237898760,0,0,904,True,
237769749,0,0,904,True,
164102161,-29,-17,525,True,
237766688,0,0,904,True,
177482758,0,0,885,True,
145491968,4,1,837,False,
139462146,-18,-43,521,True,
164104192,-25,-34,525,True,
237906989,0,0,904,True,
237901884,0,0,904,True,
237776896,0,0,904,False,
198705158,0,0,918,True,Turtelonia's Sanctuary - First Room
102761987,5,-8,339,False,Sphincter Cell's Lair - Exit
237898784,0,0,904,True,
164104724,-24,-14,525,True,
200016385,-4,26,316,True,
189532161,2,-28,97,True,
102761985,5,-8,339,False,Sphincter Cell's Lair - Second Room
176422914,9,-66,878,True,The Pack's Coast
237771778,0,0,904,False,
237898812,0,0,904,True,
237903878,0,0,904,True,
237766669,0,0,904,False,
237767719,0,0,904,False,
237898810,0,0,904,True,
237791284,0,0,904,False,
158597120,-13,-51,69,False,
198707200,-84,-16,918,False,Turtelonia's Sanctuary - Third Room
102760961,5,-8,339,False,Sphincter Cell's Lair - First Room
237767734,0,0,904,False,
237899782,0,0,904,True,
145489920,4,2,837,True,
237766682,0,0,904,False,
237911061,0,0,904,True,
237765679,0,0,904,True,
115082753,14,36,797,True,The Alliance Temple
237773852,0,0,904,False,
145490179,0,0,1036,True,
237774906,0,0,904,True,
164103168,-27,-34,525,True,
237776902,0,0,904,True,
237775874,0,0,904,False,
237764662,0,0,904,False,
237768756,0,0,904,False,
