protocol	opcode	schema_fingerprint	field_schema	client_owner_action	client_context	server_directions	server_references	server_status	evidence_grade	next_action
Connection	mhh	13d02503bfe5bdbd1086b4afbaf924d49c34b3aff97ea6cebf070ec86383175a	1:mhj gfcd; 2:mhl gfce; 3:mhn gfcf				0	shape-known	C	Locate client feature and capture a journey.
Connection	mhj	3623511fcb0ee3bf8f8b55d384108fa476847d9806c651ffa553ee0cacb7a7c9	1:string gfck; 2:mho gfcl; 3:mhs gfcm; 4:mih gfcn; 5:mix gfco; 6:mjc gfcp; 7:mjh gfcq; 8:mjp gfcr				0	shape-known	C	Locate client feature and capture a journey.
Connection	mhl	1d0cdc08d484812a4ee92c6372865440a707b69b0e1a3a93db640c54c759b5a5	1:string gfcw; 2:mhp gfcx; 3:mig gfcy; 4:mim gfcz; 5:miz gfda; 6:mjo gfdb; 7:mjw gfdc				0	shape-known	C	Locate client feature and capture a journey.
Connection	mhn	3f803ac6ab6f1b51811bcfede3e6508a8b46a22bc26ec51b70103705761d6f39	1:mhq gfdh				0	shape-known	C	Locate client feature and capture a journey.
Connection	mho	96ca43e00e6adf9a5b0df394ce04bf3e8266db4fd5f1dc12f15fca07f86f8193					0	shape-known	C	Locate client feature and capture a journey.
Connection	mhp	7a96210311fbb844a5070e07233716e4d3591033355bd0c19879c08af7bf8c2c					0	shape-known	C	Locate client feature and capture a journey.
Connection	mhq	07a5c8ffbb8ff2b57885f5c0238eaf02195721387d91808ed744b1ae2c477b11	1:mit gfds				0	shape-known	C	Locate client feature and capture a journey.
Connection	mhs	7a39abd64687b126abd0c04c063936dc3f3d428d6a301f8cb12b9648ec04f34e	1:string gfdw; 3:mhv gfdx; 4:mhw gfdy; 5:string gfdz				0	shape-known	C	Locate client feature and capture a journey.
Connection	mht	0577cc82eef244f3150580e1f2de42a43efd8e1c0cfefe09f69e54e167c9683b	1:int64 gfee; 2:string gfef				0	shape-known	C	Locate client feature and capture a journey.
Connection	mhv	08555638a3b49d3df274549c0497794debedee466f43a6dac171ce39cfd35422	1:string gfej; 2:mht gfek				0	shape-known	C	Locate client feature and capture a journey.
Connection	mhw	cf839ea8dae1acfbcbb3921ec0ed45bf5c57cf52ef87077703db5c81becc177d	1:string gfeo				0	shape-known	C	Locate client feature and capture a journey.
Connection	mhy	c77b3391c4cdb86de321a627b160ae600d7363247fbccd64e3d9edffc7a2dfd4	1:bool gfes; 2:bool gfet; 3:bool gfeu; 4:bool gfev				0	shape-known	C	Locate client feature and capture a journey.
Connection	mia	403d4e3fbc00bc59de449b2a133760cb0b9572efefae66ad0de897662a888c6f	1:int64 gfez; 2:string gffa; 3:string gffb; 4:miq gffc; 5:string gffd; 6:mhy gffe; 7:optional int32 gfff; 8:mja gffh; 9:mjx gffi				0	shape-known	C	Locate client feature and capture a journey.
Connection	mie	24b0df71c867e606e08869633d12cb7aec8901fda1d156c23130731fbdba3099	1:mib gffm; 2:optional string gffn; 3:optional string gffp				0	shape-known	C	Locate client feature and capture a journey.
Connection	mig	bfebb629a7a8c064ac1f1398d8ebf595e9f46fcfbccb333373344f88970967ca	1:mia gffu; 2:mie gffv				0	shape-known	C	Locate client feature and capture a journey.
Connection	mih	248e45dcdbda562c05c74ec5650f0d0e42b0caaa89ad258c0ae3d7c36b6a2c59	1:int32 gfga				0	shape-known	C	Locate client feature and capture a journey.
Connection	mik	29a2b458ea205d417da7ca1abf2a85fc6560a89813a5ad9db8ddbd5273ae43c6	1:string gfge; 2:string gfgf; 3:repeated int32 gfgg				0	shape-known	C	Locate client feature and capture a journey.
Connection	mim	11e897ff95768d88e0001fed521e0c808607b469e075a20949682f0704cd8bb3	1:mik gfgk; 2:optional mij gfgl				0	shape-known	C	Locate client feature and capture a journey.
Connection	mio	26b873277928ba443d4d5bd065adc8b778f7109c064f46adb456e191175ab6da	1:mhf gfgr; 2:int32 gfgs				0	shape-known	C	Locate client feature and capture a journey.
Connection	miq	04c1c8b05e0d239d0f63c12d8a7445706689fd4706aa51a9aee3adb518dee0c2	1:repeated mit gfgw; 2:repeated mio gfgx; 3:bool gfgy				0	shape-known	C	Locate client feature and capture a journey.
Connection	mit	ad8c0dbf6ed935cf4570b808d83f194b761560ac12921b3eb8880f8f011ab4ff	1:miw gfhc; 2:mir gfhd; 3:repeated mjg gfhe				0	shape-known	C	Locate client feature and capture a journey.
Connection	miw	d1c8cc953ed5aec4e37c75ac917747151baf31a779c19413663ae77e82517f05	1:int32 gfhi; 2:miu gfhj; 3:mhf gfhk				0	shape-known	C	Locate client feature and capture a journey.
Connection	mix	2bac6ffceebb8253ba99f796e521e21d52d69880a747c39d0e0bcebe47a140d2	1:int64 gfho				0	shape-known	C	Locate client feature and capture a journey.
Connection	miz	cd4bdb60d190f4c14274cef4b061f9c64258adf46e9a7445aae8876bd6aa7540	2:mja gfhs; 3:mjb gfht				0	shape-known	C	Locate client feature and capture a journey.
Connection	mja	b091a2082a45fa25477ff37ea356ab2e58fa9f949cd5c9a43b53846dc583eeb4	1:bool gfhy; 2:int64 gfhz; 3:string gfia; 4:string gfib; 5:miq gfic				0	shape-known	C	Locate client feature and capture a journey.
Connection	mjb	52c5451e623421892bdc449d5250741f6fcd60b47e1e92d267e9b08c5eee642c					0	shape-known	C	Locate client feature and capture a journey.
Connection	mjc	af112fadfdeaa00e2eb1445cfb7ea2f672f87b300dc95b5941af1816930f84bf					0	shape-known	C	Locate client feature and capture a journey.
Connection	mjg	c4d817cb655fd36f43245644f51461e6bee8f990336f36cc7553e07f14700f55	1:string gfim; 2:mje gfin; 3:mjd gfio; 4:int32 gfip; 5:string gfiq				0	shape-known	C	Locate client feature and capture a journey.
Connection	mjh	bfe9a0bf35f5cd200a0ad2d776cff6cc8ad7713c2f8152e3bbcabd5c44cdc18f					0	shape-known	C	Locate client feature and capture a journey.
Connection	mjk	0ae728901293fd2fea42932425b80ca96644ca78ee4ecacefb03a252b2d74e7d	1:string gfix; 2:string gfiy; 3:repeated int32 gfiz				0	shape-known	C	Locate client feature and capture a journey.
Connection	mjm	2bbfcb1e10cf8bb538643a7e5761cf03ae3ab1d8946e64a7ac977239a2b2d861	1:repeated mjk gfjd				0	shape-known	C	Locate client feature and capture a journey.
Connection	mjo	2684f7bf976afdf6476929c16524fffead3c8ec3cb00c75fb51e5cff7b18ae47	1:mjm gfjh; 2:optional mjj gfji				0	shape-known	C	Locate client feature and capture a journey.
Connection	mjp	8c9301cf9d41bb66f7e899b974732b2e4ebe90e5bff459fdd0c59e67bc5271c8	1:string gfjo; 2:string gfjp				0	shape-known	C	Locate client feature and capture a journey.
Connection	mjr	fc18c704ecd1e28f03bfec08b810319c32c0460217b0f4862e384b84b710787f	1:repeated int32 gfjt				0	shape-known	C	Locate client feature and capture a journey.
Connection	mju	752c1db7c42aca1b3b7533e565cc230a94c0bb1649b27c4165bf97c3a481d8d8	1:mjs gfjx				0	shape-known	C	Locate client feature and capture a journey.
Connection	mjw	1b5ea52a5052476f3090066d05826c0b2826c8811dd6c0588373524dbc902b03	1:mjr gfkb; 2:mju gfkc				0	shape-known	C	Locate client feature and capture a journey.
Connection	mjx	40062aafb60ead88ae88eddbac80e6ca0e9e0ee33e7348bae535b7678f28abce	1:string gfkh; 2:string gfki; 3:repeated int32 gfkj				0	shape-known	C	Locate client feature and capture a journey.
Game	hdw	e6a65662dd672a556082b5d8e298e72613669e5e414d15f112a2fc8016d0d9f3	1:Any flkw; 2:int32 flkx	gjv::Encode	gjv (toca a 4 mensajes): Encode, Decode		0	shape-known	C	Locate client feature and capture a journey.
Game	hdx	e8863bc7c13c934465813ed384ca5b5d6bc51eb757d3293547663cdde8e1096f	1:Any fllb; 2:repeated int32 fllc	gjv::Encode	gjv (toca a 4 mensajes): Encode, Decode		0	shape-known	C	Locate client feature and capture a journey.
Game	hdy	03307f03bce7f08c99c23ba8d0ee4986d1223cc9669ba45c47e6299cb44ae415	1:Any fllg; 2:int32 fllh	gjv::Encode	gjv (toca a 4 mensajes): Encode, Decode		0	shape-known	C	Locate client feature and capture a journey.
Game	hea	13a970e1c061304a7bdccdffeb15a45e566df6279018a7cf4e07e1d59dd2aac6	1:hdx flll; 2:hdy fllm; 3:hdw flln	gjq::ChannelRead0 | gjv::Decode | gjv::Encode | gjo::BindAsync	gjo (toca sólo a éste): ChannelRegistered, ChannelActive, ChannelInactive, DeregisterAsync, ExceptionCaught, DisconnectAsync, CloseAsync, UserEventTriggered, ChannelUnregistered, Flush, HandlerAdded, ConnectAsync | gjq (toca sólo a éste): ChannelRead0		0	shape-known	C	Locate client feature and capture a journey.
Game	hed	df3b5155cad5689d69d76e19c15a68fc9a209c8825a9e1ddb87e64dd29042fc1					0	shape-known	C	Locate client feature and capture a journey.
Game	heg	267e13d20f6adb643839b72a41ced5c502a365aba2143686d1f3453834992f60	1:int32 fllw; 2:hee fllx; 3:repeated hex flly; 4:string fllz				0	shape-known	C	Locate client feature and capture a journey.
Game	heh	c2f61a3df15824a6203fb9f91952f22cda9eaf8848229ed9f81c04667a3ab691	1:lba flmd; 2:int32 flme; 3:int32 flmf; 4:int32 flmg; 5:int32 flmh; 6:string flmi	bo::mow			0	shape-known	C	Locate client feature and capture a journey.
Game	hei	c7c75ecb94b25fd64d49992df8507f06d8d5220fdc534aaf571185dfb7cde28e	1:repeated heg flmm	egf::bov | egf::hrl | egf::lv | egf::orw			0	shape-known	C	Locate client feature and capture a journey.
Game	hek	2682bf36b62b9fb03476ea91e514d3c4962b384711076f0efda116aefd764dda	1:bool flmq; 2:bool flmr				0	shape-known	C	Locate client feature and capture a journey.
Game	hem	74bc3ec6c1ac570626a8638a04101c160b1730a577fd2cf9b4ee42342d261035	1:hek flmv; 2:repeated lfo flmw				0	shape-known	C	Locate client feature and capture a journey.
Game	hen	0b0e8e523b7acde851d0f83094a48512f6d52dd10dd67325ff3cce571e6d494f	1:repeated int32 flna				0	shape-known	C	Locate client feature and capture a journey.
Game	heo	998c0051e9abb1c7da7645e0f0fc14413c6317f30f17b718e2e68eba8a530b10	1:optional int32 flne; 2:int64 flng; 3:int32 flnh; 4:map<int32, string> flni				0	shape-known	C	Locate client feature and capture a journey.
Game	heq	37fa1a68e62aff98ed7fe69320905ca586fc5e8ed62f73e1a690298b49da4c6a	1:string flnm; 2:repeated int32 flnn; 3:heo flno; 4:repeated int32 flnp				0	shape-known	C	Locate client feature and capture a journey.
Game	her	00117a3a7ef4451b4b3b2b1b5d79ecec5b36bae0955a4b482b1f864be671e699	1:repeated int32 flnt				0	shape-known	C	Locate client feature and capture a journey.
Game	het	c9e20c556410d7da5474c71b7218cced9cbd6f61f5f4de565d19133e662f05f0	1:string flnx; 2:optional bool flny; 3:repeated int64 floa; 4:string flob; 5:repeated int64 floc; 6:bool flod; 7:int64 floe; 8:optional int64 flof; 9:string floh				0	shape-known	C	Locate client feature and capture a journey.
Game	hev	715d144d204a098cfeae1f88927217aa91e96e9626793d3e3c87ede695bc796a	1:repeated int32 flol; 2:hes flom; 3:optional string flon; 4:het flop				0	shape-known	C	Locate client feature and capture a journey.
Game	hex	4bb4419244afe693bd2f8cc806b5acaea33029b4c3240cae3e91f67ac0fdc424	1:her flot; 2:heq flou; 3:optional int32 flov; 4:optional int64 flox; 5:hev floz; 6:optional int32 flpa; 7:optional int64 flpc; 8:hem flpe; 9:hen flpf				0	shape-known	C	Locate client feature and capture a journey.
Game	hfa	d1bba8faf0ba72f1d9d5c8013e4aeef46f2acfabb69416e9029db32799c9e362	1:int32 flpk; 2:repeated hfl flpl; 3:hec flpm; 4:hfl flpn; 5:hfl flpo				0	shape-known	C	Locate client feature and capture a journey.
Game	hfb	a04a1ce863a39d8e035ac9a7332dc6cceb478d2fff0f11ae75433aeb26484dce					0	shape-known	C	Locate client feature and capture a journey.
Game	hfd	147bc975c026dc27ea0d8761ee247085f728dbfaf0f55d7b5ccdfb2f20432209	3:hez flpv; 1:hfa flpw; 2:hfb flpx	egf::xlt			0	shape-known	C	Locate client feature and capture a journey.
Game	hfe	aaae1ed0cc0a6031d0c1e3d29dce896d819d207d5ebda2c72b614314c36c8d2a	1:repeated hgc flqc; 2:repeated hgc flqd	egf::ghf | egf::lyj | egf::xlu			0	shape-known	C	Locate client feature and capture a journey.
Game	hff	8c067a1493e5d5b56279545dc3bbe1144447cafeed47ffb9882ff39d713d4d47					0	shape-known	C	Locate client feature and capture a journey.
Game	hfh	c5fb778affb433b5d44f75d328a6c090baa1f192318acd68653d22f1a34b39c9	1:hff flqk; 2:int32 flql	bo::fbi | bo::glv | bo::kvb | bo::mox			0	shape-known	C	Locate client feature and capture a journey.
Game	hfi	b0cacd270a769c058b16e0318a7f5e2552cba8b8d4a6a937485ab8de3dc6018b	1:string flqp; 2:int32 flqq	egf::bnx | egf::dws | egf::igs | egf::rw			0	shape-known	C	Locate client feature and capture a journey.
Game	hfj	8d73dcdb398c9552a08549d3cd6444b8775d04fb6fea50396ae2003b62a98ae8	1:string flqu; 2:lld flqv; 3:string flqw	bo::cgm | bo::jyp | bo::ltt | bo::mov			0	shape-known	C	Locate client feature and capture a journey.
Game	hfl	88ef5bdf6ac755b86987419e9a75767eb2315d6c2beb2c01e23a8d9ea718e09c	1:int32 flra; 6:int32 flrb; 2:hfh flrc; 3:heh flrd; 4:hfj flre; 5:hgb flrf; 7:hed flrg	bo::bdw | bo::dyw | bo::eox | bo::hu			0	shape-known	C	Locate client feature and capture a journey.
Game	hfo	387f0f512af62f324b87678433d7c54d09458e3b06f50da438b59ccc319f5d0f	1:hfm flrl; 2:string flrm; 3:string flrn	egd::kgw | egd::npd | egd::oox | egd::xks			0	shape-known	C	Locate client feature and capture a journey.
Game	hfp	84a610f3704f5e3e484ccb4d2c89aea9a0b554d0001a8d9e213e7ac9a746018b					0	shape-known	C	Locate client feature and capture a journey.
Game	hfr	592539ac80e0591bf35cdd58d4e8e1c8be7772fa22c6f71239e5a4a832fc9041	1:hfp flru	egd::ced | egd::gce | egd::mb | egd::xku			0	shape-known	C	Locate client feature and capture a journey.
Game	hfs	d19a4fe47b1f048bb1f1044cc1a64c68269c47abb402bb628a171bc71d37e7d8	1:string flry	egd::efk | egd::fsh | egd::gqs | egd::kvf			0	shape-known	C	Locate client feature and capture a journey.
Game	hft	3b0d6bb378964af7ae501c496fe09d205c84fe8bcd75b1e3f2b039ed6eb290b5	1:string flsc; 2:repeated int32 flsd; 3:repeated int64 flse; 4:repeated string flsf; 5:optional int64 flsg; 6:string flsi; 7:int64 flsj				0	shape-known	C	Locate client feature and capture a journey.
Game	hfv	58dd2d6f0f70db7430a514c27234ad07346d28fbfa2ea3640c560f66d07bd32b	1:hft flsn	egd::bhx | egd::bv | egd::xkw			0	shape-known	C	Locate client feature and capture a journey.
Game	hfw	3f51b3fcae7187a87a71d3cee5a5fb933ffe9616610dfac0cffdfa813b565151	1:string flsr	egd::dhh | egd::dmr | egd::ebe | egd::ebk			0	shape-known	C	Locate client feature and capture a journey.
Game	hfx	fea65865f13aec6027a97150f8eb5f2f76593a8b91d2489118c8cc1c50611020	1:repeated hfl flsv	egf::ldg | egf::xlr			0	shape-known	C	Locate client feature and capture a journey.
Game	hfy	b77fdc14fadfcd46195c8702ec03bba9e0fb15938b8aa4d97de2a2f70ce9cf09	1:int32 flsz	euv::bcuh | euv::bnt | euv::kub			0	shape-known	C	Locate client feature and capture a journey.
Game	hfz	39ac6abd94088cb96837f71bb040355209a0a0ce3dac66087a30693d829a9e11		egd::cqm | egd::eym | egd::lxx | egd::ux			0	shape-known	C	Locate client feature and capture a journey.
Game	hga	dd8a32d558b41f365e9c9d4e304e2cf9949655f60448bb6ee288f16a6fdbb953	1:int32 fltg; 2:optional int32 flth	euw::bcu | euw::bcuj | euw::btf | euw::gsw			0	shape-known	C	Locate client feature and capture a journey.
Game	hgb	2c3e4ed1984d432819a8f45a641017d9936100d6490c33b0d8f5253a25398789	1:string fltm; 2:int32 fltn; 3:lld flto	bo::dpd | bo::fgb | bo::jqs | bo::mhg			0	shape-known	C	Locate client feature and capture a journey.
Game	hgc	f37d4df84cee8f02119983708b1ae74aff09446939ef7bd926a649d7de65b7b9	1:optional string flts; 2:string fltu; 3:int32 fltv; 4:optional string fltw	bp::djq | bp::dvs | bp::idg | bp::mpc			0	shape-known	C	Locate client feature and capture a journey.
Game	hgg	f25429b0c1f3b7ab9c3731c59c68ada199c23904d9e123997f0dc6e63f99b927	1:hge fluc; 2:optional int32 flud	dyx::ban | dyx::lcy | dyx::omo | dyx::uik			0	shape-known	C	Locate client feature and capture a journey.
Game	hgj	9a0737581c6a0484a13b7963227ba4451fb63f3a852771a78733ad46a3ef4d10	1:hgi fluj	epx::bavn | gie::bkii			0	shape-known	C	Locate client feature and capture a journey.
Game	hgm	7c60e4d6c2c7e5316bfc75e085491f8780db9abf02b42d9aa8a83a6d6ff1863e	1:hgk flun; 2:hgi fluo	epy::bavu | epy::dcd | epy::fct | epy::nus			0	shape-known	C	Locate client feature and capture a journey.
Game	hgn	3c5a5e8b73d86dc27e5ab8104c0d2a6151a47a18e2cd8c017b857f93343a4ff6	1:hgi flus; 2:hgi flut	epx::bavo | epx::dia | epx::dyg | epx::nxq			0	shape-known	C	Locate client feature and capture a journey.
Game	hgp	4f19f7d4254f641c8026f47b70f7d2f080d49ead9aabed6809783b04f46c3fcd	1:int32 flux; 2:lbo fluy				0	shape-known	C	Locate client feature and capture a journey.
Game	hgq	0e884dcc71f5e1189197fbc847a064aedc27b080d54e319657c256b74c4ecec7	1:int32 flvc; 2:lbo flvd; 3:int32 flve				0	shape-known	C	Locate client feature and capture a journey.
Game	hgr	e877a7fdacebf69729363d5898f9b229ac9575b9918443b01109a857f28393ae	1:int32 flvi; 2:int32 flvj; 3:lbo flvk				0	shape-known	C	Locate client feature and capture a journey.
Game	hgu	38fb3a6059820d35fe0db497a30378a4c76ebcd44ab4d7c4b035e370d8f651e8	1:hgs flvo				0	shape-known	C	Locate client feature and capture a journey.
Game	hgv	61e153450dc0520ea9874b4e6c13f0a073f8465c4c8b6382199602c27e02599a					0	shape-known	C	Locate client feature and capture a journey.
Game	hgx	3bcfbaca9fbb1d382e89a0090a6c2a14df5c524e499e879c89c7b154343d188f	1:hgp flvv; 2:hgq flvw; 3:hgr flvx; 4:hgv flvy; 5:hgu flvz	he::.ctor | epy::bavw | epy::opi			0	shape-known	C	Locate client feature and capture a journey.
Game	hha	4ced3e8040257312c3d16e4437e963d298c474bcb78e4c1a277c0529e8e7ab14	1:hgy flwe; 2:int64 flwf				0	shape-known	C	Locate client feature and capture a journey.
Game	hhd	deefbb2e0da0711b51ad78117b826d2402b8c0ebb41371306b5145303285a4b5	1:hhb flwj; 2:hhb flwk				0	shape-known	C	Locate client feature and capture a journey.
Game	hhf	81b1b62f114aa9e0b8a08b7bf6f0e51dfdf666266663662aad2290acd832a101	1:int32 flwo; 2:hhd flwp; 3:int32 flwq; 4:int32 flwr; 5:repeated hha flws; 6:int32 flwt; 7:int64 flwu; 8:int32 flwv; 9:hgi flww; 10:repeated hgx flwx; 11:int64 flwy	epy::bavw | epy::opi		S2C/push	2	shape-known	C	Verify the send against a client observation; no handler is inferred.
Game	hhg	4ca35a194e3f74f82ef20df97ccbb3f915bb2da5d5b44d12c6dc0665099cefd6	1:repeated int32 flxc	epy::bavz			0	shape-known	C	Locate client feature and capture a journey.
Game	hhh	380b8e3ed6e91dd74eb1bc66a962e0c5993884959d5c822242fb1669aa079c6b	1:int32 flxg; 2:hgi flxh	epx::bavq | epx::csk | epx::dp | epx::kni		S2C/push	2	shape-known	C	Verify the send against a client observation; no handler is inferred.
Game	hhk	1aad92c2ce6508969f256c50f65c68466b55df292f7f336cfed814b4bd0e7cab	1:hgi flxl; 2:hhi flxm	epy::bavy | epy::bve | epy::kki | epy::mdj			0	shape-known	C	Locate client feature and capture a journey.
Game	hhl	c55a9b07109e9f5ed10ea8da6db9f5b86e48d8f0785465d8e9b00b7a0e4fd3e2	1:bool flxq; 2:int64 flxr; 3:repeated string flxs; 4:int32 flxt; 5:optional bool flxu; 6:repeated int32 flxw				0	shape-known	C	Locate client feature and capture a journey.
Game	hhn	149b2c7d8b540ad32e5d7552b0eb5b1f14059532b96f6c2ae8b30098f4f079b6	1:hhl flya; 2:int32 flyb	epx::bavr | epx::bld | epx::cuj | epx::ehu			0	shape-known	C	Locate client feature and capture a journey.
Game	hhq	d0ad3802b77170700aa43b8d38ef838cf64bffcc15e062bb9cde6bf320fec63e	1:hho flyf; 2:int32 flyg; 3:hgi flyh	epy::bavx | epy::eiq		S2C/push	1	shape-known	C	Verify the send against a client observation; no handler is inferred.
Game	hht	459d28dbec1f62f1a801240d6ef82cb91ec24432a4aae837faa268fe79bf7db9	1:hhr flyl; 2:hhr flym; 3:optional int32 flyn; 4:hgi flyp	epy::bavs			0	shape-known	C	Locate client feature and capture a journey.
Game	hhu	ff84bd637663009b4231d22bd8b5304103544631512643f61498abede9148ea7	1:string flyt; 2:int32 flyu; 3:int32 flyv	eoy::banf | eoy::jof | gie::bkii	eoy (toca a 12 mensajes): ClickOrientation		0	shape-known	C	Locate client feature and capture a journey.
Game	hhv	c62fb44878cca358dc7d0b0075f68b4b9d846f455df0e0cd1e91cf42905f5b0d	1:hgi flyz; 2:int32 flza	epx::bavp | epx::mnq | gie::bkii			0	shape-known	C	Locate client feature and capture a journey.
Game	hhy	724042e8257fd226f2720c9a0636a44b4dc08dad431cdf8f0b69aee3eb6162ca	1:repeated int32 flzf; 2:repeated int32 flzg	euy::bcwd | euy::bzi | euy::cxg | euy::itj		C2S/read, S2C/push	2	mapped	C	Replay and verify validation, persistence and S2C ordering.
Game	hhz	34f79085113f46b714555d9d421a249f4baa79f3cda831bcb7438dc9ed5e7a5f	1:int32 flzk	euy::bcwh | euy::czx | euy::kco | euy::ncg			0	shape-known	C	Locate client feature and capture a journey.
Game	hic	13faa0201060f60b89f782c2c435c4cc8bd867071952874574ec1efe28e2b9ae	1:int32 flzo; 2:hia flzp	euy::bcwi | euy::dmm			0	shape-known	C	Locate client feature and capture a journey.
Game	hid	6f92b1ff82113dc15ce6f2cb308549e72352fd1e9f7ce919a6cc384ad023003b	1:int32 flzt			S2C/push	1	shape-known	C	Verify the send against a client observation; no handler is inferred.
Game	hie	ad1bb165050d564e272f7772e416a703f78be490834f90e0bfabd19ce8e7b923	1:hhx flzx	euy::bcwj		S2C/push	1	shape-known	C	Verify the send against a client observation; no handler is inferred.
Game	hif	995183081729658be77307f65fb0e787e4366c59c5d57bfdaf95ae0ef448d35f	1:int32 fmab			S2C/push	1	shape-known	C	Verify the send against a client observation; no handler is inferred.
Game	hig	ed2e056bb249fc930ac468ef39a50d2da0fa1609964fbf2d6b33fc0ab4ca2b59	1:int32 fmaf	euy::bcwf			0	shape-known	C	Locate client feature and capture a journey.
Game	hih	c6a393784898a78240fed4b848ff5f6d67cb54ec524c3e4082cefba960231a33	1:int32 fmaj	euy::bcwe | euy::jpm | euy::nsh | euy::osh			0	shape-known	C	Locate client feature and capture a journey.
Game	hii	65764893b1237ed5c0dca0951b094d052177e781230e882aefb7042add0af44b	1:hhx fman	euy::bcwg | euy::csp | euy::fow | euy::ild		S2C/push	1	shape-known	C	Verify the send against a client observation; no handler is inferred.
Game	hil	100a30c35358a8c2bb090b7cf412106d1e3bdfeeeb1a15696e1f907309d68429	1:int64 fmas; 2:int64 fmat; 3:int64 fmau; 4:repeated int64 fmav; 5:int32 fmaw	ffq::bedu | ffq::ikt			0	shape-known	C	Locate client feature and capture a journey.
Game	him	71db372bd2b27b40f018a1c3c76de5a7d89b9e33fb4205c0129bcd10b7d23781	1:int64 fmba; 2:int32 fmbb	etw::bcjn | etw::kcs | etw::oaj			0	shape-known	C	Locate client feature and capture a journey.
Game	hin	0f1e02b3774ec7554eb98c7355a7275c4bf1b917554a43e6620dc6b327da6d58	1:int64 fmbf; 2:int64 fmbg	eon::baiy | eon::eft	eon (toca a 10 mensajes): SendLeaderPositionEventWhenReady		0	shape-known	C	Locate client feature and capture a journey.
Game	hio	46f122c44fd6e0684420128f930ce95ffab89811c49a629d22ddf1b99eaf8ad6	1:int64 fmbk; 2:int64 fmbl	ffl::becd | ffl::bnt | ffl::eak | ffl::gvm			0	shape-known	C	Locate client feature and capture a journey.
Game	hip	b421faf480168b7228b48a885ef117458a589d59f8b1d3f5e3bc5997444c182f		eoa::baeo | eoa::dbz | eoa::haq | eoa::hx			0	shape-known	C	Locate client feature and capture a journey.
Game	hiq	310b9a691fc2eced29c725b9debbe2f3f212fff13176422a4a04b34c3e4819b1	1:int32 fmbs; 2:int32 fmbt; 3:int64 fmbu	ffq::bedv			0	shape-known	C	Locate client feature and capture a journey.
Game	hir	13cf62cd98d477136effe5b1ae01e47b9d80a836d1e23bceabe1919057f40068	1:int64 fmby; 2:int64 fmbz; 3:optional string fmca	etw::bas | etw::bcjm | etw::dbx | etw::efi			0	shape-known	C	Locate client feature and capture a journey.
Game	his	bf5f5b34128cb9bcd9569b0b64955b51336cebc1e0c6679f7b38a2d60a0a91c7	1:repeated string fmcf; 2:int64 fmcg	eoa::baer			0	shape-known	C	Locate client feature and capture a journey.
Game	hit	ba4a961a242f34d52ba536f979883a8c0dda5201b3bb443bcec8a73c88872ce2	1:int32 fmck	ffq::bedt | ffq::iqu			0	shape-known	C	Locate client feature and capture a journey.
Game	hiu	509abe4f10dbb0c85585315639d3ab15686b9d70e36fff348e7a40f7157997e7	1:int64 fmco; 2:int64 fmcp; 3:string fmcq; 4:int32 fmcr; 5:int32 fmcs; 6:int32 fmct	ffl::becc | ffl::ggj			0	shape-known	C	Locate client feature and capture a journey.
Game	hiv	cda7b31323b17499e4dafdf4e3f7299f97854067b1c0e2239bda64f32593a0c3	1:bool fmcx; 2:bool fmcy	ffd::bdyl | ffd::bmg | ffd::lwp			0	shape-known	C	Locate client feature and capture a journey.
Game	hiw	9633913b3cadd51d7e88ba5d46d795143635f77096640d3be04dcbc11a5e04aa	1:int64 fmdc; 2:int64 fmdd; 3:string fmde; 4:int32 fmdf; 5:int32 fmdg	eon::baix | eon::bam | eon::kgu	eon (toca a 10 mensajes): SendLeaderPositionEventWhenReady		0	shape-known	C	Locate client feature and capture a journey.
Game	hix	774da12b6aa3ddbbfd4980bbf41de01fa280f463d2bb148b80bc9f9af9380500	1:bool fmdk	ffq::beds | ffq::dhx | ffq::hxh			0	shape-known	C	Locate client feature and capture a journey.
Game	hiy	6f35456a9fe9d72b35b7b4ac29e413283e1ee6b2f39060dd81b4111d6e36e038	1:int64 fmdo; 2:int32 fmdp; 3:repeated int64 fmdq; 4:int32 fmdr				0	shape-known	C	Locate client feature and capture a journey.
Game	hja	c4a8541beb903d92045af51e4a3dd687c45fbf447aebb8b2f5d42604a3fba718	1:bool fmdv; 2:int64 fmdw; 3:bool fmdx; 4:hiy fmdy	ffg::bdzn | ffg::div | ffg::knk			0	shape-known	C	Locate client feature and capture a journey.
Game	hjb	36d0cb55099dc96aabbc49e27fc627524b4d226f225ea46b416514418aacb2ff	1:optional int64 fmec; 2:bool fmee	eok::baif | eok::bnt | eok::csg | eok::mdq			0	shape-known	C	Locate client feature and capture a journey.
Game	hjc	61f68b962642215e26d0f9cf7a8e522ae0f1a42c5d411d06b900f4a5a512ffe1	1:hik fmei; 2:hik fmej; 3:int64 fmek	eoa::baep | eoa::fyt | eoa::ina | eoa::ktv		C2S/dispatch, C2S/read	2	mapped	C	Replay and verify validation, persistence and S2C ordering.
Game	hje	d4445ad28f30549bbd4b610bf37d967439b24f8b966c5f3652d883b030aee3f0	1:int32 fmeo; 2:int64 fmep; 3:int32 fmeq	enx::.ctor | eoa::baes | eoa::baet | eoa::fr			0	shape-known	C	Locate client feature and capture a journey.
Game	hjg	e8065aa8be5e9823f18bae0c53695b80ea7ba4e0dfa98bcd88b840d825b50d2b	1:int32 fmeu; 2:int32 fmev; 3:hik fmew; 5:int64 fmex; 6:int32 fmey; 4:hje fmez	eoa::baes | eoa::hqe			0	shape-known	C	Locate client feature and capture a journey.
Game	hjh	bd43d0858a55781d8ce00ac0cfb65f9564e67b3cd29393390f1c68829723d69e					0	shape-known	C	Locate client feature and capture a journey.
Game	hjj	6dc9af28c16ab07d59c57504649bec72151ecec13bab8a2f59c09cd82a498d97	1:hjh fmfh; 2:optional int64 fmfi; 3:repeated hjg fmfk; 4:hik fmfl	eoa::baes | eoa::hqe		S2C/push	1	shape-known	C	Verify the send against a client observation; no handler is inferred.
Game	hjk	d5b04092b1c1026972dc62d670e3aaafd37384a7f5d963462553e91ed37cc622	1:repeated int64 fmfp	ees::dtd | ees::wvd		S2C/push	1	shape-known	C	Verify the send against a client observation; no handler is inferred.
Game	hjl	0f8377b1896c4c3cc30841eab3eb551cc4a440ede0fce6b8b28580b75fd79308	1:int64 fmft; 2:int32 fmfu; 3:int64 fmfv	ffq::bedw			0	shape-known	C	Locate client feature and capture a journey.
Game	hjp	dc2448cfbfc4e7119331f45697725cc78fc7a1f2c6709e32b00a69894a9ced35	1:int64 fmga; 2:int32 fmgb; 3:lgl fmgc; 4:int32 fmgd; 5:string fmge; 6:hjn fmgf				0	shape-known	C	Locate client feature and capture a journey.
Game	hjq	10e8628d5c237fa5abc91b8ba16ed27426cd44c623bde48e999c53d1e61c916d	1:lea fmgj; 2:int64 fmgk	fgv::bewu	fgv (toca a 65 mensajes): PrismAddOrUpdateStacked		0	shape-known	C	Locate client feature and capture a journey.
Game	hjr	246600c9346fe9ccce1495347a013574e2e47bf095838746765a62967b0d3434	1:repeated int32 fmgo; 2:string fmgp; 3:int32 fmgq; 4:bool fmgr; 5:map<int32, bool> fmgs; 6:repeated int64 fmgt; 7:int32 fmgu; 8:int64 fmgv				0	shape-known	C	Locate client feature and capture a journey.
Game	hjt	842832a3965e5377381cabd4c9aea2423fe3cfa7822b7cb4faade00a0df2d4c2	1:hjr fmgz; 2:string fmha; 3:string fmhb; 4:int64 fmhc	fgv::bewz	fgv (toca a 65 mensajes): PrismAddOrUpdateStacked		0	shape-known	C	Locate client feature and capture a journey.
Game	hju	2c68cc771531971838fd40d1420207e74fa160220392e72fbb9dc84aca83ef1a	1:int32 fmhg; 2:int32 fmhh; 3:repeated int32 fmhi				0	shape-known	C	Locate client feature and capture a journey.
Game	hjw	94187efaff4ecfb655a94a0483df74e2eb5030fc999102df7e2cdaabd9608b29	1:lgl fmhm; 2:string fmhn; 3:string fmho; 4:bool fmhp; 5:int32 fmhq; 6:hju fmhr; 7:string fmhs; 8:int32 fmht	fgv::bewx	fgv (toca a 65 mensajes): PrismAddOrUpdateStacked		0	shape-known	C	Locate client feature and capture a journey.
Game	hjx	795af7481d636d72f08680c917421c5c1870438f9f32b631effe7939321a15ed	1:string fmhx; 2:int32 fmhy	fgu::beuj			0	shape-known	C	Locate client feature and capture a journey.
Game	hjy	c02fddd8a6843fe8401e7cfa560ac04c85757eb65dedb89de5e592a18a5588bc		fgu::beul | fgu::btd | fgu::caz | fgu::cbr			0	shape-known	C	Locate client feature and capture a journey.
Game	hjz	ef0cdb9cf0df1c411710c788192b3e7f00a93380bcd91974ef52ce9cad6a9489	1:int32 fmif				0	shape-known	C	Locate client feature and capture a journey.
Game	hkb	82b5730eefae780c01d104a54ce3a9b46f7fefedc0b3725b0bfe54a2ff29cad5	1:hjz fmij; 2:lea fmik	fgv::bexd	fgv (toca a 65 mensajes): PrismAddOrUpdateStacked		0	shape-known	C	Locate client feature and capture a journey.
Game	hkc	ac3ac2dcafc7fa284170c44267815412dce084e3054fd88a8346e1d2a40ed805		eoy::bane | eoy::dnj | eoy::lfp | gie::bkii	eoy (toca a 12 mensajes): ClickOrientation		0	shape-known	C	Locate client feature and capture a journey.
Game	hkd	28dc1bf73da34a5d120c5cad3f98f3d83eb33eeecbe0289e8cdc1b9704177335	1:string fmir; 2:lby fmis	fgv::bexa | fgv::gqx	fgv (toca a 65 mensajes): PrismAddOrUpdateStacked		0	shape-known	C	Locate client feature and capture a journey.
Game	hke	a464823edd0df6e511794d609b5e96d0d927b8da9281d2f7bb6b818952302820	1:int32 fmiw; 2:string fmix; 3:int32 fmiy	fgu::beuk | fgu::han | fgu::kbl			0	shape-known	C	Locate client feature and capture a journey.
Game	hkf	4bab12c9c66a0b92c15c0b6cd2c89e7a967a1b5961fe3d996a5811bac95636a6	1:optional string fmjc; 2:int64 fmje; 3:optional int64 fmjf; 4:optional bool fmjh; 5:repeated bool fmjj; 6:int32 fmjk				0	shape-known	C	Locate client feature and capture a journey.
Game	hkh	30412105201c8bc0d9d29fb48521bf04798e4cf88753f0d57cc307c0ca19d456	1:bool fmjo; 2:hkf fmjp; 3:bool fmjq; 4:lec fmjr; 5:string fmjs; 6:repeated lns fmjt	fgv::bexe | fgv::bqz | fgv::hol | fgv::iot	fgv (toca a 65 mensajes): PrismAddOrUpdateStacked		0	shape-known	C	Locate client feature and capture a journey.
Game	hki	6e2e024a8ec26f08a7dc633d5138a359692d873b3ffd69cd6056b08a33683679	1:repeated lli fmjx; 2:map<int64, bool> fmjy; 3:string fmjz	fgv::bexf	fgv (toca a 65 mensajes): PrismAddOrUpdateStacked		0	shape-known	C	Locate client feature and capture a journey.
Game	hkl	5d7041ecb45c2962697b3bcba599edfd5a0f669b4bef03f75e4573675f3dfecf	1:hkj fmkd	fgu::beum | fgu::iwa | fgu::kru			0	shape-known	C	Locate client feature and capture a journey.
Game	hkm	61033b4d4447735fa420380b4ec6636074946658ab619fdf98cdaacc1f074d60	1:int64 fmkh; 2:repeated bool fmki; 3:string fmkj; 4:int32 fmkk				0	shape-known	C	Locate client feature and capture a journey.
Game	hko	883977b001348911f0e05c0d661827be20c3433b5e20d6af561660319e34fc92	1:lli fmko; 2:hkm fmkp; 3:repeated int64 fmkq; 4:string fmkr	fgu::beun			0	shape-known	C	Locate client feature and capture a journey.
Game	hkp	aff14152ab0b00721bae093b02771e00677046e656174db187d2c1affaa18b43	1:string fmkv	fgu::beuh | fgu::fsl | fgu::kbe			0	shape-known	C	Locate client feature and capture a journey.
Game	hks	5f6860523dac3e8781fc953b605c588bb43565b464130cb8aafc814211085fac	1:repeated lea fmkz; 2:hkq fmla; 3:repeated lea fmlb	fgv::bexc | fgv::fqm | fgv::gkm | fgv::mie	fgv (toca a 65 mensajes): PrismAddOrUpdateStacked		0	shape-known	C	Locate client feature and capture a journey.
Game	hkt	f291c3b09529e3a3be4cfa3f3a40678dbfe31fc2305686339e226689b9a026fa	1:string fmlf	fgu::beug | fgu::bhk | fgu::iwe | fgu::mft			0	shape-known	C	Locate client feature and capture a journey.
Game	hkw	be6193180568a560e80efbae4a6fc5db2ec2c95f378280ada18c3b22c5abcf78	1:int32 fmlj; 2:string fmlk; 3:int32 fmll; 4:hku fmlm	fgu::beup | fgu::gsv | fgu::jpr | fgu::jtq			0	shape-known	C	Locate client feature and capture a journey.
Game	hkx	05fe07840382e5ffda4af9cbaec5a04e21da6a0024ad852bfba5b4d2c3956b9d	1:repeated hjp fmlq	fgv::bexb | fgv::bpp | fgv::ddk | fgv::npr	fgv (toca a 65 mensajes): PrismAddOrUpdateStacked		0	shape-known	C	Locate client feature and capture a journey.
Game	hla	596a176876cbc88ebccb94e40f7573a8e0250f2ea58a304ac8af316db75639cd	1:hky fmlu	fgv::bewy | fgv::hvc | fgv::iit | fgv::jrk	fgv (toca a 65 mensajes): PrismAddOrUpdateStacked		0	shape-known	C	Locate client feature and capture a journey.
Game	hlb	71cd0325abf25be0021d02d438e23ef9fbc9cd689b94c35b09d49a8e8a3f05d4	1:repeated lfd fmly	fgv::bexh | fgv::haj	fgv (toca a 65 mensajes): PrismAddOrUpdateStacked		0	shape-known	C	Locate client feature and capture a journey.
Game	hlc	c046ed8c1438224368228aea8065dd58985e38a4e604b9e6f92477dffaa11f8e	1:string fmmc	fgv::bewv | fgv::jgp | fgv::jqe	fgv (toca a 65 mensajes): PrismAddOrUpdateStacked		0	shape-known	C	Locate client feature and capture a journey.
Game	hld	fb721077a6bb95951ac896a1e0f5f5514ce1957f4fd3e3117526c5e554a16b1a	1:lgl fmmg; 2:string fmmh; 3:int32 fmmi; 4:string fmmj; 5:int32 fmmk	fgv::beww | fgv::dde | fgv::djp | fgv::izc	fgv (toca a 65 mensajes): PrismAddOrUpdateStacked		0	shape-known	C	Locate client feature and capture a journey.
Game	hle	2c21fa99a4055f3c102ff82a39f30de29ec4c74292b752cf2c4aaa8b945c6be6	1:string fmmo; 2:lli fmmp	fgu::beui | fgu::cgo | fgu::nix | fgu::r			0	shape-known	C	Locate client feature and capture a journey.
Game	hlh	b4ef07cc0c28e2e8cbbee8ad2ed4d222bccf63f609cc4ba6d5fd2ab522f3c7c6	1:string fmmt; 2:repeated lli fmmu; 3:hlf fmmv	fgv::bexg | fgv::boy | fgv::euj	fgv (toca a 65 mensajes): PrismAddOrUpdateStacked		0	shape-known	C	Locate client feature and capture a journey.
Game	hli	c722eeaeb89832eaf7e2d7d7258e9be42c026e0f3358eceb5e542f4846fc696c	1:int32 fmmz; 2:string fmna	fgu::beuo | fgu::bmt | fgu::dpf | fgu::kyn			0	shape-known	C	Locate client feature and capture a journey.
Game	hlm	f93cf998f81bd9bf2926ca2cb5d14f5e40bf4c52b1a54fd7b7515af4b3f32289	1:hlk fmnf; 2:repeated hma fmng	eqq::bbgt | eqq::bbgu | eqq::bps | eqq::ejh	eqq (toca a 76 mensajes): PresetListEventWhenCharacterInfo, RefreshTagsWhenContentReceived		0	shape-known	C	Locate client feature and capture a journey.
Game	hln	509550d1d33d59a07e346f2141dd266d25741181a0cc26c6cbbc2431e7b9f930	1:repeated int32 fmnk				0	shape-known	C	Locate client feature and capture a journey.
Game	hlp	c3ddcefab0e7eb3feb0c36c066e897b419a27f3de050c22963e2a4ad86063ea8	1:string fmno; 2:hln fmnp; 3:string fmnq	eqq::bbgq | eqq::djw | eqq::ehk | eqq::kvp	eqq (toca a 76 mensajes): PresetListEventWhenCharacterInfo, RefreshTagsWhenContentReceived		0	shape-known	C	Locate client feature and capture a journey.
Game	hlq	126f03abcfa9a041be11710da91ec56cce2c53b8a4712f716b98f1fc592a1fac	1:string fmnu; 2:map<bool, int32> fmnv	eqs::bbng			0	shape-known	C	Locate client feature and capture a journey.
Game	hlr	dd8f369c58bbd4f54984d680029d08d9e482ba1f088284040f25a4c43228556f	1:string fmnz	eqq::bbgr | eqq::cey | eqq::dts | eqq::inv	eqq (toca a 76 mensajes): PresetListEventWhenCharacterInfo, RefreshTagsWhenContentReceived		0	shape-known	C	Locate client feature and capture a journey.
Game	hls	cc913caa7a86c8563cd3f5ac85ce332e969582bb4c4bc4459c0284f846c2efba	1:string fmod; 2:string fmoe; 3:int32 fmof	eqs::bbnd			0	shape-known	C	Locate client feature and capture a journey.
Game	hlv	701e26693740c9225486b5752e0a85cf10b583b16facca740b33db31f79805b2	1:repeated int32 fmoj; 2:repeated int32 fmok; 3:hlt fmol	eqq::bbgx | eqq::gdy | eqq::ggw | eqq::ohn	eqq (toca a 76 mensajes): PresetListEventWhenCharacterInfo, RefreshTagsWhenContentReceived		0	shape-known	C	Locate client feature and capture a journey.
Game	hlw	469e3a14ef4a10bf8a90c05ee7c14747e15ef04f03b7a0005d5c55c1f85dbd8f	1:repeated int32 fmop				0	shape-known	C	Locate client feature and capture a journey.
Game	hlx	e751fe657115cbe9e9160412c916802812a587001f4d7edf4fbb813bee88ead9	1:string fmot; 2:int32 fmou	eqs::bbna			0	shape-known	C	Locate client feature and capture a journey.
Game	hly	b70e09221fcf2f85ec08f62f81d68891f42501d9635fd1d3149b366914a30e3f	1:repeated int32 fmoy; 2:bool fmoz; 3:repeated int32 fmpa	eqq::bbgv | eqq::mup	eqq (toca a 76 mensajes): PresetListEventWhenCharacterInfo, RefreshTagsWhenContentReceived		0	shape-known	C	Locate client feature and capture a journey.
Game	hlz	c5e3805ebf38005fe9d3da02332270c0305edc8e25004fef916366f4b999bd7d	1:repeated int32 fmpe; 2:repeated hmc fmpf	eqs::bbmx			0	shape-known	C	Locate client feature and capture a journey.
Game	hma	c9684428a65ae73642f132a463b6d66a752a1617ff1190c72a4e71d4aa7234aa	1:hlw fmpj; 2:hls fmpk				0	shape-known	C	Locate client feature and capture a journey.
Game	hmb	e0547794b2c9e79c7f9397095c8c089adae0ef37dbb4cb1f267ca817079de221	1:repeated hmc fmpo	eqs::bbmu			0	shape-known	C	Locate client feature and capture a journey.
Game	hmc	30e07f6bc61beb059924e84bd8cdbb2bd6498c81096aec05acf3c69d8c4b5585	1:int32 fmps; 2:string fmpt	eqs::bbmu | eqs::bbmx			0	shape-known	C	Locate client feature and capture a journey.
Game	hmd	7e65f15099238be13622e60dab82c6ac80ebb08002e2e71e9798a14b295d81bc	1:string fmpx	eqq::bbha | eqq::chu | eqq::nsb	eqq (toca a 76 mensajes): PresetListEventWhenCharacterInfo, RefreshTagsWhenContentReceived	S2C/push	1	shape-known	C	Verify the send against a client observation; no handler is inferred.
Game	hme	4295e1901ac60cba128fac897d30ea0a19c2ce7c4bf75074dacf28ecb5f5f9bf	1:hls fmqb	eqs::bbnd			0	shape-known	C	Locate client feature and capture a journey.
Game	hmh	05de3733889a4503552a40492d7e1c78b242a76a9f34b3f802cbc9154ad3533d	1:hmg fmqg; 2:hmg fmqh	eqq::bbfv | eqq::gxe | eqq::kjn | eqq::kxb	eqq (toca a 76 mensajes): PresetListEventWhenCharacterInfo, RefreshTagsWhenContentReceived		0	shape-known	C	Locate client feature and capture a journey.
Game	hmi	03cf170ad1da1243bb5e61bb322045b7aaa936bf09413d7eec041cca84ee18b0	1:hmg fmql	eqq::bbfu | eqq::bey	eqq (toca a 76 mensajes): PresetListEventWhenCharacterInfo, RefreshTagsWhenContentReceived		0	shape-known	C	Locate client feature and capture a journey.
Game	hmj	433058a262f32a8edb224d854fedf6e0950fbc3fc54a399f76f6a8927d265a7f	1:int32 fmqp; 2:int32 fmqq	eql::bbav | eql::cfq | eql::gfg | eql::jvl		S2C/push	1	shape-known	C	Verify the send against a client observation; no handler is inferred.
Game	hmk	28d775e503218efd9659f3083eb273eccece8b9e4996adbc77fcfed88275e2fb	1:int32 fmqu; 2:int32 fmqv	efm::xgm			0	shape-known	C	Locate client feature and capture a journey.
Game	hml	b9533bbffe1f41a9600f819062ff70ebdfd7da7fc9aaf82cf33c5d259f346d60	1:int32 fmqz	eql::bbau | eql::bfr | eql::flw | eql::hiw		S2C/push	1	shape-known	C	Verify the send against a client observation; no handler is inferred.
Game	hmn	36a5e3b5fab767a085865e48430c664e58865ccd653e670ca45b1dff69e38355	1:repeated int32 fmre; 2:repeated int32 fmrf; 3:repeated int32 fmrg	edd::fcn | edd::jfk | edd::kot | edd::lta			0	shape-known	C	Locate client feature and capture a journey.
Game	hmo	74a8e113b3d5b9a39b3969b7efa871d54e8d5fc60d31a8378256afa607b34931	1:int32 fmrk; 2:int32 fmrl; 3:int32 fmrm; 4:int32 fmrn; 5:int32 fmro	edd::fla | edd::nsy | edd::otx | edd::woe			0	shape-known	C	Locate client feature and capture a journey.
Game	hmp	c6453383a98540d62893aefe0a1c18795c843a1e71d7f4f39618bd9443c34180	1:int32 fmrs; 2:int32 fmrt	edd::luk | edd::lxd | edd::wof			0	shape-known	C	Locate client feature and capture a journey.
Game	hmq	9a20c137cdec5a46a7035e6406756d136d6c0ae4a454752c61e339524830553b	1:int32 fmrx; 2:string fmry; 3:int32 fmrz	edd::duh | edd::hdn | edd::leb | edd::wog			0	shape-known	C	Locate client feature and capture a journey.
Game	hms	4dd664b9ce878903b65e7a872af9867506288bde3072419362b33976bb21e044	1:repeated hmw fmse; 2:bool fmsf; 3:repeated hmw fmsg	fhw::bfgy | fhw::gmy | fhw::gzg	fhw (toca a 8 mensajes): UpdateSpellsNextFrame	C2S/read, S2C/push	3	mapped	C	Replay and verify validation, persistence and S2C ordering.
Game	hmt	d2568c96a20d447ee0690833e23a38652f6949a08463ca74e6ae635f6b22228a	1:int32 fmsk; 2:int32 fmsl	fhv::bfgw | fhv::bhi		C2S/dispatch, C2S/read	5	mapped	C	Replay and verify validation, persistence and S2C ordering.
Game	hmw	0080ffcc57f97db353e59b18688ce29b47dcda1addef49e278561c51c5d0766d	1:int32 fmsp; 2:optional bool fmsq; 3:int32 fmss; 4:hmu fmst	bf::cke | bf::gyu | bf::mob | bf::moe			0	shape-known	C	Locate client feature and capture a journey.
Game	hmz	4a5feadb128ea0cef93a50d8a40b9f453248263fee42889205803423e17aa896	1:hmx fmsx; 2:int64 fmsy; 3:repeated int32 fmsz	ees::cel | ees::ecu | ees::wvb			0	shape-known	C	Locate client feature and capture a journey.
Game	hnc	e8d9032f0fa1a4c3720942e5f5ccd1b679d18e9143d7129fe1d7cbe25e20d449	1:repeated hmw fmtd; 2:hna fmte	ees::wva			0	shape-known	C	Locate client feature and capture a journey.
Game	hnd	b24d1a4ccbdee8bd2ae6754a8c320200af09258cce90d48ad3ca64e0b65be898	1:lde fmti; 2:int64 fmtj	fke::bfzi | fke::cmr | fke::kei | fke::nik			0	shape-known	C	Locate client feature and capture a journey.
Game	hng	87bb579662fa8acee1ddbeac817741531a263054d3471a3d8290f565cc7805d7	1:hne fmtn; 2:int32 fmto; 3:bool fmtp	fhw::bfgz	fhw (toca a 8 mensajes): UpdateSpellsNextFrame	S2C/push	1	shape-known	C	Verify the send against a client observation; no handler is inferred.
Game	hnh	6e66377951f843f62c9a340559fe8e9d690b117696d45933146aa77791714f58	1:int32 fmtt	ees::wvc			0	shape-known	C	Locate client feature and capture a journey.
Game	hnk	f7ad49cb3fe53c4a455eeb5e2b22d1bba04674cbfbabfa119adfd2c16e7dc64c	1:lca fmtx; 2:lbz fmty; 3:int32 fmtz; 4:hni fmua; 5:int64 fmub	fke::bfzj		S2C/push	2	shape-known	C	Verify the send against a client observation; no handler is inferred.
Game	hnn	4e6ded7c48e525c2c20fa03283dfaa7fa1f616fd65e03d1058e5d17f91addb54	1:int32 fmuf; 2:hnl fmug	fho::bfcz | fho::bnc | fho::cet | fho::lyr		C2S/dispatch	1	mapped	C	Replay and verify validation, persistence and S2C ordering.
Game	hnp	98f0405b1485d792426d96dcfbe8689c73612093fa56ff5cba700602bdccf8c9		fhf::bezm | fhf::gyb | fhf::hiv | fhf::nxp		S2C/push	1	shape-known	C	Verify the send against a client observation; no handler is inferred.
Game	hns	ff68c86a59296c09fa33272c853c50f1df38c8bb138559c00dcb84d533d1a62d	1:optional int64 fmuo; 2:hnq fmuq; 3:int32 fmur	ern::bbtg | ern::jcl | ern::jxu | ern::nbu	ern (toca a 11 mensajes): OnPlayAnimationOnNpcEventAsync, OnPlayEmoteOnNpcEventAsync		0	shape-known	C	Locate client feature and capture a journey.
Game	hnt	b6509328b8dc43347c508eb9eaefe386e5e74cd28904e27abddfea9db7838f3b	1:repeated int32 fmuv	ern::bbth | ern::bnd | ern::jut	ern (toca a 11 mensajes): OnPlayAnimationOnNpcEventAsync, OnPlayEmoteOnNpcEventAsync		0	shape-known	C	Locate client feature and capture a journey.
Game	hnu	109f670039fa1b421fdac347f449cfa286865e1881ad81098624ce4bc3902cf9	1:bool fmuz	fhb::beyk			0	shape-known	C	Locate client feature and capture a journey.
Game	hnv	02bef44805270a84ce5557b287c2012d0b7ee795cd47a66e9d32a3873365f509	1:bool fmvd; 2:int32 fmve	fhk::bfbf | fhk::bng | fhk::muk | fhk::oub		S2C/push	1	shape-known	C	Verify the send against a client observation; no handler is inferred.
Game	hnw	76fcb2f3d0a0aa335b9992af1d5ab0f9bbffa8a2df511ef051018935cf927885	1:int32 fmvi; 2:int32 fmvj	ead::urf | dzi::gkw | dzi::kfu | dzi::uks			0	shape-known	C	Locate client feature and capture a journey.
Game	hnx	c555de827da2282ea5c5026706a3cf47ea74f7e17a21699f993d94ed5ceb3091	1:repeated int32 fmvn; 2:int64 fmvo; 3:int64 fmvp	fhf::bezl | gie::bkii			0	shape-known	C	Locate client feature and capture a journey.
Game	hnz	8a98b262d8b952f1e361dbfc3ace0254f78ae8922cbffccd8f9393f0cc764396	1:bool fmvt; 2:bool fmvu; 3:optional string fmvv; 4:optional int64 fmvx; 5:optional int32 fmvz; 6:int64 fmwb; 7:repeated bool fmwc				0	shape-known	C	Locate client feature and capture a journey.
Game	hob	84af272b7b8f280965496bc6f882859a699ae03a2fc3122f23a23c4c62f04a4f	1:optional int32 fmwg; 2:int64 fmwi; 3:hnz fmwj; 4:int32 fmwk; 5:int64 fmwl; 6:hny fmwm; 7:int64 fmwn	fhk::bfbg			0	shape-known	C	Locate client feature and capture a journey.
Game	hoc	2bbe5a63681c48949c6d079588a386e3b5ac93b2862f31402c754f264143c743	1:optional int32 fmwr; 2:int64 fmwt; 3:optional int64 fmwu; 4:int32 fmww	ern::bbtd | ern::bbte | ern::bbtf | ern::dgq	ern (toca a 11 mensajes): OnPlayAnimationOnNpcEventAsync, OnPlayEmoteOnNpcEventAsync		0	shape-known	C	Locate client feature and capture a journey.
Game	hod	5c5494997c3694ac8903b776a3667f5dc1d80b4bdc3190cee197d054d5e225a8	1:int32 fmxa; 2:map<bool, int32> fmxb; 3:bool fmxc	fhc::beyl | fhc::fav | fhc::kad | fhc::lql			0	shape-known	C	Locate client feature and capture a journey.
Game	hof	ec9c6a2534f1fe7f3753a3f12f694ec46679dbe7b004f4f4c261a35c477907f5	1:int32 fmxg; 2:lbc fmxh; 3:int64 fmxi; 4:optional int32 fmxj	eht::gaf | eht::gqu | eht::gub | eht::yao			0	shape-known	C	Locate client feature and capture a journey.
Game	hoh	8f7cac0e5d044577edd1e12160bbd47c530084c04026b7bc503ac5ed23fed2a7	1:repeated hof fmxo; 2:hoe fmxp	eht::gaf | eht::gqu | eht::gub | eht::yao			0	shape-known	C	Locate client feature and capture a journey.
Game	hoj	73d1daa22ac0a6a775e63702945e97b3e6519cf7c56ec1908b1037d3daa9c694	1:int32 fmxt; 2:bool fmxu; 3:int32 fmxv; 4:int64 fmxw; 5:bool fmxx				0	shape-known	C	Locate client feature and capture a journey.
Game	hol	814806395af811577825ef9a1aa016cca40452e599beca5763166654be985df3	1:laz fmyb; 2:hoj fmyc; 3:string fmyd; 4:lhg fmye; 5:int32 fmyf; 6:lba fmyg; 7:int64 fmyh; 8:len fmyi; 9:int32 fmyj; 10:int64 fmyk; 11:optional bool fmyl; 12:hoi fmyn; 13:les fmyo	fhk::bfam		C2S/read	1	mapped	C	Replay and verify validation, persistence and S2C ordering.
Game	hom	10934d475b44d4bf4c1de64a3ef4813ea2954f44810c2f5e575193f0e01e4c4e		fhl+<SendRequestAfterCharacterLoaded>d__52::MoveNext | fhf::beyz | gie::bkii			0	shape-known	C	Locate client feature and capture a journey.
Game	hon	0e52a2b383b6e9cc3e57d1e50bc9b3dabe82b0000790333133d36120673e9e02	1:int64 fmyv; 2:int64 fmyw; 3:int32 fmyx; 4:int32 fmyy; 5:lbc fmyz	eht::gmh | eht::gze | eht::hsl | eht::jzl	fgv (toca a 65 mensajes): PrismAddOrUpdateStacked		0	shape-known	C	Locate client feature and capture a journey.
Game	hop	a8595e5832184999524653ef5ad5cdb64229b277d4b10d6ef06861df6f1ca69d	1:int32 fmzd; 2:repeated int32 fmze; 3:map<int64, string> fmzf				0	shape-known	C	Locate client feature and capture a journey.
Game	hor	8fc0c999a6c0079cb7f21fdaccf55ca652bfdff086b53f3abb03de910c788ffc	1:hop fmzj; 2:hoo fmzk; 3:int32 fmzl; 4:map<int64, int32> fmzm; 5:int32 fmzn	erj::bbsp | gie::bkii			0	shape-known	C	Locate client feature and capture a journey.
Game	hos	730bd70067ae0b765f5208a756c2115af991d0cce00c12e9180a72f6e29f3959	1:string fmzr; 2:int32 fmzs	hbc::bnjd			0	shape-known	C	Locate client feature and capture a journey.
Game	hot	7f904533cbea8c0a67c1dc1ee3d655302d632bfdfdf411da0c03ced962fa0bf9	1:repeated int32 fmzw; 2:bool fmzx	fhf::bezn | gie::bkii			0	shape-known	C	Locate client feature and capture a journey.
Game	hou	3a9a3bd3e3420c134d72b952323652f021b522f22b763d1ed5cc53a920e1f9dd	1:int32 fnab; 2:string fnac				0	shape-known	C	Locate client feature and capture a journey.
Game	hov	7528f0f77b31cd1ee2fb7aff1797864db9a80bbb67940875177f61d1d8b316a0	1:int32 fnag; 2:int32 fnah	erj::bbso | erj::kza | erj::lpm			0	shape-known	C	Locate client feature and capture a journey.
Game	hox	a357b5c35f85d983a478978039f1609a4940f905fdf96fae064b32de5223db69	1:int32 fnam; 2:int32 fnan; 3:int32 fnao; 4:int32 fnap	ees::bq | ees::wtx			0	shape-known	C	Locate client feature and capture a journey.
Game	hoy	f7a42c811da3f4ccee59c9e51794b06ced787490041c04f0def73127ab455cc6	1:int32 fnat; 2:lbu fnau; 3:bool fnav; 4:bool fnaw; 5:int32 fnax; 6:string fnay; 7:int32 fnaz	eay::uwq		C2S/dispatch, S2C/push	6	mapped	C	Replay and verify validation, persistence and S2C ordering.
Game	hpb	1b7e1f7158d303a36fa523d172f02b6fcae632400038291edfc9b1e161f34d48	1:hpa fnbe; 2:string fnbf	eay::uwr			0	shape-known	C	Locate client feature and capture a journey.
Game	hpc	e02d9fb40de7b4dbfee2c34892c90c4322ac7f9baef85435796d21ce841eaf02	1:hpa fnbj; 2:string fnbk; 3:hpa fnbl	eay::uwr			0	shape-known	C	Locate client feature and capture a journey.
Game	hpd	5074550faa1249b1a2fe64cb2b76671bdace4005baa11ebfe6201140ad1c3cf3	1:bool fnbp	ear::bhl | ear::hid | ear::lca | ear::uty		S2C/push	1	shape-known	C	Verify the send against a client observation; no handler is inferred.
Game	hpf	f7d8b2678b345365cd5451b26dd5bd3fba4d29f8ab69fa55b8e87ef0460603e9	1:int32 fnbu	dyx::dns | dyx::uij			0	shape-known	C	Locate client feature and capture a journey.
Game	hph	2561a03991edcf2da27e7a41ad15352f68f799e15ba6fca8fcc190e347198333	1:int64 fnbz; 2:bool fnca; 3:int32 fncb	eoy::bang	eoy (toca a 12 mensajes): ClickOrientation		0	shape-known	C	Locate client feature and capture a journey.
Game	hpk	83256b7d50b5964b7fb54d9db739b2d82c1b7a524692f4c7d55c33b0a6f74c9e	1:int64 fncf; 2:int64 fncg; 3:int64 fnch; 4:hpi fnci; 5:int64 fncj; 6:int64 fnck	eht::gau | eht::gyc | eht::yam			0	shape-known	C	Locate client feature and capture a journey.
Game	hpl	ae28ede242185d244e6d66b9bf8d2e45cc9a85b9e8d3583fb9d9855516de8d6a	1:int64 fnco; 2:int64 fncp	eht::yal			0	shape-known	C	Locate client feature and capture a journey.
Game	hpm	b894cb9651f13ecc180684b1a965c1fcffb02f135e284310fef491ee73ef2cf0	1:int32 fnct; 2:int32 fncu; 3:int32 fncv	ebm::vce			0	shape-known	C	Locate client feature and capture a journey.
Game	hpn	7dafe093c495bda16a44c98a89574967e7b2b73186804f843beafbbfec9fc8b4	1:int32 fncz; 2:string fnda; 3:repeated int32 fndb	ebm::bvq | ebm::fme | ebm::vcf			0	shape-known	C	Locate client feature and capture a journey.
Game	hpo	ebf3bddd8b216770fd03e62088337234d8f2efd00c3e6bb32711f436bea33f20					0	shape-known	C	Locate client feature and capture a journey.
Game	hpp	c911c91a48bc5340835fde81a4b94506602eddfb5dc0a2442b74bcb4d0f5e835	1:optional int32 fndi; 2:int64 fndk; 3:lau fndl; 4:int64 fndm; 5:int64 fndn	eni::bvl | eni::czz | eni::dgd | eni::kir			0	shape-known	C	Locate client feature and capture a journey.
Game	hpq	1a31a5b4ab58679d09775b209402fc4ea411a1b94d38e0e01606b1ef33d52fe2	1:int64 fndr; 2:lau fnds	eni::grc | eni::zyw			0	shape-known	C	Locate client feature and capture a journey.
Game	hpr	3e6af11d420a702c79eebab04a09556b0a8cf0d27c33e48c7f141b17a6002a71	1:int32 fndw	eht::hfw | eht::nlo | eht::npo | eht::yaq			0	shape-known	C	Locate client feature and capture a journey.
Game	hps	a59db98960e02f83632c031b2353d3fdbd175d78e40cc7b137ff7834741acaf2	1:int64 fnea; 2:int64 fneb	epd::baoi | epd::fcl | epd::lwp | epd::mht	epd (toca a 17 mensajes): NpcDialogCreationWhenAvailable		0	shape-known	C	Locate client feature and capture a journey.
Game	hpt	c80ec7bcd0fd7b39d2a91676b6d6d3cc409e23e7cc67534ab0493b2cb44d65f4	1:int32 fnef; 2:int32 fneg; 3:lbo fneh; 4:int32 fnei; 5:int32 fnej; 6:int64 fnek	epd::baon | epd::dcn | epd::enf | epd::mnm	epd (toca a 17 mensajes): NpcDialogCreationWhenAvailable		0	shape-known	C	Locate client feature and capture a journey.
Game	hpu	d8c5b5881a6ddbd91f9a8dd1e3fb311d935b1fdb5a59333da92b650b4d612de5	1:int32 fneo; 2:bool fnep	epe::baox | epe::cgz | epe::enh | epe::mgl	eoy (toca a 12 mensajes, y a éste sólo de refilón, a 1 salto): ClickOrientation | epd (toca a 17 mensajes, y a éste sólo de refilón, a 1 salto): NpcDialogCreationWhenAvailable		0	shape-known	C	Locate client feature and capture a journey.
Game	hpv	a2ac63132a97f8fc32dd0923254c49eeaf4c860b2c68372c8ae5ebf974b3adcf	1:int64 fnet; 2:int32 fneu; 3:bool fnev; 4:int64 fnew; 5:int32 fnex	epd::baod	epd (toca a 17 mensajes): NpcDialogCreationWhenAvailable		0	shape-known	C	Locate client feature and capture a journey.
Game	hpy	efc96a979458ceb61ba383c3a68d3ad89cede9408d41ed43ec077303f6c3c110	1:lny fnfb; 2:hpw fnfc	fin::bfls | fin::fua			0	shape-known	C	Locate client feature and capture a journey.
Game	hpz	93ee084b2c1894da6ad30991f482abc64b4a5ebb52dd53280c9462dd74187c28					0	shape-known	C	Locate client feature and capture a journey.
Game	hqa	9ed00ef2f0f84969b65628fe93168e52647831a410759e5537cc52433f28149a	1:int64 fnfj	eoo::bajt | eoo::bql | eoo::jvi | eol::baih	eoo (toca a 2 mensajes): ActivateSkill, MapChangeWhenNotMovingAnymore | eon (toca a 10 mensajes, y a éste sólo de refilón, a 1 salto): SendLeaderPositionEventWhenReady	C2S/dispatch, C2S/read, S2C/push	3	mapped	C	Replay and verify validation, persistence and S2C ordering.
Game	hqb	05c949c6d85ef6e9d973190d8c60f4da4cbf3e0dbf87680de571cf9e0c05b09d	1:int32 fnfn; 2:int64 fnfo; 3:int64 fnfp; 4:repeated int32 fnfq	epd::baoe | epd::ery | epd::iwk | epd::mzr	epd (toca a 17 mensajes): NpcDialogCreationWhenAvailable		0	shape-known	C	Locate client feature and capture a journey.
Game	hqc	3a2d70c2c96b4f748ba3648d02afe7c84e398a36b893e32ef76b442842b0a4a1	1:int64 fnfu; 2:int64 fnfv; 3:int32 fnfw	epd::baof | epd::ben | epd::fta | epd::hsj	epd (toca a 17 mensajes): NpcDialogCreationWhenAvailable		0	shape-known	C	Locate client feature and capture a journey.
Game	hql	07921d6b595c12d3543eadba022a5a0cf7ba82a751bd06dcd710f3fdf2642864	1:hqj fngb; 2:hta fngc; 3:map<string, hqu> fngd	eqc::baxn | eqc::hl | eqc::iqk | eqc::jea			0	shape-known	C	Locate client feature and capture a journey.
Game	hqm	e962a75ba69d31d094acef138b53044afadfe131fa3071eebe9c19d1e6dee0d8					0	shape-known	C	Locate client feature and capture a journey.
Game	hqp	f0eadf9b228f0072887ce044ad83e14e7ec9b601d0e35b6962da34d197f28319	1:hqn fngk	eqc::baxh			0	shape-known	C	Locate client feature and capture a journey.
Game	hqq	aacca2c88fb823c52046f7da5192b2bcdff9fefb2234b89eb5746e5d4de3c1f4		eqa::bawx			0	shape-known	C	Locate client feature and capture a journey.
Game	hqr	4eea7f9ef14e43359df836cd587c65ae0dc4c5740085321e7a11658c16ba5e3e	1:int32 fngr; 2:repeated int32 fngs; 3:hqg fngt				0	shape-known	C	Locate client feature and capture a journey.
Game	hqs	51e7e33c61518852e9a4dc89620e1c07987d489dd74625f372a3e19adf3521f2	1:int32 fngx; 2:int32 fngy				0	shape-known	C	Locate client feature and capture a journey.
Game	hqu	51da358b76f7ed000a5161dbe97a90cfd2dc9da560b23a289ac214f85769a958	1:int32 fnhc; 2:repeated lng fnhd; 3:int32 fnhe; 4:bool fnhf; 5:optional string fnhg; 6:repeated hqr fnhi; 7:bool fnhj; 8:repeated hqe fnhk; 9:hqs fnhl; 10:bool fnhm; 11:int32 fnhn; 12:int32 fnho	mk::md | mk::ojy | mk::osn | eqc::baxi	mk (toca sólo a éste): dragOwner		0	shape-known	C	Locate client feature and capture a journey.
Game	hqv	08989876bf93da1a92163b4165fd0b1e3aafb6ac30410ff5f76ed1c12939a9fa	1:string fnhs; 2:string fnht	eqa::baws | eqa::blo | eqa::dpc | eqa::mo			0	shape-known	C	Locate client feature and capture a journey.
Game	hqw	aff7677d6fba63ebe791808c2a00c59c97cb7596656b6b8bdd9aa00ce2273526	1:hqf fnhx	eqa::bawv | eqa::ekj | eqa::hhz | eqa::iww			0	shape-known	C	Locate client feature and capture a journey.
Game	hqx	f50a10a3bee0447e17ea10ceca484c9a0add90430c8e444c0b9bbddcde608e1f	1:bool fnib	eqa::baxd | eqa::fad | eqa::gly			0	shape-known	C	Locate client feature and capture a journey.
Game	hra	ac384237c448ae691f2229a3431a5e5c8d54e983ff2b5c862b7649eacdcf2166	1:hqi fnif; 2:hta fnig				0	shape-known	C	Locate client feature and capture a journey.
Game	hrc	2f27428aecd2e72a9f0f2fc6b6a6e0e240f230f9857ce01ea6246e289bf72296	3:optional int32 fnik; 4:hra fnim; 1:optional hqz fnin; 2:hra fnip	eqc::baxs | eqc::dxp | eqc::hjk | eqc::ifl			0	shape-known	C	Locate client feature and capture a journey.
Game	hrf	30423f77c8af4418b5de4365af58e07793108acb1ffaf44bd68efb08753dbae2	1:map<int32, int32> fniu; 2:repeated string fniv				0	shape-known	C	Locate client feature and capture a journey.
Game	hrh	fc4cd14abbd8b0a891d8970c4cea6dc4c03e0acd5ec70945c8027e6eb563914f	1:hrf fniz; 2:optional hre fnja	eqc::baxg | eqc::clu | eqc::ehn | eqc::iwc			0	shape-known	C	Locate client feature and capture a journey.
Game	hrj	e365e84fd9a476499018fbbe271301ca578d3b6e7e1b191ff5fb549dbf062737					0	shape-known	C	Locate client feature and capture a journey.
Game	hrl	7845076b4e7183e9b51f7e29ac3922dbc067dcff029f439dbf1cc8c71440d80e	1:hrj fnjj; 2:optional int32 fnjk	eqa::bawy | eqa::cdt | eqa::cgi | eqa::jpr			0	shape-known	C	Locate client feature and capture a journey.
Game	hro	e5bdb129d71982182799265963ea9db85d22d862b89d2af6b7f4799a79cd0e77					0	shape-known	C	Locate client feature and capture a journey.
Game	hrq	f1221376efd260a8e81a90bc638359c9cdb09d7fb00555e18931a99d68355c7d	1:hrx fnjt; 2:repeated hrt fnju; 3:repeated hrt fnjv; 4:int32 fnjw; 5:repeated hru fnjx; 6:hro fnjy; 7:bool fnjz; 8:int32 fnka				0	shape-known	C	Locate client feature and capture a journey.
Game	hrr	b7807ec1a6d8a7fc918d1f1dde2317b73eca86d7c1fca63f4eb7dc0ffd52e62f	1:repeated int32 fnke; 2:int32 fnkf; 3:int64 fnkg; 4:int64 fnkh; 5:string fnki; 6:int64 fnkj; 7:string fnkk				0	shape-known	C	Locate client feature and capture a journey.
Game	hrt	2310e2d5824e9983c8a28302a2d9c045dc2828ac0efb78a89d6ac7c58f76f119	1:hrr fnko; 2:float fnkp; 3:hqe fnkq				0	shape-known	C	Locate client feature and capture a journey.
Game	hru	43012b5549d07a984d2657a31186cf1459bea02ac9bd7ae8b1b364320bc646d9	1:bool fnku; 2:int32 fnkv; 3:float fnkw				0	shape-known	C	Locate client feature and capture a journey.
Game	hrx	a443048a59b7b486f25205794d643102bf47f28c646bb41476cd9e2c2b830785	1:int64 fnla; 2:hrv fnlb; 3:int64 fnlc; 4:int32 fnld; 5:int64 fnle; 6:int64 fnlf				0	shape-known	C	Locate client feature and capture a journey.
Game	hrz	f4d0833a3cb5c8c66bde909d5e837994c8f6c8163ca1d7fdc0fda3a06f9cb417	2:hrn fnlj; 1:hrq fnlk; 3:optional hrn fnll	eqc::baxk | eqc::ov			0	shape-known	C	Locate client feature and capture a journey.
Game	hsa	66d0ff52d94414c5036f71aea9ea7f4f2c3fc3f273da99d23b06bc0b2b37981b	1:string fnlr; 2:string fnls; 3:optional int32 fnlt; 4:string fnlv	eqa::bawu | eqa::htj			0	shape-known	C	Locate client feature and capture a journey.
Game	hsb	e254f722998e29b299ecadb918f66ee10ce9a060a9ca475af008b5ab55037f84	1:int32 fnlz; 2:int32 fnma	eqc::baxy | eqc::bpr | eqc::goa | eqc::it			0	shape-known	C	Locate client feature and capture a journey.
Game	hsc	5854070dbfe7441abdc21fd112fb7044b2b12591d31ff4e1736f302f243ab969					0	shape-known	C	Locate client feature and capture a journey.
Game	hse	10c395b0d484f2c56a16d8ae83a0198c4b260f9d2cd8aaa2f99e9ec241854bc6	1:repeated int32 fnmh; 2:hsc fnmi; 3:hqh fnmj	eqa::baxb | eqa::kma | eqa::lwa			0	shape-known	C	Locate client feature and capture a journey.
Game	hsh	7fee49fb584d5df64891c9ff778cded3138edc086c8003bd3288cc65f337bac1	1:hsf fnmn	eqc::baxp | eqc::brw | eqc::dpx | eqc::dwp			0	shape-known	C	Locate client feature and capture a journey.
Game	hsk	2ce79f24d38019b36090514f076ac87d202dace06e25dd4061a8bf4ccf056ef9	1:hqu fnmr; 2:string fnms				0	shape-known	C	Locate client feature and capture a journey.
Game	hsm	be4b51977a0905bf24db1b79cecbbac1a483f71e7296fa22b933cc3417ceaebb	2:hsj fnmw; 1:hsk fnmx; 3:optional hsj fnmy	eqc::baxi | eqc::kcc | eqc::mfw | eqc::ogf			0	shape-known	C	Locate client feature and capture a journey.
Game	hsn	d48f59446a5abdb772eca8b54e1453e80d97f1ed4d0df60ecb67c1f29ca7203c	1:hqh fnne; 2:repeated string fnnf	eqa::baxa | eqa::hpp			0	shape-known	C	Locate client feature and capture a journey.
Game	hss	11342c9eff9a8c5e860bab27e9cd2b7a71a79125f1227e4f5568da293c0e6d4c	1:int32 fnnj; 2:map<string, hqu> fnnk; 3:int64 fnnl; 4:bool fnnm; 5:map<string, hqu> fnnn; 6:hsq fnno				0	shape-known	C	Locate client feature and capture a journey.
Game	hsu	8a3643f3b6da5a18b150153031490153f90f192dcf2febd106a7c968e29becaf	3:hss fnns; 1:optional hsp fnnt; 2:hss fnnv	eqc::baxj | eqc::faq | eqc::gmp | eqc::orz			0	shape-known	C	Locate client feature and capture a journey.
Game	hsv	5ce22f55e2e52feb6c4d5898c5dd7d5d42d9adf3ed8ba50cfe06dd8629afaade	1:repeated string fnoa	eqa::bawq | eqa::bno | eqa::lff			0	shape-known	C	Locate client feature and capture a journey.
Game	hsw	bd06adac86cf5ff2b22323c1a1f8c2b730e093276826864811370e8e24e974f6	1:int64 fnoe; 2:optional int64 fnof; 3:optional int64 fnoh; 4:optional int64 fnoj; 5:optional string fnol; 6:optional string fnon				0	shape-known	C	Locate client feature and capture a journey.
Game	hsy	7e3783adfff44853b7517f225a968d5d30ad8a146c659f79a45b53660524fb51	1:map<int32, bool> fnos; 2:hsw fnot; 3:map<int32, bool> fnou	eqc::baxl | eqc::bsa | eqc::ebv | eqc::hhz			0	shape-known	C	Locate client feature and capture a journey.
Game	hsz	c2c5ee56e46a461f7e873e025d26c7de5d4fd12d7df71adce22a7a9ebd533eb1	1:hqi fnoy	eqc::baxm | eqc::fdj | eqc::hat | eqc::hux			0	shape-known	C	Locate client feature and capture a journey.
Game	hta	b9fc64b86fbcea6aeefd110f29fcc4e7184fc343a994c6748a96c01f9d3c624a	1:repeated htz fnpc; 2:repeated hqf fnpd; 3:map<string, hqu> fnpe				0	shape-known	C	Locate client feature and capture a journey.
Game	htd	b1a486d07b92a1beda7ad18f7d47f50b7bbd06a6e841c969a6b5656ec8d1f520	1:repeated htz fnpi; 2:map<int32, int32> fnpj				0	shape-known	C	Locate client feature and capture a journey.
Game	htf	74975aa2604f2db8045ea360f51369a863a33d38b8330e466054310c667e8458	1:optional htc fnpn; 2:htd fnpp	eqc::baxf | eqc::jxk			0	shape-known	C	Locate client feature and capture a journey.
Game	hti	43e5daec9cee091a0cca061063943c90e6dde0341026c0e980412317b98e4813	1:map<string, htg> fnpu	eqc::baxu | eqc::evv | eqc::fcs			0	shape-known	C	Locate client feature and capture a journey.
Game	htl	6ce764054ed120ec8cd80b8ef3fa1f1cd6070a61f4825b0c1f2476fe13573cad	1:map<int32, int32> fnpy; 2:htj fnpz	eqa::bawo			0	shape-known	C	Locate client feature and capture a journey.
Game	hto	f6cd73ca7cd725165b2b6147832a8c458beeafc346a2a81dfba5a8b4c6ba6ba3	1:optional int64 fnqd; 2:repeated bool fnqf; 3:optional int64 fnqg; 4:bool fnqi; 5:string fnqj; 6:optional bool fnqk; 7:repeated int64 fnqm				0	shape-known	C	Locate client feature and capture a journey.
Game	htp	b9db228df92ddac90b53475578bb37b596a6724c7ac37c40f689e7b05ff2ef4b	1:repeated hqf fnqq				0	shape-known	C	Locate client feature and capture a journey.
Game	htr	ad0f990c643f49182928c220e44236b2c9528bbe38ff0dfa8cfbd1e4b36bc0de	1:int32 fnqu; 4:hto fnqv; 2:htp fnqw; 3:optional htn fnqx	eqc::baxq			0	shape-known	C	Locate client feature and capture a journey.
Game	htu	de8e01477b50a7ced23903896f2ca2d406123064aee048bedcf9c7166e83ca82	1:string fnrd; 2:optional int32 fnre; 3:string fnrg; 4:hts fnrh; 5:string fnri	eqa::bawt | eqa::cqz | eqa::ewz | eqa::mtb			0	shape-known	C	Locate client feature and capture a journey.
Game	htw	4ffaae46cd06c0e0da108397c9159567646e9d81fcd17e3cf2ed1b1fcf3c3533	1:hqu fnrm; 2:string fnrn				0	shape-known	C	Locate client feature and capture a journey.
Game	hty	c623b4d9f91e5a164f7e0a7b6f34fcdb51ac37642a6a3b3b21161a385e262be9	1:map<int32, htw> fnrr; 2:map<int32, htv> fnrs	eqc::baxw | eqc::bgt | eqc::ipr | eqc::oix			0	shape-known	C	Locate client feature and capture a journey.
Game	htz	b13ab0139835421ef6e0a397e80ef6746aa4679ba88c4eacbd040bca72af0282	1:hqf fnrw; 2:int32 fnrx				0	shape-known	C	Locate client feature and capture a journey.
Game	hua	81848f5106ff45d43088b8017dc16012ee584b47adc289003a3435b28ff9565d	1:hta fnsb; 2:int64 fnsc	eqc::baxr | eqc::flp | eqc::got | eqc::mlp			0	shape-known	C	Locate client feature and capture a journey.
Game	hub	0180d8118f3682b136a5cfbdd2b9a53f3a4de2c56c6191006163631fa430fad0	1:map<int32, int32> fnsg	eqa::bawp | eqa::lou			0	shape-known	C	Locate client feature and capture a journey.
Game	huc	852348ee90d09c2fc8bd7a7dba86abdc30d18c43494eb85730aca8d58b20fd4a	1:bool fnsk; 2:optional string fnsl				0	shape-known	C	Locate client feature and capture a journey.
Game	hue	1667b4eb7080e8282e986b8621e265254cdcadb78575b4fdee555d835976cdbc	1:huc fnsq	eqa::bawz			0	shape-known	C	Locate client feature and capture a journey.
Game	huh	8f18b3d248723550bbc4b13fcea31649b1dd93746f171ebd730c1c3dcf7da738	1:repeated string fnsu; 2:hqh fnsv; 3:huf fnsw; 4:string fnsx	eqa::baxc			0	shape-known	C	Locate client feature and capture a journey.
Game	huk	f6adb52f792128957fce9896f4c8d760a16ecc88ee1ea5e20c045e22949543e3	1:map<int32, int32> fntb; 2:repeated htz fntc				0	shape-known	C	Locate client feature and capture a journey.
Game	hum	11696b101288fd6f3f00b60155f344f31f8851c5eda0fed6440948df03546bda	2:bool fntg; 1:optional huj fnth; 3:huk fntj	eqc::baxe | eqc::bcx | eqc::mn			0	shape-known	C	Locate client feature and capture a journey.
Game	hun	be0f8921085bf92ea979ccb402e8fb8530a34529149eed7d9c4dd97b4411d160	1:hqf fnto	eqa::baww | eqa::lxp | eqa::lxs			0	shape-known	C	Locate client feature and capture a journey.
Game	hup	d6fdf2c210ab3331befd2871b8a47cfca3bd13739a9e2e276e8156bc06c6be54	1:optional bool fnts; 2:bool fntu; 3:repeated int32 fntv; 4:int64 fntw; 5:int64 fntx				0	shape-known	C	Locate client feature and capture a journey.
Game	hur	550eef57a689489fe8cf41b74d2744731c1e2964a0e836232e612f2f44703539	1:hup fnub; 2:map<string, huo> fnuc	eqc::baxv | eqc::dnn | eqc::ktv			0	shape-known	C	Locate client feature and capture a journey.
Game	hus	d9693de5c5146ba0dca9c0267dcfa74332e84dfde9d38a797e616dd4816b21d7	1:map<int32, bool> fnug	eqc::baxt | eqc::eho | eqc::lix | eqc::wn			0	shape-known	C	Locate client feature and capture a journey.
Game	hut	10aee988817fe5ffb0532c49b8370798b8c4319ccda886a30674e196118d36e5	1:string fnuk; 2:hqh fnul; 3:string fnum	eqa::bawr			0	shape-known	C	Locate client feature and capture a journey.
Game	huu	50479b05f4eca43b504a7dab39622231a775fd32de4567eee00bea10cf581acf					0	shape-known	C	Locate client feature and capture a journey.
Game	hux	5a1ae4d26702bcd95440ee0055ef8bfc9835ee2fe80befc5b64e1e15a57e9802	1:map<string, hqu> fnut				0	shape-known	C	Locate client feature and capture a journey.
Game	huz	e46a971a7f9d784ea61a1d7a7d706ddd0bfa3082be80f3ba5477e0eeeb8c3204	1:optional huw fnux; 2:hux fnuz	eqc::baxx | eqc::cnj | eqc::mmy			0	shape-known	C	Locate client feature and capture a journey.
Game	hvf	c30054d5395b7bee050bdcbfbb7304cd49c9e700bbe99cfe753dc7314682bb59	1:hvc fnvf; 2:hvd fnvg; 3:string fnvh; 4:int64 fnvi	fhf::bezi | fhf::cyi | fhf::dgr | fhf::gba			0	shape-known	C	Locate client feature and capture a journey.
Game	hvi	e7786f85ed6a711715f1aa3d56c8f501b5383aeb7b723839b293b0f563d1eb0b	1:hvg fnvm; 2:string fnvn; 3:string fnvo	fhf::bezj | fhf::ezs | fhf::kdf			0	shape-known	C	Locate client feature and capture a journey.
Game	hvk	e0341a07ff8375e3845c0868470ed2fa5f2861a20449de65255203c08ecf5f41	1:hvf fnvs; 2:hvi fnvt	fhf::bezi | fhf::bezj | fhf::cyi | fhf::dgr			0	shape-known	C	Locate client feature and capture a journey.
Game	hvn	4416fb6e95cc536b575d71d546991ed4a2dcc04a15d3e74756e88e05cb5c58de	1:map<int64, bool> fnvy; 2:hvl fnvz; 3:bool fnwa	fhk::bfbm			0	shape-known	C	Locate client feature and capture a journey.
Game	hvs	a616b192e8a3a79d8a39bc04cef7259e874883977a15616ace191ff94038d6ac	1:hvq fnwf	ffz::beki			0	shape-known	C	Locate client feature and capture a journey.
Game	hvt	7706492533fe348f37d31ee20fe0b9a390a8420e907189686bf01422498520c1	1:ibj fnwj; 2:string fnwk	ffz::beky | ffz::crg | ffz::cut | ffz::jcy			0	shape-known	C	Locate client feature and capture a journey.
Game	hvw	71b645f1f14939fcdb1337ce62f62f75d4347625995b91d93c86922c21d99c69	1:hvu fnwo	ffu::bejo | ffu::byl | ffu::bzg | ffu::cow			0	shape-known	C	Locate client feature and capture a journey.
Game	hvx	b24ace8084cfe3884b0779e3721d07fdfac2603fc538f0dc64577ef350c20d88		ffu::beiz | ffu::fmp | ffu::kol | ffu::lht			0	shape-known	C	Locate client feature and capture a journey.
Game	hwa	9e28a44a894582f99ce4be3c26ff13c770b6b6a060ba09e8495e4ebe7c1e6729	1:hvy fnwv; 2:hvy fnww	ffz::bekf | ffz::esi | ffz::qg			0	shape-known	C	Locate client feature and capture a journey.
Game	hwb	44ba98e640fa2571bbda83f8ee28451ede7ce341cf08aebfc41ea9e5765bab60	1:int64 fnxa	egf::dhu | egf::idr | egf::kie | egf::xlw			0	shape-known	C	Locate client feature and capture a journey.
Game	hwe	1df12b05f6cd3506e5a1a8a50fb7641dd800740365a6cde4e0269fe7ac7fb4be	1:hwc fnxe	ffz::bekc | ffz::das | ffz::jte | ffz::po			0	shape-known	C	Locate client feature and capture a journey.
Game	hwf	44e1f8c081bab1b57dae06940fd26d25355dfb4111bce589a558ac0a71224eeb	1:int64 fnxi	ffz::bekx | ffz::crt | ffz::njs			0	shape-known	C	Locate client feature and capture a journey.
Game	hwg	0fc6ae39a5d85a6913d213d4b0d28e5942356ac5534949c706d60e95ef6f6e75	1:int64 fnxm; 2:string fnxn	ffu::beje | ffu::gnm | ffu::jwj | ffu::kgy			0	shape-known	C	Locate client feature and capture a journey.
Game	hwh	56318d07c94fb4655ed5cd09e408fdafcf077aef02bcdc2153c80a51fa7cb8f0	1:hzp fnxr; 2:int32 fnxs; 3:hzr fnxt	egf::k | egf::nzo | egf::xlx			0	shape-known	C	Locate client feature and capture a journey.
Game	hwk	7a1f6f1323dbc7eb8f7f17159b98aa8548ca6182897c0ab88f3609e87213cc90	1:hwi fnxx	ffz::bekh | ffz::gmt | ffz::knb | ffz::nmp			0	shape-known	C	Locate client feature and capture a journey.
Game	hwl	b6563f63c37f4f3f2f987a89dd659f22a4bc2bc34eea12d89c9a7dcfa08ca20e	1:int32 fnyb; 2:repeated hwr fnyc; 3:hyr fnyd; 4:string fnye	kg::dcq | kg::dj | kg::jyq | kg::lyk			0	shape-known	C	Locate client feature and capture a journey.
Game	hwo	144db8067bf36ad998246c79bc8d7b4b7eb2321724e5dc14702ac5deb16c1dcb	1:string fnyi; 2:string fnyj; 3:hvp fnyk; 4:hwm fnyl	ffz::bela | ffz::frk			0	shape-known	C	Locate client feature and capture a journey.
Game	hwp	34ed07f15cbc9b0bbdd06153b84b6aeca0b52e2d897903580948b4600a7f7c10	1:int64 fnyp; 2:repeated int64 fnyq; 3:int32 fnyr				0	shape-known	C	Locate client feature and capture a journey.
Game	hwr	320bcf49f86cb78463834f8fcebe2d5a3e80e95eeff1b01e58c65811d66dd211	1:bool fnyv; 2:hwp fnyw; 3:int32 fnyx; 4:bool fnyy; 5:bool fnyz; 6:hxd fnza	jx::ddq | jx::jak | jx::lae | jx::lit			0	shape-known	C	Locate client feature and capture a journey.
Game	hwu	01b352937799662f4d0d823f4004753d7b8415354ae8bc44bdd9ce452f9f5815	1:map<int32, hzp> fnze; 2:map<int32, hzp> fnzf; 3:map<int32, hzr> fnzg; 4:map<int32, hzr> fnzh; 5:hws fnzi	egf::hce | egf::kgt | egf::kmr | egf::mkg			0	shape-known	C	Locate client feature and capture a journey.
Game	hwv	d229d0eeeb5e4c1e393799227ebb04d498e409eecb853a69e7d7cfa84e1d345a	1:int64 fnzm	ffz::bekr | ffz::gki | ffz::mbw			0	shape-known	C	Locate client feature and capture a journey.
Game	hwx	18583655926c795a142745857af1ee0e421d88228e3a85cb4cc5ef9fb7d7bc0d	1:bool fnzq; 2:int32 fnzr; 3:optional string fnzs; 4:string fnzu; 5:string fnzv; 6:int64 fnzw; 7:optional string fnzx				0	shape-known	C	Locate client feature and capture a journey.
Game	hwz	6a6c244e53ecec7b5452cc6ab35c5cc9cd9acfab94eea2dbedb3d60c1bbf953a					0	shape-known	C	Locate client feature and capture a journey.
Game	hxb	ff7e1071165878080c46c5bdad1dec53744f39aa10d91afca5ef0b7da7f7d858	1:hwz foaf; 2:string foag; 3:hwy foah				0	shape-known	C	Locate client feature and capture a journey.
Game	hxd	d00ed96925342fcc55dd38bfed279548c4107a1dcde2b5367adfef81eae124e2	3:hys foal; 4:hwx foam; 1:hys foan; 2:hxb foao	ffz::bekm | ffz::bekn | jt::bas | jt::gnw			0	shape-known	C	Locate client feature and capture a journey.
Game	hxe	bb82e1f06817c4dd56656e9f976662a27df3a5e5753a75c54bb496d4e9236621	1:bool foat; 2:repeated string foau; 3:repeated bool foav; 4:optional int64 foaw; 5:string foay				0	shape-known	C	Locate client feature and capture a journey.
Game	hxg	8bf489c7c43890bf5acde92d13a6b568c3af390d446b169d25a3e6f7249cf732	1:int32 fobc; 2:optional int32 fobd; 3:int32 fobf; 4:bool fobg				0	shape-known	C	Locate client feature and capture a journey.
Game	hxi	72e9c9b68839d7920ea0ef2c8cfce5b2fa56b991cf5efe144b0192929fd88704	1:hxf fobk; 2:hzx fobl; 3:hxg fobm; 4:iak fobn				0	shape-known	C	Locate client feature and capture a journey.
Game	hxj	931a5781d30b34521e62ed3707925ee7c9523f82e7668178d272f2631229954c	1:repeated int32 fobr; 2:int32 fobs	jy::nsp | ffz::bekb | ffz::ojw			0	shape-known	C	Locate client feature and capture a journey.
Game	hxk	6c405130d5c4faf91afce8b3348198ccbbb5ef4c1bd4a8418692834006f8dc2f	1:int32 fobw; 2:repeated int32 fobx; 3:int32 foby				0	shape-known	C	Locate client feature and capture a journey.
Game	hxm	719d89805abd4551271572c6d78ddd712cb7c8b62a3cf3c5f5471ff1b8131d7a	1:map<string, hxi> focc; 2:hxe focd; 3:map<int32, hxj> foce; 4:icl focf; 5:hxk focg	ffz::bekb | ffz::ojw			0	shape-known	C	Locate client feature and capture a journey.
Game	hxp	8ce3d1daab4512ca2ac0f83eabbe092f6b466e73baaa85bffe6a5404062df5e6	1:string fock				0	shape-known	C	Locate client feature and capture a journey.
Game	hxq	9a5ebcbf974049b65bdb9088636cba4aeed53e9e27d08127d883a6a6d0d79ec4	1:repeated hxd foco				0	shape-known	C	Locate client feature and capture a journey.
Game	hxr	af6e6c2b9de38bfdb10a8dac177d93586c1f26f8481515d2c60c7f65d66ab677	1:repeated hxd focs				0	shape-known	C	Locate client feature and capture a journey.
Game	hxt	3587bfd3d75bcd4a18499b6225d98b168ad3903677371fc7439428fe8fe1e73e	1:hxr focw; 2:hxp focx; 3:hxq focy; 4:optional hxo focz	ffz::bekl | ffz::cas | ffz::fcl | ffz::fkg			0	shape-known	C	Locate client feature and capture a journey.
Game	hxu	84882668b5d11b23c7dfa27ff10a794e5ea0f5c5015ca5cee1c640041cb79cee	1:string fodf; 2:string fodg	ffu::bejh			0	shape-known	C	Locate client feature and capture a journey.
Game	hxx	27c435b874e7673673300eaa2cc011ea55ad36450a66aee2352b7d343747aaf8	1:hxv fodk; 2:hxv fodl	ffz::bbj | ffz::bekk | ffz::eyu | ffz::gnu			0	shape-known	C	Locate client feature and capture a journey.
Game	hya	cedb41ea4a8429c77a87226d1c0f745f7e2f8c66c291befd311280ab7202beed	1:hxy fodp; 2:ibg fodq; 3:string fodr	ffz::bekd | ffz::cqq			0	shape-known	C	Locate client feature and capture a journey.
Game	hyb	8362053eb521c1675e75d31d5f42eaf0ab6888918353f4eeae10ef67cb2b1389	1:string fodv; 2:string fodw; 3:bool fodx	ffu::bejk			0	shape-known	C	Locate client feature and capture a journey.
Game	hyc	34a9196fa85e19345a230d8c2e1faaf578992a90445d722955daf656c5b5ccd0					0	shape-known	C	Locate client feature and capture a journey.
Game	hyg	667d224bb84c0fe47442d243029e1a963af4c1159f1cb85bda916541b05da76a	1:int64 foee; 2:int32 foef; 3:hye foeg; 4:int64 foeh; 5:repeated int32 foei; 6:bool foej; 7:map<int32, hyd> foek	ffz::beli | ffz::nmw			0	shape-known	C	Locate client feature and capture a journey.
Game	hyj	eef40c0e869f2681047fc2a52909d0f822e051c79254d03ef4b203ddc04b06f3	1:hyh foeo; 2:repeated int64 foep	ffz::beks | ffz::bma | ffz::chb | ffz::eal			0	shape-known	C	Locate client feature and capture a journey.
Game	hyk	808b37e372af4230897e2e811cfc6df5fca3e69936a81067303dbd2211337113	1:string foet; 2:int64 foeu; 3:repeated string foev; 4:repeated int32 foew; 5:int32 foex; 6:string foey; 7:string foez; 8:optional int64 fofa; 9:optional bool fofc				0	shape-known	C	Locate client feature and capture a journey.
Game	hym	8eb8f47f313887fe740fc26385d137dae279df23c1f760b947e684eb78237900	1:hyk fofh	ffu::bejd			0	shape-known	C	Locate client feature and capture a journey.
Game	hyp	4660e7126eb6f22a61b7ae46144beeff002fbd2719b8994e2205cdbe1feac1cb	1:int64 fofl; 2:string fofm; 3:hyn fofn				0	shape-known	C	Locate client feature and capture a journey.
Game	hyr	b9d0d13dc6362f81d05c6e591a811597c69582122cfaf5b95302aea6ee88492a	1:hyp fofr; 2:string fofs; 3:string foft	kb::.ctor | kb::flk | kb::hrc | kb::ntc			0	shape-known	C	Locate client feature and capture a journey.
Game	hys	1155e62c5e5e025b589a12f9db0e65732424faa475f1d4fcc6568a77a62f5db0	1:int32 fofx; 2:lba fofy; 3:int64 fofz; 4:int32 foga; 5:int32 fogb; 6:string fogc; 7:lcf fogd; 8:string foge	jt::eyt | jt::hcc | jt::mhu | jt::nrb			0	shape-known	C	Locate client feature and capture a journey.
Game	hyt	25cac29cbec9a35cdb2e8eb7d698ecb918ed76ae13507873405fcdff4eb2a706	1:int32 fogi	ffu::bejg | ffu::ijw			0	shape-known	C	Locate client feature and capture a journey.
Game	hyw	57b29eacfe09ad8d0658bee25c3728acffab3b0e7b5355f4ec5fb094aa27c93a	1:hyu fogm; 2:repeated string fogn	ffz::beld | ffz::ejj | ffz::jzg			0	shape-known	C	Locate client feature and capture a journey.
Game	hyx	9da7b5bd728c10d0455091555d0e50df225bb958a2ce7153cf00383fac12c768	1:repeated string fogr; 2:string fogt; 3:repeated hwr fogu; 4:int32 fogv; 5:hyr fogw	ke::bwp | ke::jxg | ke::kf | ke::ltg			0	shape-known	C	Locate client feature and capture a journey.
Game	hyz	4e268615a902e40e469e4e999ef3003bb13080d17674f0c1e2e45526a4da6563	1:bool foha; 2:repeated bool fohb; 3:int64 fohc; 4:map<int64, string> fohd; 5:int64 fohe; 6:string fohf; 7:repeated string fohg				0	shape-known	C	Locate client feature and capture a journey.
Game	hzb	0dc713865b7d5e153ea6fd50e36cb1f44072f797c6272fcff0560a3ba6eddf94	1:hyy fohk; 2:hyz fohl; 3:icl fohm	ffz::bekq | ffz::ebn | ffz::eit			0	shape-known	C	Locate client feature and capture a journey.
Game	hzc	dc64bdcaf1b53be4590ef8f5f5a01d680367ea20b711b6958ce7026c17f0c0c9		ffu::beiy			0	shape-known	C	Locate client feature and capture a journey.
Game	hzd	1a67bb4b1f055541ee18d9efd6aabeda829b3a9a48dab85e9edc91b0dde9eb18	1:bool foht	ffu::bejm | ffu::nts			0	shape-known	C	Locate client feature and capture a journey.
Game	hzg	7793c9828fd91292b71fc54d36390d613174654c2c15eb2900eef289391da524	1:iau fohx; 2:hze fohy; 3:string fohz	ffz::belc | ffz::jg | ffz::nmz			0	shape-known	C	Locate client feature and capture a journey.
Game	hzh	c93d1dbb70affa4ad79da48c961f08e115b5f188c717ee3a66fb4a1377c2e01e	1:string foid; 2:string foie	ffz::bele | ffz::nae | ffz::oor | ffz::vj			0	shape-known	C	Locate client feature and capture a journey.
Game	hzi	37ef007d92373a6291593082dba3631c3d609ddfa37589d925d453a6641cf674	1:optional int32 foii; 2:optional int32 foik; 3:string foim	ffu::bejc | ffu::knc | ffu::kug			0	shape-known	C	Locate client feature and capture a journey.
Game	hzj	be65de0e87afba979876a066b73132adbcf7bf3480e69e5f39e466a2a3511d42	1:map<int32, int32> foiq; 2:string foir; 3:repeated int32 fois; 4:int32 foit; 5:repeated int32 foiu				0	shape-known	C	Locate client feature and capture a journey.
Game	hzk	44f1ee265df79210118b81a23c503bda8209d9095d9015a299ab58f1e6a6018e	1:string foiy; 2:string foiz	ffu::beji | ffu::pa			0	shape-known	C	Locate client feature and capture a journey.
Game	hzn	57057047481536309095087eafc1fd7bb71e6503dff12ee37a07716aecf6b5c6	1:hzl fojd	ffz::belh | ffz::ddo | ffz::hgg | ffz::isk			0	shape-known	C	Locate client feature and capture a journey.
Game	hzo	c5b4ee2981d12d3ce26624dd20dcc82103af1a4f955db31b76c1165117b3f39f	1:map<int32, hzr> fojh; 2:map<int32, hzp> foji; 3:map<int32, hzr> fojj	egf::xly			0	shape-known	C	Locate client feature and capture a journey.
Game	hzp	64024941427bdda4fe9c4f0f5fb5f8679bf09d334ac57bd345b7277f1f848ab8	1:int32 fojn; 2:repeated hzr fojo				0	shape-known	C	Locate client feature and capture a journey.
Game	hzq	9f3f823bb9d7f92cbe1002e787eb1cd5460167b2d05324c0830a7835ed7484e5		egd::bqi | egd::xky			0	shape-known	C	Locate client feature and capture a journey.
Game	hzr	a1376c2de018f0b5c199d4dacb885a6c253ce66255b442ed08353cc7016f384a	1:int32 fojv; 2:int32 fojw; 3:int64 fojx; 4:int64 fojy; 5:repeated hzw fojz; 6:hzx foka	bo::blf | bo::dbn | bo::jvs | bo::jzx			0	shape-known	C	Locate client feature and capture a journey.
Game	hzv	684e2e71a3a4de8d5bde23614504794401bc035869643e0ae90be9ae9d038282	1:hzt foke; 2:hzs fokf	ffz::belg			0	shape-known	C	Locate client feature and capture a journey.
Game	hzw	851bd04280bc52ec7858b31b0210b649221cc1aa763caed552ee7fe3d48b6351	1:bool fokj; 2:bool fokk; 3:string fokl; 4:lba fokm; 5:bool fokn; 6:int32 foko; 7:int32 fokp				0	shape-known	C	Locate client feature and capture a journey.
Game	hzx	973a91a68d0079d8d2e59d7a2f039f00d1caaa1ce976aee63a7e0c33fa7c2f37	1:string fokt; 2:lld foku; 3:string fokv	bo::bab | bo::dvx | bo::mpa | jv::dtn			0	shape-known	C	Locate client feature and capture a journey.
Game	hzy	4532006d065b56f128c74cdc1ebc90f0834f4022dfe6630087401f16b382a563	1:icl fokz	ffz::bekt | ffz::cms			0	shape-known	C	Locate client feature and capture a journey.
Game	iaa	37c9655c6ccbde5221296c96f5cb8d61839b577be52c203256a84edc0d8fb779	1:bool fole; 2:optional bool folf; 3:repeated int32 folh; 4:int32 foli				0	shape-known	C	Locate client feature and capture a journey.
Game	iac	03e30a5a2d5cec2bd56ddfdffcf260af4230d545eea3847dfa1f7afba033cf25	1:iaa folm; 2:repeated int32 foln; 3:hzz folo; 4:repeated int32 folp	ffz::beku | ffz::bpn | ffz::clx | ffz::csy			0	shape-known	C	Locate client feature and capture a journey.
Game	iaf	7057fa8962762cf68fb32db454a7ff4dbdfac4c871affcd71d9a0d969da77146	1:iad folt				0	shape-known	C	Locate client feature and capture a journey.
Game	iag	d3dacb39ddf9b3e7c555a2fabe8d289cd034330fcac92000398a69da2a4a5743	1:bool folx	ffu::bejf | ffu::ggc | ffu::kyl | ffu::ltr			0	shape-known	C	Locate client feature and capture a journey.
Game	iai	5853e49a6accc131c2d839b21a063abdec0d14fd90afc9f197d6756377cccf24	2:string fomb; 1:hwl fomc; 3:hyx fomd; 4:iak fome; 5:ibg fomf	ffz::bekg | ffz::czz | ffz::odw | ffz::sv			0	shape-known	C	Locate client feature and capture a journey.
Game	iaj	25eb309eec45f100bd01fb7bd632b00703ddaeb7cf9ba287d5c2eea5b9d0829c	1:string fomk	ffu::bejs | ffu::bun | ffu::gsd | ffu::gyh			0	shape-known	C	Locate client feature and capture a journey.
Game	iak	2212b9c96f656083e17d5dc2486be877f26fab3f3d7413131aca590aecb3028b	1:string fomo; 2:repeated hwr fomp; 3:int32 fomq; 4:int64 fomr; 5:repeated int32 foms; 6:int32 fomt; 7:hyr fomu; 8:hyr fomv; 9:bool fomw	ki::bmr | ki::ewd | ki::ewv | ki::lpy			0	shape-known	C	Locate client feature and capture a journey.
Game	iam	2dd4c0eb65ae7451423aeebabf5c9b92dd5e77be714c270bc2ab48aef4127d0f					0	shape-known	C	Locate client feature and capture a journey.
Game	ian	c344b32c850d694b0fd4f5ff76ea46a2183cbae7fc1899bbb800edf1c7ab99ab	1:map<int32, int64> fond; 2:bool fone; 3:optional string fonf; 4:int32 fonh				0	shape-known	C	Locate client feature and capture a journey.
Game	iap	42ac8f8f56aa9c6552362f2c048760e49db9f18593422a262eeb10cbbc3e3dd5	1:ian fonl				0	shape-known	C	Locate client feature and capture a journey.
Game	iaq	5be0b5907c3ac2669fbf0a4dffbf584bac1ef41a5ed84345b3ffd9a4ac1bb8ae	1:int32 fonp; 2:int32 fonq				0	shape-known	C	Locate client feature and capture a journey.
Game	ias	7326ee4e7cc160f8c937bf6ae18952004b6f6c12845d38ccc692b4c682aaa7aa	1:iam fonu; 2:iaq fonv; 3:iap fonw	kk::cxi | kk::fys | kk::nuz | kk::but			0	shape-known	C	Locate client feature and capture a journey.
Game	iau	f7023da1e6c65a756f721b3328e3f57314940702426a7186e06bdb463d5f620e	1:int32 foob; 2:map<int32, ias> fooc; 3:optional int32 fooe; 4:map<int32, int32> foog	kk::but | kk::jml | kk::mvo | kk::nuy			0	shape-known	C	Locate client feature and capture a journey.
Game	iav	5c8f77c08ec3214d106e05c19fab2e6aa924101e37f52925b2aa427e6821f4c7	1:string fook; 2:string fool; 3:lcf foom	ffz::bekv | ffz::dfw | ffz::mpn | ffz::nqn			0	shape-known	C	Locate client feature and capture a journey.
Game	iay	56c16008b6075b67080e2f2e4b98efb3147f19517ac00ae4a1dd498d2717a195	1:iaw fooq				0	shape-known	C	Locate client feature and capture a journey.
Game	iaz	db0bff9d8b43ad2b728fc33e7abd2918cb3628a668f300580548c67f5443eec7	1:string foou	ffu::bejn | ffu::cgs			0	shape-known	C	Locate client feature and capture a journey.
Game	ibc	df8e78154df49fc579e0f1c585c7e10b8daf76ae5eddd9643501173b77464091	1:iba fooy; 2:iba fooz	ffz::beko | ffz::cfz | ffz::gkl | ffz::lle			0	shape-known	C	Locate client feature and capture a journey.
Game	ibf	828aaadc749c49f0ecfd98de4357c5b5db995bdaa3a339a36f719ceab084563d	1:ibd fopd	ffu::bejp | ffu::cvq | ffu::huo | ffu::lqz			0	shape-known	C	Locate client feature and capture a journey.
Game	ibg	ae0a1b84b444694beffae74447e56f4a5c60b3484c49f5d3eb86861e808d94ad	1:hyr foph; 2:repeated hwr fopi; 3:int32 fopj; 4:repeated hys fopk	kd::nth | kd::nti | ffz::beka | ffz::bekb			0	shape-known	C	Locate client feature and capture a journey.
Game	ibh	d323a8c21d58617027c6bfb50eb85a0ec45d78e4df59aa9fa482778ce7f082a6	1:optional int32 fopo; 2:optional int32 fopq; 3:hvp fops; 4:hys fopt; 5:hvp fopu	kj::cdp | kj::dbk | kj::nup | kj::zr			0	shape-known	C	Locate client feature and capture a journey.
Game	ibj	fe14f2ccd3367734aee92f9d72b6001a599a0e467864c995623b37eaa677b40d	1:map<string, ibh> fopy; 2:int32 fopz; 3:string foqa; 4:optional string foqb; 5:iau foqd	ffz::bekw | ffz::beky | ffz::bekz | ffz::crg			0	shape-known	C	Locate client feature and capture a journey.
Game	ibk	0139b733749774f75e511cc3dd67290bcdf3ee7dd0b0e3f0d76beb0a93a041fd	1:string foqh; 2:map<string, int32> foqi	ffz::belb | ffz::hss | ffz::isp | ffz::mpj			0	shape-known	C	Locate client feature and capture a journey.
Game	ibl	02765df7340bdc29f16244dda7b5ca2d349323924ca67be59a4f5f4cf6c05943	1:repeated bool foqm	egd::kuh | egd::xkz | egd::yk			0	shape-known	C	Locate client feature and capture a journey.
Game	ibo	0e8eec10116b3d09819abf9a16dcd7803cdefb3046e5c1a167411e16dbd755cb	1:ibm foqq; 2:hzx foqr; 3:int32 foqs; 4:hys foqt	ffz::bekp | ffz::bfu		S2C/push	1	shape-known	C	Verify the send against a client observation; no handler is inferred.
Game	ibp	b582b510f57dbb45f15e3e4bf706500f9b13587ae4b132edf91ba0fe0a10af2d	1:repeated string foqx				0	shape-known	C	Locate client feature and capture a journey.
Game	ibr	7f2cfb158cf83d54f2c11eb4c93eb222aae999c68c1fdf19a7d60b79c6e5b485	1:int64 forb; 2:ibp forc	ffu::baf | ffu::bejl			0	shape-known	C	Locate client feature and capture a journey.
Game	ibs	bfb398f7e571ff6d04e3633ad817d008745bf11344c5c73c37dd7f82aa4542b2	1:repeated hzj forg	egf::xlz			0	shape-known	C	Locate client feature and capture a journey.
Game	ibv	b0b0a529d548c573c442b928ecf4681b5256385524495f112593fdb11e574390	1:string fork; 2:ibj forl; 3:ibt forn	ffz::bekz | ffz::hyh | ffz::lde			0	shape-known	C	Locate client feature and capture a journey.
Game	ibw	824049812087de692711ff40b48c251caf7a11de9b07c93863e190ac7bbdbbe9	1:int32 forr	ffu::bejb			0	shape-known	C	Locate client feature and capture a journey.
Game	ibz	e986e817a2e59819acd1db408dbae82fa141393c7564cc305c04249bddc67258	1:ibx forv	ffu::bejq			0	shape-known	C	Locate client feature and capture a journey.
Game	icc	0a2700487999ae1ada70bf300ab59c3fffc1c468a4b4e668ff571e56f02195f1	1:map<string, ibg> forz; 2:map<string, hwl> fosa; 3:repeated bool fosb; 4:map<string, hyx> fosc; 5:map<string, iak> fosd; 6:map<string, ibg> fose				0	shape-known	C	Locate client feature and capture a journey.
Game	ice	1312f9c7d9272b0ed4e0d42ad86d334229741c526400b4ef77f9251b28ac42a1	1:icc fosi; 2:optional icb fosj	ffz::beka | ffz::fee			0	shape-known	C	Locate client feature and capture a journey.
Game	ich	766043a5c434deff44d6a50094869133e119ac29a3b50111c96934ade0109902	1:ibj fosp				0	shape-known	C	Locate client feature and capture a journey.
Game	icj	3024ecf287f95b2b8dbbb9c51a8bb6516ea1a8cc67cdb8a075e2e00641f11e5b	1:ich fost; 2:optional icg fosu	ffz::bekw | ffz::es			0	shape-known	C	Locate client feature and capture a journey.
Game	icl	7f103aed75c957ec6d33f615d63fa0ac17893c693fad7cac47e175959412e563	1:hzx fota; 5:string fotb; 6:hyx fotc; 2:hwl fotd; 3:ibg fote; 4:hyx fotf	ffz::bekb | ffz::bekq | ffz::bekt | ffz::cms			0	shape-known	C	Locate client feature and capture a journey.
Game	icm	b9d44cd9a785217dbdd95667b7f9be517927e86819fa25d7f06961600b4c9a5d		ffu::bejr | ffu::ctb			0	shape-known	C	Locate client feature and capture a journey.
Game	icn	9997c5656390b55eb7fcad929cc53abfdeca5b07f4a67775b3a9ecee3f6c612a		ffu::beja			0	shape-known	C	Locate client feature and capture a journey.
Game	icp	c88077c4fe315d66ecf8d3503a7e420ecbcab527b999211361bc6e40cfe91ff5	1:hxd fotq				0	shape-known	C	Locate client feature and capture a journey.
Game	icq	7d102aed2370139db32087d1e4595af8303634856c1c311ca840730ab57fdb86	1:repeated hxd fotu; 2:int32 fotv				0	shape-known	C	Locate client feature and capture a journey.
Game	icr	365ef1b14f831ba594160984e3f661f90bedea10d09c76fb6a749c10576bd33d	1:repeated hxd fotz				0	shape-known	C	Locate client feature and capture a journey.
Game	icu	528ff3e81a8c1562ad716b5df8567ffdafd136fc40dc718f6e3b98bfd11305ff	1:ics foud; 2:repeated hxd foue				0	shape-known	C	Locate client feature and capture a journey.
Game	icx	e6bae5eac1eb8a13c3597482d4cd750b51b27f48b8493acdae58158c94787e1e	1:icv foui				0	shape-known	C	Locate client feature and capture a journey.
Game	icz	fc8772143df81214154e1082131ff4951b1cd72be8c099582496e2979b91d60f	1:icx foum; 2:icu foun; 3:icp fouo; 4:icq foup; 5:icr fouq	ffz::bekn			0	shape-known	C	Locate client feature and capture a journey.
Game	ida	41e82c0b01ccc8884f06ba1301f9bd7d3ca07e78f7429df284cfd7688a2e6a2b	1:string fouw; 2:string foux; 3:bool fouy	ffu::bejj | ffu::fun | ffu::ils			0	shape-known	C	Locate client feature and capture a journey.
Game	ide	8bfd467b37cd64717f45ab870e2499e765e4b215b6b4ed235db29fd2fc224ecc	1:idc fovc; 2:idb fovd	ffz::belf | ffz::cty | ffz::gqo | ffz::nli			0	shape-known	C	Locate client feature and capture a journey.
Game	idf	c79444b37aa4ed032f55310c7864a7945dccd8453523fa487775e4cc4eb4b274	1:int32 fovh; 2:string fovi	ffz::bekj | ffz::dmu | ffz::ivn | ffz::jse		S2C/push	1	shape-known	C	Verify the send against a client observation; no handler is inferred.
Game	idi	20796fe4fa492dab5b99abb37214d9e2559526f81ae487a13f8771a9ba6c7cc1	1:idg fovm; 2:idg fovn	ffz::beke			0	shape-known	C	Locate client feature and capture a journey.
Game	idl	075ef2a37b78754d8b6e6537cb661634886836060d2fe9de509e4d061a2d9be2	1:idj fovr				0	shape-known	C	Locate client feature and capture a journey.
Game	idm	7af03b3b55d89699c12310d0d7e529011cf4802739f0cdddcefadfffca315277	1:int32 fovv; 2:int32 fovw; 3:optional int32 fovx	ffr::begb | ffr::ibc | ffr::lme | ffr::myi	ffr (toca a 54 mensajes): DisposePendingClaimBoostRequests		0	shape-known	C	Locate client feature and capture a journey.
Game	ido	2e311361c123d945f11003f7b1b224dbc3850c7aeb45dd2ac743684c8b1622d2	1:int32 fowd	epm::basr | epm::dpl | epm::hzo | epm::nmb			0	shape-known	C	Locate client feature and capture a journey.
Game	idp	6e3d9e8c815294fb7315c7b53e4f241682b56f18df3c44947f9bbdccbad4d722	1:int32 fowh; 2:int32 fowi				0	shape-known	C	Locate client feature and capture a journey.
Game	idr	ea7653fadc61138fcfdfac9a0dde37570858729e1c60244aacdc837351ae3e98	1:repeated ier fowm; 2:optional int64 fown; 3:repeated idp fowp; 4:repeated int32 fowq	eps::bati | eps::bwf | eps::cjk | eps::dub	eps (toca a 13 mensajes): UpdateQuestWhenSubAreaLoaded		0	shape-known	C	Locate client feature and capture a journey.
Game	idt	bd55d2b5655a97474929cb5982d66a51a79d9ebc0576f77b91c5715ff21d05f1		epm::baso | epm::bcn | gie::bkii			0	shape-known	C	Locate client feature and capture a journey.
Game	idu	0eca3abb09e53d054e7b1691773bb9d7b79a9e805f205d418182e399b0a7d4dd	1:ier fowx; 2:optional int64 fowy	eps::batg | eps::bath	eps (toca a 13 mensajes): UpdateQuestWhenSubAreaLoaded	S2C/push	1	shape-known	C	Verify the send against a client observation; no handler is inferred.
Game	idv	320222f9e2205d4954566376d687c94b85a65588c1b4e02e9a754abd4c2612fc	1:int32 foxd; 2:int32 foxe	epm::basn			0	shape-known	C	Locate client feature and capture a journey.
Game	idw	e73d350f692a05763945793f74e7fec29e2d10b990388cb93d5e0cd5898184f3	1:int32 foxi; 2:int32 foxj	epm::basq | epm::bos | epm::fjt | epm::gtt			0	shape-known	C	Locate client feature and capture a journey.
Game	idz	bb9fe9a5b7e5ea020ef9e8f1625a729061edc7c88daf819527345d4f43faeb86	1:int32 foxn; 2:int32 foxo; 3:idx foxp	eps::batc	eps (toca a 13 mensajes): UpdateQuestWhenSubAreaLoaded		0	shape-known	C	Locate client feature and capture a journey.
Game	iea	f29ac381a54b84cae96585a467b1c2e2215b6911aba6f9deb483ae4facab4043	1:int32 foxt; 2:int32 foxu; 3:int32 foxv	eps::batb	eps (toca a 13 mensajes): UpdateQuestWhenSubAreaLoaded		0	shape-known	C	Locate client feature and capture a journey.
Game	ieb	f1ba009df1680f4561d03a5295c54e0c5793437227aaf36bef1a312a33306c84	1:int32 foxz; 2:int32 foya	eps::batd | eps::cij | eps::hur | eps::khv	eps (toca a 13 mensajes): UpdateQuestWhenSubAreaLoaded		0	shape-known	C	Locate client feature and capture a journey.
Game	iec	ca98aa1291e8370d79122785a1ab28d27ec59d380ac2a76fc467ab55d03c1010	1:int32 foye; 2:string foyf; 3:int32 foyg	epm::basn			0	shape-known	C	Locate client feature and capture a journey.
Game	ied	60f1d439075794eacf6fd99070b5c8031df9a987faa19b876f530689da8fcadb	1:int32 foyk	eps::bate | eps::gkk | eps::gpp | eps::kmo	eps (toca a 13 mensajes): UpdateQuestWhenSubAreaLoaded		0	shape-known	C	Locate client feature and capture a journey.
Game	iee	d5307c08e75a98334f80143ee8083fbfa5fda80b73179c6012da43a6720e8da6		epm::basp | epm::crn | epm::lbx | gie::bkii			0	shape-known	C	Locate client feature and capture a journey.
Game	ief	5715ef93bb02eb00edcc9787887f2413b93404fb4a9da9903e6214bb1fd40085	1:int32 foyr; 2:string foys	eps::batf | eps::npl	eps (toca a 13 mensajes): UpdateQuestWhenSubAreaLoaded		0	shape-known	C	Locate client feature and capture a journey.
Game	ieg	048b6070a019f08fa50816e49c3e9ae0fad7b5e5e18323782442c8208c1fe707	1:int32 foyw; 2:ieh foyx; 3:int32 foyy	eps::basz	eps (toca a 13 mensajes): UpdateQuestWhenSubAreaLoaded		0	shape-known	C	Locate client feature and capture a journey.
Game	ieh	79a3e98905992bd8dd0a0a740045c0b94eb4c325096fcebb42fce264e8862c5f	1:int64 fozc; 2:int64 fozd				0	shape-known	C	Locate client feature and capture a journey.
Game	iei	eaa400dfbb6dbd10698d1553e2ee79e5159ec72432e3cfedeb51ee799e48c059	1:repeated string fozh; 2:int32 fozi; 3:ieh fozj; 4:bool fozk	eps+<UpdateQuestWhenSubAreaLoaded>d__20::MoveNext | bl::bvh | bl::jn | bl::mom	eps (toca a 13 mensajes, y a éste sólo de refilón, a 2 saltos): UpdateQuestWhenSubAreaLoaded		0	shape-known	C	Locate client feature and capture a journey.
Game	iej	16c0e1403e1592c8be919cc5c6d381db3876cbdeb25e12ef42f6de42e8bd9066	1:int32 fozo	efl::idt | efl::ixa | efl::lxc | efl::xgg	eps (toca a 13 mensajes): UpdateQuestWhenSubAreaLoaded		0	shape-known	C	Locate client feature and capture a journey.
Game	iek	babb37d0042829c9010bc9c39b3d957d3904060ba3f4283a8ce5b57d0de1e494	1:repeated int32 fozs	epm::basm | epm::exx			0	shape-known	C	Locate client feature and capture a journey.
Game	iel	6e82a44a6abeec6e933cfdd0ce0468a95f7637dd7c5eacac4f280ebd8424abdd	1:repeated ier fozw	eps::bata | eps::otu	eps (toca a 13 mensajes): UpdateQuestWhenSubAreaLoaded		0	shape-known	C	Locate client feature and capture a journey.
Game	ieo	effd7212cada6a74b50e78ab2b3e4bc59c975caf6dbe1373e394997416902bff	1:iem fpaa; 2:int32 fpab	epm::basl | eps::basy | eps::cfs | eps::fpk	eps (toca a 13 mensajes): UpdateQuestWhenSubAreaLoaded	C2S/dispatch	1	mapped	C	Replay and verify validation, persistence and S2C ordering.
Game	iep	452fb7297afc2198127e234577966514aded4844b7e27b1e4213c7fb33becb10	1:repeated iei fpaf; 2:int32 fpag; 3:int32 fpah				0	shape-known	C	Locate client feature and capture a journey.
Game	ier	cc76367b0e1021c35ebdd3d173123891fd17134f2bfb36f15f2a28b4ed10aed9	1:int32 fpal; 2:iep fpam; 3:int32 fpan	eps+<UpdateQuestWhenSubAreaLoaded>d__20::MoveNext | bk::bzj | bk::ddk | bk::hjz	eps (toca a 13 mensajes, y a éste sólo de refilón, a 1 salto): UpdateQuestWhenSubAreaLoaded		0	shape-known	C	Locate client feature and capture a journey.
Game	iev	a49a7fbea8821e5e427b514e0649cb070b3ca080989113ccf6e36a3f452de4f1	1:iet fpas; 2:lhm fpat	fgv::bewp | fgv::jqc | fgv::ojl	fgv (toca a 65 mensajes): PrismAddOrUpdateStacked		0	shape-known	C	Locate client feature and capture a journey.
Game	iew	02396009770a66b2681e4d8b1cedf1d3be31d44247d8fa1b391d84753a171c76	1:int32 fpax	fgv::bewt | fgv::dyg | fgv::llo | fgv::loj	fgv (toca a 65 mensajes): PrismAddOrUpdateStacked		0	shape-known	C	Locate client feature and capture a journey.
Game	iex	4f31b2c8b760a9f04dd758e956c5175fcfa6376305c2005b9c0dbf0c8cdbd9b4	1:lhm fpbb	fgv::bewo	fgv (toca a 65 mensajes): PrismAddOrUpdateStacked		0	shape-known	C	Locate client feature and capture a journey.
Game	iey	336b658075c3adb5ca651cca56c0122f67c2bd997f6c57b9ed4e8083f241d874		fgu::beuf | fgu::bol | fgu::cwx | fgu::hah			0	shape-known	C	Locate client feature and capture a journey.
Game	iez	34ee6032698617703078e19af5fb9ed33db2a288c15485f6c6c288a92ac43abd		fgu::beud | fgu::iry | fgu::iym | fgu::mha			0	shape-known	C	Locate client feature and capture a journey.
Game	ifa	ae14aff9b70553c19f8de8beca867d55769e7a16c145a7c1d13000a0bb1208fa	1:bool fpbl; 2:lhm fpbm	fgv::bewq | fgv::lrq	fgv (toca a 65 mensajes): PrismAddOrUpdateStacked		0	shape-known	C	Locate client feature and capture a journey.
Game	ifb	fd0b8c7420792cdf51f68c30487dbb0a4e22c3b396584894ea796f21df6353fb					0	shape-known	C	Locate client feature and capture a journey.
Game	ifd	25da50069817e0da6bc728af52ecb5f744aff9d661973785b5ebe03a34d2271b	1:ifb fpbt	fgu::beue | fgu::cox | fgu::fgr | fgu::oko			0	shape-known	C	Locate client feature and capture a journey.
Game	ife	afa119967042accbe7ec581f85145b87658df6bae65c547000778f783816fe8e	1:repeated lhm fpbx; 2:repeated lhm fpby	fgv::bews | fgv::gbn | fgv::iwp | fgv::ljr	fgv (toca a 65 mensajes): PrismAddOrUpdateStacked	C2S/read	1	mapped	C	Replay and verify validation, persistence and S2C ordering.
Game	ifg	1b230bc9a4d20fef0942c773b2a5aaf95a8bb54a77717085478abab9167b5f67		eql::bbah | gie::bkii			0	shape-known	C	Locate client feature and capture a journey.
Game	ifh	13a14598977be537a2fc2568d52898f9d9059e52785081911d360d8d8994e56c	1:int32 fpcg; 2:ihi fpch; 3:int32 fpci; 4:bool fpcj; 5:map<int32, ifj> fpck; 6:string fpcl; 7:string fpcm; 8:string fpcn	lw::esa | lw::kch | lw::nmw | lw::nzk			0	shape-known	C	Locate client feature and capture a journey.
Game	ifi	42664fcacb2cb91f1302a64706f8b13be4b8e639503ce96aa9419721150fb9ce	1:string fpcr; 2:ifp fpcs; 3:int32 fpct; 4:repeated string fpcu				0	shape-known	C	Locate client feature and capture a journey.
Game	ifj	996093d4633bb5eb3c507f8e98bec98e689041a734f7dc723f31a4e849a21163	1:iis fpcy; 2:bool fpcz				0	shape-known	C	Locate client feature and capture a journey.
Game	ifl	6d3209a16bef0ad6b5c8018559bf47a4b5d8d1e14dc3ca22b4860992d82767b5		eql::bbaj | eql::gup | eql::kpi | eql::kso			0	shape-known	C	Locate client feature and capture a journey.
Game	ifm	b5d05157eabbd7581f0603b6f3221ab39be573c0d54a9c426a36e821d599c5ad		eql::bbaj | eql::gup | eql::kpi | eql::kso			0	shape-known	C	Locate client feature and capture a journey.
Game	ifn	fc3a1ce753f167cf10154f712c3f3dbf0d589dcc1c83ba0cb544fa650105c557	1:string fpdj	eql::bbaj | eql::gup | eql::kpi | eql::kso			0	shape-known	C	Locate client feature and capture a journey.
Game	ifp	e42138cdda1f768efae50f2bf2f6489fa42c6dc4428263da9811298a47feec50	1:ifn fpdn; 2:ifl fpdo; 3:ifm fpdp	eql::bbaj | eql::gup | eql::kpi | eql::kso			0	shape-known	C	Locate client feature and capture a journey.
Game	ifr	90abcc5570fea889fa76e7d9f5a32d7886aea2dc56a574e9377861c8acbedc4f	1:int32 fpdu; 2:int32 fpdv	eql::bbap			0	shape-known	C	Locate client feature and capture a journey.
Game	ifs	93930457769d64b5f03a7187575c7acba2d492828568fafae74273a15f6aca7c	1:int32 fpdz; 2:repeated string fpea; 3:bool fpeb; 4:optional bool fpec; 5:string fpee; 6:int32 fpef; 7:int64 fpeg; 8:string fpeh; 9:optional int32 fpei				0	shape-known	C	Locate client feature and capture a journey.
Game	ifu	67cce01f3d6f31435cf870bbc722ec11d4885fc2e0344a067308f7e7fec9c2a8	1:ifs fpen; 2:int32 fpeo	eql::bbap			0	shape-known	C	Locate client feature and capture a journey.
Game	ifv	3679af4834a38c2d104f10ed30ce18a92ae67e25eb8b66b2d630af313c1924d3					0	shape-known	C	Locate client feature and capture a journey.
Game	ifw	1f5939dd95d4f62181a56a24ce300edbc4c7922368b0fa08f821783469686758					0	shape-known	C	Locate client feature and capture a journey.
Game	ify	f876e21603e2f762f1b681235d9694f2292f84d59cf521cda7fb0cb425fc1c8a	1:string fpey; 2:ifu fpez; 3:ifr fpfa	eql::bbap			0	shape-known	C	Locate client feature and capture a journey.
Game	ifz	d2145f596b0ab23a272d18c07f5118652c5c084b870cb58efa02d68195c3fbd5	1:ihr fpff	eqq::bbfe | eqq::flj | eqq::jux | eqq::oe	eqq (toca a 76 mensajes): PresetListEventWhenCharacterInfo, RefreshTagsWhenContentReceived		0	shape-known	C	Locate client feature and capture a journey.
Game	igc	997a9ab037e9503149e0483b3c320ea3ef170e88d2607b7715dae6396cc4b4f5	1:iga fpfj	eqq::bbfq	eqq (toca a 76 mensajes): PresetListEventWhenCharacterInfo, RefreshTagsWhenContentReceived		0	shape-known	C	Locate client feature and capture a journey.
Game	igf	0d1fcb1cc2bdd3dc47fb9b83b372e491189643758354f5522dfa79c6595099e4	1:string fpfn; 2:string fpfo; 3:igd fpfp				0	shape-known	C	Locate client feature and capture a journey.
Game	igi	f5ac0d09836f824b313c02c745fee90d13597ac9414d86668764a78cd4d82117	1:ihr fpft; 2:ihr fpfu				0	shape-known	C	Locate client feature and capture a journey.
Game	igk	4498df421db33717874813141b528eb7b6b7f3231ebf1e4b12cb12436e22d494	3:igh fpfy; 1:igi fpfz; 2:optional igh fpga	eqq::bbfi | eqq::dbk | eqq::fuh | eqq::hcu	eqq (toca a 76 mensajes): PresetListEventWhenCharacterInfo, RefreshTagsWhenContentReceived		0	shape-known	C	Locate client feature and capture a journey.
Game	igl	9d066195b63d4de22b98e0f96a760eb63800b42f551534c5eb40c47b8ffb73cc	1:int32 fpgg; 2:repeated string fpgh; 3:string fpgi; 4:optional bool fpgj; 5:optional string fpgl; 6:optional bool fpgn				0	shape-known	C	Locate client feature and capture a journey.
Game	ign	a44da6bacb72ee609f0ca8671b45da0761c912a358cf9e10d349f30dc49295d8	1:bool fpgs; 2:ihr fpgt; 3:igl fpgu	eqq::bbfj | eqq::csd | eqq::hoo | eqq::hyx	eqq (toca a 76 mensajes): PresetListEventWhenCharacterInfo, RefreshTagsWhenContentReceived		0	shape-known	C	Locate client feature and capture a journey.
Game	igo	561ba360e8a5429bcc317250c848fcf57e606f4dde2657019c307e3eba307495	1:string fpgy	eql::bbal | eql::gd | eql::mb | eql::obj			0	shape-known	C	Locate client feature and capture a journey.
Game	igp	0ddd7bcbbb6224a8edd7f249744f1264331a39c02e6bfe895eed65c0976a564f	1:ifp fphc; 2:int32 fphd; 3:ifp fphe; 4:string fphf	eql::bbaj | eql::gup | eql::kpi | eql::kso			0	shape-known	C	Locate client feature and capture a journey.
Game	igs	fc5a54d2a19d49832ea953233d80e8072c47e7a4c49d5034539a4b29e0239785	1:lhg fphj; 2:igq fphk; 3:lhg fphl	cgy::.ctor | cgy::tlm | chi::.ctor | chi::tmg	eqq (toca a 76 mensajes, y a éste sólo de refilón, a 1 salto): PresetListEventWhenCharacterInfo, RefreshTagsWhenContentReceived	S2C/push	4	shape-known	C	Verify the send against a client observation; no handler is inferred.
Game	igv	d8ce65bc6ea9d7f958a5030fbd349f532a6345b0d5f526d890ec010fb2daff03	1:igt fphp; 2:bool fphq	eqq::bbft | eqq::eyj | eqq::fwx | eqq::ivy	eqq (toca a 76 mensajes): PresetListEventWhenCharacterInfo, RefreshTagsWhenContentReceived		0	shape-known	C	Locate client feature and capture a journey.
Game	igy	3f19ca3b985a20abbfe46fd195158b4e6e6ef56e9fe0e826ee238298106baf24	1:igw fphu; 2:ihi fphv; 3:string fphw	eql::bban | eql::fic | eql::kbn			0	shape-known	C	Locate client feature and capture a journey.
Game	igz	e8f7438b9e7e3f4d6df5cad5892eda65de99113e176f3e71c5354fe7b98ecc1e	1:map<bool, string> fpia; 2:string fpib				0	shape-known	C	Locate client feature and capture a journey.
Game	iha	4cabbc4c7aeaea1abcaf269dc12bd323597bda8cfd3141792509fd75c5a78b56	1:string fpif; 2:map<int32, int32> fpig	eql::bbao | eql::bmx | eql::gfz			0	shape-known	C	Locate client feature and capture a journey.
Game	ihb	ec1dde3da83bbc29fce515d6fa985f620484aa0338e385c1a4efefd7af459e2c	1:map<string, ihr> fpik; 2:map<string, ifh> fpil	eqq::bbhx | eqq::bbhy | eqq::cle | eqq::dfd	eqq (toca a 76 mensajes): PresetListEventWhenCharacterInfo, RefreshTagsWhenContentReceived	C2S/read	1	mapped	C	Replay and verify validation, persistence and S2C ordering.
Game	ihc	d04c6267ad090c084996a8e9007efb4fea70fd0fa901292c9f729e602f84a7a7	1:bool fpip	eqq::bbfm | eqq::mdw | eqq::mif | eqq::nnc	eqq (toca a 76 mensajes): PresetListEventWhenCharacterInfo, RefreshTagsWhenContentReceived		0	shape-known	C	Locate client feature and capture a journey.
Game	ihf	11b5f99bf2211c709ba19a2a01cf5ab10e8b8c09440bd6b5bb3e0e1c16a98926	1:ihd fpit; 2:lbn fpiu; 3:string fpiv; 4:string fpiw	eql::bbaq | eql::jg | eql::jrm | eql::kmg			0	shape-known	C	Locate client feature and capture a journey.
Game	ihg	52eafbff58ff9e212920f14cb214f154ad2410b9348e86ee527e33cafafdd991	1:optional string fpja; 2:string fpjc	eql::bbag			0	shape-known	C	Locate client feature and capture a journey.
Game	ihh	913bc19628cd5bf3da995cc85e796bd0e4c092e8de0ae69c9a41b4ce6b581003	1:ifh fpjg; 2:bool fpjh; 3:ifh fpji				0	shape-known	C	Locate client feature and capture a journey.
Game	ihi	69c8349f4603c5367f76277b0923559cf1342a99073cfa12e41cac5264992f04	1:int32 fpjm; 2:map<int32, iis> fpjn; 3:map<int32, iis> fpjo	ls::Update | eql::bban | eql::fic | eql::kbn	eqq (toca a 76 mensajes, y a éste sólo de refilón, a 2 saltos): PresetListEventWhenCharacterInfo, RefreshTagsWhenContentReceived		0	shape-known	C	Locate client feature and capture a journey.
Game	ihm	995053335f2715523d4fbfe577aed31a923453c8aaa087fe21d8186550cc2409	1:string fpjs; 2:repeated bool fpjt; 3:optional string fpju; 4:repeated int32 fpjw; 5:optional string fpjx; 6:map<bool, int64> fpjz				0	shape-known	C	Locate client feature and capture a journey.
Game	iho	ba96ac830e0e7678b7cdd3e9a66b31f90862c096e689e91da4d0e61a1a0edc56	1:repeated int32 fpkd; 2:repeated int32 fpke; 3:ihl fpkf; 4:ihm fpkg				0	shape-known	C	Locate client feature and capture a journey.
Game	ihq	8ca89b6e126adee75334c86a515d3006f76f5290bf7c8b53fb88a58c97e00ea7	1:iho fpkk; 2:optional ihk fpkl	eqq::bbfn | eqq::cpe | eqq::ert | eqq::hti	eqq (toca a 76 mensajes): PresetListEventWhenCharacterInfo, RefreshTagsWhenContentReceived		0	shape-known	C	Locate client feature and capture a journey.
Game	ihr	9576a94c94fc9122071de0991531c8f682763b9b6735ded7386e2e1620fbb11a	1:igs fpkr; 2:int32 fpks; 3:lhk fpkt; 4:string fpku; 5:map<int32, llm> fpkv; 6:string fpkw; 7:ihi fpkx; 8:bool fpky; 9:optional string fpkz; 10:string fplb	ls::Update | eqq+<PresetListEventWhenCharacterInfo>d__116::MoveNext | ls::buv | ls::ffl	eqq (toca a 76 mensajes, y a éste sólo de refilón, a 1 salto): PresetListEventWhenCharacterInfo, RefreshTagsWhenContentReceived		0	shape-known	C	Locate client feature and capture a journey.
Game	ihs	15d0563c174055252d4d1008a917fff768ebefb440b81712f56981316d2bcd1f	1:lbn fplf; 2:string fplg	eql::bbak | eql::fmh | eql::fyn | eql::mac			0	shape-known	C	Locate client feature and capture a journey.
Game	iht	67f1649adc759c2d773e4190d78239951d78a0e6b7d214f553ec2dc5c7d1f965	1:ifh fplk; 2:bool fpll				0	shape-known	C	Locate client feature and capture a journey.
Game	ihu	e9be4f2cd7269fdfebcec22e28489214e3042cf268215c68f84b0fb1786b1e16	1:bool fplp; 2:igs fplq	eqq::bbfd	eqq (toca a 76 mensajes): PresetListEventWhenCharacterInfo, RefreshTagsWhenContentReceived		0	shape-known	C	Locate client feature and capture a journey.
Game	ihv	5a92d28748a05b09c5891ccc8c60f59367653016cba4ccf48b65f1ca94c793f5	1:map<string, int32> fplu; 2:int32 fplv; 3:bool fplw	eqq::bbfg | eqq::hck | eqq::jif	eqq (toca a 76 mensajes): PresetListEventWhenCharacterInfo, RefreshTagsWhenContentReceived		0	shape-known	C	Locate client feature and capture a journey.
Game	ihw	4273edf4d2b419115b5798f2e851b41b0cd4063cde91c7d7e34917d2d349b894	1:bool fpma; 2:string fpmb; 3:lbn fpmc	eql::bbas | eql::ddu | eql::drt			0	shape-known	C	Locate client feature and capture a journey.
Game	ihz	23e12f17c8c36d6503b84bddb4e4984829ba7ffbe38d0e468535675241a723d2	1:bool fpmg; 2:map<bool, int64> fpmh; 3:ihx fpmi; 4:ihr fpmj	eqq::bbff | eqq::jrb	eqq (toca a 76 mensajes): PresetListEventWhenCharacterInfo, RefreshTagsWhenContentReceived		0	shape-known	C	Locate client feature and capture a journey.
Game	iia	0108c6237b9a1fbcf9815030d4a969429afd9b5967e5610074c9372acfbb6acd	1:int64 fpmn; 2:lhk fpmo; 3:igs fpmp				0	shape-known	C	Locate client feature and capture a journey.
Game	iic	c48de990bae6099c8caab476ccd498f267c830365d3066ba0246766eff3d7cb1	1:optional bool fpmt; 2:iia fpmv; 3:bool fpmw; 4:bool fpmx	eqq::bbfp | eqq::dmw | eqq::kkd	eqq (toca a 76 mensajes): PresetListEventWhenCharacterInfo, RefreshTagsWhenContentReceived		0	shape-known	C	Locate client feature and capture a journey.
Game	iid	c672502d1b69b749e5571f75ff2770205558096e6da149e526c8d33dfeba9d5c	1:lbn fpnb; 2:string fpnc; 3:repeated bool fpnd; 4:int32 fpne; 5:lbn fpnf	eql::bbar | eql::cps | eql::eet | eql::ejf			0	shape-known	C	Locate client feature and capture a journey.
Game	iie	ea1cb6d7d0c804937df27eaab4c5076401a20a0644419b17dee1ee7fbd4f80d3	1:ihr fpnj; 2:bool fpnk	eqq::bbfl | eqq::gmw	eqq (toca a 76 mensajes): PresetListEventWhenCharacterInfo, RefreshTagsWhenContentReceived		0	shape-known	C	Locate client feature and capture a journey.
Game	iif	3ced2d216c9509ce9eb2fea2d0f78512cd4b6c79bb5d26bf2626965756458eac	1:int64 fpno; 2:optional bool fpnp; 3:int64 fpnr; 4:bool fpns; 5:repeated int64 fpnt; 6:int32 fpnu; 7:int32 fpnv				0	shape-known	C	Locate client feature and capture a journey.
Game	iih	3d86da43228bc8eeddad38272048373adc2ab6adba3f7a9ce353f4014c8b1c17	1:iif fpnz; 2:ifp fpoa; 3:string fpob; 4:ifp fpoc				0	shape-known	C	Locate client feature and capture a journey.
Game	iij	a55bdd49f4cc5a6f90ee8c4117a611904be1676143e3474e75e044f180903712	1:bool fpog; 2:optional int32 fpoh; 3:optional string fpoj; 4:string fpol				0	shape-known	C	Locate client feature and capture a journey.
Game	iil	0e71824d2e22449622e46bf85600ff3e0318685ddf9847b2f09c1a2d17841de2	1:iii fpop; 2:ifh fpoq; 3:bool fpor; 4:iij fpos				0	shape-known	C	Locate client feature and capture a journey.
Game	iim	2231caf28556a9c4847ce4f84abf961121ce9859d262baa3f304853f8577306b	1:optional int32 fpow; 2:bool fpoy	eqq::bbfk | eqq::emj | eqq::ngm	eqq (toca a 76 mensajes): PresetListEventWhenCharacterInfo, RefreshTagsWhenContentReceived		0	shape-known	C	Locate client feature and capture a journey.
Game	iin	dd386033ed35a24d081d8b8388cec92aff2d27b4a98824eeca9ab8c9c0d54ef6	1:string fppc; 2:map<int64, string> fppd	eql::bbat | eql::gck | eql::lrj			0	shape-known	C	Locate client feature and capture a journey.
Game	iio	83f64f951ed84ae516c68b45804e95d3916022901ac6609606db638bbf1302b9	1:string fpph; 2:lbn fppi	eql::bbam | eql::fjl | eql::heb | eql::mjq			0	shape-known	C	Locate client feature and capture a journey.
Game	iir	eaac65f6d8836ce5d20d0d76c740f7e732f01ab89e250c114c30c17c9a36df13	1:bool fppm; 2:iip fppn; 3:bool fppo	eqq::bbfs | eqq::esx | eqq::nbi	eqq (toca a 76 mensajes): PresetListEventWhenCharacterInfo, RefreshTagsWhenContentReceived		0	shape-known	C	Locate client feature and capture a journey.
Game	iis	df9787411fabf91584ae4635b396fb0e2eb511762f9b9ae31d11c31dac5b8260	1:repeated int32 fpps	ls::Update | eql::bban | eql::fic | eql::kbn	eqq (toca a 76 mensajes, y a éste sólo de refilón, a 2 saltos): PresetListEventWhenCharacterInfo, RefreshTagsWhenContentReceived		0	shape-known	C	Locate client feature and capture a journey.
Game	iiv	8520f519b7224fc5bfbe26b64a358b3273c893f4d213bd401e2e836874bd6f53	1:ifh fppw				0	shape-known	C	Locate client feature and capture a journey.
Game	iix	4492c40b5aeecfb0aeb84c27889274838faa594c3ee3e9681dfd1e01c91b47ea	1:optional iiu fpqa; 2:iiv fpqc				0	shape-known	C	Locate client feature and capture a journey.
Game	iiy	0bc3e32e8b25befa7dad7dc2d4221c1a0a87b649a700a95994636e6968ad6497	1:string fpqh; 2:lbn fpqi	eql::bbai | eql::hhh | eql::ira | eql::mlx			0	shape-known	C	Locate client feature and capture a journey.
Game	iiz	5c3b183cd5b0cc4260d3d29ac59b848a0d34ce9d60002bc36beadfd59bcec7e7	1:string fpqm; 2:string fpqn; 3:ifp fpqo				0	shape-known	C	Locate client feature and capture a journey.
Game	ija	7901ce40c0bdaeeaf39a9903ff3e8d25d273c483d1776c42eeac11658652a0fa	1:bool fpqs	eqq::bbfh | eqq::dad	eqq (toca a 76 mensajes): PresetListEventWhenCharacterInfo, RefreshTagsWhenContentReceived		0	shape-known	C	Locate client feature and capture a journey.
Game	ijd	02756239604ffea28e432c8db128f16ce010e2e41d19789dd6337e752ba965c7	1:lhk fpqw; 2:ijb fpqx; 3:bool fpqy	eqq::bbfo | eqq::dap | eqq::kav	eqq (toca a 76 mensajes): PresetListEventWhenCharacterInfo, RefreshTagsWhenContentReceived		0	shape-known	C	Locate client feature and capture a journey.
Game	ijf	1fefa5d9cff320027c984a8b9d04e5b3df78daf2a02df9505f662d59d7f6a41a	1:int64 fprd; 2:repeated int64 fpre; 3:int64 fprf	fka::bfxv | fka::iw | fka::ksg			0	shape-known	C	Locate client feature and capture a journey.
Game	ijg	b3ec0559418ec7d71d808e993385ca42006ada8960df454beb80a51aaa235cfe	1:int32 fprj; 2:int64 fprk	fhr::qnq | fhr::bfdq | fhr::bfdw | fhr::cvh	fhr (toca a 7 mensajes): ApplyModeTransition, GetOrCreateCellPing, ManageCellPings, ManageFightPings, RemovePingsAsync, SwitchRemoveMode		0	shape-known	C	Locate client feature and capture a journey.
Game	ijj	0cb9fceafdf556072bad68c22216488639435797715d7656b29d2d9541530c15	1:int64 fpro; 2:ijh fprp; 3:int32 fprq; 4:string fprr	fka::bfxu | fka::gzs | fka::inp | fka::myn			0	shape-known	C	Locate client feature and capture a journey.
Game	ijk	5cd45294407e2448c5a92cf4af30643686e4961c1eae746f76f208047508379f	1:int32 fprv; 2:bool fprw	fhr::bfeg | fhr::epn	fhr (toca a 7 mensajes): ApplyModeTransition, GetOrCreateCellPing, ManageCellPings, ManageFightPings, RemovePingsAsync, SwitchRemoveMode		0	shape-known	C	Locate client feature and capture a journey.
Game	ijl	f88b4d7104e6ff52a28d1695b8394a2959edcdd0810aaa8caafcfcd1c3483a41	1:int32 fpsa; 2:int32 fpsb; 3:int32 fpsc	fhr::qnp | fhr::bfdr | fhr::bfdy | fhr::cdf	fhr (toca a 7 mensajes): ApplyModeTransition, GetOrCreateCellPing, ManageCellPings, ManageFightPings, RemovePingsAsync, SwitchRemoveMode		0	shape-known	C	Locate client feature and capture a journey.
Game	ijm	bd18c0ef96b038adf41c2b8e8936544e44d18fd9fa8e4314a735bff071725948	1:bool fpsg	fhr::bfdh | fhr::dw | fhr::dxe | fhr::oay	fhr (toca a 7 mensajes): ApplyModeTransition, GetOrCreateCellPing, ManageCellPings, ManageFightPings, RemovePingsAsync, SwitchRemoveMode		0	shape-known	C	Locate client feature and capture a journey.
Game	ijn	db3408b5470e48d37e571a5dc2608ddf249270c73c4fa3eacc1d57a0e889c434	1:int32 fpsk	fhr::bfee | fhr::bon | fhr::kkl | fhr::mad	fhr (toca a 7 mensajes): ApplyModeTransition, GetOrCreateCellPing, ManageCellPings, ManageFightPings, RemovePingsAsync, SwitchRemoveMode		0	shape-known	C	Locate client feature and capture a journey.
Game	ijq	f50113a0b52bccffd45a69b4f9828f5e0b865559a2b48781a06b2c9b9641cf05	1:map<int32, int32> fpso; 2:ijo fpsp; 3:map<int64, int32> fpsq	fhr::bfdn | fhr::bfdo | fhr::bv | fhr::eao	fhr (toca a 7 mensajes): ApplyModeTransition, GetOrCreateCellPing, ManageCellPings, ManageFightPings, RemovePingsAsync, SwitchRemoveMode	S2C/push	1	shape-known	C	Verify the send against a client observation; no handler is inferred.
Game	ijt	4b9f1124f93ac5b262c4f9db0691fbff361b7cfbe2e0a9564c4eaae3cf330729	1:ijr fpsu; 2:int32 fpsv; 3:int32 fpsw	fhr::bfed | fhr::ifq | fhr::kpb | fhr::og	fhr (toca a 7 mensajes): ApplyModeTransition, GetOrCreateCellPing, ManageCellPings, ManageFightPings, RemovePingsAsync, SwitchRemoveMode		0	shape-known	C	Locate client feature and capture a journey.
Game	ijx	81f5fb2dc211efb30edc0a448b47c430a523009c7ed632ef003a75a23ad447c0	1:int32 fptb	ffd::bdxz | gie::bkii			0	shape-known	C	Locate client feature and capture a journey.
Game	ijy	ab304accd82d16a444308a60aa3259bdbe79fe9b2dc01df92562901c00f6b722	1:int64 fptf	ffl::beau			0	shape-known	C	Locate client feature and capture a journey.
Game	ijz	db0e68ed5286919e97d0d501c5037a4e9ed82d82dc09b26a86a27b11d7146546	1:int64 fptj; 2:int64 fptk; 3:int32 fptl; 4:string fptm; 5:int32 fptn; 6:ijw fpto; 7:string fptp	ffl::beba | ffl::jxh | ffl::jzr			0	shape-known	C	Locate client feature and capture a journey.
Game	ika	0dba54d3d3d25a5a9c44be2bb6b7c9e3be899ead8340efc37b82828f1f873bbd	1:int64 fptt; 2:repeated bool fptu	ffl::beao			0	shape-known	C	Locate client feature and capture a journey.
Game	ikb	662fdf9e547c409bedd39c754ecbe4547ba204cd6e3030a2503cd8c6dd2a1b5b	1:bool fpty	ffd::bdxp | ffd::bdxq | ffd::dus | ffd::evh			0	shape-known	C	Locate client feature and capture a journey.
Game	ike	a352a471e4774fe0f2618a610ff7cdaf0ecbd7bc4e51e1439165ff9c276ac90e	1:int64 fpuc; 2:ikc fpud	fgr::beqp | fgr::dow | fgr::hhn | fgr::nep	fgr (toca a 38 mensajes): EndOfKick, EndOfSurrender		0	shape-known	C	Locate client feature and capture a journey.
Game	ikf	be3dd4fd9976d1dae9e451877cf7f3449957752f1c07134101d9ab53f9c72041	1:int32 fpuh; 2:int64 fpui; 3:bool fpuj; 4:bool fpuk	ffl::bebu | ffl::fin | ffl::jyn | ffl::lmk			0	shape-known	C	Locate client feature and capture a journey.
Game	iki	2f32a04a4d79331ae8d5d9fef87ab10a918df9e34a8ffcae79655221f7ddf9b6	1:ikg fpuo; 2:int32 fpup	ffd::bdya | ffd::bwp | ffd::hvo | ffd::ia			0	shape-known	C	Locate client feature and capture a journey.
Game	ikj	ff4b5ec0b0b5895e172629b3c61239f9fe5ed6ead646e79e32e5a0e31ca95d61	1:int32 fput; 2:string fpuu	gie::bkii			0	shape-known	C	Locate client feature and capture a journey.
Game	ikm	a89202fac6568ca5c2d8e6106f4fc74ab690bce846bd274cdd726174fa120211	1:repeated int64 fpuy; 2:ikk fpuz	ffl::beas | ffl::mvd | ffl::oje			0	shape-known	C	Locate client feature and capture a journey.
Game	ikn	66f0d04166d7b9309010c78d922c67214f17641c253b20698212bfe80ce83abd		fgr+fgp::bepi | fgr+fgp::ccy | fgr+fgp::fey | fgr+fgp::fqy			0	shape-known	C	Locate client feature and capture a journey.
Game	iko	be93e4d570ee832a94e72dac43292adad6e750cc718fddca73db06f21f44e03b	1:int64 fpvg; 2:int32 fpvh	ffl::bebi | ffl::fen			0	shape-known	C	Locate client feature and capture a journey.
Game	ikr	f57cc42d523d75e3f0e20ab24f27545eabeb12b264372885c61240179a88dbb1	1:ikp fpvl	ffd::bdxs | ffd::gat			0	shape-known	C	Locate client feature and capture a journey.
Game	iks	b47488d151bf4f12657ec4db053efa9e4948d94a6260575cb551f2edb9ce1ffa	1:int32 fpvp; 2:int64 fpvq	ffl::beay | ffl::ofj | ffl::oin			0	shape-known	C	Locate client feature and capture a journey.
Game	ikt	0633a7fb5d7b132162412c8ff0db14f06b01a566800dbd55e399ea287ca999bf	1:int64 fpvu; 2:optional int64 fpvv	ffl::beax | ffl::cbw | ffl::cqv | ffl::jag			0	shape-known	C	Locate client feature and capture a journey.
Game	iku	64f4f17f200adabbcd57d6a4e0713cafffee30772a1686c8724b20bb2489c64d	1:int64 fpwa; 2:int64 fpwb	fgr::beqq | fgr::khp | fgr::ntw | fgr::nub	fgr (toca a 38 mensajes): EndOfKick, EndOfSurrender		0	shape-known	C	Locate client feature and capture a journey.
Game	ikv	1c4a8df0f9949d6abaf4e089ad2ac6141394ca3218e527170ecfddd95fb70141	1:int64 fpwf; 2:map<bool, bool> fpwg; 3:lgl fpwh; 4:int32 fpwi	Core.UILogic.Party.PartyDisplayUi::OnLeaveDialog | eng+<TryForceRouteLatter>d__37::MoveNext | eoi+<DelayUntilLoaded>d__26::MoveNext | eon+<SendLeaderPositionEventWhenReady>d__17::MoveNext	Core.UILogic.Party.PartyDisplayUi (toca sólo a éste): m_canTakeFocus, m_isMandatoryUI, m_appearEffects, m_isHorizontal, m_isVertical, m_isSmall, m_isBig, m_isMultiline, m_partyWidgetOptions, fightLocked, partyLocked, arenaPartyLocked | eoi (toca a 5 mensajes): DelayUntilLoaded, PrepareAndDispatchFightMapData		0	shape-known	B	Locate client feature and capture a journey.
Game	ikw	c089608409f48644c6f9f9d7630b28ed4e3d55602928232b68d614edc64e5aff	1:repeated bool fpwm; 2:int64 fpwn; 3:int64 fpwo	fgr::beqm | fgr::cmh	fgr (toca a 38 mensajes): EndOfKick, EndOfSurrender		0	shape-known	C	Locate client feature and capture a journey.
Game	ikx	2bd08185a93c456a3459207102d9f2dfc1108afd8be3fe1f75d20954e207e526	1:map<bool, int32> fpws; 2:int64 fpwt; 3:int32 fpwu; 4:int32 fpwv	ffd::bae | ffd::bdyh | ffd::bdyj | ffd::cz			0	shape-known	C	Locate client feature and capture a journey.
Game	iky	43432f0bc83d989ce498e3aa1052bb40fb9095d3775ea680aaf61757f74a0356	1:repeated int32 fpwz; 2:int64 fpxa; 3:map<string, int32> fpxb; 4:int64 fpxc; 5:string fpxd; 6:int64 fpxe; 7:optional string fpxf; 8:map<string, string> fpxh				0	shape-known	C	Locate client feature and capture a journey.
Game	ila	ee509524e9e8aeb91d8e7f6fb2610669a7cc9454806691d9a1dd96ecff6dbce1	1:iky fpxl; 2:int32 fpxm; 3:int32 fpxn; 4:bool fpxo	ffd::bdyf | gie::bkii			0	shape-known	C	Locate client feature and capture a journey.
Game	ilb	c4379217fa4a9b473a9369e53f87c0d48777ad8d5632d396ad7134c299747657	1:ijw fpxs; 2:string fpxt; 3:repeated lpg fpxu; 4:int64 fpxv; 5:int32 fpxw; 6:repeated ilg fpxx; 7:int64 fpxy; 8:int64 fpxz; 9:string fpya	ffl::bebd			0	shape-known	C	Locate client feature and capture a journey.
Game	ilc	95ea46aacbcd10676187937655ad7282d88197cde2d28cb5525653baf9ccbfc3	1:int64 fpye	ffl::beat | ffl::fqd		S2C/push	1	shape-known	C	Verify the send against a client observation; no handler is inferred.
Game	ild	76af8c471a9d9dad033e66943b0dde18e067f47d89f657961d0c8cecb0a9b758	1:bool fpyi; 2:repeated int32 fpyj; 3:optional int64 fpyk; 4:string fpym; 5:bool fpyn; 6:int64 fpyo; 7:optional string fpyp; 8:bool fpyr				0	shape-known	C	Locate client feature and capture a journey.
Game	ilf	81eeab09a96258e847aa3d9617acdb0183f0412a03bfe3a355f2227f4c334688	1:ild fpyv	ffd::bdxt | ffd::hox | ffd::jrf | ffd::kqa			0	shape-known	C	Locate client feature and capture a journey.
Game	ilg	aa7b889a7380a1c45f43d59a81977c25dcb3b06f7c6e00878130af0f891fc22d	1:lhg fpyz; 2:string fpza; 3:int64 fpzb; 4:lba fpzc; 5:int64 fpzd; 6:lcf fpze; 7:repeated lfx fpzf; 8:int32 fpzg	li::dju | li::nzl			0	shape-known	C	Locate client feature and capture a journey.
Game	ilh	207cec3772ea70756134bfb704cf96c36fe10a8fd5f040154b1dde15e213b19e	1:int64 fpzk; 2:int32 fpzl; 3:int64 fpzm; 4:string fpzn; 5:int32 fpzo; 6:int32 fpzp; 7:ijv fpzq; 8:lgl fpzr	ffl::beca			0	shape-known	C	Locate client feature and capture a journey.
Game	ili	311c1accc08125a9636666897f628d0ed5cfe1cd7e0617ed27c549e55a96716c	1:int32 fpzv; 2:int64 fpzw	ffd::bdyc | ffd::lpk | fgr+fgp::bepj | fgr+fgp::fwo			0	shape-known	C	Locate client feature and capture a journey.
Game	ilj	70ae43920a59045c4ab45ebd166e84995ef64984a7f805793331c185be1492c0	1:bool fqaa; 2:int32 fqab	ffl::bebt			0	shape-known	C	Locate client feature and capture a journey.
Game	iln	ee2be53573df5c64a21a38423194e83062fd62b2e7a7697bbb5f65e38e34ed84	1:ill fqaf; 2:ilk fqag	ffl::beam | ffl::eun | ffl::ljd | ffl::mup			0	shape-known	C	Locate client feature and capture a journey.
Game	ilo	c1b227d78d79f3d53367e36d9cbd3274906eca4f62a96d1559a3e594a8d2eb98	1:int32 fqak; 2:int64 fqal	ffl::bebl			0	shape-known	C	Locate client feature and capture a journey.
Game	ilr	8b0506038db66202bd0372422163ccf68d94f1dfe4715a56ff7042cdee6bfca9	1:ilp fqap	ffl::beaz | ffl::klm			0	shape-known	C	Locate client feature and capture a journey.
Game	ils	c8562751e15a5cfe01ab9c76714ed7729548d3dd006b707c91f431f9d953d24a	1:int32 fqat	ffl::bebn | ffl::ezg | ffl::hgl | ffl::jcw			0	shape-known	C	Locate client feature and capture a journey.
Game	ilv	da6361c03e2199b5aba5097337c538fc489c3b4bd144f3281726e0767f1b224b	1:ilt fqax	ffl::beav | ffl::fdx			0	shape-known	C	Locate client feature and capture a journey.
Game	ilw	f8b4e7018cd0b7186181f6d72ddd0102927b8e0b3a629992825ff79fc73d08cc	1:int32 fqbb; 2:lpg fqbc	ffl::bebe | ffl::hlx | ffl::krq			0	shape-known	C	Locate client feature and capture a journey.
Game	ilx	96d0e2e17b089d9a9857e39269c1b000f2ee2e944fd62ae60eeededbffd6b3fa	1:int64 fqbg; 2:int32 fqbh	ffl::bebr | ffl::eui			0	shape-known	C	Locate client feature and capture a journey.
Game	ima	24824cf5793e1d2447353ceed35f17a8c003b6ab377827f9a51b53a8b3e29255	1:int64 fqbl; 2:ily fqbm; 3:int32 fqbn	ffd::bdye | gie::bkii			0	shape-known	C	Locate client feature and capture a journey.
Game	imd	dd256c87ed43efdac175e37369a7f09cf905361e0dee1df19aab603a0e46bbfd	1:imb fqbr; 2:int32 fqbs	ffd::bdxy | gie::bkii			0	shape-known	C	Locate client feature and capture a journey.
Game	ime	d37cf0f5affdf24fa9683a864c06048b25cf4d4e040d35413db09af754d56068	1:lgf fqbw; 2:optional int32 fqbx; 3:ijw fqbz	eaa::upb | ffd::bdxx | ffd::dld | ffd::mra	eaa (toca a 8 mensajes): AuctionHouse, AuctionHouseTab, GrimoireTab, EncyclopediaTab, EstateAgencyTab		0	shape-known	C	Locate client feature and capture a journey.
Game	imf	745136cf05d31494acc5a5130a78e6b39e5778d98cd120df9e0d26c13302230a	1:map<int32, int32> fqcd; 2:int32 fqce; 3:ilg fqcf	ffl::bebc			0	shape-known	C	Locate client feature and capture a journey.
Game	imh	49c69ea7e920d848a57ab7c009b6f10ebad7d506538113d3f5ba3205601e2637		ffd::bdxr | ffd::gnh | ffd::hbr | ffd::ooz			0	shape-known	C	Locate client feature and capture a journey.
Game	imi	08d2d52dcfddb3ad97916e18c79f17eae6938b77f1dfb5262d2e55d0e87f2eae	1:int32 fqcm	gie::bkii			0	shape-known	C	Locate client feature and capture a journey.
Game	imj	530f9fb9cacebc5c7942d634afa2dc3d0f55169f848f18d75c76c8cda65292fd	1:int64 fqcq; 2:int32 fqcr	ffl::bebo | ffl::ebj | ffl::gou | ffl::ike			0	shape-known	C	Locate client feature and capture a journey.
Game	imk	d4b765a0e15286ecd958bb6703a38b66f6ffa0916d5fbe8362bb750541a6bd7a	1:bool fqcv; 2:int32 fqcw	ffl::beai | ffl::bpm | ffl::ngg			0	shape-known	C	Locate client feature and capture a journey.
Game	imn	e1bb63116d5e99541828b3ef1c18b730645ae854ec9891e557da33b9aa06b29d	1:iml fqda; 2:int32 fqdb	ffl::bebw | ffl::gxg | ffl::jug | ffl::lor			0	shape-known	C	Locate client feature and capture a journey.
Game	imo	6e635a34e915bd16e1418d773065c2b2a17dbe86fad95064de314fc91fcedfb9	1:int64 fqdf	ffd::bbk | ffd::bdxu | ffd::ogn | ffd::bdxq			0	shape-known	C	Locate client feature and capture a journey.
Game	imp	0df9fb26e948d673f4cf50bdeeb8e6ae3a1faaf3c677f116a54aab7ed7810169	1:bool fqdj; 2:int32 fqdk	ffl::bebm			0	shape-known	C	Locate client feature and capture a journey.
Game	imq	4a6e347a1c561d931b9168ffddf0d053d9fca2de7f0a28c0fdc62defdd1d4254	1:string fqdo; 2:int32 fqdp; 3:repeated string fqdq	ffl::bebv			0	shape-known	C	Locate client feature and capture a journey.
Game	imr	313ff1ec5a3cd2fcfedc3d721ed0df2808e1096556b4948461d34f22eccd3786	1:int64 fqdu; 2:int32 fqdv; 3:optional bool fqdw	ffd::bdyg | ffd::bdyi | ffd::eww | ffd::gbx			0	shape-known	C	Locate client feature and capture a journey.
Game	imu	1ed9ff8db6173b4b25ef908f5418cb422ec609f2a81611ae7a6e0331592b0e0f	1:ims fqeb; 2:int32 fqec; 3:optional int64 fqed	ffl::bebb | ffl::fhs | ffl::kdc | ffl::mzo			0	shape-known	C	Locate client feature and capture a journey.
Game	imv	79bdf5d6eab2c5c51b0aa3981461c0354ae292635857670e5e614d21ec3825df	1:repeated int32 fqei; 2:int64 fqej	ffl::beal | ffl::cxo | ffl::dxj | ffl::igz			0	shape-known	C	Locate client feature and capture a journey.
Game	imy	1411975a95d8f896f4ea1599dffd9e4b0327d3981e420d4e1edfad382c9167c4	1:int32 fqen; 2:imw fqeo; 3:map<int64, int64> fqep	ffl::bebj | ffl::for | ffl::hji | ffl::ogw			0	shape-known	C	Locate client feature and capture a journey.
Game	inb	1b1ed7f195ff332264a7ea808bcb9e8032c2047798c42932e1de1af43d40c546	1:imz fqet	ffl::bean			0	shape-known	C	Locate client feature and capture a journey.
Game	inc	a21c38f0f982d8c29a8ce56bba34c956d523bd158722c93981ae2fd437553c67	1:optional int64 fqex; 2:int32 fqez; 3:int64 fqfa	ffl::bebq | ffl::mnv			0	shape-known	C	Locate client feature and capture a journey.
Game	ind	2e010acbc3a98c80031a88519220b5b41c2db44ca7738b3e6ea3a160978a794e	1:int32 fqfe; 2:int64 fqff; 3:int64 fqfg	ffl::bebk | ffl::nvg			0	shape-known	C	Locate client feature and capture a journey.
Game	ine	4e586e5230d8ea7fe20ec6fcaedb6054a121bb81b2d3c92c9898fefc523a328f	1:optional int64 fqfk; 2:int32 fqfm	ffl::bebh | ffl::db | ffl::dwt | ffl::hpj			0	shape-known	C	Locate client feature and capture a journey.
Game	ing	e488155c56569671a1da145c60d3aed2df993f544a4a4e665b857c35d2a38225	1:repeated lpg fqfq; 2:repeated ilg fqfr; 3:string fqfs; 4:int64 fqft; 5:ijw fqfu; 6:bool fqfv; 7:int32 fqfw; 8:int32 fqfx; 9:ine fqfy; 10:int32 fqfz	ffl::bebh | ffl::db | ffl::dwt | ffl::hpj			0	shape-known	C	Locate client feature and capture a journey.
Game	inh	1bb14bed72202efb277f8ccea09ec5c5e527f66e7764b694af74a07aeb5d43ad	1:bool fqgd; 2:int32 fqge	ffd::bdyd | ffd::jac | gie::bkii			0	shape-known	C	Locate client feature and capture a journey.
Game	ink	d38fc66ce70977285cc0e7d84795e1bdcca0a947f57854f012c81ecf54b35f45	1:int32 fqgi; 2:lpg fqgj; 3:ini fqgk	ffl::bebf | ffl::hvp			0	shape-known	C	Locate client feature and capture a journey.
Game	inn	1e188fce3f7c64dabdcabd50b23612dde345a350983d3fc8a0e2f53547286df0	1:inl fqgo; 2:inl fqgp	ffl::beaw | ffl::cgi | ffl::kca | ffl::oct			0	shape-known	C	Locate client feature and capture a journey.
Game	ino	9379b294056002e8aa853913b311a4a3185119311e09a16b0701fa03f83313e3	1:int64 fqgt; 2:lnk fqgu; 3:optional int32 fqgv; 4:int32 fqgx	ffl::bebs | ffl::lyw			0	shape-known	C	Locate client feature and capture a journey.
Game	inp	fb8b6d32966bca8dc1243cf0308e276834312daffcf38018bb6485e9b8aaaeaa	1:string fqhb	ffd::bdxw | ffd::mdg			0	shape-known	C	Locate client feature and capture a journey.
Game	inq	dba2a8d0e3a27e182d0c19306fa96ecdc77ad8e2e2b5048f2d24ceba8e75dcae	1:int32 fqhf; 2:int64 fqhg; 3:optional bool fqhh	ffd::bdyb | ffd::dfe | ffd::hmr | ffd::lak			0	shape-known	C	Locate client feature and capture a journey.
Game	int	cefd16a50515210ab82d14490f4a2f57b61e15d1fe3eec8e365649109dec585c	1:int32 fqhm; 2:inr fqhn	ffd::bdxv | ffd::btr			0	shape-known	C	Locate client feature and capture a journey.
Game	inv	b729cc7f94409e19ce9b6984933fdcc286e33eb78a54d65c1b129ccdf58d8847	1:int32 fqhs; 2:int32 fqht; 3:int32 fqhu	ern::bbst | ern::bbsw | ern::bct | ern::boe	ern (toca a 11 mensajes): OnPlayAnimationOnNpcEventAsync, OnPlayEmoteOnNpcEventAsync		0	shape-known	C	Locate client feature and capture a journey.
Game	inw	cccbf59bbe01f255dd2590cc3d305b90daaa443a8b9c111571a5a1f3d51a4fbb	1:int32 fqhy; 2:int32 fqhz; 3:int32 fqia	emr::ztk			0	shape-known	C	Locate client feature and capture a journey.
Game	inx	c3a14803a8d0ef47d2c7f0d803567b9e4b0b10af6769e9edb2773e2ae3991251	1:repeated string fqie; 2:int32 fqif; 3:int64 fqig; 4:int32 fqih	dyx::bfx | dyx::mhe | dyx::uil			0	shape-known	C	Locate client feature and capture a journey.
Game	iny	61773530fb6ee914851edae9b3e8ea4077b251b7493978744afa27bcd554e7cd	1:string fqil; 2:int32 fqim	ern::bbsu | ern::bbsv | ern::bjw | ern::ihk	ern (toca a 11 mensajes): OnPlayAnimationOnNpcEventAsync, OnPlayEmoteOnNpcEventAsync		0	shape-known	C	Locate client feature and capture a journey.
Game	ioa	fd813f113911bb356d081fa256513b9feb61c161e16fb05570c7897533f2c36a	1:repeated string fqiq; 2:int32 fqir; 3:repeated int64 fqis; 4:int64 fqit; 5:int64 fqiu; 6:int32 fqiv				0	shape-known	C	Locate client feature and capture a journey.
Game	ioc	44ec8cf8a8f6a97b1e5ba49125d584b3a1850ea66dcf92b6e11c6d9b4d22f34d	1:repeated int64 fqiz; 2:optional inz fqja; 3:ioa fqjc; 4:int64 fqjd; 5:int32 fqje	epd+<NpcDialogCreationWhenAvailable>d__19::MoveNext | epd::bany | epd::banz | epd::csd	epd (toca a 17 mensajes): NpcDialogCreationWhenAvailable	S2C/push	1	shape-known	C	Verify the send against a client observation; no handler is inferred.
Game	iof	4843e831caae2b2f2202c053c1c6150531e6b71804aaf268f15543096847f07c	1:iod fqji	epd::banw | epd::ceg | epd::jid	epd (toca a 17 mensajes): NpcDialogCreationWhenAvailable		0	shape-known	C	Locate client feature and capture a journey.
Game	iog	213db0936343ddc2336f4a86be07f974bf9f2f8f710581321ee419b38d7e60d7	1:int64 fqjm				0	shape-known	C	Locate client feature and capture a journey.
Game	ioi	cc3ef269218382bd336d01429e076e0f127ad1dda535cb619bdecd97d88907a0	1:int64 fqjq; 2:repeated int32 fqjr; 3:repeated int32 fqjs; 4:int32 fqjt	Core.Services.Entities.RoleplayEntitiesService.RoleplayEntitiesService::yae | lf::bvp | lf::lmo | lf::nli	Core.Services.Entities.RoleplayEntitiesService.RoleplayEntitiesService (toca a 3 mensajes, y a éste sólo de refilón, a 1 salto): StaticAnim, AddObjectAsync, OnMonsterAngryAtPlayer, OnQuestMarkerLoaded, RemoveAggression, SetAggressiveMonstersOrientations | ehl (toca a 25 mensajes, y a éste sólo de refilón, a 2 saltos): WaitForAddingObject, WaitForDroppingObjects, WaitProcessMapComplementaryInfo		0	shape-known	C	Locate client feature and capture a journey.
Game	iok	641359698a74690ec3f7812bf5adf23a1e0391c5913b87fb1fe520866cbd0e06	1:ioh fqjx; 2:repeated ioi fqjy; 3:int64 fqjz	Core.Services.Entities.RoleplayEntitiesService.RoleplayEntitiesService::yae | ehl::ecc | ehl::xxa	Core.Services.Entities.RoleplayEntitiesService.RoleplayEntitiesService (toca a 3 mensajes): StaticAnim, AddObjectAsync, OnMonsterAngryAtPlayer, OnQuestMarkerLoaded, RemoveAggression, SetAggressiveMonstersOrientations | ehl (toca a 25 mensajes, y a éste sólo de refilón, a 1 salto): WaitForAddingObject, WaitForDroppingObjects, WaitProcessMapComplementaryInfo		0	shape-known	C	Locate client feature and capture a journey.
Game	iom	72556fb08ed95ec8cea4178975a83ed5a642259de5bad130eb78c4953dd66b58	1:repeated iok fqkd; 2:iog fqke; 3:optional int32 fqkf; 4:repeated iok fqkh	ehl::ecc | ehl::xxa | epd::baoq | epd::bdk	ehl (toca a 25 mensajes): WaitForAddingObject, WaitForDroppingObjects, WaitProcessMapComplementaryInfo | epd (toca a 17 mensajes): NpcDialogCreationWhenAvailable		0	shape-known	C	Locate client feature and capture a journey.
Game	ion	b6041ac88111719d320f7dd06d533febb185e29bb9b1d5376b271e58cd6e936f	1:int32 fqkl; 2:int32 fqkm; 3:len fqkn; 4:int32 fqko; 5:int32 fqkp; 6:optional int32 fqkq; 7:int64 fqks	fsw+fsv::bige | fsw+fsv::csm | fsw+fsv::lsy | fsw+fsv::vg	fsw (toca a 3 mensajes): WaitForDialogUi		0	shape-known	C	Locate client feature and capture a journey.
Game	ioo	0408a6051c192b77daf83761ef6297e600b5e0a6226995ddd4bbeef87e42e575	1:int32 fqkw; 2:repeated int32 fqkx; 3:optional string fqky				0	shape-known	C	Locate client feature and capture a journey.
Game	ioq	f477bc7d1d7d8ad8e3f785e8705fca7d0ff45979091783baff1385848644de8f	1:int32 fqld; 2:repeated string fqle; 3:repeated ioo fqlf				0	shape-known	C	Locate client feature and capture a journey.
Game	ios	1109d31db87be11f11ef6d69710a8bafd5fe97b2558645b6965d66fc2116d773	1:int32 fqlj; 2:repeated ioq fqlk; 3:repeated string fqll; 4:int32 fqlm	fsw::bigp | fsw::eyc | fsw::hfb | fsw::jys	fsw (toca a 3 mensajes): WaitForDialogUi	S2C/push	1	shape-known	C	Verify the send against a client observation; no handler is inferred.
Game	iot	1a1aa1abbc71aee5817c509c3bf8aa8b24a3094d3c217618f0a91f2f7bbf7297		fsw::bigu	fsw (toca a 3 mensajes): WaitForDialogUi		0	shape-known	C	Locate client feature and capture a journey.
Game	iou	71a78d2a67d9ea3217ade9a92cf044ed55055303407d3f7dc664ba64ce64a148	1:optional int64 fqlt; 2:int32 fqlv; 3:int32 fqlw				0	shape-known	C	Locate client feature and capture a journey.
Game	iov	da5589c89f6e09c6247bdff4d78fca010b2bdf31e5e73aceb7d3d55a7cd6b1ac	1:int32 fqma; 2:int64 fqmb; 3:int32 fqmc	eaa::uov | emw::dsd | emw::ibj | emw::knu	eaa (toca a 8 mensajes): AuctionHouse, AuctionHouseTab, GrimoireTab, EncyclopediaTab, EstateAgencyTab | eoy (toca a 12 mensajes): ClickOrientation	C2S/dispatch, C2S/read	2	mapped	C	Replay and verify validation, persistence and S2C ordering.
Game	ioy	ba4ef4fb9cea2b2d88ed072a42510ea0791abd6e20d895e26b7edd84ba26618e	1:int32 fqmg; 2:iow fqmh	enr::bacf | gie::bkii		C2S/dispatch, C2S/read	2	mapped	C	Replay and verify validation, persistence and S2C ordering.
Game	ipa	07e737318d96f81dafa3510a71eeb0272608235d5abaad1fe7f259d555bfa699	1:int32 fqmm	epm::bask | epm::lcl | gie::bkii			0	shape-known	C	Locate client feature and capture a journey.
Game	ipb	217e8b662ca4bcf8e1c991a52900b80944f00a0aff9a5bd264c77f9e1c93af4c	1:repeated string fqmq; 2:int32 fqmr; 3:bool fqms; 4:bool fqmt	fyj::bjcl | fyj::izl			0	shape-known	C	Locate client feature and capture a journey.
Game	ipc	b173e7b3c69887cd41df1500a20630199444e0845f1d85e253657710b3414e54	1:repeated int32 fqmx	ecy::ru | ecy::vuc			0	shape-known	C	Locate client feature and capture a journey.
Game	ipd	a986caa2ea19b4638ade958183f8f327b2daa36ff60a4f34ce51682fe38f8a66	1:bool fqnb; 2:repeated int32 fqnc	fyj::bjcj | fyj::kyv | fyj::mlu			0	shape-known	C	Locate client feature and capture a journey.
Game	ipe	98089ef965ad343effd2819bef4244a677f5c7ee2ba0bfc10ee6e354a5672d92		epm::basj | gie::bkii			0	shape-known	C	Locate client feature and capture a journey.
Game	ipi	62279e0b2d4c5b6e46e902f1ffe7b13f5e1f423aa77841793dcf7e4117b07463	1:ipg fqnk	eba::kvi | eba::lqe | eba::uwv | eba::wy			0	shape-known	C	Locate client feature and capture a journey.
Game	ipj	2699b4aa3b36376490f792c6893b574c7f1fc73888a28d5cc142f8876d649405	1:string fqno; 2:string fqnp; 3:int32 fqnq	hbb::bnhp | hbb::frj | hbb::gqz | hbb::muf			0	shape-known	C	Locate client feature and capture a journey.
Game	ipk	4fa583edd40bee89a568ba536cfc7dffc56c466dba2bb5003def4df8f745e6ef		ebc::gtb | ebc::kaj | ebc::mfl | ebc::nzs			0	shape-known	C	Locate client feature and capture a journey.
Game	ipm	e2a55632c234f301cf5717d820c40f0cccca211303400ed375546f3985130961	1:int32 fqny				0	shape-known	C	Locate client feature and capture a journey.
Game	ipo	8b4c2a888a6806df649540d11ec75dd9199961d2eabc911ba7a6af3cef3ae859	1:int32 fqod; 2:int32 fqoe	efm::bpn | efm::dge | efm::jgf | efm::kpu			0	shape-known	C	Locate client feature and capture a journey.
Game	ipp	98df24e5cc636919cd9eac6c4e1213878d8f0b7a73761da907cc05fcc78d6e68	1:int64 fqoi; 2:int32 fqoj; 3:int32 fqok; 4:string fqol	hbb::bnhv | hbb::cxn | hbb::ifz | hbb::klf	hbr (toca a 10 mensajes): InfoMetadata		0	shape-known	C	Locate client feature and capture a journey.
Game	ipq	2d41447045b2833aad6d000dff7591bfa5d6c70230e9abcb17d8bc0b483d4936	1:int32 fqop; 2:int32 fqoq; 3:int32 fqor	efm::nvs | efm::xgl			0	shape-known	C	Locate client feature and capture a journey.
Game	ipr	db902338c3ca2003a5f9003919eacba1df40cc51c06206ff02dd4482497f4b7b	1:int32 fqov; 2:int32 fqow	fmo+<Timer>d__17::MoveNext | fmo::bdkj	fmo (toca sólo a éste): Timer		0	shape-known	C	Locate client feature and capture a journey.
Game	ipt	edded21b897a1b14ecf3e26185c8cd19e6ba80702ab9ae0f042d1200290b4464	1:string fqpb; 2:int32 fqpc; 3:repeated bool fqpd; 4:optional int64 fqpe				0	shape-known	C	Locate client feature and capture a journey.
Game	ipv	20716113fa255cf0bff6d25cf258c926bd315f3d9bbd92e588ba8bc90f082e71	1:ipt fqpj; 2:string fqpk; 3:string fqpl; 4:string fqpm				0	shape-known	C	Locate client feature and capture a journey.
Game	ipw	03d5604ea8ece0a5bdb5fa5a6cce7c57480377a221a89183abb8e1b9d1ee3991	1:repeated int32 fqpq; 2:int32 fqpr				0	shape-known	C	Locate client feature and capture a journey.
Game	ipx	b7e8c202a6ebfe9c46d95a1da80b5bed294fb7aade0cf66e3fb518f2774a1c0d	1:repeated string fqpv; 2:int32 fqpw; 3:int32 fqpx; 4:string fqpy; 5:lba fqpz; 6:int32 fqqa; 7:int32 fqqb	bo::cyf | bo::hpf | bo::kab | bo::mop			0	shape-known	C	Locate client feature and capture a journey.
Game	ipz	253609cb6622016f05bde7330fc5a728a0d70d33fb0e33c0ccbfd2bb62c5bfbb	1:repeated bool fqqg; 2:int32 fqqh; 3:int32 fqqi	egd::nww | egd::xko			0	shape-known	C	Locate client feature and capture a journey.
Game	iqa	c43e8a8c19a253a1fceb4d5a06051a65b91265cdbfe460575b7d1a2794f6b331	1:int32 fqqm	egd::nww | egd::xko			0	shape-known	C	Locate client feature and capture a journey.
Game	iqb	c497abc548a80f352575566e891b4c5deecbf9c8f10ee9d35eda969ab068d1af	1:int64 fqqq; 2:int64 fqqr; 3:ipx fqqs; 4:int64 fqqt	bo::fpl | bo::hiq | bo::moq | bo::opw			0	shape-known	C	Locate client feature and capture a journey.
Game	iqc	b0795cad82c1c640c3f1436a2f8fa3a4e0801d149d5ce3411e1a7749b1ee2ef5	1:repeated iqb fqqx	egf::fqz | egf::hdo | egf::xle | egf::yq			0	shape-known	C	Locate client feature and capture a journey.
Game	iqd	b632789c0ca3737c8fd34197eae7c5ab5e64e8ff6a2d0913604f80aae0826a0a	1:int32 fqrb; 2:string fqrc; 3:int32 fqrd	egd::nww | egd::xko			0	shape-known	C	Locate client feature and capture a journey.
Game	iqg	e6b24a61f5a484f48fb0749384c3604997786bb0d3cc58e313193e9ee39ce715	1:iqe fqrh; 2:repeated iqb fqri	egf::mth | egf::xlg			0	shape-known	C	Locate client feature and capture a journey.
Game	iqh	59480a8e71aa4c80c68769a50d584f12cf9a2531fcad8cb866fef81ad3cd6eed	1:iqb fqrm	egf::xlf			0	shape-known	C	Locate client feature and capture a journey.
Game	iqj	1732b478116bd326f314fba08334a170f65ea71c940f5b425f8ef99deeabb313	1:repeated iqn fqrr	egf::xln			0	shape-known	C	Locate client feature and capture a journey.
Game	iqk	0cac8a102057a72d0b8a02ce56506b0ce334940aea21072b17fb0f083e67b8ec	1:int32 fqrv; 2:string fqrw	egd::bnc | egd::eku | egd::fsb | egd::xkr			0	shape-known	C	Locate client feature and capture a journey.
Game	iql	a564cbc4982ada89d06d3baea4832750ff91e5fbe48a5ffc5a42e22621f44b3d	1:int32 fqsa	egd::bnc | egd::eku | egd::fsb | egd::xkr			0	shape-known	C	Locate client feature and capture a journey.
Game	iqm	17d07ffe32b5900645f3ff378c0740018fe1ee725159341de9b6cb7940d9029c	1:repeated iqn fqse	egf::kqo | egf::xlp			0	shape-known	C	Locate client feature and capture a journey.
Game	iqn	a125f3f429e4897c7de93c5b549086027aff7194d4c0046b8194d6fdac85c5ab	1:bool fqsi; 2:int32 fqsj; 3:int64 fqsk; 4:ipx fqsl; 5:int32 fqsm; 6:string fqsn; 7:int32 fqso	bo::jii | bo::lhe | bo::lj | bo::mot			0	shape-known	C	Locate client feature and capture a journey.
Game	iqq	b2872f08af6caf38780e3a4826ae502f2328979afaec802f43a8ec3156734e02	1:iqo fqss; 2:int32 fqst; 3:int32 fqsu	egd::bnc | egd::eku | egd::fsb | egd::xkr			0	shape-known	C	Locate client feature and capture a journey.
Game	iqr	32cff519b5482f835ea9d8119432f0744adb8ddbe4ff0815ad245a6dbc048c59	1:int32 fqsy; 2:iqn fqsz; 3:iqn fqta	egf::xlo			0	shape-known	C	Locate client feature and capture a journey.
Game	iqt	060863449324f109d91f7eddd7b5cbec2612c9c892e047d5e7901f7e6ae6aea8	1:repeated iqx fqtf	egf::eai | egf::xlh			0	shape-known	C	Locate client feature and capture a journey.
Game	iqu	bec37b086eb16dfca1665e7153ef0bdc638793352403dcbf340206b820c6018f	1:optional int32 fqtj; 2:optional int32 fqtl; 3:lsg fqtn; 4:optional int32 fqto	egd::xkp			0	shape-known	C	Locate client feature and capture a journey.
Game	iqv	a5a73ec5a94f52a05809dc04dfe09427c53e8e65fac0108148cf5f9e0aeeb545	1:repeated iqx fqtt	egf::gft | egf::xlj			0	shape-known	C	Locate client feature and capture a journey.
Game	iqw	133f41388b0620809237204db2251164bb9d743cdc6156afc49f29c2245804fc	1:iqx fqtx	egf::hvx | egf::xli			0	shape-known	C	Locate client feature and capture a journey.
Game	iqx	ec5f3142efd63092ecd77f6cb7d4c5e5e92a13d0290784eaa1752a2dc519c37e	1:int64 fqub; 2:int32 fquc; 3:ipx fqud; 4:int32 fque; 5:int32 fquf; 6:optional int32 fqug	bo::gpz | bo::jbs | bo::mor | bo::wb			0	shape-known	C	Locate client feature and capture a journey.
Game	iqy	dee94df7cbc9cd01c483ab07b12b27296b661393e05d44e598f380fd2589830a	1:repeated bool fqul; 2:lsg fqum; 3:optional int32 fqun; 4:optional int32 fqup	egd::xkp			0	shape-known	C	Locate client feature and capture a journey.
Game	iqz	69fe6d3cd104be7e23bdc3ae3fde52468086db07544be3270a14a775e7b42543	1:optional int32 fquu; 2:lsg fquw; 3:optional int32 fqux; 4:string fquz	egd::xkp			0	shape-known	C	Locate client feature and capture a journey.
Game	irb	46674860e3e7434b28ba5caaaa2fbf08411f2ffd51dbc95181793397c164baa0	1:int32 fqve; 2:string fqvf	egd::cem | egd::hn | egd::xkq			0	shape-known	C	Locate client feature and capture a journey.
Game	irc	f6e37574757dd296d0a01bb691b54f8ec65f9d36014ceceac7ef24d80443355a	1:repeated ird fqvj; 2:repeated ird fqvk	egf::box | egf::hux | egf::kff | egf::mmw			0	shape-known	C	Locate client feature and capture a journey.
Game	ird	9e93f4aba568c8b440ca523603fe3a5492057fa1e810b744317ad60ec3251945	1:int64 fqvo; 2:int64 fqvp; 3:ipx fqvq	bo::kxa | bo::mos | egf::box | egf::hir			0	shape-known	C	Locate client feature and capture a journey.
Game	irg	0f2214060ec7aa879c3d3c31d462acefd1d58a9a412283717c9b9d0f3b046359	1:ire fqvu; 2:int32 fqvv	egd::cem | egd::hn | egd::xkq			0	shape-known	C	Locate client feature and capture a journey.
Game	irh	dae33e1c599c93f017579e41e2f33b2d8c8e588b8636097d2d6066f05d4eef38	1:repeated ird fqvz	egf::jn | egf::lua | egf::num | egf::xlm			0	shape-known	C	Locate client feature and capture a journey.
Game	iri	6c1b76abf965024acb0cae7863bbe22b3001d4af458ca4155d9d0f795e66b855	1:ird fqwd	egf::hir | egf::xll			0	shape-known	C	Locate client feature and capture a journey.
Game	irj	36cd57a5b5c4c3ea9b45e13c851c2cf4b8f591ce82fc594ab191f6a2200f2c60	1:int32 fqwh	egd::cem | egd::hn | egd::xkq			0	shape-known	C	Locate client feature and capture a journey.
Game	irl	26af766aad8ae21f1ba1eb7427971a135de6a73cece5daa42095fd90d4351da6	1:isu fqwm	emf::cir | emf::isr | emf::lcf | emf::zpu			0	shape-known	C	Locate client feature and capture a journey.
Game	irm	c2dc500b9921fa25f55fdbcdfa6f5340470c77807500b76bbbbf7dac70ffcb3b	1:int32 fqwq; 2:bool fqwr; 3:int32 fqws; 4:optional int64 fqwt			S2C/push	1	shape-known	C	Verify the send against a client observation; no handler is inferred.
Game	iro	ff38ac7cccd5d2e3d1b7bbf316b78b65773f55ddf68fca648fe65693bf7439aa	1:repeated irm fqwy	emi::jhe | emi::lez | emi::zqe			0	shape-known	C	Locate client feature and capture a journey.
Game	irp	0eaef1411ee382a291180fccf9d3338bf0ef1f408ddd494cdcf33998a8f0acac	1:lcf fqxc; 2:string fqxd; 3:int32 fqxe; 4:int64 fqxf; 5:bool fqxg; 6:bool fqxh; 7:lgl fqxi; 8:lba fqxj; 9:laz fqxk				0	shape-known	C	Locate client feature and capture a journey.
Game	irq	119ef09783e663ceabba20195d5414d8d3226d562415f716947aff994ded6948	1:repeated ise fqxo	emi::zqc | emi::zqg		C2S/read	3	mapped	C	Replay and verify validation, persistence and S2C ordering.
Game	irs	bbb24649e1ef2f7c17aca0388b2a0597bd38928abb080964527cc19c8e5e0c86	1:bool fqxs; 2:bool fqxt; 3:map<bool, int32> fqxu; 4:optional int64 fqxv; 5:int32 fqxx; 6:int64 fqxy				0	shape-known	C	Locate client feature and capture a journey.
Game	irt	e44982315b2a2b0345673b2495a1d82b097722cee66a45de9afac274fbf8bf1c	1:int32 fqyc; 2:int32 fqyd; 3:int32 fqye				0	shape-known	C	Locate client feature and capture a journey.
Game	irv	087d0c681fb8529082503c665d587fe357d11a5d85336bef3b229352ca764ec2	1:irt fqyi; 2:int32 fqyj				0	shape-known	C	Locate client feature and capture a journey.
Game	irw	2ca1dd0f033a7f893d643e10f52d86c2b00c4e17ec7878f7d46d0cc91bf1e2f0	1:int32 fqyn				0	shape-known	C	Locate client feature and capture a journey.
Game	iry	2e3ff26e3701a7ae8be1a582bb98066b4b0d5554078c08d38a2fb6a07e95fb52	3:irs fqyr; 4:int32 fqys; 1:irv fqyt; 2:irw fqyu	bv::mpi | bw::eut | bw::itl | bw::jkm		S2C/push	1	shape-known	C	Verify the send against a client observation; no handler is inferred.
Game	isa	6f2216d4e2f09f0f540eaeaae6e8a0d161febe4253af7ae3fdae28881438a6b8	1:int64 fqyz; 2:int32 fqza; 3:repeated iry fqzb; 4:repeated iry fqzc	bt::mpg | emi::drx | emi::erw | emi::gv			0	shape-known	C	Locate client feature and capture a journey.
Game	isd	7d017d1452d71ce8fd1f565492ef20cdc097e7dba782640de15a20357b2b7008	1:repeated isu fqzg; 2:isb fqzh	emi::zqi			0	shape-known	C	Locate client feature and capture a journey.
Game	ise	6d4b8964872e4fc3ef117a41cc4df77da7c33cc23c4923d19cce5e8c213708dc	1:int32 fqzl; 2:int64 fqzm; 3:int32 fqzn; 4:int64 fqzo; 5:int64 fqzp	bu::dnh | bu::mph | bu::nrp | emi::bre		C2S/dispatch	1	mapped	C	Replay and verify validation, persistence and S2C ordering.
Game	isf	c1e6198e6fe0ccbee17ed7e3e51ae69426c06249d82e75e0f7df0c4787db58ba	1:repeated ist fqzt; 2:string fqzu	emi::egc | emi::ixk | emi::khf | emi::olh		S2C/push	2	shape-known	C	Verify the send against a client observation; no handler is inferred.
Game	isi	39534daf13059d7e3c3bab7e8f3435cdb2b6c4de77a1c65d7bb966aeef5f9541	1:isg fqzy; 2:int32 fqzz; 3:int32 fraa; 4:bool frab; 5:int32 frac; 6:int64 frad			C2S/dispatch, C2S/read	2	mapped	C	Replay and verify validation, persistence and S2C ordering.
Game	isj	90fcebe72499ca0909a2e485412b92552dffebf69666e1d62761bbc718c7b258	1:bool frah; 2:optional string frai; 3:int32 frak; 4:bool fral; 5:repeated int64 fram; 6:map<int64, bool> fran; 7:repeated int32 frao; 8:repeated bool frap; 9:map<int32, bool> fraq				0	shape-known	C	Locate client feature and capture a journey.
Game	isl	6a34ab5f0750e5af4f7b438c88a66501ea0f925b72f781d1297308d39ee9a5f6	1:repeated int32 frau; 2:int64 frav; 3:isj fraw				0	shape-known	C	Locate client feature and capture a journey.
Game	isn	6ebe87defc9a2046814c3dcab36d93a3eecd2fc70510a17c242f738c68a6ed26	1:isl frba; 2:isl frbb; 3:bool frbc	epd::baoj | epd::fcs | epd::nsx	epd (toca a 17 mensajes): NpcDialogCreationWhenAvailable		0	shape-known	C	Locate client feature and capture a journey.
Game	isq	fcbf8fe7054214500390f0b0df431b5234c4a1eb51b6e1924fffd292f979423b	1:int64 frbg; 2:int32 frbh; 3:iso frbi	emi::hqt | emi::hvu | emi::zqa			0	shape-known	C	Locate client feature and capture a journey.
Game	isr	6f6139b360df73ee86691453eb08a763a547135ea558123dadbb9e90a0ab66f0	1:repeated int64 frbm; 2:int32 frbn	emf::fwh | emf::lfr | emf::nai | emf::zpv			0	shape-known	C	Locate client feature and capture a journey.
Game	iss	6d8426531e04d152674131cdd65732ee4d17df30346154d5e8f33d08e2998e3f	1:ise frbr; 2:int64 frbs	emi::dkq | emi::kep | emi::lyt | emi::zqh			0	shape-known	C	Locate client feature and capture a journey.
Game	ist	d879671c9ecaa8a375f856fd3511d6a3bd4971fc9b31196772492259508fa7b2	1:isi frbw; 2:irp frbx	ll::oaq | emi::cmp | emi::egc | emi::igv			0	shape-known	C	Locate client feature and capture a journey.
Game	isu	5b137e9f8e68c45eecd23ba93c8d91873cd5680298bf752c17d56217222e918b	1:bool frcb; 2:optional bool frcc; 3:int32 frce; 4:bool frcf; 5:int32 frcg	emf::cir | emf::isr | emf::lcf | emf::zpu			0	shape-known	C	Locate client feature and capture a journey.
Game	isv	164010e682115bc8d4acecfa613fd5961c8ec6140f75771800b48a7ef9450087	1:ist frck	emi::cmp | emi::igv | emi::zpz			0	shape-known	C	Locate client feature and capture a journey.
Game	isw	b0e2f21a2de9a53dbc2a7e87fbeca0433a2f0e8bf68c79cb27a8f75232358521	1:string frco; 2:repeated isa frcp; 3:repeated isa frcq	emi::drx | emi::zqj			0	shape-known	C	Locate client feature and capture a journey.
Game	isx	a1449ed2ce9d5eb7b871dcefa65ab37c2c56f65ea8bc925c932ad1850c36f24d	1:repeated string frcu; 2:repeated string frcv; 3:bool frcw; 4:optional bool frcx; 5:int32 frcz; 6:repeated int64 frda				0	shape-known	C	Locate client feature and capture a journey.
Game	isz	00c9666eb7dff7e62162a9d0685a4c87bc12550abae80473ac0313b7a7bf5adb	1:isa frde; 2:isx frdf; 3:int32 frdg	emi::erw | emi::gv | emi::jxo | emi::lpm			0	shape-known	C	Locate client feature and capture a journey.
Game	itc	f74221ffc9db2adb0fddb5edf05ff5a4e977771feaf0ae24e688189206b82443	1:int32 frdl; 2:map<string, bool> frdm	emr::zth		S2C/push	1	shape-known	C	Verify the send against a client observation; no handler is inferred.
Game	itd	95eccde7169a3f2f04225d0fc4e36a96de89f9a7235ea5ad3892dd3b79294c78	1:lec frdq	emr::fzm | emr::lva | emr::nhy | emr::ztg		Static	1	shape-known	C	Verify the send against a client observation; no handler is inferred.
Game	ite	e78cc78e22c11251c4cea1e14d976b3845aceb189c26bf8a0bb31e41b4d422d1	1:repeated lft frdu; 2:repeated lft frdv	ehl::cer | ehl::fyu | ehl::xxc | ehl::xxd	ehl (toca a 25 mensajes): WaitForAddingObject, WaitForDroppingObjects, WaitProcessMapComplementaryInfo		0	shape-known	C	Locate client feature and capture a journey.
Game	itf	f081b74ac29b46ea9bf43640dc9f10fea4906e3048f497a5e308916b523ef3b1	1:repeated lec frdz	eqq::bbhi | eqq::cgz | eqq::mrj | eqq::mzf	eqq (toca a 76 mensajes): PresetListEventWhenCharacterInfo, RefreshTagsWhenContentReceived		0	shape-known	C	Locate client feature and capture a journey.
Game	itg	9d32fde9b6fbaf71a10351d9b66bca52f5011e97f3b81ab0b6ae2089968b2d1b	1:repeated lhs fred; 2:lbm fref	eqq::bbho | eqq::elk | eqq::kqx | eqq::lqr	eqq (toca a 76 mensajes): PresetListEventWhenCharacterInfo, RefreshTagsWhenContentReceived	C2S/read, S2C/push	4	mapped	C	Replay and verify validation, persistence and S2C ordering.
Game	ith	3355dd3ab6ac5eeed70dade6d9b8e6366c3487830fbcb46d6bfdbfe6d9b08325	1:repeated bool frej; 2:optional bool frek; 3:repeated bool frem; 4:int32 fren; 5:bool freo; 6:int64 frep; 7:string freq; 8:repeated bool frer			S2C/push	1	shape-known	C	Verify the send against a client observation; no handler is inferred.
Game	itj	09a24655a549927632ce7615ca5dfa5f8d0c16c1cf2e7fd36f9ce670c0f87eb4	1:ith frev; 2:int32 frew; 3:bool frex	MarketPrice::mkv | fxw+fxv::biys | fxw+fxv::nqz | fxw+fxv::omq	MarketPrice (toca sólo a éste): m_canTakeFocus, m_isCenteredByDefault, HistoryAveragePriceEntry, UpdateMeanAndMedian		0	shape-known	C	Locate client feature and capture a journey.
Game	itk	0a349388783048f80d1511f7b95af3c291b7dd7ef26143d990fbfeee7602c620	1:bool frfb	eqq::bbgp | eqq::cfx | eqq::fdz | eqq::hku	eqq (toca a 76 mensajes): PresetListEventWhenCharacterInfo, RefreshTagsWhenContentReceived		0	shape-known	C	Locate client feature and capture a journey.
Game	itl	c08da0038aee8ec823a73a357ea570408cf7c1f0e0aa9dd5ed31607d96a7e898	1:lft frff; 2:int32 frfg	ehl::njt | ehl::xxg | ehl::xxh	ehl (toca a 25 mensajes): WaitForAddingObject, WaitForDroppingObjects, WaitProcessMapComplementaryInfo		0	shape-known	C	Locate client feature and capture a journey.
Game	itm	cfc137402ce1aa2bd1ad23db003b949b8899abce17cb936a63c2e336160a604b	1:int64 frfk; 2:int32 frfl	eqs::bbml | eqs::dkp | eqs::eag | eqs::lyq			0	shape-known	C	Locate client feature and capture a journey.
Game	itn	6fbb96faec8c9710fa4bb52a0e5934bb6408efbbf090f58f9416e9b423f4f582	1:int32 frfp; 2:int32 frfq	epd::baoa | epd::dcp | epd::ema	epd (toca a 17 mensajes): NpcDialogCreationWhenAvailable	C2S/dispatch	2	mapped	C	Replay and verify validation, persistence and S2C ordering.
Game	ito	3c7875a636361f6faec0942001ee27b6af9e953e9eff6c72ac6efff30f5d08d1	1:repeated int32 frfu; 2:int32 frfv; 3:int32 frfw; 4:int32 frfx; 5:int32 frfy; 6:int32 frfz; 7:string frga	Core.UILogic.Inventory.StorageTabInformationWrapper::Create | eqq::bbid | eqq::ksu | eqq::mxf	Core.UILogic.Inventory.StorageTabInformationWrapper (toca sólo a éste): Create, tabNumber, openRight, dropRight, takeRight, dropTypeLimitation | eqq (toca a 76 mensajes, y a éste sólo de refilón, a 1 salto): PresetListEventWhenCharacterInfo, RefreshTagsWhenContentReceived		0	shape-known	B	Locate client feature and capture a journey.
Game	itp	c2360830e25ee5892e12c516fd4a34479a86ed305b46dbbad23f87fd88bca5ec		Core.UILogic.GameUICore.UIActionBar::<OnExternalActionBarMenu>b__98_4 | Core.UILogic.GameUICore.UIActionBar::AddMissingSpellsAction	Core.UILogic.GameUICore.UIActionBar (toca a 2 mensajes): m_canTakeFocus, m_appearEffects, m_playSoundOnMenu, m_forceDragAndDrop, m_currentPageIndex, m_pageSpellsIndex, m_pageItemsIndex, m_dragOwner, m_isMainBar, m_isPresetSpellPreview, m_dropAllowed, m_callbackBeforeResetOnDoubleClick	S2C/push	3	shape-known	B	Verify the send against a client observation; no handler is inferred.
Game	itq	b578260da3a81741164fc9849549bef14149d1de6998126440ef04451d0e9be3	1:int64 frgh; 2:lbq frgi	eqq::bbhw | eqq::bwj | eqq::hxc | eqq::iwz	eqq (toca a 76 mensajes): PresetListEventWhenCharacterInfo, RefreshTagsWhenContentReceived | hbr (toca a 10 mensajes): InfoMetadata		0	shape-known	C	Locate client feature and capture a journey.
Game	itr	a1854fe094fa35b67ff8b5ef8660455653f9584ecc95e09d2a21543ea5b827c8	1:repeated int32 frgm; 2:repeated lbp frgn; 3:itb frgo	eql::bbaz | eql::dln		C2S/dispatch	1	mapped	C	Replay and verify validation, persistence and S2C ordering.
Game	its	5da6733b350ca1825d722fecf67b8862c16b7f24d00bcb4de5ad69eb54571014	1:string frgs; 2:map<int64, bool> frgt; 3:int64 frgu; 4:int64 frgv; 5:bool frgw; 6:map<int32, int32> frgx; 7:map<int32, string> frgy				0	shape-known	C	Locate client feature and capture a journey.
Game	itu	c92ef0e85f386691fb962abf8622fd46620947fb90372a5af163690ea7cd406e	1:repeated llg frhc; 2:repeated int64 frhd; 3:its frhe	eqq::bbhk | eqq::dle	eqq (toca a 76 mensajes): PresetListEventWhenCharacterInfo, RefreshTagsWhenContentReceived		0	shape-known	C	Locate client feature and capture a journey.
Game	itv	29462bcc5b32179eb4e4a4715e6970e019928af6fde48d6ce8cbbb941c79496c	1:repeated int32 frhi	eqq::bbhv	eqq (toca a 76 mensajes): PresetListEventWhenCharacterInfo, RefreshTagsWhenContentReceived		0	shape-known	C	Locate client feature and capture a journey.
Game	itw	c64759c03317b23946a6517b5abe455389a0c4c277b1e9396c3fa6bd20ae1d84	1:int32 frhm; 2:repeated llg frhn	efm::xgk		S2C/push	1	shape-known	C	Verify the send against a client observation; no handler is inferred.
Game	itx	b7119c035161e9d1c4bf4ced8d3574a4f2d00b59a30c34e65f53bca0cab03be4					0	shape-known	C	Locate client feature and capture a journey.
Game	itz	c75fdb8e024420192dc0b19b7923ba9a2b44b0aaf3bc4c79a71f8539474e424b	1:itx frhu; 2:lhs frhv; 3:lbm frhw	eql::baze | eql::fqa		C2S/dispatch, C2S/read	2	mapped	C	Replay and verify validation, persistence and S2C ordering.
Game	iua	fa769344f9841dd560dfa77aa84be9b1a66aa3c94d6d9afa56ec63d03341c22e	1:lbr fria; 2:lec frib; 3:lec fric	eps::basy | eps::cfs | eps::fpk | eps::nlq	eps (toca a 13 mensajes): UpdateQuestWhenSubAreaLoaded | eqq (toca a 76 mensajes): PresetListEventWhenCharacterInfo, RefreshTagsWhenContentReceived	S2C/push, Static	3	shape-known	C	Verify the send against a client observation; no handler is inferred.
Game	iub	1121873e2276a5bf1c01251e9e47428ecf18bff027c9fb7780007e6a2ce77984	1:int64 frig				0	shape-known	C	Locate client feature and capture a journey.
Game	iuc	7b3b4d83dd3b77a71817497ee269101003c1605e818c4206e48d2ac6cc10cc6d	1:int32 frik; 2:int64 fril; 3:int32 frim; 4:map<int32, int64> frin; 5:int32 frio; 6:string frip				0	shape-known	C	Locate client feature and capture a journey.
Game	iue	1d4e3a52ac5434c40bd5f36faf608c09509b0f9fc42c0a881866d6c16dfeda8b	1:repeated iuc frit; 2:string friu; 3:repeated iuc friv	emz::gxk | emz::ign | emz::mnh | emz::nui			0	shape-known	C	Locate client feature and capture a journey.
Game	iuf	05533c3da2ba4049a8284404a44f599c191fd809d2c30326d9f81a3ca7213fcd	1:repeated lec friz; 2:int64 frja	Core.UILogic.Inventory.Uis.WatchEquipmentUI::UpdateDisplay | Core.UILogic.Inventory.Uis.WatchEquipmentUi::.ctor | Core.UILogic.Inventory.Uis.WatchEquipmentUi::Initialize | fwy::biwx	Core.UILogic.Inventory.Uis.WatchEquipmentUI (toca sólo a éste): Search, DisplayList, BindItem, UpdateDisplay, AssignSlotToEquipment, TriggerOverItem, ClearSlots, m_criterionDependenciesProvider, m_itemTooltipDependenciesProvider | Core.UILogic.Inventory.Uis.WatchEquipmentUi (toca sólo a éste): m_canTakeFocus, m_appearEffects, m_isCenteredByDefault, CloseUi, m_watchEquipmentUi		0	shape-known	B	Locate client feature and capture a journey.
Game	iug	0f6421c30d2d3217b296fd7cd9bca84aad0d556915d83082f0a8db9d49891218	1:optional string frje; 2:optional bool frjg; 3:repeated bool frji				0	shape-known	C	Locate client feature and capture a journey.
Game	iuj	4e314ef771114e12428bbef10d4498c6b895df658056792490177e509a8b5b21	1:lec frjm; 2:iug frjn	efn::xgn | eqq::bbhs | eqq::hwp | eqq::ibo	eqq (toca a 76 mensajes): PresetListEventWhenCharacterInfo, RefreshTagsWhenContentReceived	S2C/push	1	shape-known	C	Verify the send against a client observation; no handler is inferred.
Game	iuk	521a4d1e9bd712efc96e8609297a5037d422468555c347dcacab89ff80de9227	1:int32 frjr; 2:int32 frjs; 3:int32 frjt	eql::bazh		C2S/dispatch, C2S/read	2	mapped	C	Replay and verify validation, persistence and S2C ordering.
Game	iul	82d3d6438e325c865b2781e38b378abc354c19c7ba1fa9b67f70ab8eff2136c3	1:lbm frjx; 2:int32 frjy	eql::bazf | eql::jzq | eql::nvl | eql::och		C2S/dispatch, C2S/read	2	mapped	C	Replay and verify validation, persistence and S2C ordering.
Game	ium	affe458bc6210077a217455755f43ee9f5c88c90519cd64ac9d34fcdb9388cce	1:int32 frkc	eqq::bbhu | eqq::cwy | eqq::ibg | eqq::ief	eqq (toca a 76 mensajes): PresetListEventWhenCharacterInfo, RefreshTagsWhenContentReceived	S2C/push	2	shape-known	C	Verify the send against a client observation; no handler is inferred.
Game	iun	7be2996cd9843b6c64fa4e9dda51a8d7f86d58d737cd3554c2a9305e71ec9046	1:int32 frkg; 2:repeated string frkh; 3:int32 frki	eqq::bbhm	eqq (toca a 76 mensajes): PresetListEventWhenCharacterInfo, RefreshTagsWhenContentReceived	S2C/push	8	shape-known	C	Verify the send against a client observation; no handler is inferred.
Game	iuq	6f69a8c26a9698c2799366723c514adea7e4b01fc8ccee5f92e6e3dfe8af8ada	1:iuo frkm; 2:lhs frkn; 3:lbm frko	eqq::bbhr | eqq::i | eqq::lct | fhw::bfhe	eqq (toca a 76 mensajes): PresetListEventWhenCharacterInfo, RefreshTagsWhenContentReceived | fhw (toca a 8 mensajes): UpdateSpellsNextFrame	S2C/push	1	shape-known	C	Verify the send against a client observation; no handler is inferred.
Game	iur	fe198b7dfd5dc27e7eb3ed214eab5f8729e0e8cd2979d5bdf68b5b16c3c4d326	1:llg frks	eql::bazl | eql::bazm | eql::dtr | eql::gsd			0	shape-known	C	Locate client feature and capture a journey.
Game	ius	e39c4bcdfff6936b3a4cce74e78f375531391bac01216d6a0ad00703fdc221e0	1:map<bool, string> frkw; 2:bool frkx; 3:bool frky; 4:repeated string frkz; 5:repeated int32 frla; 6:int32 frlb; 7:repeated int64 frlc				0	shape-known	C	Locate client feature and capture a journey.
Game	iuu	47c2c286ec7ba83439baad3ec74f9474e3bf0e193134cf9c11220ecb3447c369	1:bool frlg; 2:ius frlh; 3:int32 frli	eqs::bbmm | eqs::njc | eql+eqh::bayn | eql+eqh::kia			0	shape-known	C	Locate client feature and capture a journey.
Game	iuv	9639bb1e407adbb753224a061ac999e7de9dce943fc55b959550fe5ca05579c8	1:int32 frlm; 2:int32 frln; 3:lbm frlo	eql::bazg | eql::ciu | eql::cxu		C2S/dispatch, C2S/read	2	mapped	C	Replay and verify validation, persistence and S2C ordering.
Game	iuw	9af4f5afa3fc17cef9e025c8e16350e7e2127ccab835358455c3de295cd9a74c	1:llg frls; 2:llg frlt	eql::bazi | eql::hmz | eql::koo		C2S/dispatch, C2S/read	2	mapped	C	Replay and verify validation, persistence and S2C ordering.
Game	iux	b6f8ca46a85e7cf211a0fa3abeac902fa928939834b620bb6e6577da654d10df	1:int32 frlx	ehl::xxf	ehl (toca a 25 mensajes): WaitForAddingObject, WaitForDroppingObjects, WaitProcessMapComplementaryInfo		0	shape-known	C	Locate client feature and capture a journey.
Game	iuy	666f1b401d2ef11fbd12c4e132e9e9bc0a151c1d65f17104cb0543195d34b7ea	1:repeated lec frmb	emr::bdx | emr::bge | emr::ewd | emr::zti			0	shape-known	C	Locate client feature and capture a journey.
Game	iuz	b18ef313e7a5a37b6816dcb10e1d1d62427de5b258d5a0a7cce0d07fb7ee6a4e	1:lbm frmf; 2:lbm frmg	Core.UILogic.GameUICore.UIActionBar::ClearBarAction | Core.UILogic.GameUICore.UIActionBar::<OnExternalActionBarMenu>b__98_3	Core.UILogic.GameUICore.UIActionBar (toca a 2 mensajes): m_canTakeFocus, m_appearEffects, m_playSoundOnMenu, m_forceDragAndDrop, m_currentPageIndex, m_pageSpellsIndex, m_pageItemsIndex, m_dragOwner, m_isMainBar, m_isPresetSpellPreview, m_dropAllowed, m_callbackBeforeResetOnDoubleClick	C2S/dispatch	1	mapped	B	Replay and verify validation, persistence and S2C ordering.
Game	ivc	22f6c0e3d22a1ab5889a00046bc66ea4c01f9f3bc84ff34793c56f0be1acbd10	1:int32 frmk; 2:int32 frml; 3:iva frmm	eqs::bbmn			0	shape-known	C	Locate client feature and capture a journey.
Game	ive	1213f9a449c8356d9d5f66f2ca4c5401f99dc8cb42f187ff772eb68186e2ec0e	1:repeated ivc frmq; 2:bool frmr	eqs::bbmn			0	shape-known	C	Locate client feature and capture a journey.
Game	ivf	d8a6b8c59f052d165b58691be8e6f3361b3e3aaa6f651c2418c85eb2d9f99c08	1:int64 frmv	eqq::bbhl | eqq::fbc | eqq::ghb | eqq::mcd	eqq (toca a 76 mensajes): PresetListEventWhenCharacterInfo, RefreshTagsWhenContentReceived	S2C/push	5	shape-known	C	Verify the send against a client observation; no handler is inferred.
Game	ivg	d0a2228d328cc1661360bf42356bcf2fe3a5963e9a8e61d40f0edf99fea53f10	1:int32 frmz; 2:int64 frna				0	shape-known	C	Locate client feature and capture a journey.
Game	ivi	f6b6c14692dffdea4c56e9813380c06b2ab0f244e952a38d1ad7ab8bde78e348	1:repeated ivg frne; 2:repeated ivg frnf	elx::ccd | elx::znr	elx (toca a 2 mensajes): HourLoopUpdate		0	shape-known	C	Locate client feature and capture a journey.
Game	ivj	57f8ad80aa7683e528b72e9354dad3c7d878023a5e3b7d1b72f350daa5b38652	1:lbr frnj; 2:repeated llj frnk; 3:llg frnl	Core.UILogic.SmithMagic.SmithMagicCoopUi::OnObjectQuantityEvent | Core.UILogic.SmithMagic.SmithMagicUi::OnObjectQuantityEvent | eqq::bbhj	Core.UILogic.SmithMagic.SmithMagicCoopUi (toca a 3 mensajes): CanConsumeDrag, CanDropInBag, ConsumeDrag, CompleteDragAndDropToBag, CompleteDragAndDrop, m_behaviorTypeEnum, CanModifyMaskSlot, AssignHooks, OnObjectQuantityEvent, OnExchangeTranscendentConfirmationEvent, OnExchangeTranscendentCustomerCancellationEvent, AcceptExchangeTranscendentConfirmation | Core.UILogic.SmithMagic.SmithMagicUi (toca sólo a éste): CanBeDragged, DragStarted, ManageTargetOutline, CanConsumeDrag, ConsumeDrag, CompleteDragAndDrop, AssignSlotInputs, OnSimpleClick, MoveRuneFromEffectList, TriggerRuneClick, OnDragAndDropStopped, m_canTakeFocus		0	shape-known	B	Locate client feature and capture a journey.
Game	ivk	15c4201ad3b9e97bc6d31020774bbaf9e4273252f054d365fb1ed7038e084909	1:lbm frnp; 2:lhs frnq; 3:lbm frnr	eqq::bbhp | eqq::gcg | eqq::ifh | fhw::bfhc	eqq (toca a 76 mensajes): PresetListEventWhenCharacterInfo, RefreshTagsWhenContentReceived | fhw (toca a 8 mensajes): UpdateSpellsNextFrame	S2C/push	1	shape-known	C	Verify the send against a client observation; no handler is inferred.
Game	ivl	46f84951cd75a96b6f709371a9c9c2e8a6a955453d007530d96d92fd7fe031c4	1:repeated ito frnv	eqq::bbid | eqq::ksu | eqq::mxf	eqq (toca a 76 mensajes): PresetListEventWhenCharacterInfo, RefreshTagsWhenContentReceived		0	shape-known	C	Locate client feature and capture a journey.
Game	ivm	d220a0636c6e3444508ca5b186c42abc034653d3481ea30792ef536bd8b21fd9	1:int32 frnz; 2:int32 froa; 3:int64 frob; 4:repeated int32 froc				0	shape-known	C	Locate client feature and capture a journey.
Game	ivo	a54eed0bb124584d378a893220555201f474dfb2c9250eb3adaf21257a9e66ca	1:int64 frog; 2:ivm froh	egx::bma | egx::jft | egx::mmh | egx::xry			0	shape-known	C	Locate client feature and capture a journey.
Game	ivp	4549ca7249a791afe73f62c38975f2a3d96b42d46364f8e9667f03962e14e8a5		elx+<HourLoopUpdate>d__24::MoveNext | eaa::uqs | gie::bkii	eaa (toca a 8 mensajes): AuctionHouse, AuctionHouseTab, GrimoireTab, EncyclopediaTab, EstateAgencyTab		0	shape-known	C	Locate client feature and capture a journey.
Game	ivq	e71d3c5b907e2e47235e65d45327a0d0ee8a2c9ff249343fdaf50ed157779c08	1:int32 frop; 2:int32 froq	eqq::bbhn | eqq::bbi	eqq (toca a 76 mensajes): PresetListEventWhenCharacterInfo, RefreshTagsWhenContentReceived	S2C/push	2	shape-known	C	Verify the send against a client observation; no handler is inferred.
Game	ivr	68380bfc0102c3aa264c883ba0dec253157977801ddcbf5fb15c6be6687ae5e5	1:lbm frou; 2:int32 frov	eqq::bbhq | eqq::hvr | eqq::hxr | eqq::jie	eqq (toca a 76 mensajes): PresetListEventWhenCharacterInfo, RefreshTagsWhenContentReceived | fhw (toca a 8 mensajes): UpdateSpellsNextFrame		0	shape-known	C	Locate client feature and capture a journey.
Game	ivs	60f5e4a3abda60f268628dd1e6d50a2d3b07147eb8d056015a7de60127e4c98e	1:int32 froz; 2:int32 frpa	eqs::bbmm | eqs::njc | eql+eqh::bayn | eql+eqh::kia			0	shape-known	C	Locate client feature and capture a journey.
Game	ivt	c817d35623d4d4bb20379c71e2fa1350afc0872d5cce3c20f036a796825fa741	1:repeated int32 frpe; 2:repeated int32 frpf	ehl::bkl | ehl::myi | ehl::xxe	ehl (toca a 25 mensajes): WaitForAddingObject, WaitForDroppingObjects, WaitProcessMapComplementaryInfo		0	shape-known	C	Locate client feature and capture a journey.
Game	ivu	01d9520ff025793127d469e1be041e41bd5571b5632f05897e17a32b180ebebb	1:int32 frpj; 2:int32 frpk	eqs::bbml | eqs::dkp | eqs::eag | eqs::lyq			0	shape-known	C	Locate client feature and capture a journey.
Game	ivv	89f080cf49deb6226d0f4834b389d178aa2a341526fd6ed02579b90b305c3646	1:string frpo; 2:string frpp; 3:int64 frpq				0	shape-known	C	Locate client feature and capture a journey.
Game	ivx	116da13516ecd346e62abb5a497186db541ffb2b2c28402c978e67ce94d7477b	1:int64 frpu; 2:int32 frpv; 3:repeated lec frpw; 4:ivv frpx	eqq::bbhg | eqq::ltf	eqq (toca a 76 mensajes): PresetListEventWhenCharacterInfo, RefreshTagsWhenContentReceived	C2S/read	3	mapped	C	Replay and verify validation, persistence and S2C ordering.
Game	ivy	0398bb41c208ac205a9b4c4737b911c835b2370bd48b9f0e2cd8239882d2846f	1:repeated bool frqb; 2:int64 frqc; 3:map<bool, int32> frqd; 4:optional string frqe; 5:string frqg; 6:int32 frqh				0	shape-known	C	Locate client feature and capture a journey.
Game	iwa	2f9f4b494f2f99764ab05149faac1a9a31267c3b0251cea608f9a1bd242c9bad	1:ivy frql; 2:repeated int32 frqm	emr::ztj			0	shape-known	C	Locate client feature and capture a journey.
Game	iwb	7f8db28566db1fd1bb118ad3b67d81d7d9d68ffc345310327b55d35ff315c875	1:repeated lec frqq; 2:int64 frqr	emr::nod | emr::ztf		S2C/push	1	shape-known	C	Verify the send against a client observation; no handler is inferred.
Game	iwc	6ad862390b1892e6b9a5c2358e9e2180a9c7798ca6ae7f49a38c96944e23d927	1:int32 frqv; 2:int32 frqw; 3:int32 frqx	epd::baob | epd::fqr | epd::is | epd::mg	epd (toca a 17 mensajes): NpcDialogCreationWhenAvailable		0	shape-known	C	Locate client feature and capture a journey.
Game	iwd	86b868b76e981a0a9741351c5b889072259add6e948835615d6212b87c4558dc	1:repeated lng frrb; 2:int32 frrc; 3:repeated int32 frrd	ees::esv | ees::jrj | ees::kdy | ees::oi			0	shape-known	C	Locate client feature and capture a journey.
Game	iwf	be6be4537e82088b49eee0e6280e4ed29dcf8c31ca1e9ddeecfb30a7460fe734	1:ldf frri	eor::bakq | eor::eh			0	shape-known	C	Locate client feature and capture a journey.
Game	iwg	ee9ebe52e7502acacbd4451fb3c66900406dbfbcb796b0b6e569ea5c31bfcb15	1:optional string frrm; 2:int32 frro				0	shape-known	C	Locate client feature and capture a journey.
Game	iwi	34b0db153cf99edc179b9bd70dd00960110b11ff2c732c1d5d578545ea52ded0	1:int32 frrs; 2:iwg frrt; 3:int32 frru	eoe::baez | eoe::bafd | eon::bait | eor::bakr	eon (toca a 10 mensajes): SendLeaderPositionEventWhenReady		0	shape-known	C	Locate client feature and capture a journey.
Game	iwj	d21ac5a8f41815bca6998c31456dd36293d25ccd562aa9e175c9b4ce16f7e1d4	1:repeated ldf frry	ehl+<WaitProcessMapComplementaryInfo>d__31::MoveNext | ehl::mwq | ehl::xxt | eor::bakp	ehl (toca a 25 mensajes): WaitForAddingObject, WaitForDroppingObjects, WaitProcessMapComplementaryInfo		0	shape-known	C	Locate client feature and capture a journey.
Game	iwm	1cf723d61706d24410f78df3958fdcc0005319049cca69a08f9d528a78b38e04	1:iwk frsc; 2:int32 frsd; 3:lev frse	eoe::baey | eor::bakl | eor::irx | eor::kzq			0	shape-known	C	Locate client feature and capture a journey.
Game	iwn	ca69bc76c9e49daa0923a04d71f120689437c1ff367d4265f8032f4395af77d3	1:bool frsi; 2:int32 frsj; 3:int32 frsk; 4:int32 frsl; 5:int64 frsm	ehl+<WaitProcessMapComplementaryInfo>d__31::MoveNext | ehl::dfl | ehl::hzl | ehl::jox	ehl (toca a 25 mensajes): WaitForAddingObject, WaitForDroppingObjects, WaitProcessMapComplementaryInfo | eon (toca a 10 mensajes): SendLeaderPositionEventWhenReady	S2C/push	3	shape-known	C	Verify the send against a client observation; no handler is inferred.
Game	iwo	289fb051b29029c044871b391afb8fdd0ef5b1c1951893aad3c728392963da03	1:int32 frsq; 2:int32 frsr; 3:optional int32 frss	eaa::AuctionHouse | eoo+<ActivateSkill>d__69::MoveNext | eaa::uoq | eaa::uor	eaa (toca a 8 mensajes): AuctionHouse, AuctionHouseTab, GrimoireTab, EncyclopediaTab, EstateAgencyTab | eoo+<ActivateSkill>d__69 (toca sólo a éste): skillInstanceId, additionalParam	C2S/dispatch, C2S/read	2	mapped	C	Replay and verify validation, persistence and S2C ordering.
Game	iwp	7e88f627d16be56610ec40e4d9e759c76db1abb3ada7ae60cac02718fed7f236	1:repeated lev frsx; 2:string frsy	ehl+<WaitProcessMapComplementaryInfo>d__31::MoveNext | ehl::mwq | ehl::xxt | eor::bakk	ehl (toca a 25 mensajes): WaitForAddingObject, WaitForDroppingObjects, WaitProcessMapComplementaryInfo		0	shape-known	C	Locate client feature and capture a journey.
Game	iwq	10650911cb9116bb2e8d2567781a0c3b10065667a4fb73359c327cb10cae08fb	1:int32 frtc; 2:int32 frtd; 3:int32 frte; 4:repeated string frtf	eoe::baez | eoh::bagg | eoh::cjv | eoh::dtg	eon (toca a 10 mensajes): SendLeaderPositionEventWhenReady		0	shape-known	C	Locate client feature and capture a journey.
Game	iwt	b9e562c2264e2c0c58793021d02e5669b7e0355ab50e07115a41431867da8f2f		efs::cpf | efs::cvl | efs::flw | efs::kud			0	shape-known	C	Locate client feature and capture a journey.
Game	iww	e27543bf8942c5b28c1e6215b0c16ea2121adb9aa4155897d1164fa7f2e48982	1:optional int32 frtn; 2:optional int32 frtp; 3:repeated izi frtr; 4:optional int32 frts; 5:optional int32 frtu; 6:map<int32, int64> frtw; 7:iwu frtx; 8:optional int32 frty; 9:int32 frua; 10:int32 frub; 11:optional bool fruc	Core.UILogic.InfiniteDream.InfiniteDreamMapInfo::GetFloors | Core.UILogic.InfiniteDream.InfiniteDreamMapInfo::.ctor | eft::xhm | eft::biw	Core.UILogic.InfiniteDream.InfiniteDreamMapInfo (toca a 2 mensajes): isResult, ProcessCurrentInfo, GetCurrentRoomInfo, GetFloors, IsInFightRoom, GetAvailableRoomType, IsInCurrentPath, RootRoomId, currentFloor, currentRoomInfo, currentRoom, AvailableRoomType		0	shape-known	B	Locate client feature and capture a journey.
Game	ixa	0ce779b4fc6e9a7f5afd3ea5f7a3ec2e956e091a4eba48ae00e9cb76bf0abe64	1:iwx fruh; 2:iwy frui				0	shape-known	C	Locate client feature and capture a journey.
Game	ixc	6525d9ac02d32da794914c577f7962cef0557106580fa6e5cb1e129530f4662a	1:int32 frum	efs::djw | efs::ezc | efs::mfg | efs::xgr			0	shape-known	C	Locate client feature and capture a journey.
Game	ixd	9d3cb3bf8193403363e6fccda4f6f8aa6ad87b1372742903236dfddc4c7e9f83	1:optional string fruq; 2:bool frus; 3:int32 frut; 4:int32 fruu	efs::djw | efs::ezc | efs::mfg | efs::xgr			0	shape-known	C	Locate client feature and capture a journey.
Game	ixf	1f390962aedd0f7548aaa56ef77b79f4e99ec3c6afde94777353f928f570830c	3:ixc fruy; 1:ixd fruz; 2:ixc frva	efs::djw | efs::ezc | efs::mfg | efs::xgr			0	shape-known	C	Locate client feature and capture a journey.
Game	ixg	59129516388bbd314c112597ea0870c5dedd18c18df34065be9552dcb66bb001		eft::xhn			0	shape-known	C	Locate client feature and capture a journey.
Game	ixh	30b8795544dabd4b2363ba1973917e7d680ba7d06a9c4d8ea914041d43cb6c05					0	shape-known	C	Locate client feature and capture a journey.
Game	ixj	50d72c8db0cfc1bd2595734582ce8709c135f53d9765ae708ad6c9cde7c626a4	1:string frvl; 2:lba frvm; 3:int64 frvn; 4:int32 frvo; 5:int32 frvp; 6:ixh frvq				0	shape-known	C	Locate client feature and capture a journey.
Game	ixk	abaa27552bfc85ceac4cab369de586ed00827ce2b6b5bd7ff9cf4a4557d9d350	1:bool frvu	ffl::becm | ffl::becn | ffl::beco			0	shape-known	C	Locate client feature and capture a journey.
Game	ixl	ed334611dafeddb17904ae32a4b7800122c86ec284d0b5253673dff92fa9b2a4	1:int32 frvy; 2:int32 frvz; 3:int32 frwa; 4:int32 frwb; 5:int32 frwc; 6:int32 frwd; 7:optional string frwe; 8:int32 frwg	Core.UILogic.InfiniteDream.InfiniteDreamEndFightUI::OnInfiniteDreamEndFightUpdate | bxy::.ctor | bxy::tas | eft::fto	Core.UILogic.InfiniteDream.InfiniteDreamEndFightUI (toca sólo a éste): m_canTakeFocus, ResetUI, OnInfiniteDreamEndFightUpdate, OnMouseDown, OnMouseMove, OnMouseUp, OnMouseOut, SavePos, m_infiniteDreamService, InfiniteWaveCount, DragLimit, WinTextColorClass		0	shape-known	B	Locate client feature and capture a journey.
Game	ixm	ab9153bfaf2aa399bcbfbf9f3da13fc5977d606d9a97a9376f6c3b3a383dc5ab		eft::biv | eft::ckp | eft::dxr | eft::ifw			0	shape-known	C	Locate client feature and capture a journey.
Game	ixn	a5dc60a35ad3d9f9d43e7cc45764a6785be107356e8267032129550cc87952c5	1:string frwn	Core.UILogic.InfiniteDream.InfiniteDreamMap+<>c__DisplayClass31_0::<DisplayMap>b__0 | Core.UILogic.InfiniteDream.InfiniteDreamMap::OnRoomClick	Core.UILogic.InfiniteDream.InfiniteDreamMap+<>c__DisplayClass31_0 (toca sólo a éste): DisplayMap, roomData | Core.UILogic.InfiniteDream.InfiniteDreamMap (toca sólo a éste): m_appearEffects, OnRoomClick, SwitchMap, m_canTakeFocus, closeWithEscape, m_isCenteredByDefault, GetOrCreateRoad, GetOrCreateRoom, GetLineVisualElement, RefreshDisplay, PrepareDisplayData, DisplayMap		0	shape-known	B	Locate client feature and capture a journey.
Game	ixq	3866f2f3831545ee1cc660a4ec63097c67de025e83221bb8a48161f6ccd12d82	1:ixo frwr; 2:optional int64 frws	efs::xgv			0	shape-known	C	Locate client feature and capture a journey.
Game	ixu	e0afeb1adc7d1acd3c322a87c03ccea0b38645fa35e41a4ed6d30eab262a380b	1:string frwx; 2:ixr frwy; 3:ixs frwz	eft::iyh | eft::mtt | eft::nxj | eft::xhp			0	shape-known	C	Locate client feature and capture a journey.
Game	ixw	b05ef2462357494b1128ce3a6f9707a9bbda47b436a33c532519ef40b71effc5	1:repeated ixy frxd; 2:int32 frxe; 3:int32 frxf				0	shape-known	C	Locate client feature and capture a journey.
Game	ixx	6fb1a61fc6d1f4ff8e93479e1f5cd0b0ccd99282bae8fb0899fffd8fa4b02c67	1:string frxj; 2:iws frxk				0	shape-known	C	Locate client feature and capture a journey.
Game	ixy	6c3da475fd58f5a464adc577f065f1e087f460aa988843e254a212f8812b9586	1:ixj frxo; 2:optional string frxp; 3:ixj frxr; 4:int32 frxs				0	shape-known	C	Locate client feature and capture a journey.
Game	iya	0883e0117572a4f93b2013dc25744a46b243396bf955c62ce9e95e48a9d178e6	1:int32 frxw; 2:int32 frxx; 3:int32 frxy; 4:int32 frxz; 5:string frya; 6:repeated iyw fryb; 7:repeated izi fryc; 8:optional int32 fryd; 9:bool fryf; 10:int32 fryg; 11:int32 fryh; 12:int32 fryi; 13:int32 fryj; 15:int32 fryk; 16:int64 fryl; 17:ixj frym; 14:ixw fryn; 18:ixx fryo	eft::cha | eft::f | eft::xhd		S2C/push	1	shape-known	C	Verify the send against a client observation; no handler is inferred.
Game	iyb	c0e68a8cf4a0f16bab54f6b41d84090c0b32d56190fcab90e23c77d5b1b1423c	1:bool fryt				0	shape-known	C	Locate client feature and capture a journey.
Game	iyc	4511da60e6386b240c0c0412ce014c17d33d9f453a406ea7a631755ea44ac810		ehj::xwh			0	shape-known	C	Locate client feature and capture a journey.
Game	iyd	6a65d63ed30cd326601da2a3a07eafb50ad832a56ad676cc761ec0eaf0ca4c41	1:string frza; 2:int32 frzb	ffl::bebx			0	shape-known	C	Locate client feature and capture a journey.
Game	iyh	0bf67237be04fda52ded4f09d2dabca6339328a127c4e382a5848fc7bf14be08	1:int32 frzf; 2:int32 frzg; 3:string frzh; 4:int32 frzi; 5:optional string frzj; 6:iws frzl; 7:repeated izi frzm; 8:int32 frzn; 9:iyf frzo; 10:int32 frzp; 11:bool frzq; 12:optional int32 frzr; 13:int32 frzt; 14:bool frzu; 15:bool frzv; 16:string frzw; 17:repeated iyw frzx	eft::bww | eft::evx | eft::kow | eft::lfc			0	shape-known	C	Locate client feature and capture a journey.
Game	iyj	e1139fa5f0bbfff9a088788a7d91f3a8fcf0ee23a4370a9eb25c9288daedf64e	1:iyh fsab; 2:iye fsac	eft::bww | eft::evx | eft::kow | eft::lfc			0	shape-known	C	Locate client feature and capture a journey.
Game	iyk	92c8e55c4117bf7b64c208dd7d83ba46dc0fb77c1344d3806fd98a60d42a3963	1:repeated int64 fsag; 2:optional string fsah; 3:repeated int64 fsaj; 4:bool fsak; 5:optional string fsal; 6:repeated bool fsan; 7:bool fsao				0	shape-known	C	Locate client feature and capture a journey.
Game	iym	bc153db00f6b9b66da06911e0b48115c5379aa21aa73e42133fb01ef7bfd913a	1:int32 fsas; 2:iyk fsat	efs::xgs			0	shape-known	C	Locate client feature and capture a journey.
Game	iyr	bfa3faf0e1662019adcaee26566f6c6b904644baf8d654feb32ebd10f751861e	1:int32 fsax; 2:iyp fsay; 3:int32 fsaz; 4:iww fsba; 5:iyo fsbb; 6:int32 fsbc; 7:optional iyn fsbd	Core.UILogic.InfiniteDream.InfiniteDreamMapInfo::GetFloors | Core.UILogic.InfiniteDream.InfiniteDreamMapInfo::.ctor | eft::biw | eft::bww	Core.UILogic.InfiniteDream.InfiniteDreamMapInfo (toca a 2 mensajes): isResult, ProcessCurrentInfo, GetCurrentRoomInfo, GetFloors, IsInFightRoom, GetAvailableRoomType, IsInCurrentPath, RootRoomId, currentFloor, currentRoomInfo, currentRoom, AvailableRoomType		0	shape-known	B	Locate client feature and capture a journey.
Game	iyu	2b33679f066cfd77af17301c525265951af8904a586579d85a9953d802b71bc0	1:repeated string fsbi; 2:iys fsbj				0	shape-known	C	Locate client feature and capture a journey.
Game	iyw	2171754d16bd17bd9a595c371444182b4051307dd5e2e7692dd04ef902436a37	1:map<string, iyr> fsbn; 2:iws fsbo; 3:repeated string fsbp; 4:map<string, iyu> fsbq				0	shape-known	C	Locate client feature and capture a journey.
Game	iyx	3cdbd068e37eacbe905cd931a29712b019f82e999c2b2213c2f99f23b9fe937a		efs::ipu | efs::lta | efs::mrc | efs::xgu			0	shape-known	C	Locate client feature and capture a journey.
Game	izb	acc5821893e44031ec585e344f924356abd900f1826b112c84a5849af73c7f4e	1:optional int64 fsbx; 2:repeated int32 fsbz; 3:map<int64, bool> fsca; 4:optional int64 fscb; 5:string fscd; 6:repeated int32 fsce; 7:int64 fscf; 8:repeated int64 fscg				0	shape-known	C	Locate client feature and capture a journey.
Game	izd	ea2c749d58ca488ef49f883b3f34936fa4bad28b5678426d59dbb61c25abad15	1:string fsck; 2:int64 fscl; 3:izb fscm; 4:iyz fscn; 5:iza fsco	eft::jfe | eft::jjp | eft::nwt | eft::xhi			0	shape-known	C	Locate client feature and capture a journey.
Game	ize	b65660e813ff35b6580e8e957c217ec5f3edc57cb73193e3214dd6a9c3fa7755	1:int32 fscs; 2:int32 fsct; 3:int32 fscu; 4:iyy fscv; 5:map<int32, int32> fscw				0	shape-known	C	Locate client feature and capture a journey.
Game	izg	d1869e92a0f794ed88fc60bb4382eeca80af0b7b74546033decd856e2382d94b	1:ixj fsda; 2:int32 fsdb; 3:repeated ize fsdc; 4:repeated izd fsdd; 5:repeated ixj fsde; 6:repeated iww fsdf; 7:int32 fsdg; 8:int32 fsdh; 9:optional string fsdi; 10:optional int32 fsdk; 11:int32 fsdm; 12:iws fsdn; 13:string fsdo; 14:int32 fsdp; 15:repeated izi fsdq; 16:repeated iyw fsdr; 17:int32 fsds; 18:bool fsdt; 19:bool fsdu; 20:int32 fsdv; 21:bool fsdw; 22:int32 fsdx; 23:bool fsdy	eft::biw | eft::ddx | eft::eqe | eft::fwf			0	shape-known	C	Locate client feature and capture a journey.
Game	izh	7377f4a15512dfd8892e4159b873d83cd0186eb02b33ee75c3f3f0bcc2a57b31		efs::ekb | efs::gbp | efs::goj | efs::llk		S2C/push	1	shape-known	C	Verify the send against a client observation; no handler is inferred.
Game	izi	0c733223999abd6cc81cc8866c6f69c0ce7d84863501515e85250943f828f624	1:lng fsef; 2:int32 fseg; 3:int32 fseh				0	shape-known	C	Locate client feature and capture a journey.
Game	izj	cb0ccdcfa8f9d489ddf06df500c99bf29e898fb40514ea183c43c65388adc7ef	1:bool fsel; 2:bool fsem	eft::edf | eft::xhr			0	shape-known	C	Locate client feature and capture a journey.
Game	izk	3872c22e5fece4874cfc5424bab7c4a41ab1213372a091d4373adf3fe870fe1c	1:map<int32, int64> fseq; 2:repeated int64 fser; 3:map<bool, string> fses; 4:repeated int64 fset; 5:repeated string fseu; 6:repeated string fsev; 7:string fsew; 8:bool fsex				0	shape-known	C	Locate client feature and capture a journey.
Game	izm	ae18a5c43956506c3e590328d2ed123fc437139c0ce32fb9dd94228d1136092a	1:string fsfb; 2:int32 fsfc; 3:int32 fsfd; 4:izk fsfe; 5:float fsff				0	shape-known	C	Locate client feature and capture a journey.
Game	izo	a685518496534b66553b507d9443cd8487206c940a1bc515c285250a2768758b	1:bool fsfj; 2:repeated izm fsfk	eft::gmh | eft::ogw | eft::xho			0	shape-known	C	Locate client feature and capture a journey.
Game	izq	d69d580c5add8d33be0dbf68e7a99effdb5884c05767b80e32ff76bde0e36752	1:string fsfp	equ::bbnr | equ::exv | equ::izr | equ::mvt			0	shape-known	C	Locate client feature and capture a journey.
Game	izr	f6fac6246ec8748c2f4e56e2b4205015ab2573f93baac12880607d69540b25ea	1:lnx fsft; 2:lnx fsfu	eqx::bboc			0	shape-known	C	Locate client feature and capture a journey.
Game	izs	eb3c0994a3e4fee3cb5b7f5b060f3ee949e76c37dea57062e71f9f4111f6d994	1:bool fsfy; 2:string fsfz; 3:int32 fsga				0	shape-known	C	Locate client feature and capture a journey.
Game	izu	b321232673a9dd6b280d36a1e6321225cd64cef74183e9bcc41ccde858b1a1c8	1:string fsge; 2:string fsgf; 3:int32 fsgg; 4:bool fsgh; 5:string fsgi; 6:int64 fsgj; 7:izs fsgk; 8:int32 fsgl	eqx::bbof | eqx::bhg | eqx::eqw | eqx::ltt		S2C/push	1	shape-known	C	Verify the send against a client observation; no handler is inferred.
Game	izv	387ea2cd20f8310fd5dd9896319c59b68d27cdf216c61028cfaef62864880d06	1:int64 fsgp; 2:int32 fsgq	frx::bicn | frx::dxu | frx::jxq | frx::koi			0	shape-known	C	Locate client feature and capture a journey.
Game	izw	b2654a8922af04cb0e5df9faa3c27e420b00b4f829678c39e72fdcfa26adb7e3	1:string fsgu; 2:int32 fsgv; 3:lfe fsgw; 4:bool fsgx; 5:int64 fsgy; 6:int32 fsgz; 7:string fsha; 8:int32 fshb; 9:bool fshc; 10:bool fshd; 11:int32 fshe; 12:string fshf; 13:repeated int32 fshg; 14:int32 fshh	cd::mpq | erh::bbsj			0	shape-known	C	Locate client feature and capture a journey.
Game	izy	db7b03535f249d7ac8b8d7087b16507dc2a61d00354e4eceece93de626779cb7	1:repeated izw fshl; 2:int32 fshm; 3:int32 fshn	erh::bbsj			0	shape-known	C	Locate client feature and capture a journey.
Game	izz	5bfdfbe3b9cd1406fa5c2073afddc9de744ba82056ffce972712151274df3f90	1:lnx fshr; 2:int32 fshs; 3:repeated int32 fsht	ehl::bmw | ehl::gnw | ehl::ljm | ehl::xxb	ehl (toca a 25 mensajes): WaitForAddingObject, WaitForDroppingObjects, WaitProcessMapComplementaryInfo		0	shape-known	C	Locate client feature and capture a journey.
Game	jaa	58068728b4dd9f08e28156ae004e75335bc15e6d2ef8460ad7b9b8e7389f2a6e	1:repeated lpx fshx	eqx::bboa | eqx::cns | eqx::eiy | eqx::vg		C2S/read	1	mapped	C	Replay and verify validation, persistence and S2C ordering.
Game	jab	95d286046b727f67dc8b6b758266bbb60c11b3ffa47350d914e7a40256d52d05	1:int32 fsib; 2:int32 fsic	ffr::befd | fhf::bezt | fhf::jsa | fhf::ndm	ffr (toca a 54 mensajes): DisposePendingClaimBoostRequests		0	shape-known	C	Locate client feature and capture a journey.
Game	jac	3fe9101e8aab8153f4d85c37647556be6a4bda35aa65e88849da269bd1182eb1	1:int32 fsig; 2:int32 fsih; 3:bool fsii; 4:string fsij	eqx::bbod | eqx::gad | eqx::hsi | eqx::jnx			0	shape-known	C	Locate client feature and capture a journey.
Game	jad	88af56eb1172b73bdbc321402a4728783db51179c172361d37e4427de5b25b6e	1:int64 fsin	equ::bbnp			0	shape-known	C	Locate client feature and capture a journey.
Game	jae	c5258d2b8bd14149c51465774555c4591e094356c83c887dff4e6ea6382d6e25	1:int64 fsir; 2:int32 fsis; 3:int32 fsit; 4:bool fsiu; 5:bool fsiv				0	shape-known	C	Locate client feature and capture a journey.
Game	jag	7f46d0365f31674a61d1a084fd5e2e20aa6f8f440950c9da01801704367530d6	1:int32 fsiz; 2:int64 fsja; 3:int64 fsjb; 4:optional int64 fsjc; 5:repeated bool fsje				0	shape-known	C	Locate client feature and capture a journey.
Game	jai	f63a432b92d6ebab4d1f0e16539093d614b8c36056f25474a0989723f7405751	1:jag fsji; 2:jaf fsjj; 3:int32 fsjk; 4:int32 fsjl	equ::bbnn | equ::cst | equ::cxz | equ::eoi			0	shape-known	C	Locate client feature and capture a journey.
Game	jaj	a2d98acef6b6921a45355a6a8f03bbb1567c420cbab7eaabbf31f354fa0842ab	1:int64 fsjp; 2:int32 fsjq; 3:int32 fsjr; 4:int32 fsjs; 5:int32 fsjt; 6:lcb fsju	erf::bbsf			0	shape-known	C	Locate client feature and capture a journey.
Game	jak	57dfaf6e4b8e0512fab19b9a45bdef3d7d2df90d85e1cc3ac357031fad1ff375	1:int32 fsjy; 2:les fsjz; 3:int32 fska; 4:int32 fskb; 5:bool fskc; 6:bool fskd; 7:repeated string fske	eqx::bboe | eqx::dwi | eqx::jkd			0	shape-known	C	Locate client feature and capture a journey.
Game	jal	09d180a4c012926c3aa8cc113084d15d1c31ccf5a8ab76b41b44584b837120b6	1:int64 fski	equ::bbnk			0	shape-known	C	Locate client feature and capture a journey.
Game	jam	14d6f2580505e730394ec592b3889b01a8a036a8435191de4284eee3002d4388	1:int32 fskm	erf::bbsh			0	shape-known	C	Locate client feature and capture a journey.
Game	jan	5ba8c45c4eff9ab700fcf2d974fccf3504eb93b86be8990e62ce6c38ea43d886	1:int64 fskq; 2:int32 fskr; 3:bool fsks; 4:bool fskt	equ::bbnl | equ::bbnm | equ::ekx | equ::jle			0	shape-known	C	Locate client feature and capture a journey.
Game	jao	c63b00688ef0d80ec76343170a011e206f87b76f2de8239fa9aadb57f4cd44c2	1:bool fskx; 2:int32 fsky; 3:int32 fskz; 4:int32 fsla	equ::bbno | equ::bml | equ::ci | equ::jpi			0	shape-known	C	Locate client feature and capture a journey.
Game	jaq	fafe4ed2955ac3bdba070022e295c3eb0c2908a9659aff405567884b0f9d0ae2		ere::bbrx | erb::bbpz | erb::ddf | erb::ivp			0	shape-known	C	Locate client feature and capture a journey.
Game	jar	c215728f331621ffa70953bafc92627dd2430db9c14212bb6b917b7c59bbb076	1:int32 fsli; 2:int32 fslj; 3:int32 fslk	Core.Services.Roleplay.HavenbagService.HavenbagPackedInfos::bbqw | erd+<OnWaitHavenBagFurnituresEvent>d__18::MoveNext | ce::hee | ce::lvs	Core.Services.Roleplay.HavenbagService.HavenbagPackedInfos (toca sólo a éste): furnitureTypeIds, furnitureCellIds, furnitureOrientations | erd (toca a 6 mensajes, y a éste sólo de refilón, a 1 salto): OnWaitHavenBagFurnituresEvent		0	shape-known	C	Locate client feature and capture a journey.
Game	jas	2a30bf6f21c7fc3f2dc23f83f65222505da4e465c573261331ccc4e909cfbee7	1:repeated string fslo; 2:bool fslp	fhf::bezw | fhf::egd | fhf::iec | fhf::jau			0	shape-known	C	Locate client feature and capture a journey.
Game	jat	f8f1b614a57a7da8b8bbcff44a04a467dea22ce4e8cf9eb16ae350e75731e5e8	1:lpg fslt; 2:bool fslu	fhk::bfbq | fhk::diq | fhk::gim | fhk::knz			0	shape-known	C	Locate client feature and capture a journey.
Game	jau	c72d3e96ff65872e0060ab191d023367af5773ba148e729ff37f9f1fbed10b40	1:int32 fsly; 2:int32 fslz	erb::bbqa | erb::kfh			0	shape-known	C	Locate client feature and capture a journey.
Game	jav	6a4cef4d4c498eae035c7462cfc4c95e177de1933cc5987509fde6f6bd23e693	1:repeated int64 fsmd	ere::bbro | erb::bbqe | erb::hjk | erb::igg		C2S/dispatch	2	mapped	C	Replay and verify validation, persistence and S2C ordering.
Game	jaw	cf65cf928b5e71bcd3e6cefda3441048c240f0b83e97deda28653404e27fef39		ere::bbrx | ere::bbry | ere::fpq | ere::hit		C2S/dispatch	2	mapped	C	Replay and verify validation, persistence and S2C ordering.
Game	jax	34ce334bbf6f305bc9c7efba5d7830bcb1bcbfaa2020b909a2b9951600925286	1:lpg fsmk; 2:lpg fsml	fhk::bfbr | fhk::cdy | fhk::cz | fhk::ibx			0	shape-known	C	Locate client feature and capture a journey.
Game	jay	3693b964a4612b63356e5f01dc68ad9dbe5961b2f6adb727bcd3f728f3e6c2ca	1:int64 fsmp; 2:int64 fsmq	fhf::bezv | fhf::ewh | fhf::imi | fhf::kpc			0	shape-known	C	Locate client feature and capture a journey.
Game	jaz	2e8ea7083e21953fb28de040f72c0bff0b4f7ebdd3a5c0d9c430589c3f10fd25	1:int32 fsmu	erd::bbqn | erd::ebf | erd::grb | erd::ktn	erd (toca a 6 mensajes): OnWaitHavenBagFurnituresEvent	S2C/push	1	shape-known	C	Verify the send against a client observation; no handler is inferred.
Game	jba	0ac95666d930409f608703c6014ebc20ec9040514e08cc086368a5521a63d222		erd::bbqr | erd::ctg | erd::fhr | erd::fzw	erd (toca a 6 mensajes): OnWaitHavenBagFurnituresEvent	S2C/push	1	shape-known	C	Verify the send against a client observation; no handler is inferred.
Game	jbb	e09ad9b68258f2a0b19f4406546855f3420f1a360b258eaec9441f558d145dc4	1:int64 fsnb; 2:int64 fsnc; 3:int64 fsnd	fhf::bezv | fhf::ewh | fhf::imi | fhf::kpc			0	shape-known	C	Locate client feature and capture a journey.
Game	jbd	95c5555b6a391d8b60972bab39a0babedf96b672203d5562d8b353a71fbd807e	1:int32 fsnh; 2:int32 fsni	bc::.ctor | egx::dtk | egx::flk | egx::kqm			0	shape-known	C	Locate client feature and capture a journey.
Game	jbf	af98c6eca24b4e01d00019488791801f9a33395e61c430226ed5e451b0eb13ca	1:repeated jbd fsnm; 2:jbc fsnn	egx::dtk | egx::flk | egx::kqm | egx::xsa			0	shape-known	C	Locate client feature and capture a journey.
Game	jbg	6f511795b88809c045366ca109b04906e4cdfd6358e7265d643315fa3d065b30	1:repeated bool fsnr; 2:repeated jar fsns; 3:repeated jar fsnt	ere::bbro | erb::bbqe | erb::hjk | erb::igg		C2S/dispatch, C2S/read	2	mapped	C	Replay and verify validation, persistence and S2C ordering.
Game	jbh	89f6faede92e21b341450a76d3c0cd3d3a9c510e864cce755479e54e2a76f30b	1:lpg fsnx; 2:int64 fsny	fhk::bfbp | fhk::nhs			0	shape-known	C	Locate client feature and capture a journey.
Game	jbk	bb7c7175561cfba8bf8d7d74d4ae51783831fcf9ab46a5f9009c9c6e4d6e9a2c	1:optional bool fsoc; 2:jbi fsoe	ere::bbro | erb::bbqe | erb::hjk | erb::igg		C2S/dispatch	2	mapped	C	Replay and verify validation, persistence and S2C ordering.
Game	jbl	efea239eee97483a1998cedbb774c2cd8341b50f36ab84b701a10c60489a2ab8	1:int32 fsoi; 2:string fsoj	erb::bbqb | erb::kni | erb::nwy | erb::ote		C2S/dispatch, C2S/read	2	mapped	C	Replay and verify validation, persistence and S2C ordering.
Game	jbm	d604399c3220429dbd016d43d670fc5c7df1d35f6a9b131c206a8d959e80980d		erd::bbqs	erd (toca a 6 mensajes): OnWaitHavenBagFurnituresEvent	S2C/push	1	shape-known	C	Verify the send against a client observation; no handler is inferred.
Game	jbn	992181a91a85bb31a593dad6c1fc4ed26dc43804982468fc9cea6e7719a461f4	1:int64 fsoq; 2:int64 fsor	eoy::banm | eoy::kgq	eoy (toca a 12 mensajes): ClickOrientation	C2S/dispatch, C2S/read	2	mapped	C	Replay and verify validation, persistence and S2C ordering.
Game	jbo	66afb77946cae8852059e689e53289b9bedbffce125a99271177dc50abd3dca1	1:repeated int32 fsov	egx::jbt | egx::xrz			0	shape-known	C	Locate client feature and capture a journey.
Game	jbq	14c2fe7a5e5130d296282ec6008f250bcf3b44229b0fe0a3f67e5ddb994ffc7f	1:int32 fsoz; 2:int32 fspa; 3:string fspb; 4:int64 fspc; 5:map<string, int32> fspd; 6:map<bool, string> fspe				0	shape-known	C	Locate client feature and capture a journey.
Game	jbs	33b2eb0f8a3750aee08e619262b57addf71c1611a0027f4883c97b0207a286f6	1:jbq fspi; 2:optional int64 fspj; 3:jbp fspl	erd+erc::bbqi | erd+erc::fhz | erd+erc::ojm | erd::bbqj	erd (toca a 6 mensajes): OnWaitHavenBagFurnituresEvent	S2C/push	1	shape-known	C	Verify the send against a client observation; no handler is inferred.
Game	jbt	1a75e2e6488d2f69d8b7b4f6b7b471b520873c528458dc90ae23ce4ec8e04b8a	1:int32 fspp	ere::bbrl | ere::dpg | ere::npl | erb::bbqc			0	shape-known	C	Locate client feature and capture a journey.
Game	jbu	e7ced229bcad457521d466a76e4f88ba2a4fb7645d5279ca9e3736950ec46e60	1:repeated jar fspt	erd+<OnWaitHavenBagFurnituresEvent>d__18::MoveNext | erd::bbqo | erd::bbqp | erd::bbqq	erd (toca a 6 mensajes): OnWaitHavenBagFurnituresEvent	S2C/push	1	shape-known	C	Verify the send against a client observation; no handler is inferred.
Game	jbv	f2dbe4cfdab1791f4cbdcaf35739af5e03deab294198ebb6d66993bf13b74c62		erb::bbqh | erb::eih | erb::jhr | erb::kkd		C2S/dispatch	2	mapped	C	Replay and verify validation, persistence and S2C ordering.
Game	jbx	09f0f88694b3c0be6dbb813434dd0ff6dddbd97b48b671e2f86eee5c1babba26		ebg::fpp | ebg::fys | ebg::gmi | ebg::uyt			0	shape-known	C	Locate client feature and capture a journey.
Game	jby	4c544318cafd35c5673a93f9bc044d626fe8c159742f4f5ccbb9e84e07a3b399	1:string fsqe	ebg::mmd | ebg::nyf | ebg::uyu			0	shape-known	C	Locate client feature and capture a journey.
Game	jbz	ba148e61616dab3b007c1d76e97f0d2135576cb26f2cd8e8eab2f39520bf6955	1:int64 fsqi				0	shape-known	C	Locate client feature and capture a journey.
Game	jca	54bfe4e97457bf8702d8c331b2e73d28c582f1973f9ae1ea6d17ca01bae56feb	1:string fsqm; 2:string fsqn				0	shape-known	C	Locate client feature and capture a journey.
Game	jcc	d283572b934946615e55e2e8c335c51b0d1c791f5620961705bdf84a16ca689f	1:optional int64 fsqs; 2:lfy fsqu	ffr::beep | ffr::kmg | ffr::oua	ffr (toca a 54 mensajes): DisposePendingClaimBoostRequests		0	shape-known	C	Locate client feature and capture a journey.
Game	jcf	289111cc1e6b6c6b29bec1092e5e51aefb2d1c3fa4f9fb18110f9550bb0f58f2	1:jcd fsqy	fft::bego | fft::bos			0	shape-known	C	Locate client feature and capture a journey.
Game	jci	3d39ce7a9527dfa8fb714338ce9d25daf85a94b178f6897b5f8ff5466b92e1ba	1:map<bool, bool> fsrc; 2:lfy fsrd; 3:jcg fsre	fft::begs			0	shape-known	C	Locate client feature and capture a journey.
Game	jck	d42c883b0143d7dfeb38534878aa7a3686e54258652349c39805a48d412fe5b6	1:repeated int32 fsrj; 2:int32 fsrk	ffr::bau | ffr::bedz | ffr::dy | ffr::foj	ffr (toca a 54 mensajes): DisposePendingClaimBoostRequests		0	shape-known	C	Locate client feature and capture a journey.
Game	jcl	b83f5f9191a2f6b8ceeb653c7332d6c36e3cb33c287ccb0731102467f469ce58	1:int64 fsro; 2:int32 fsrp; 3:optional string fsrq; 4:optional bool fsrs; 5:repeated int32 fsru				0	shape-known	C	Locate client feature and capture a journey.
Game	jcn	e2ca50f653415178d36952dd0796d7071f2a1daa8730c048de1eaf09ee3aadaf	1:int32 fsry; 2:int32 fsrz; 3:jcl fssa	ffr::beeb | ffr::cqb | ffr::mip	ffr (toca a 54 mensajes): DisposePendingClaimBoostRequests		0	shape-known	C	Locate client feature and capture a journey.
Game	jco	6ab7ffc0550bd41b3ed34b6eae26da77227072c98472ea1576f7faafaebe773d	1:repeated int64 fsse; 2:repeated ldt fssf	fft::bege			0	shape-known	C	Locate client feature and capture a journey.
Game	jcq	be18af0c3c7b8c294791ba719c2d799a0e828ac8c0ac7dae9035ea2b43c42103	1:int64 fssj; 2:repeated int32 fssk; 3:int64 fssl				0	shape-known	C	Locate client feature and capture a journey.
Game	jcs	617ac5b5742ed135923253b31c5c45c2828fb6e6f655817142f8c5714f1c6a41	1:jcq fssp; 2:jcp fssq	ffr::beec | ffr::djn | ffr::lbm	ffr (toca a 54 mensajes): DisposePendingClaimBoostRequests		0	shape-known	C	Locate client feature and capture a journey.
Game	jct	fcdabf85617fd679451cb6863c9e8bbe242c27cb3214cfe513b3c6b25b432995	1:ldt fssu	ffr::beea	ffr (toca a 54 mensajes): DisposePendingClaimBoostRequests	C2S/dispatch	1	mapped	C	Replay and verify validation, persistence and S2C ordering.
Game	jcu	165ca193bf16e8441cde74db5944eb9654cb79039db61e91e7e91e6b8af426f3	1:repeated ldt fssy	ffr::beee	ffr (toca a 54 mensajes): DisposePendingClaimBoostRequests		0	shape-known	C	Locate client feature and capture a journey.
Game	jcv	f2a4e69d305f0e1a4807f6de3cbcb8a326ac807483e738f8c16c55d90cb8afff	1:int32 fstc; 2:string fstd; 3:int32 fste; 4:string fstf; 5:int32 fstg	ffr::beed | ffr::ezn | ffr::mlo	ffr (toca a 54 mensajes): DisposePendingClaimBoostRequests		0	shape-known	C	Locate client feature and capture a journey.
Game	jcy	092c142ad080e1b06a521c09e317ac859ce181135f7e4e685f0d6d0cc73f043d	1:jgs fstl; 2:jfl fstm; 3:jdf fstn; 4:optional string fsto				0	shape-known	C	Locate client feature and capture a journey.
Game	jcz	f235af6ee1f960ef67cbb2653a22dde63976d26bb23eeb790591fe6a36c93016					0	shape-known	C	Locate client feature and capture a journey.
Game	jdb	90084c09e0a716f0333a78df2509182dceefd7284d0bbe7925136e401f32645d	3:repeated int32 fstw; 1:jcz fstx; 2:jcy fsty	fft::beid			0	shape-known	C	Locate client feature and capture a journey.
Game	jdc	1ed8dc3eb5db89ca0d848808da5a5ab5da08c718f273138e82a78e69a465fa47	1:jdx fsud	fft::beib | fft::ivq | fft::kh			0	shape-known	C	Locate client feature and capture a journey.
Game	jdf	2059da5cbca371ab90268bbc46558fdee4cd85321552962c1d6d02612eff9f3a	1:jdd fsuh; 2:repeated jdx fsui; 3:int32 fsuj; 4:repeated jdx fsuk				0	shape-known	C	Locate client feature and capture a journey.
Game	jdh	4e1b62c2fee77482c75639351986e99fd89616a3a278c2756a418f4636e0e059	1:jdx fsuo; 2:jdx fsup				0	shape-known	C	Locate client feature and capture a journey.
Game	jdi	cee81b57532820648def1632996ac9ca83ff901922c736376c549d197dbb28f5					0	shape-known	C	Locate client feature and capture a journey.
Game	jdk	2f29e1025bd38fa542fa623dbd942e18b5c688a8f66164ff107a0ffc080e2874	1:jdi fsuw; 2:jdh fsux	fft::beic | fft::duk | fft::nil			0	shape-known	C	Locate client feature and capture a journey.
Game	jdm	503be42342cbbe2f95dcecbd5102cd0602cdb6900d31284d827f6c86cbca33b2	1:int64 fsvc				0	shape-known	C	Locate client feature and capture a journey.
Game	jdp	edea6fe86b37b800a51f45746cafe26604c1b8bf9d75a56cc43d8e8312897c83	1:jdn fsvg; 2:string fsvh				0	shape-known	C	Locate client feature and capture a journey.
Game	jds	512c3f3d0f9471e546867faca4123d52ef73b7b68b2c5e60cd35e4b8fe97b811	1:jdq fsvl				0	shape-known	C	Locate client feature and capture a journey.
Game	jdu	95358ed25b4622ca4a9061751db2c2f9f81e680ddddbc399a6d6ff8833cb7a9c	4:int32 fsvp; 1:jds fsvq; 2:jdp fsvr; 3:jdm fsvs	iz::.ctor | ja::.ctor | jb::.ctor | jc::.ctor			0	shape-known	C	Locate client feature and capture a journey.
Game	jdv	f431db013a16a16f3cea5340547d41000372c3b43c20a32a3234402102c14510	1:bool fsvx; 2:string fsvy; 3:int32 fsvz; 4:string fswa; 5:int32 fswb; 6:bool fswc; 7:lba fswd; 8:int64 fswe	jh::.ctor			0	shape-known	C	Locate client feature and capture a journey.
Game	jdx	5781cdb94dd87c35e1f9b7bb4bf44b5b6edd61cf3fc05f9c699f979deab0024f	1:string fswi; 2:repeated jdv fswj; 3:int32 fswk; 4:jdu fswl; 5:string fswm	fft::beii | jk::.ctor | jk::ecs | jk::jdo			0	shape-known	C	Locate client feature and capture a journey.
Game	jdz	ccce0bae35d3568fb1f9cc55df5fc0098c391b2b60686c3c66c70c8dac317b69	1:repeated string fswq; 2:int64 fswr; 3:map<bool, bool> fsws; 4:repeated int32 fswt; 5:optional string fswu; 6:repeated bool fsww; 7:optional bool fswx; 8:bool fswz; 9:int64 fsxa				0	shape-known	C	Locate client feature and capture a journey.
Game	jea	0e42cf1509324766dbf05df455baa1c25683006a15466bf8c9701c6eaecb5e43	1:string fsxe; 2:bool fsxf; 3:jdx fsxg				0	shape-known	C	Locate client feature and capture a journey.
Game	jeb	0217639331750b57805e62a0f115aadfe56491424f5b46bf10e39194e053d5ba					0	shape-known	C	Locate client feature and capture a journey.
Game	jed	e3d3f9684c0a0d0097af760cef1ae95c161304797fd9f2f2623c92d7677e2704	1:jdz fsxn; 2:jea fsxo; 3:jeb fsxp	fft::beia			0	shape-known	C	Locate client feature and capture a journey.
Game	jef	5df870228fd767981027b887f74f4b5a6962440a0374d0382dccbfb3ce2afec3	1:jdf fsxu				0	shape-known	C	Locate client feature and capture a journey.
Game	jeg	877f24cfb408a0cb97ba45aa45667877567cadb16b51bf14ed71e27d6fce09fc					0	shape-known	C	Locate client feature and capture a journey.
Game	jei	c51916c6a08bd6f50f6f09957fbacf34b9c5e2cb5a41a06c954b5d5eb83ae332	2:repeated bool fsyb; 1:jef fsyc; 3:jeg fsyd	fft::behy | fft::ijy | fft::nsp			0	shape-known	C	Locate client feature and capture a journey.
Game	jej	2ce00c7ca8f1525b3107070dc3aa43882f25c9fda9ed1783113620821c5dcfa2	1:bool fsyi; 2:string fsyj	ffr::befp	ffr (toca a 54 mensajes): DisposePendingClaimBoostRequests		0	shape-known	C	Locate client feature and capture a journey.
Game	jek	a53c713181cbc90bbf8fe561aaa142f79935fca8a68dd5a7dbb5001e99fdeea9	1:repeated int32 fsyn; 2:map<bool, string> fsyo; 3:int32 fsyp; 4:string fsyq; 5:string fsyr; 6:optional int64 fsys; 7:int32 fsyu; 8:map<string, bool> fsyv				0	shape-known	C	Locate client feature and capture a journey.
Game	jem	99cb1f34163982b969cdf2c9e13dc51b3c9eb36b6686aead334f05fca6263fab	1:repeated int64 fsyz; 2:jdf fsza; 3:jek fszb	fft::bco | fft::behz | fft::cbv			0	shape-known	C	Locate client feature and capture a journey.
Game	jen	47e86d73ba97c5fc81729af7cb3110ab5443ee1bc71d93c509a1dff738e8079a	1:int32 fszf	fft::beig | fft::dtc | fft::jjb | fft::jku			0	shape-known	C	Locate client feature and capture a journey.
Game	jeo	e81712c2fb34bc76a56a8369ced7d081488b36e993a1c63e2ab6420c511a20d3	1:repeated string fszj; 2:map<bool, string> fszk; 3:optional bool fszl; 4:int64 fszn; 5:int32 fszo; 6:repeated int32 fszp; 7:int64 fszq; 8:int32 fszr; 9:string fszs				0	shape-known	C	Locate client feature and capture a journey.
Game	jeq	633be7f3e75c6dccddc59cf26416bb8f0b472699aff69d51daa2aaa5cb19cad1	1:jeo fszw; 2:string fszx	ffr::befo | ffr::lga	ffr (toca a 54 mensajes): DisposePendingClaimBoostRequests		0	shape-known	C	Locate client feature and capture a journey.
Game	jet	28a5a10d718db0b2f6a1e2960822b1bc150babeb7d9746512c91cfffbdad27b4	1:int32 ftab; 2:jer ftac; 3:int32 ftad; 4:jgs ftae	ffr::befq | ffr::ese | ffr::ftd | ffr::kvv	ffr (toca a 54 mensajes): DisposePendingClaimBoostRequests		0	shape-known	C	Locate client feature and capture a journey.
Game	jeu	c3cfc4a3b1fc69e7c85fe50b6e459aba02ff235ffb8ccfeb4f3fcad97ca2baa1		ffr::befn | ffr::cap | ffr::eul | ffr::ld	ffr (toca a 54 mensajes): DisposePendingClaimBoostRequests		0	shape-known	C	Locate client feature and capture a journey.
Game	jew	2a7d6b984aa55e2435bab9c76bae1e8e1284ed7ed2f3aa38b728e054af8b758f		ffr::befm | ffr::mcn | fgb::ruq	ffr (toca a 54 mensajes): DisposePendingClaimBoostRequests		0	shape-known	C	Locate client feature and capture a journey.
Game	jex	f708cbfc8b9ecffbdef8341a979482e7b7302b7e6e2c09f3f9a12de069ca5152	1:jfl ftap; 2:jfl ftaq	fft::behv | fft::mvh | fft::ts			0	shape-known	C	Locate client feature and capture a journey.
Game	jey	7f32e148b462cabddc195f8084269910017a7d1438c01e4725b38ce36e7bc9a4	1:int32 ftau	ffr::befl	ffr (toca a 54 mensajes): DisposePendingClaimBoostRequests		0	shape-known	C	Locate client feature and capture a journey.
Game	jez	9ffaebd4fe3572f45af73a91be26159b80b5bcb9857b4da842137b3eea46c363	1:string ftay	fft::behw | fft::dfi | fft::iot | fft::lle			0	shape-known	C	Locate client feature and capture a journey.
Game	jfb	fe3f2e89634398f7d2bcb74b5c21d5811a2e0f50e26bb319795c6969507bf0af	1:jfl ftbc				0	shape-known	C	Locate client feature and capture a journey.
Game	jfc	0b3a1cefc2983317bc511a68d10feac47e38a524762e834ca5af4f296aa07acd				C2S/dispatch, S2C/push	2	mapped	C	Replay and verify validation, persistence and S2C ordering.
Game	jfd	53914962a3ff0a6d6e9a7b5a0d011d7b137f25fb2cb78d69788e21cf9514eabb					0	shape-known	C	Locate client feature and capture a journey.
Game	jff	2c667786ba5c4d2bfc23288fa5f1a6b430c52c6d79e38729a971d3dc9a84619e	1:jfd ftbm; 2:jfb ftbn; 3:jfc ftbo	fft::behu | fft::bpo | fft::fwg | fft::kid			0	shape-known	C	Locate client feature and capture a journey.
Game	jfh	caabff891387483e99977fb3c79b7388f52f3aa3f69c3708641d7014c87ca9e1	1:jfl ftbt				0	shape-known	C	Locate client feature and capture a journey.
Game	jfi	23a58ffcfa0784b52f455cd13d8cfc85f2456c13e94bed833a06f567f6257637					0	shape-known	C	Locate client feature and capture a journey.
Game	jfk	5eafe7f913c6162240419f8d3f82ae16f839016e5115664c46d2a8f81ccf1b03	1:jfh ftca; 2:jfi ftcb	fft::behx | fft::itw | fft::tz			0	shape-known	C	Locate client feature and capture a journey.
Game	jfl	53c1dfa5844223e9479dd38ae50501a9a4bf550eebe437dcff0913da68a7de74	1:int32 ftcg; 2:int32 ftch; 3:int32 ftci; 4:int32 ftcj; 5:optional int32 ftck	jn::.ctor | fft::behu | fft::behv | fft::behx			0	shape-known	C	Locate client feature and capture a journey.
Game	jfm	e0060888a769c2ce0bf851ce3209445a2438000d3d561cf098818dd894a757f7	1:repeated int64 ftcp; 2:optional int64 ftcq; 3:repeated int64 ftcs; 4:optional int64 ftct; 5:optional bool ftcv; 6:int32 ftcx; 7:int32 ftcy; 8:int64 ftcz				0	shape-known	C	Locate client feature and capture a journey.
Game	jfo	9a4e2675def1bf679cb47e0fe1a4cc56f45f83dc90e262a508f49d2ea0b2d584	1:jfm ftdd	fft::beil | fft::hvm | fft::kkh | fft::lkv			0	shape-known	C	Locate client feature and capture a journey.
Game	jfp	d49beb5d22fbc80356e243b6b8e08e33673565af92387dde82476c77e18dbca5		ffr::bbu | ffr::befk | ffr::den | ffr::iso	ffr (toca a 54 mensajes): DisposePendingClaimBoostRequests		0	shape-known	C	Locate client feature and capture a journey.
Game	jfr	164cfe0c2e4d2bb644e40d5c3a06ef5dd0cccabbc3d4a4dbefd9963e7be37df3	1:repeated bool ftdl				0	shape-known	C	Locate client feature and capture a journey.
Game	jfs	c2f1725ec3a0730b70987ca60c676a16af78434b27d2ccfcb150cdc2ce73049b					0	shape-known	C	Locate client feature and capture a journey.
Game	jft	86a22e6d9aca693eacb9591258547ce2c4d4219299c0fecf66232e12ad7e9447	1:int32 ftds; 2:int64 ftdt; 3:repeated int64 ftdu; 4:bool ftdv				0	shape-known	C	Locate client feature and capture a journey.
Game	jfv	55beb5d5604598737f47ed5903ffe0c12a1645b41a11d9776e2efb4951edff6f	1:jft ftdz	ffr::befi | ffr::btx | ffr::jof | ffr::mxq	ffr (toca a 54 mensajes): DisposePendingClaimBoostRequests		0	shape-known	C	Locate client feature and capture a journey.
Game	jfw	692dd3d1241f7c58c38340a421347399292ce42f4e5e86b56954bffd817479a9	1:bool fted	ffr::befj | ffr::hbj | ffr::vx	ffr (toca a 54 mensajes): DisposePendingClaimBoostRequests		0	shape-known	C	Locate client feature and capture a journey.
Game	jfy	b7cb99bdd924fb85c4095dcbe5c925d41350038cb08c5337b2e247676b7cde97		ffr::befu	ffr (toca a 54 mensajes): DisposePendingClaimBoostRequests		0	shape-known	C	Locate client feature and capture a journey.
Game	jfz	cb70b2b88d7f739586bfadc58850c1cd726d8bec89cb2f9ed03b8d3024d54939	1:jgb ftel	fft::beij | fft::gvx | fft::obv | fft::vp			0	shape-known	C	Locate client feature and capture a journey.
Game	jga	939826393c0a6e6b44452d4e5924d0664bd7355ab6c98db356e1f4c7b913b21f		ffr::beft | ffr::bk	ffr (toca a 54 mensajes): DisposePendingClaimBoostRequests		0	shape-known	C	Locate client feature and capture a journey.
Game	jgb	5837ec12e47e12b0d3fd64914388aabe2b72b13dcfb3a438591a894457ee78fa	1:int32 ftes; 2:repeated lfo ftet	ix::blk | ix::dub | ix::kpe | ix::nnb			0	shape-known	C	Locate client feature and capture a journey.
Game	jgc	147f9b57c23565a1771a0382340fd5f06fd92c0283b7675d67034015ddcfbfec	1:repeated int64 ftex; 2:jgb ftey	fft::beik			0	shape-known	C	Locate client feature and capture a journey.
Game	jgg	e03e452a370a91ce3069feb558be36c9450d0a67c1e70aba6098c0777160f336	1:jgs ftfd; 2:jge ftfe	ffr::befs | ffr::hkh | ffr::hyt | ffr::lqi	ffr (toca a 54 mensajes): DisposePendingClaimBoostRequests		0	shape-known	C	Locate client feature and capture a journey.
Game	jgi	61e19ef18905d2545e045e9f5f212e88c7658cf6059c5dcd2e6b70a898ba8aaa	1:jgs ftfi				0	shape-known	C	Locate client feature and capture a journey.
Game	jgj	8b06c0fe73d64d70bf86ad8a24be7b066de4c0e677875fd9fe56749dcb60d739					0	shape-known	C	Locate client feature and capture a journey.
Game	jgl	3873cd548ad8826d384d02669066dfe6bc7efbfa3422e8a167ea5fca123ad5fc	1:jgj ftfp; 2:jgi ftfq	fft::beif | fft::bhg | fft::gwa | fft::lyg			0	shape-known	C	Locate client feature and capture a journey.
Game	jgn	ddb6a418d3a5704ba4e5de37651f4daec125b6e523809a836c6c346ccc2dafbe	1:jgs ftfv				0	shape-known	C	Locate client feature and capture a journey.
Game	jgo	12a67fbc6341fccce023bcb359b90c5551dc8b799d46d99677e93768b3ae7313					0	shape-known	C	Locate client feature and capture a journey.
Game	jgq	e9f4fdf007ddf57fc722bf8ead409aba6e857f282c271f4ddc2805f6f65ea404	2:jgo ftgc; 1:jgo ftgd; 3:jgn ftge	fft::beie | fft::hnd | fft::ixn			0	shape-known	C	Locate client feature and capture a journey.
Game	jgr	0c62450f57a4c67bdc3502c4e757f8dd970e01d55621a48e37e1c59c972c37ac		ffr::befr | ffr::kfp	ffr (toca a 54 mensajes): DisposePendingClaimBoostRequests		0	shape-known	C	Locate client feature and capture a journey.
Game	jgs	f4359397302420dc42d946ee6bc18e5403166af8ad2ad0872f4e79d275f2c864	1:repeated int32 ftgm; 2:repeated int32 ftgn	ffr::befq | ffr::befs | ffr::ese | ffr::ftd	ffr (toca a 54 mensajes): DisposePendingClaimBoostRequests		0	shape-known	C	Locate client feature and capture a journey.
Game	jgu	9ab4b6ec5ca2e400226ae6f15e210f30f4832b10326805524b26d50d70d775d0	1:repeated lpg ftgs	fft::begz		C2S/read	1	mapped	C	Replay and verify validation, persistence and S2C ordering.
Game	jgv	44330a97900e4fdcab0c320cacc3d80f1470117354bf51c7b40b0ed3dd78f4f5	2:int64 ftgw; 3:int32 ftgx; 4:int32 ftgy	ffr::beet | ffr::dms | ffr::kub | gie::bkii	ffr (toca a 54 mensajes): DisposePendingClaimBoostRequests	C2S/dispatch	1	mapped	C	Replay and verify validation, persistence and S2C ordering.
Game	jgw	198feda6d826cabe507ea89a39a9466d8be77ec9f11bddf6fb04f205c1c6f684	1:les fthc; 2:int32 fthd; 3:les fthe	fft::begi			0	shape-known	C	Locate client feature and capture a journey.
Game	jgx	18f42008783738058939898a25537197879d96b62bb30d005f2eb837189c3c2b	1:repeated bool fthi				0	shape-known	C	Locate client feature and capture a journey.
Game	jgz	2522d3ec70b80d77252285ca1f27d5eb29a61db23cc8bba4817caa2597ef46dc	1:jgx fthm; 2:lpg fthn; 3:lpg ftho	fft::beha | fft::cbn | fft::eg | fft::fg			0	shape-known	C	Locate client feature and capture a journey.
Game	jha	d7c483af85a04bc6b8fc596887796cb807be32cb3cdbf99522ce4bf1a65b7208	1:bool fths	ffr::beex | ffr::hak | ffr::lnk	ffr (toca a 54 mensajes): DisposePendingClaimBoostRequests		0	shape-known	C	Locate client feature and capture a journey.
Game	jhb	93a0aacbece5a0a34a2a4b5c8e9d66f629c80ec6163344005ec894975b69ae1a	1:int64 fthw; 2:bool fthx; 3:repeated int32 fthy	fft::behb | fft::jmr			0	shape-known	C	Locate client feature and capture a journey.
Game	jhc	3f238cd91ced728afe7320872c204be58b11a9e1254ed0285492eabf66c0e5ce		fft::begj | fft::ejw | fft::odo			0	shape-known	C	Locate client feature and capture a journey.
Game	jhd	2a7b3b7e116e71dfdb46218dd592714c42f39231df0a27bbe503bc9a05826378	1:int64 ftif; 2:bool ftig	fft::begy			0	shape-known	C	Locate client feature and capture a journey.
Game	jhe	948ea672fcb795a6c8b710494b03df5b389fc31e24da29ecb1ffc93b91e72f29	1:les ftik; 2:int32 ftil; 3:int32 ftim; 4:int32 ftin	fft::begx		C2S/read	1	mapped	C	Replay and verify validation, persistence and S2C ordering.
Game	jhf	f06efb0908f988cafe99bb0c29f30bd0e7c2191cce4f98ea28ec771b1c25f100	1:optional bool ftir	ffr::beex | ffr::hak | ffr::lnk	ffr (toca a 54 mensajes): DisposePendingClaimBoostRequests		0	shape-known	C	Locate client feature and capture a journey.
Game	jhh	b7a1a0feed73097236aaa377d8c08b96106ea60b59530ce5d792df2a49d1a128	1:string ftix; 2:optional int32 ftiy; 3:int32 ftja; 4:int32 ftjb; 5:int64 ftjc; 6:int64 ftjd; 7:int64 ftje; 8:optional int32 ftjf; 9:int64 ftjh; 10:int32 ftji	fft::behf | fft::wm		C2S/read	1	mapped	C	Replay and verify validation, persistence and S2C ordering.
Game	jhk	ad8b4fb2bb1350e7459ba538449267dfc13472ad7fe3468eae0aeab200300e79	1:jhi ftjm; 2:leg ftjn	fft::behj | fft::dtp		C2S/read	1	mapped	C	Replay and verify validation, persistence and S2C ordering.
Game	jhn	3b10dc180ca6105a653b06e38b1b47f17b082cc381683ee4df0a9e9a4982385a	1:jhl ftjr; 2:int32 ftjs; 3:repeated int32 ftjt; 4:int32 ftju	ffr::beeq | ffr::bjv | ffr::ghw | ffr::gjc	ffr (toca a 54 mensajes): DisposePendingClaimBoostRequests		0	shape-known	C	Locate client feature and capture a journey.
Game	jho	ae99806f122a8c7914be22838e7d5536e872ed129b741a089d738e0cef28f1d7	1:int64 ftjy; 2:int64 ftjz	ffr::bees | ffr::mhl | gie::bkii	ffr (toca a 54 mensajes): DisposePendingClaimBoostRequests		0	shape-known	C	Locate client feature and capture a journey.
Game	jhp	81e6f759a3d1c54acce94e76bce25ab2176cf7326e5259359525658ff5d3d501	1:int32 ftkd	Core.UILogic.Components.Hyperlink.HyperlinkShowGuild::OnHyperlinkLeftClick | Core.UILogic.Social.FriendsUI::OnGuildNameLeftClick | Core.UILogic.Social.FriendsUI+<>c__DisplayClass106_0::<MakeDofusPlayerLine>b__9 | ffr::beff	Core.UILogic.Social.FriendsUI (toca a 2 mensajes): m_canTakeFocus, m_isCenteredByDefault, Close, TakingFocus, LosingFocus, RefreshData, OnSwitchTab, OnAddFriendPopupClosed, LocalizeUI, MakeSocialPlayerLine, SetupAnkamaFriends, UnbindAnkamaFriend | Core.UILogic.Components.Hyperlink.HyperlinkShowGuild (toca sólo a éste): OnHyperlinkLeftClick, CreateTextFromData, CreateTooltipBuilder, CreateLink, m_connectionService, GuildHyperlinkTextWrapper		0	shape-known	B	Locate client feature and capture a journey.
Game	jhq	bebea0b224dd2f72f157b8f00749c7f693834a8c37e49ac520aa4bafdbafdb22	1:lbv ftkh	fft::begw | fft::fsd | fft::jpj | fft::omw			0	shape-known	C	Locate client feature and capture a journey.
Game	jhr	7ff26decddafe18dd902515cf3fecf0f5e1408661a9f80ccc4edf1af67f50b9e	1:lbw ftkl; 2:lbw ftkm	fft::behk | fft::fbe | fft::kaz			0	shape-known	C	Locate client feature and capture a journey.
Game	jhu	8731e8886d2b2724da1234dcfa9a6332f33acac0c7de06b943df3b32e7260bac	1:int64 ftkq; 2:jhs ftkr; 3:int32 ftks	fft::behi | fft::cfr | fft::eui | fft::lzf			0	shape-known	C	Locate client feature and capture a journey.
Game	jhv	a62797c5ebc4a36fa2c4545a86ce6f877425414141829ea2ea13df9093c37334	1:string ftkw	fgc::bemp | fgc::brj | fgc::jpl | fgc::nlt			0	shape-known	C	Locate client feature and capture a journey.
Game	jhw	d468fcac557cf08972a4d212945a89dff218036607752181e754578717a03c1a	1:string ftla; 2:repeated bool ftlb; 3:int64 ftlc; 4:int32 ftld; 5:bool ftle; 6:string ftlf; 7:optional string ftlg				0	shape-known	C	Locate client feature and capture a journey.
Game	jhy	1df368454c15dc5e2b8e05356371c4118d312c01143642d9601338d9b6b97603	1:jhw ftll; 2:lbv ftlm	fft::begv			0	shape-known	C	Locate client feature and capture a journey.
Game	jhz	8eabaddaee01f7efec9c2668be2c081a0c4011e91be8dcafcce0e3512f8e1cc6	1:lld ftlq	fgc::beml | fgc::coa | fgc::gqk | fgc::kux			0	shape-known	C	Locate client feature and capture a journey.
Game	jia	90f3418d0f318c508a2504ac55bb73d1a60298121fff2a55b56e4024b115e19b	1:int64 ftlu	fft::beim | fft::mpt			0	shape-known	C	Locate client feature and capture a journey.
Game	jib	3a8fc44f916393d306cf63123d9433c2e04751d628facd5db07366c60335e2f1	1:repeated bool ftly; 2:optional int32 ftlz; 3:repeated bool ftmb; 4:repeated int32 ftmc				0	shape-known	C	Locate client feature and capture a journey.
Game	jid	732661717b80e382835bf5d67ce27d3c377e2b9b8866c3dc918a4c38c00395ea	1:jib ftmg; 2:repeated string ftmh; 3:lld ftmi; 4:string ftmj	gie::bkii			0	shape-known	C	Locate client feature and capture a journey.
Game	jie	d15b0de2834f1704369fbc639f7b4b16a6a426ede9bd054a1375fe2a496514d3	1:repeated lpg ftmn; 2:int32 ftmo; 3:les ftmp	fft::behh | fft::em | fft::fyq | fft::oqa			0	shape-known	C	Locate client feature and capture a journey.
Game	jii	3e9a3662a1f9d37f2a441522126ecf52e6bfc7267b7dfd94d3b3245c5d9d3dd7	1:bool ftmt; 2:jig ftmu; 3:jif ftmv	ffr::befb | ffr::gy | ffr::kez | ffr::lor	ffr (toca a 54 mensajes): DisposePendingClaimBoostRequests		0	shape-known	C	Locate client feature and capture a journey.
Game	jij	b9641fc4ec57dbefba8a733950c5b7426aa2c4616f26c3f9de3c74020fd5cfcf	1:lbx ftmz	fft::begh | fft::dym | fft::fjy | fft::glz			0	shape-known	C	Locate client feature and capture a journey.
Game	jik	d4a157138ec01a9721ac145d76cd4ac4db632aebf457e71f243da6e1e8ee0839	1:string ftnd; 2:map<bool, int64> ftne	ffr::beew | ffr::hou | gie::bkii	ffr (toca a 54 mensajes): DisposePendingClaimBoostRequests		0	shape-known	C	Locate client feature and capture a journey.
Game	jil	91136f79b59f6d0522d4f77942f3e12cf4155ce1a38a5d082e95777105604730	1:repeated llc ftni; 2:repeated llc ftnj; 3:repeated llc ftnk; 4:map<int32, int64> ftnl; 5:repeated llc ftnm	fft::behn			0	shape-known	C	Locate client feature and capture a journey.
Game	jim	a9411a009c89f0173b0a6377c9613a37cfedc98b022e7bd3ab8bd4c60b12c413		ffr::befg | ffr::cxn | ffr::dml | ffr::oek	ffr (toca a 54 mensajes): DisposePendingClaimBoostRequests		0	shape-known	C	Locate client feature and capture a journey.
Game	jin	3778f953e080f6c050aeb2242f5c498b7e2934e497d4de16360b8cd426bb6c3b	1:string ftnt; 2:int32 ftnu; 3:lbx ftnv	fft::begg			0	shape-known	C	Locate client feature and capture a journey.
Game	jio	3569981097c00aabc068686253f957a4803c7e4788835286c890b85f646aaabb	1:repeated bool ftnz; 2:repeated int32 ftoa				0	shape-known	C	Locate client feature and capture a journey.
Game	jiq	89a0c72ad28a4a05e9826f67fc573a7690402d67529eada03b9792c42a538708	1:les ftoe; 2:string ftof; 3:jio ftog	fft::begf | fft::dwn | fft::itm			0	shape-known	C	Locate client feature and capture a journey.
Game	jir	3d6447e6ea4c339f9da220056af92f5c82696f2b43df4ab1f25af197803af770	1:lbw ftok	fft::behm | fft::blf | fft::jvd | fft::mbi			0	shape-known	C	Locate client feature and capture a journey.
Game	jit	1b16649156a733c3069ece6ee56603752065ab91851b638e8ae5ea2768bb1557					0	shape-known	C	Locate client feature and capture a journey.
Game	jiv	d27b2f971aafd8468d12eb2903b928c65ee2fc8d30198f2864d12141d3d2cbb4	1:repeated les ftor; 2:jit ftos; 3:int64 ftot; 4:jis ftou; 5:int64 ftov; 6:int64 ftow	fft::behg | fft::kku			0	shape-known	C	Locate client feature and capture a journey.
Game	jiy	5da62e3a32d410b5f74e28360ff41da76b32a1421a0af8ec8e7069dab42643da	1:int64 ftpa; 2:jiw ftpb	fhl+<SendRequestAfterCharacterLoaded>d__52::MoveNext | fqw+<InitGauge>d__36::MoveNext | ffr::befc | ffr::bli	ffr (toca a 54 mensajes): DisposePendingClaimBoostRequests | fqw+<InitGauge>d__36 (toca sólo a éste): nextFloor		0	shape-known	C	Locate client feature and capture a journey.
Game	jiz	a7231d3f86e0f6fb81d4d71190743c0168ef9a71f7cc01cd01d73caa21993a68	1:bool ftpf	fgc::bemm | fgc::cgr | fgc::ela | fgc::npm			0	shape-known	C	Locate client feature and capture a journey.
Game	jja	6380417ff63af2b93e3183f29c41ea7a059a175710cca05b84f4d9d2f6c880d8	1:int32 ftpj; 2:map<string, bool> ftpk; 3:repeated int32 ftpl; 4:bool ftpm; 5:optional string ftpn; 6:optional int32 ftpp; 7:int64 ftpr				0	shape-known	C	Locate client feature and capture a journey.
Game	jjc	3c8d5202fe00b1ff4804819f2afdfdf4abe5cf39b7a468f1ca54e9fc793509e6	1:jja ftpv	fft::begt | fft::eyg | fft::jdy | fft::ljd			0	shape-known	C	Locate client feature and capture a journey.
Game	jjd	3cf7cb954a81f20d800c18aaf9a69fc7d4fcc31afafde802ae5a38126db9daa6	1:string ftpz	ffr::beev | ffr::bnq | ffr::ifi | ffr::iwp	ffr (toca a 54 mensajes): DisposePendingClaimBoostRequests		0	shape-known	C	Locate client feature and capture a journey.
Game	jje	1a244b9567b385338faa235d6643e215bbb5868600e92062f973b4a7f14ef0f7	1:bool ftqd; 2:bool ftqe; 3:bool ftqf	fft::begu | fft::dal | fft::ggr			0	shape-known	C	Locate client feature and capture a journey.
Game	jjf	3d93472ab4bcdf6243b097b29e9219b2557aca247bc847ea9da4d589914c44d2	1:leg ftqj; 2:leg ftqk	fft::behl | fft::gzn | fft::mua			0	shape-known	C	Locate client feature and capture a journey.
Game	jjg	cec176f64e3f060d5431de9f3279e0aa778dddb57b43f362441c60f4af6099bc	1:lld ftqo; 2:string ftqp	fgc::bemn | fgc::bemo | fgc::jev | fgc::lnd			0	shape-known	C	Locate client feature and capture a journey.
Game	jjj	d18ee4c016c7cb92a7983b51e9e55b884c1258597d6ae3b7648486bcacf181fa	1:string ftqt; 2:jjh ftqu; 3:int64 ftqv	ffr::beeu	ffr (toca a 54 mensajes): DisposePendingClaimBoostRequests		0	shape-known	C	Locate client feature and capture a journey.
Game	jjm	1d3c02b8dc093d24595d728227d59415f57de33e244ffa9d9c6567331cc12f32	1:repeated int32 ftqz; 2:jjk ftra; 3:int32 ftrb; 4:repeated lbs ftrc; 5:int64 ftrd; 6:bool ftre; 7:int32 ftrf; 8:int64 ftrg; 9:int32 ftrh; 10:string ftri; 11:int32 ftrj; 12:int32 ftrk; 13:repeated int32 ftrl; 14:int32 ftrm; 15:bool ftrn; 16:bool ftro; 17:int32 ftrp	ffr::befe | ffr::dny | ffr::kzb	ffr (toca a 54 mensajes): DisposePendingClaimBoostRequests		0	shape-known	C	Locate client feature and capture a journey.
Game	jjn	79e930ef496f9ea66861e3361e16d3ab6c0cc700ae7223d8066e1054677daf51	1:int64 ftrt; 2:int64 ftru	ffr::beer | ffr::ofw | gie::bkii	ffr (toca a 54 mensajes): DisposePendingClaimBoostRequests		0	shape-known	C	Locate client feature and capture a journey.
Game	jjp	5a8e28492576ab6452a3d92537cac410ec05d12702e64e46b6d05950b8f6e86a	1:lpx ftrz	fft::behp | fft::dmh | fft::fvf | fft::ool			0	shape-known	C	Locate client feature and capture a journey.
Game	jjs	4fc8078582e0d8968c5f1ee5569c8bad75835088668c4a43d69350b3fcd5caa2	1:jjq ftsd; 2:repeated lpx ftse	fft::beho | fft::bvk | fft::gby | fft::gxj		C2S/read	1	mapped	C	Replay and verify validation, persistence and S2C ordering.
Game	jjt	a73290cf616c9e4f2dab27582e27922c73b982001232daba9c26f89cf251bc2f	1:bool ftsi; 2:map<bool, string> ftsj; 3:int32 ftsk; 4:int32 ftsl	fft::behq | fft::dxd | fft::epg | fft::gor			0	shape-known	C	Locate client feature and capture a journey.
Game	jjv	60c835a0080eea629c21e59c23a3c641fef44906416b9e769e6ac01e7a0c0e3a	1:int32 ftsq; 2:int32 ftsr	fft::beht | fft::dsn			0	shape-known	C	Locate client feature and capture a journey.
Game	jjw	ba22686e85d7aba5e5dbdb89a71d7af51f28cf2dc0f6a0144f7a77b1c56c5dbb	1:int32 ftsv	ffr::befw | ffr::djd | ffr::ebp | ffr::jen	ffr (toca a 54 mensajes): DisposePendingClaimBoostRequests		0	shape-known	C	Locate client feature and capture a journey.
Game	jjx	3f76c9b0697e0418180c5c82da664f459fba252aa9770c1d52caece7edc13d40	1:bool ftsz				0	shape-known	C	Locate client feature and capture a journey.
Game	jjy	c6f2c18384a085b1f7ff75420341c334d83df667a56202b9aba596acb9f2fc88	1:bool fttd				0	shape-known	C	Locate client feature and capture a journey.
Game	jjz	ae29512730185883067123edf1e3c1df89627c100a561a655cdac830a5a5f544		ffr::befv	ffr (toca a 54 mensajes): DisposePendingClaimBoostRequests		0	shape-known	C	Locate client feature and capture a journey.
Game	jke	ce34f0d3bc80bb2ff2a6b6e37589fc46d303ca0455cbd0f9b91bb23db7bdeb34	1:jkc fttl				0	shape-known	C	Locate client feature and capture a journey.
Game	jkf	51323700c24e14c26286c31ed34fa5167e8af89175d63d6c1a99c0659e3eea0e	1:int32 fttp; 2:map<int32, jkt> fttq				0	shape-known	C	Locate client feature and capture a journey.
Game	jkh	c2815cc7e599da74d0bfd3cbcab37a418a9d6b602cf64869c03e06c480525abb	1:jke fttu; 2:jkf fttv	fft::beip | fft::dsd | fft::edv | fft::ira			0	shape-known	C	Locate client feature and capture a journey.
Game	jki	6429286299e80dfe1477d2413e4afec48b6101dfbcdc7add6f28aeca8ef5041b		fvl::bipt | fvl::bisk			0	shape-known	C	Locate client feature and capture a journey.
Game	jkj	bf77858bb9ac5af6449584322f5862308598626a6faa867d8cba7b94a9bb61ec	1:bool ftud	fft::beiq | fft::hpx | fft::htd | fft::jrj			0	shape-known	C	Locate client feature and capture a journey.
Game	jkl	82c667920ae13abb324425246822daf1c19208d5e8ae445b1c1af8e0fc94db0a					0	shape-known	C	Locate client feature and capture a journey.
Game	jko	d17ae65c7a9e0209d9fd3d0031ade4600e52d862c930bd6af6089e88a42ae244	1:jkm ftuk; 3:string ftul				0	shape-known	C	Locate client feature and capture a journey.
Game	jkq	25be3e3807a1c0058df8b44be058461f290de432956cd80216ffcef3a3aaf835	1:jkl ftup; 2:jko ftuq; 3:jkl ftur	cl::bgx | cl::bht | cl::mqf | cl::mqh			0	shape-known	C	Locate client feature and capture a journey.
Game	jkr	fd307103e59b495dde7adb089dc1d268d8214d41fbaf08a70d9bfc17de8e2e50	1:repeated string ftuw; 2:int32 ftux; 3:map<string, string> ftuy; 4:string ftuz; 5:repeated bool ftva				0	shape-known	C	Locate client feature and capture a journey.
Game	jkt	75bb4837a9f67a544143c6dbd444b57438226942bf52b4cff4026d31fada0a9c	1:int32 ftve; 2:jkq ftvf; 3:jkr ftvg	cl::bgx | cl::mqf			0	shape-known	C	Locate client feature and capture a journey.
Game	jku	1596ccc6b0ed6f58fc3a65bf821cf136858760c38194bccc740c8788654ff851	1:map<int32, int32> ftvk; 2:int32 ftvl	fft::beis			0	shape-known	C	Locate client feature and capture a journey.
Game	jkv	2d3d2d5ae48226219c46a8a245bd879f695cf034103c4efac42fe4f3f6771024	1:jkq ftvp; 2:int32 ftvq	fft::ban | fft::beit | fft::lej | fft::odu			0	shape-known	C	Locate client feature and capture a journey.
Game	jkw	164b3d59974fe9a9a7a41506120a7aa621ebe6ad430d962d191276d41132091c	1:int32 ftvu	ffr::befy | ffr::cga | ffr::etg	ffr (toca a 54 mensajes): DisposePendingClaimBoostRequests		0	shape-known	C	Locate client feature and capture a journey.
Game	jkx	73f5fe7963c9e55f25f4446bb60f5a69ebda1d9c77ce845e6c2df3cd4f604afe	1:bool ftvy	fft::beir | fft::dep | fft::dom			0	shape-known	C	Locate client feature and capture a journey.
Game	jky	17e2b7327a788d39988ec2769d4957780cf27fb8490b1cf9fe2b3f3a47a33a9c	1:int32 ftwc	ffr::befz | ffr::epi | ffr::nfn	ffr (toca a 54 mensajes): DisposePendingClaimBoostRequests		0	shape-known	C	Locate client feature and capture a journey.
Game	jla	403caa3db576ef5fac5c416aa0a3f40407b00ce4dc9c329b2082a8d38dd56434	1:int32 ftwh; 2:int32 ftwi	fft::beio | fft::cja | fft::doe | fft::jyd			0	shape-known	C	Locate client feature and capture a journey.
Game	jlb	d8d8f854c9b2c2dce5ac6989869d3086a90c63e07dfa687801f689bca5012435	1:int32 ftwm; 2:string ftwn	ffr::befx | ffr::cgn	ffr (toca a 54 mensajes): DisposePendingClaimBoostRequests		0	shape-known	C	Locate client feature and capture a journey.
Game	jle	7516f20618f5d7d80434212cbf2074e9e072bc1acac2967e6b124b10e6476744	1:int64 ftwr; 2:int32 ftws; 3:jlc ftwt	fft::bein | fft::kbm | fft::mee			0	shape-known	C	Locate client feature and capture a journey.
Game	jlg	888b49f4fbaa5d6df34c109329cc1ede9b7851173a56ca990125c7b57ab8cee8	1:string ftwy	eqq::bbic | eqq::hjt | eqq::kfm | eqq::oag	eqq (toca a 76 mensajes): PresetListEventWhenCharacterInfo, RefreshTagsWhenContentReceived		0	shape-known	C	Locate client feature and capture a journey.
Game	jlh	e9e937c7100b032247d6afbba69e1594ce13472c2d399e26ac8f05f61a29c44a		ffr::beeg | ffr::hba	ffr (toca a 54 mensajes): DisposePendingClaimBoostRequests		0	shape-known	C	Locate client feature and capture a journey.
Game	jlk	8787eb93282c26ff833f2753ea2fbc73ee7861b6b4bda0bce000f1b33ee45494	1:bool ftxf; 2:jli ftxg	ffr::beef | ffr::fyo | ffr::id | ffr::odr	ffr (toca a 54 mensajes): DisposePendingClaimBoostRequests		0	shape-known	C	Locate client feature and capture a journey.
Game	jll	4001117a1e5be07bc3546e94ae207943624486ec57155769dede48a94ac8ebc6	1:int32 ftxk; 2:int32 ftxl	emq::crv | emq::dju | emq::jqs | emq::lxz			0	shape-known	C	Locate client feature and capture a journey.
Game	jlm	cc19b0aa503dcd79fe751741d6df2dc9ee97cbe8f1efa857af60e735158d5493	1:int32 ftxp; 2:repeated int32 ftxq; 3:repeated int32 ftxr; 4:optional string ftxs; 5:int64 ftxu; 6:optional string ftxv; 7:int64 ftxx; 8:bool ftxy				0	shape-known	C	Locate client feature and capture a journey.
Game	jlo	733deb8d36c686c8397e575e5b4becaa1976cd1a1d8e532753bcc7aab068724e	1:repeated string ftyc; 2:jlm ftyd	eqq::bbe | eqq::bbia | eqq::dlu | eqq::nry	eqq (toca a 76 mensajes): PresetListEventWhenCharacterInfo, RefreshTagsWhenContentReceived		0	shape-known	C	Locate client feature and capture a journey.
Game	jlp	ac87d4d10172e2466b541c216c1a7e2afba67bb9166977c94672a3da108cc89c	1:string ftyh; 2:int32 ftyi; 3:repeated int32 ftyj; 4:int32 ftyk	eql::bazq | eql::ggw | eql::gmr | eql::ien			0	shape-known	C	Locate client feature and capture a journey.
Game	jlq	6943b917c4a90ba9c99e0f0bf23ee36982db7fa4cd84ce1e696045f47237a096	1:string ftyo	eqq::bbib | eqq::gvz | eqq::lpj | eqq::noz	eqq (toca a 76 mensajes): PresetListEventWhenCharacterInfo, RefreshTagsWhenContentReceived		0	shape-known	C	Locate client feature and capture a journey.
Game	jls	3ccd93f14130bdf038c6dbbadf2703104bf0068a3643cdcbd910c7be20ab1d14	1:bool ftyt; 2:int32 ftyu	fft::begn			0	shape-known	C	Locate client feature and capture a journey.
Game	jlt	39f5d3ff86486b8c5bcbeef550ddaa0d26523d8aa6a2a90fe96dde8a8c5bcbda	1:bool ftyy; 2:int64 ftyz	ffr::been	ffr (toca a 54 mensajes): DisposePendingClaimBoostRequests		0	shape-known	C	Locate client feature and capture a journey.
Game	jlu	9de6231e997d853a48929ce917f02bc6b370807a578d95ba55274bed3bb9b26c		Core.UILogic.Social.Guild.GuildApplyUi::SendUpdateApplicationMessage | Core.UILogic.SocialUI.GuildUi.GuildDirectory::OnEditApplication | ffr::beeo | ffr::dfv	Core.UILogic.SocialUI.GuildUi.GuildDirectory (toca sólo a éste): InitUI, InitOpenedCategory, AssignGroupButtons, UpdateSortButtons, InitFilters, ResetFilters, OnChangeSort, SelectFilterCategory, EnableResetButton, FillTags, CategoryByTagType, FillTagFilterCategory | Core.UILogic.Social.Guild.GuildApplyUi (toca sólo a éste): SendUpdateApplicationMessage, SendSubmitApplicationMessage, GetSocialGroupHyperlink, GetTitle, GetPlaceHolderText, GetContentText, SetEmblem		0	shape-known	B	Locate client feature and capture a journey.
Game	jlv	cc21ae34b5ad87b3a772539b50249305315c8a21c8892bb199fdb86dffd08d85	1:int32 ftzg	ffr::beei | ffr::ivy | ffr::jdj	ffr (toca a 54 mensajes): DisposePendingClaimBoostRequests		0	shape-known	C	Locate client feature and capture a journey.
Game	jlw	4a71799d5475991e743a6ccdfe57ab5563fd2b7c059aef871b22afdd160c93f5	1:string ftzk; 2:string ftzl; 3:string ftzm; 4:string ftzn; 5:string ftzo; 6:string ftzp; 7:string ftzq; 8:string ftzr; 9:string ftzs; 10:string ftzt; 11:string ftzu; 12:string ftzv; 13:int32 ftzw; 14:int32 ftzx; 15:repeated int64 ftzy	ffr::bdq | ffr::beej | ffr::doz | ffr::erh	ffr (toca a 54 mensajes): DisposePendingClaimBoostRequests		0	shape-known	C	Locate client feature and capture a journey.
Game	jlx	f9c271f757b82ca8ba9e7156533e9e4d00e074655fe2a5e5bdd10c74c5f6c4a9	1:int32 fuac; 2:int64 fuad	ffr::beem | ffr::ftv | ffr::hgq	ffr (toca a 54 mensajes): DisposePendingClaimBoostRequests		0	shape-known	C	Locate client feature and capture a journey.
Game	jly	43f6999265d606e74cb41e45a1107d9270d5adc8ac4e2e6f4c375dc394331e4b	1:lbt fuah; 2:lpo fuai; 3:int64 fuaj	fft::begq | fft::ilx			0	shape-known	C	Locate client feature and capture a journey.
Game	jlz	2ec6b23ca00c289b936de3f3e4d1c8812c25d088faa3d50544edbea91938a107					0	shape-known	C	Locate client feature and capture a journey.
Game	jma	433c8cf291954e003822577f5d6f9a9b32ec8d845cafcc7e4a426f5e3fe82b11	1:int64 fuaq; 2:string fuar	fft::begm | fft::dlb | fft::fc | fft::lhl			0	shape-known	C	Locate client feature and capture a journey.
Game	jmc	7023622e6315ad59dbbce7ef3f792e929bfc652258d96fd4021fb121c882acca	1:les fuav; 2:lpo fuaw				0	shape-known	C	Locate client feature and capture a journey.
Game	jme	693dfe260d59c705e7cb245105b33f3fe47a29d401fc6d0793b05ce273b66b37	1:jmc fuba; 2:jmb fubb; 3:int32 fubc	fft::begr | fft::ffj | fft::hdj			0	shape-known	C	Locate client feature and capture a journey.
Game	jmf	e5bd861245f768591ffee651856d58bf3d267f890d4a7bc09530f26cfb2c9917	1:int64 fubg; 2:int64 fubh; 3:repeated lpo fubi; 4:int64 fubj	fft::begp | fft::cqn | fft::ooq			0	shape-known	C	Locate client feature and capture a journey.
Game	jmi	8ea9f9039d4cb9f11c01f9140737aec49150654750076db681c07fd4f9c094ab	1:jmg fubn; 2:bool fubo	fft::begk | fft::lfm			0	shape-known	C	Locate client feature and capture a journey.
Game	jml	bff7bcde85adbcbcc7841a4615c003d3dd1d053c207070feb83915f874f4f1a6	1:bool fubs; 2:jmj fubt; 3:bool fubu	ffr::beel | ffr::ioq | ffr::ltl | ffr::nss	ffr (toca a 54 mensajes): DisposePendingClaimBoostRequests		0	shape-known	C	Locate client feature and capture a journey.
Game	jmo	76c3c6c34c222ecc65433f2177623416be8779c05ff59c5cb5e37149915732ac	1:jmm fuby; 2:int32 fubz; 3:string fuca	ffr::beek | ffr::fdl | ffr::flf | ffr::goy	ffr (toca a 54 mensajes): DisposePendingClaimBoostRequests		0	shape-known	C	Locate client feature and capture a journey.
Game	jmp	67973854eadfd5dd11fbe891c88cd7ce63ff471507b0020a9cb20498e0ec6a9d	1:les fuce; 2:bool fucf; 3:bool fucg	fft::begl | fft::fky | fft::jhj | fft::kvp			0	shape-known	C	Locate client feature and capture a journey.
Game	jms	1189178c09dbbc218e4a9865b22f44212b96dc288dd26873c4a722dc10bc86c2	1:repeated bool fucl; 2:int32 fucm; 3:optional bool fucn; 4:optional string fucp				0	shape-known	C	Locate client feature and capture a journey.
Game	jmu	80800d005e794fa33d935915736863bcdd39b4aa1e39323eb7a33c5a6f869414	1:jms fucu	fgk::beny | fgk::kma | fgk::yl			0	shape-known	C	Locate client feature and capture a journey.
Game	jmv	066590184e805c3a4cb3db058db0ecff6036e7a09d61689e444d5244851c63b6	1:string fucy; 2:bool fucz	fgr::berj | fgr::crp | fgr::jyk | fgr::neo	fgr (toca a 38 mensajes): EndOfKick, EndOfSurrender		0	shape-known	C	Locate client feature and capture a journey.
Game	jmx	964339ce85fec2d5cf15d560678fae777d90efff51f2ec1e99c3e418b511e192	1:repeated int64 fudd; 2:int32 fude; 3:map<int64, bool> fudf; 4:int32 fudg; 5:int64 fudh; 6:int32 fudi; 7:map<string, int64> fudj; 8:int32 fudk				0	shape-known	C	Locate client feature and capture a journey.
Game	jmz	4ce566881575e6c8f0103fba1d7e834120ccd1a4ab0d09dd950ad25770e25f7c	1:repeated string fudo; 2:jmx fudp				0	shape-known	C	Locate client feature and capture a journey.
Game	jna	ede60bcfbba1d0412d0f6060d32c7dd59a0fbf7ed9cc462bd7b2b404c38e39fa					0	shape-known	C	Locate client feature and capture a journey.
Game	jnc	fe0fa69988fcea851a6121abedd79bbf188deae86c599d5a309fc2a0a22e35a3	2:repeated int64 fudw; 1:jmz fudx; 3:jna fudy	fgr::berd | fgr::kfw | fgr::loy	fgr (toca a 38 mensajes): EndOfKick, EndOfSurrender		0	shape-known	C	Locate client feature and capture a journey.
Game	jnf	124a1d721cfde142681675420b4f8ad1f86f0c212c95bd9455f68312590b8588	1:string fued; 2:jnd fuee; 3:string fuef				0	shape-known	C	Locate client feature and capture a journey.
Game	jng	891fb94c064586f1ade5ac0c0d1cccc64e42c613c6ca3dd524bd8044da7fa87b	1:jpn fuej; 2:jpn fuek	fgr::beqz	fgr (toca a 38 mensajes): EndOfKick, EndOfSurrender		0	shape-known	C	Locate client feature and capture a journey.
Game	jnh	a0f121dbb2f21ffa394166269c67888f9b7d5abda7d782f3ca75b5d2b1665601	1:string fueo	fgk::beon | fgk::bnv | fgk::dt | fgk::jrr			0	shape-known	C	Locate client feature and capture a journey.
Game	jnk	c56e9e9ff6110b325e3d72cc957a8b3b46c428a033506f3e41861711947f41e1	1:jni fues	fgr::beqx | fgr::jaf | fgr::mwx	fgr (toca a 38 mensajes): EndOfKick, EndOfSurrender		0	shape-known	C	Locate client feature and capture a journey.
Game	jnn	c146bf070c5be6b4a5bab60bbc3af516ae0365745f8526a3ab7de099b23e1b6d	1:jnl fuew	fgr::bequ | fgr::jxm	fgr (toca a 38 mensajes): EndOfKick, EndOfSurrender		0	shape-known	C	Locate client feature and capture a journey.
Game	jnp	37bde539994cdf3a23acc755baa881924813e5238ef998c6b28d84246269cdb1	1:bool fufa; 2:repeated int64 fufb; 3:int32 fufc; 4:repeated int32 fufd				0	shape-known	C	Locate client feature and capture a journey.
Game	jnr	989f0d3570838456024fe2059ac0765c1c765797aa9f9af4247f460e4f3bc8f4	1:jno fufh; 2:string fufi; 3:jnp fufj	fgk::beoo | fgk::cmz | fgk::ds | fgk::fyv			0	shape-known	C	Locate client feature and capture a journey.
Game	jns	2ed25e54a4200e49177ebe4d67891ab88b4eae1eae9d67603f8a7b44d454af28					0	shape-known	C	Locate client feature and capture a journey.
Game	jnt	7b53e4e1b33c74b062fd9fa6fc3bdc10b1c7bbde0b62ddb9f7ffa19fcc8db945	1:string fufq; 2:string fufr; 3:repeated int32 fufs	fgr::beqt | fgr::cdc | fgr::jjb	fgr (toca a 38 mensajes): EndOfKick, EndOfSurrender		0	shape-known	C	Locate client feature and capture a journey.
Game	jnu	93669902862a2a539f8442ea892c7907efe1248ab7f91d4d69c761153ae1603e		fgr::bern | fgr::kni	fgr (toca a 38 mensajes): EndOfKick, EndOfSurrender		0	shape-known	C	Locate client feature and capture a journey.
Game	jnv	f8975575e721b3009bdf38965f37d9edcbf3d34c4a1147af71360b5dfea7575b	1:repeated int32 fufz; 2:bool fuga; 3:int32 fugb; 4:string fugc; 5:int32 fugd; 6:repeated int32 fuge; 7:int32 fugf; 8:bool fugg; 9:int32 fugh	fgk::beog | fgk::gih | fgk::jec | fgk+fgj::benj			0	shape-known	C	Locate client feature and capture a journey.
Game	jnw	13939fab43ae5f210dbd564c6bf77df4734adebaef8b2417563c4f19d4c43d2d	1:bool fugl; 2:repeated int32 fugm; 3:bool fugn; 4:repeated string fugo; 5:map<int32, int32> fugp; 6:repeated int32 fugq; 7:repeated bool fugr; 8:repeated bool fugs				0	shape-known	C	Locate client feature and capture a journey.
Game	jny	7d935d690aa464a5ca5d68ac92c2e1243760e7c7b16e201ac2677aa9d6ea0d18	1:string fugw; 2:jnw fugx	fgk::beoe | fgk::lhp | fgk::lw | fgk::ngg			0	shape-known	C	Locate client feature and capture a journey.
Game	jnz	62f1b7072c11309a5069d7334b87b9a800e3b1ac1f55e966da1333f87371f9a2	1:string fuhb	fgr::berf	fgr (toca a 38 mensajes): EndOfKick, EndOfSurrender		0	shape-known	C	Locate client feature and capture a journey.
Game	joa	593d27e067b1a6fd03be7bb4531c793957d08beb782be0190e92370bd3b27e1c	1:int64 fuhf; 2:optional string fuhg; 3:int32 fuhi; 4:int32 fuhj; 5:string fuhk; 6:lba fuhl; 7:string fuhm	Core.UILogic.GroupSearch.Lobbies.LobbyPlayerInfo::.ctor | Core.UILogic.GroupSearch.Lobbies.LobbyWrapper::.ctor | fgr::beqs | fgr::beqz	Core.UILogic.GroupSearch.Lobbies.LobbyPlayerInfo (toca sólo a éste): applicationDate, applicationDateString | Core.UILogic.GroupSearch.Lobbies.LobbyWrapper (toca a 2 mensajes): membersCount, SetState, GetTagStateStatus, GetTagStateName, GetActivityName, GetActivityMinLevel, GetActivityDefaultPlayerCount, IsPaid, DefaultLobbyPlayerCount, DefaultDungeonLobbyPlayerCount, DefaultDreamLobbyPlayerCount, activityId		0	shape-known	B	Locate client feature and capture a journey.
Game	joc	fcdc29e24f457977254db250e2d4955140e8988e026ccf2be5eab20e87d5d68a	1:string fuhq	fgk::beob | fgt::berx | fgt::bery | fgk+fgh::bend			0	shape-known	C	Locate client feature and capture a journey.
Game	jod	cc062da85a8d5c0dd56dc130b4bdbd1e3733b09b306edb399ef4924c7b3bd0b3	1:bool fuhu				0	shape-known	C	Locate client feature and capture a journey.
Game	jof	03340a31f82371c707370d66501827b137b54c6c97b4a59347f54bef8ce8b565	1:jod fuhy; 2:string fuhz	fgr::berl | fgr::cbd | fgr::cea | fgr::eow	fgr (toca a 38 mensajes): EndOfKick, EndOfSurrender		0	shape-known	C	Locate client feature and capture a journey.
Game	jog	66f33c732c49697d459a5a06091ad51a0d2e86ffffa7a94199d902b6dc88ca8a	1:string fuid; 2:string fuie	fgk+fgh::bend | fgk+fgh::ffm | fgk+fgh::kzz | fgk::beox			0	shape-known	C	Locate client feature and capture a journey.
Game	joh	8ea3a86e85ab12ded53837c68d24b828d69d2980c35797ce9f884dd0c18666f8	1:repeated string fuii	fgk::beom | fgk::beos | fgk::hbr | fgk::img		S2C/push	4	shape-known	C	Verify the send against a client observation; no handler is inferred.
Game	joj	b77e00a74bc822ac6be19665074825531aa03cc5d36298f900ed965bbbef65cd	1:repeated int32 fuim				0	shape-known	C	Locate client feature and capture a journey.
Game	jol	43675a595e97d40d46fdaae80abdf649807d1d7dbc9842c51113c2354233e628	1:int32 fuiq; 2:joj fuir; 3:joi fuis	fgr::beqv | fgr::dwq | fgr::mda	fgr (toca a 38 mensajes): EndOfKick, EndOfSurrender		0	shape-known	C	Locate client feature and capture a journey.
Game	jom	cb72353f7f413510d57892963d84277cb2ee127b25b370b7e17ff14265b2a6da	1:string fuiw; 2:bool fuix	fgk::beol | fgk::beop | fgt::besb | fgt::besc			0	shape-known	C	Locate client feature and capture a journey.
Game	jon	545061ad0cb3230826a8e1c6be96ccbbe19038d43b8f0de22e44288d2b931042	1:repeated int32 fujb; 2:bool fujc				0	shape-known	C	Locate client feature and capture a journey.
Game	jop	ef226c4548fb3f3f6df1ed3f5f80ab73e8e99ce6d78c8d08b3d6b6efa94ef37d	1:jon fujg; 2:optional int32 fujh	fgk::benz | fgk::lqz			0	shape-known	C	Locate client feature and capture a journey.
Game	joq	68f292d97b21de079ba151b587483bc5ce0b8971b37578d373f2a2ce7ff19728	1:jmr fujm; 2:optional string fujn	fgr::beqw | fgr::fnn | fgr::jrv | fgr::nzg	fgr (toca a 38 mensajes): EndOfKick, EndOfSurrender	S2C/push	4	shape-known	C	Verify the send against a client observation; no handler is inferred.
Game	jor	a846a4a687aee7eb951ddb741f16cd583bde12c4ec30dbc041eacce377ca2828	1:string fujs; 2:repeated int64 fujt; 3:string fuju; 4:string fujv	fgr::berh | fgr::lby | fgr::lrh | fgr::nhf	fgr (toca a 38 mensajes): EndOfKick, EndOfSurrender		0	shape-known	C	Locate client feature and capture a journey.
Game	jos	32f74a11b2cd264e3bc59f4a69e6011652d2759487006f046eb32452dedbc53e	1:int32 fujz; 2:int32 fuka; 3:bool fukb; 4:int32 fukc; 5:bool fukd; 6:string fuke; 7:repeated int32 fukf; 8:repeated int32 fukg; 9:string fukh; 10:int32 fuki; 11:joa fukj; 12:repeated joa fukk; 13:string fukl	Core.UILogic.GroupSearch.Lobbies.LobbyWrapper::.ctor | fgr::beqs | fgr::dms | fgr::kno	Core.UILogic.GroupSearch.Lobbies.LobbyWrapper (toca a 2 mensajes): membersCount, SetState, GetTagStateStatus, GetTagStateName, GetActivityName, GetActivityMinLevel, GetActivityDefaultPlayerCount, IsPaid, DefaultLobbyPlayerCount, DefaultDungeonLobbyPlayerCount, DefaultDreamLobbyPlayerCount, activityId | fgr (toca a 38 mensajes, y a éste sólo de refilón, a 1 salto): EndOfKick, EndOfSurrender	C2S/dispatch, C2S/read	2	mapped	B	Replay and verify validation, persistence and S2C ordering.
Game	jot	61d95f032ac73393f5fc49908c2f20beec4124f0ec7723ffff43f2fdd1c5d9d8					0	shape-known	C	Locate client feature and capture a journey.
Game	jov	f7280662bbf53597a06fe7f9638a9b6f89d5aeb72c1f200b8bfc3d88c9f2ad75	1:repeated int32 fuks; 2:string fukt; 3:map<string, string> fuku; 4:jot fukv	fgk::beoj | fgk::hgq | fgk::iyi			0	shape-known	C	Locate client feature and capture a journey.
Game	joy	2c6c88ac9de64f1932bff51cc7fc55ed3a75e8352e212a1a28cb7641b09325bf	1:repeated joz fukz				0	shape-known	C	Locate client feature and capture a journey.
Game	joz	18aa8ae286b44c31dce093b26a276df1d4c2aa75e59f7097f3fc2e661f5e3b64	1:optional int64 fuld; 2:bool fulf; 3:string fulg				0	shape-known	C	Locate client feature and capture a journey.
Game	jpb	ece8171d65f19c61c61543e5c36b703e0037d4ccbbbd3234711dd350c4a09570	1:optional jox fulk; 2:joy fulm	fgr::berb	fgr (toca a 38 mensajes): EndOfKick, EndOfSurrender		0	shape-known	C	Locate client feature and capture a journey.
Game	jpe	e648c3d5c7393bd48cafcba1f9f8f92c997a5148694f5e3506322007435e3383	1:jpc fulr; 2:string fuls	fgr::bera | fgr::gpb | fgr::ing | fgr::njc	fgr (toca a 38 mensajes): EndOfKick, EndOfSurrender		0	shape-known	C	Locate client feature and capture a journey.
Game	jpg	826dfb742064d098ade4e32f4fa9b4459f573694a88eb771d18b4fde96344cc8					0	shape-known	C	Locate client feature and capture a journey.
Game	jpi	46e05f813a8aef44f79128abce76df31417d03b7c82475f07c933e22d60ee36c	1:jpg fulz; 2:jpf fuma	fgr::berc | fgr::dtq | fgr::mqx | fgr::nnz	fgr (toca a 38 mensajes): EndOfKick, EndOfSurrender		0	shape-known	C	Locate client feature and capture a journey.
Game	jpj	a3f67f6bf7f059a0ec0d6cd867ee7ecd014a727872e1a3ff5a45a2204827d2b7	1:joa fume	fgr::berk | fgr::dsv | fgr::dvf | fgr::lgo	fgr (toca a 38 mensajes): EndOfKick, EndOfSurrender		0	shape-known	C	Locate client feature and capture a journey.
Game	jpk	e9eb24f8a4caddb821e031b44c0df8e01b20b0a79c74bb1ea00b1fb5172a10da	1:joa fumi; 2:string fumj	fgr::berg | fgr::ern | fgr::mdw	fgr (toca a 38 mensajes): EndOfKick, EndOfSurrender		0	shape-known	C	Locate client feature and capture a journey.
Game	jpn	c815e77e0c0e49c92e1c2bbe7db3a9cf09879291e15f1f815599ea0537603cc2	1:repeated joa fumn; 2:optional bool fumo; 3:jpl fumq; 4:jos fumr; 5:repeated joa fums				0	shape-known	C	Locate client feature and capture a journey.
Game	jpq	0e6d82e482a7000e938671c9ee25c5694244aafe603e7cc39e4320373d47979f	1:joa fumw; 2:string fumx; 3:jpo fumy	fgr::beri | fgr::iqd | fgr::ndm | fgr::odk	fgr (toca a 38 mensajes): EndOfKick, EndOfSurrender		0	shape-known	C	Locate client feature and capture a journey.
Game	jpr	4a67d420c36dfdf723219b426288dfb281250c3a2584029081a9ac72d789f809		fgk::beok | fgk::fdn			0	shape-known	C	Locate client feature and capture a journey.
Game	jps	3310671cfb25b3ed4fb3868f5a7e4fa96456175e522573f4739d36e09788ca5e	1:jmr fung	fgr::beqy	fgr (toca a 38 mensajes): EndOfKick, EndOfSurrender		0	shape-known	C	Locate client feature and capture a journey.
Game	jpv	545e236239437b1e23788250355ed45f7f737b6ab512671d58b3fab7c0bcba18	1:repeated jos funk; 2:repeated jnf funl			S2C/push	1	shape-known	C	Verify the send against a client observation; no handler is inferred.
Game	jpx	35864df8ba17dea828a2aecd03f1889908440f282b41a3744de5180ba604c97b	1:jpv funp; 2:optional jpu funq	fgr::beqs | fgr::dms | fgr::kno	fgr (toca a 38 mensajes): EndOfKick, EndOfSurrender		0	shape-known	C	Locate client feature and capture a journey.
Game	jpy	1528eb0c60add614afa5944bc3ed49cd68dc365fe86915e44fb1a2b048d1af5f	1:string funw; 2:bool funx	fgr::bere | fgr::clv | fgr::huj | fgr::onb	fgr (toca a 38 mensajes): EndOfKick, EndOfSurrender		0	shape-known	C	Locate client feature and capture a journey.
Game	jpz	e5435e65a36ae699cb4d022184fdd6ee5e284e307133e46e2936e6ea1959a913	1:string fuob	fgr::berm | fgr::kga	fgr (toca a 38 mensajes): EndOfKick, EndOfSurrender		0	shape-known	C	Locate client feature and capture a journey.
Game	jqb	517ad48b89d21c0867ae9024cd3dd3ac9e77d665d2eea54716cbf28561818e0b	1:repeated int32 fuog				0	shape-known	C	Locate client feature and capture a journey.
Game	jqd	055f0873fb8d9a18eadb40055288035f23e09ff6960b22e9dd4832c001fdc3ec	1:int32 fuok; 2:int32 fuol; 3:int32 fuom; 4:jqb fuon; 5:lpg fuoo				0	shape-known	C	Locate client feature and capture a journey.
Game	jqe	0cb621d0d3a4e348fb0d781483567bcba91ab927d7af156facb17f1ca3ef54f2	1:int32 fuos	eol::baii | eol::nb | ffl::beaj | ffl::emx			0	shape-known	C	Locate client feature and capture a journey.
Game	jqf	2860f4d6d4cf9be406134f42e6eff23cfd83f38d52bb71f81e7b4d94165c4be2	1:int32 fuow; 2:int32 fuox	fft::behr | fft::egq		C2S/dispatch	2	mapped	C	Replay and verify validation, persistence and S2C ordering.
Game	jqi	3d85164bafbc7474ea09dbf7aa6d1b2565a6aad012afeb57841ea229c5f6641c	1:jqg fupb	eol::baih | eol::del | eol::fsl | eol::kxi		C2S/dispatch	2	mapped	C	Replay and verify validation, persistence and S2C ordering.
Game	jqj	1914e14c4108a46ec2a7bb0e7915b998d94c72fbd2317f69423b7924140fae61	1:bool fupf				0	shape-known	C	Locate client feature and capture a journey.
Game	jqk	5175830cfbf56bfec41a12e6fab9ff6c0bf058ea719ee82d3aca78b275972faa	1:int32 fupj; 2:int32 fupk; 3:bool fupl	eoo+<MapChangeWhenNotMovingAnymore>d__67::MoveNext		C2S/dispatch, C2S/read	2	mapped	C	Replay and verify validation, persistence and S2C ordering.
Game	jql	60de7bec254babcec211dfe845c4893731cbfb3fb0773b0c6d338b8aea8dbee7	1:uint32 fupp; 2:uint32 fupq; 3:uint32 fupr; 4:uint32 fups; 5:uint32 fupt				0	shape-known	C	Locate client feature and capture a journey.
Game	jqn	82d0adb2f21735b4688b5ee9860ab7ac48f700cb8d48972600cef23f853095c3	1:jql fupx; 2:uint32 fupy				0	shape-known	C	Locate client feature and capture a journey.
Game	jqp	e68d7a8a5606c6e8dd4821bddd169c16902fdea2842d321cc55622d08e4841b2	1:int32 fuqc; 2:repeated int32 fuqd				0	shape-known	C	Locate client feature and capture a journey.
Game	jqr	912ce2316535d267dc658ef17c73e6863926856b63c345181967fc5535e8adc8	1:jqp fuqh; 2:jqo fuqi				0	shape-known	C	Locate client feature and capture a journey.
Game	jqs	823185cf542edf09a536718b6b74ca8aa02646690e3ca9974bd407b7fa4d2942	1:lbo fuqm; 2:int32 fuqn	eoy+<ClickOrientation>d__17::MoveNext			0	shape-known	C	Locate client feature and capture a journey.
Game	jqt	8c01d08a2e3a456e923c7d18f09f1b9dcdf42f71af1ba4a8c621ca4526462092	1:int32 fuqr; 2:int32 fuqs	eon::bair | eon::fdn | eon::nry | fiw::bfoz	eon (toca a 10 mensajes): SendLeaderPositionEventWhenReady | fiw (toca a 8 mensajes): CountTurnTimeLeft, RefreshPathNextFrame		0	shape-known	C	Locate client feature and capture a journey.
Game	jqw	fe7aabde4666c649bf8db62069f96ffa63a0aa2b56aee0b0e708821e53a4d2c7	1:int64 fuqw; 2:jqu fuqx; 3:int64 fuqy	ebu::ean | ebu::vew	ebu (toca a 3 mensajes): DoCurrentMapEvent		0	shape-known	C	Locate client feature and capture a journey.
Game	jqx	27151d2faffbf16284ef1f70911cc64b9fca03a9eb81530694957180c9fed444	1:repeated jrg furc	enq::bacd | enq::emy | enq::iqc | enq::jje			0	shape-known	C	Locate client feature and capture a journey.
Game	jqy	2bea217b7ae7649793a1f6177b75fd5502028e73fe083a7e239ed369f639a197	1:int32 furg; 2:repeated lgr furh; 3:repeated lgr furi	fhs::bda | fhs::bffv | fhs::cnd | fhs::gny			0	shape-known	C	Locate client feature and capture a journey.
Game	jqz	0488708cc92f110f33674a9170d2863f745f9f0d8e421a5174d32b9614da7379	1:int32 furm; 2:int32 furn	fin::bflq | fin::eac | fin::ell | fin::ivg			0	shape-known	C	Locate client feature and capture a journey.
Game	jra	ecf67776972419bfa8d330f1c5dc0d460adad422a75de3d71deca57c0ec0a275	1:lpx furr				0	shape-known	C	Locate client feature and capture a journey.
Game	jrd	ad946a3c7ff0ca5775607df8cb7065e2d51aa59078b37661bf28f1d3a63b1ea8	1:int32 furv; 2:int32 furw; 3:jrb furx				0	shape-known	C	Locate client feature and capture a journey.
Game	jrg	6224269c97236f793ce665574867cc7dbebb07e9b419c13f6d503dc3315fd8c9	1:jre fusb; 2:int32 fusc				0	shape-known	C	Locate client feature and capture a journey.
Game	jrh	04c314ab52e3465f1918ad7858379a2a180ce39080c638666e1a869a8903d214	1:int32 fusg	Core.Services.Entities.RoleplayEntitiesService.RoleplayEntitiesService::ruq | ehk::mem | ehk::xwp	Core.Services.Entities.RoleplayEntitiesService.RoleplayEntitiesService (toca a 3 mensajes): StaticAnim, AddObjectAsync, OnMonsterAngryAtPlayer, OnQuestMarkerLoaded, RemoveAggression, SetAggressiveMonstersOrientations	C2S/dispatch	4	mapped	C	Replay and verify validation, persistence and S2C ordering.
Game	jri	858eba3cf67e77c230527a57526f2e91a0b4dbdc7b7edf967ff1c50d907f9e78	1:int32 fusk; 2:repeated lgr fusl; 3:repeated lpl fusm; 4:int32 fusn; 5:repeated lgr fuso	fhs::bffu			0	shape-known	C	Locate client feature and capture a journey.
Game	jrk	5d668111020195df8a2384ba5da789fb9d95f9ed642bb5953cff6350490fb573	2:int32 fuss; 4:int64 fust; 5:jsk fusu; 1:jsk fusv; 3:lfe fusw	ees::eyi | ees::fhn | ees::gtg | ees::wvh		S2C/push	1	shape-known	C	Verify the send against a client observation; no handler is inferred.
Game	jrl	8e65c4bdec57f9de9ac720101271d002302f0ce86a14b715de977e11f40c766c	1:map<string, bool> futb; 2:map<string, string> futc				0	shape-known	C	Locate client feature and capture a journey.
Game	jrn	711a5bd3b88adc2625de37407317055b5803a64c879e768046712a4c78d38458	1:jrl futg; 2:int32 futh; 3:int32 futi; 4:int32 futj; 5:int32 futk				0	shape-known	C	Locate client feature and capture a journey.
Game	jro	c279056a79e88da803724032fcf3b855054c68fdd670823444685d5f3d6d121a	1:string futo; 2:optional int64 futp				0	shape-known	C	Locate client feature and capture a journey.
Game	jrq	5b23ad8f516b27ccccd81567da691f838d09386efd9677484ffe2ecbdc488b32	1:jro futu	fhs::bfft | fhs::hjz | fhs::hls | fhs::hyo			0	shape-known	C	Locate client feature and capture a journey.
Game	jrr	360692d7f2c7c346e7f05fc9291fd25f9c9fa31e35a25cd2d855e396cc3a18ab	1:lfe futy				0	shape-known	C	Locate client feature and capture a journey.
Game	jru	d5b341e4a29accb004d3d7e0e9f1fdb34c5f160275e0be01624b94b84c8adc33	1:jrs fuuc; 2:int64 fuud	ebu::gfm | ebu::ljc | ebu::vev | ejv::je	ebu (toca a 3 mensajes): DoCurrentMapEvent | ejv (toca a 10 mensajes): RefreshAfterZoom	C2S/read, S2C/push	3	mapped	C	Replay and verify validation, persistence and S2C ordering.
Game	jrv	149b448b7e5a9ab3c83579625737f3eb73ab25d7b387aa086cc63e5474244e74		fhs::bffq | fhs::fgo | fhs::hiu | fhs::ivd			0	shape-known	C	Locate client feature and capture a journey.
Game	jrw	5cde6c692cfb094e2361af3de46a006d18a86e6aebd23784e1e7cd62bea2b965	1:int64 fuuk; 2:repeated int32 fuul; 3:bool fuum	eoo::bajs | eoo::dxg | eoo::fia | eoo::mpj	eoo (toca a 2 mensajes): ActivateSkill, MapChangeWhenNotMovingAnymore | fiw (toca a 8 mensajes): CountTurnTimeLeft, RefreshPathNextFrame	C2S/dispatch, C2S/read	4	mapped	C	Replay and verify validation, persistence and S2C ordering.
Game	jry	3fd6c926823868e77397dfa88ae270dc255f74a12e5e3dcff1a063170967e7b0	1:jqr fuuq; 2:jrn fuur; 3:jqj fuus	ehl+<WaitProcessMapComplementaryInfo>d__31::MoveNext | ehl::fjt | ehl::ixn | ehl::xxr	ehl (toca a 25 mensajes): WaitForAddingObject, WaitForDroppingObjects, WaitProcessMapComplementaryInfo		0	shape-known	C	Locate client feature and capture a journey.
Game	jrz	53635909f5d37605593e0e73bf6ad59b8da820a9f8155c60507e8ff0e04794af	1:int32 fuux; 2:repeated string fuuy	fhs::bffs | fhs::gsm | fhs::hrf | fhs::sh			0	shape-known	C	Locate client feature and capture a journey.
Game	jsa	047431e8233bb605cc95e60ad4e2256636824c7fb52f6bca553373f220aae7b0	1:map<int32, string> fuvc; 2:repeated string fuvd; 3:optional bool fuve; 4:repeated int32 fuvg; 5:string fuvh				0	shape-known	C	Locate client feature and capture a journey.
Game	jsc	e704effa22af31ddf316fbe1646d1bd74c6935c061d3e50a9e210a08b1245d6d	1:repeated int32 fuvl; 2:jsa fuvm; 3:repeated int32 fuvn; 4:repeated int64 fuvo	fft::behs | fft::boi | fft::fup | fft::nkq			0	shape-known	C	Locate client feature and capture a journey.
Game	jsd	da2d77fd66fb90321e0b9ed0d4a93033229fd3ef935e62d16da817774cb9603e	1:lbo fuvs; 2:int64 fuvt; 3:lbo fuvu	ehl::bwe | ehl::xxj	ehl (toca a 25 mensajes): WaitForAddingObject, WaitForDroppingObjects, WaitProcessMapComplementaryInfo	S2C/push	1	shape-known	C	Verify the send against a client observation; no handler is inferred.
Game	jse	70f9da2c6f8b1866846b25978b116fcefbb00fb74bb5955d48496971752920c1	1:int64 fuvy; 2:int32 fuvz	eju::cyl | eju::gpb | eju::klk | eju::mzh	ejv (toca a 10 mensajes): RefreshAfterZoom | eon (toca a 10 mensajes): SendLeaderPositionEventWhenReady		0	shape-known	C	Locate client feature and capture a journey.
Game	jsg	77b5c96e8562657c442c524c457632b0b78f6c1e9026282835c2107a5d9f0b3f	3:jqr fuwd; 1:jqj fuwe; 2:jqr fuwf				0	shape-known	C	Locate client feature and capture a journey.
Game	jsh	a00c0665698f8e02bacf04a05f6140e91068f15cd0fdb3abfcc397aad92b5d3b	1:optional string fuwk; 2:string fuwm; 3:int32 fuwn; 4:string fuwo; 5:optional int32 fuwp; 6:int64 fuwr; 7:int64 fuws; 8:bool fuwt; 9:bool fuwu				0	shape-known	C	Locate client feature and capture a journey.
Game	jsj	77b41abf4e15124112f0a64d36e4a807928248f4d14fcbd12be3f4b040399d89	1:repeated int32 fuwy; 2:optional int32 fuwz; 3:int32 fuxb; 4:jsh fuxc; 5:int64 fuxd; 6:bool fuxe	ejv::fex | ejv::yvw | eoe::baey | eoe::bafg	ejv (toca a 10 mensajes): RefreshAfterZoom | eon (toca a 10 mensajes): SendLeaderPositionEventWhenReady	S2C/push	1	shape-known	C	Verify the send against a client observation; no handler is inferred.
Game	jsk	35b59a39eb4e69a20128ad28f66d4043e5bff7d04342a977c78da1bc5be5ed8f	1:int32 fuxi; 2:int64 fuxj				0	shape-known	C	Locate client feature and capture a journey.
Game	jsl	38bb7d21e4a158d2100446fdb2d1d0d6328d004fb2dc48b4e7794cc67373e1e8	1:int64 fuxn; 2:repeated int64 fuxo; 3:bool fuxp; 4:bool fuxq; 5:int32 fuxr; 6:int64 fuxs; 7:int64 fuxt; 8:optional int64 fuxu				0	shape-known	C	Locate client feature and capture a journey.
Game	jsn	d19a991b29553edd4ce2fec9ee866fc1c5ee442e550d798cdaf21003d84b3e50	1:repeated ljx fuxz; 2:jsl fuya	ehl::xxk | ejv::epi | ejv::kdq | ejv::kgs	ehl (toca a 25 mensajes): WaitForAddingObject, WaitForDroppingObjects, WaitProcessMapComplementaryInfo | ejv (toca a 10 mensajes): RefreshAfterZoom	S2C/push	5	shape-known	C	Verify the send against a client observation; no handler is inferred.
Game	jsq	874590133c6d47695deaaf32e7546556de5fb6d4bbf024e687b0bd04edc9adea	1:jso fuye	eon::baip | eon::csu	eon (toca a 10 mensajes): SendLeaderPositionEventWhenReady	S2C/answer, S2C/push	3	shape-known	C	Verify the send against a client observation; no handler is inferred.
Game	jss	0c80f9d553705bf97df7b53f44ccc073da30fb1b2becb856a5238f42cfb99dc5	2:int64 fuyi; 3:repeated jrg fuyj; 5:repeated ljx fuyk; 6:int32 fuyl; 9:repeated lpx fuym; 10:repeated jqn fuyn; 11:repeated lev fuyo; 12:repeated lny fuyp; 14:bool fuyq; 15:repeated ldf fuyr; 1:jsk fuys; 4:jry fuyt; 7:jra fuyu; 8:jqd fuyv; 13:lfe fuyw	Core.Services.Roleplay.RoleplayIntroductionService::bacr | ehl+<WaitProcessMapComplementaryInfo>d__31::MoveNext | ees::wue | ehl::dsk	ehl (toca a 25 mensajes): WaitForAddingObject, WaitForDroppingObjects, WaitProcessMapComplementaryInfo | Core.Services.Roleplay.RoleplayIntroductionService (toca a 2 mensajes): DelayUntilEntityReadyThenSpawnPlayer, GenerateSpawnPlayerEntity, InitSprite	S2C/push	1	shape-known	C	Verify the send against a client observation; no handler is inferred.
Game	jsy	ab1347a5117c85c3bfaa671c885bc3d6eef3c01fcdec2f546c67d569dfbaee81	2:int32 fuzc; 1:optional int32 fuzd; 3:optional int32 fuzf	fmc::bgns | fmc::bgnf | fmc::bzb | fmc::lpf			0	shape-known	C	Locate client feature and capture a journey.
Game	jsz	ba33e80323f07947629c0e71eb6260a0c2938946f74573a57ecf487a47843642	1:string fuzl; 2:int32 fuzm				0	shape-known	C	Locate client feature and capture a journey.
Game	jta	033f41e2c2d7c80b6b21611d8d947bf42f87a1376c44214b1fb7acc899a6ca0e	1:int32 fuzq; 2:int64 fuzr; 3:int32 fuzs; 4:int64 fuzt				0	shape-known	C	Locate client feature and capture a journey.
Game	jtc	61d2fa5424d3229b91419c8a203d1f9f4a8a1bed9dcc4022b30487a7f40e92c1	1:jta fuzx; 2:jsz fuzy; 3:jsy fuzz	fmc::bgns | fmc::bgnf | fmc::bzb | fmc::lpf			0	shape-known	C	Locate client feature and capture a journey.
Game	jtd	7ac9ffaf6ff5a5c190f021871341203f99717b9950e264c806ed4fb0e73b2a1b	1:jte fvae; 2:repeated int64 fvaf				0	shape-known	C	Locate client feature and capture a journey.
Game	jte	06e239f680cb8d09672fa6e42f2e4368f8beaeca2a73f98b7a745247c4e7247c	1:string fvaj; 2:string fvak; 3:repeated lgy fval; 4:int64 fvam; 5:string fvan; 6:string fvao			C2S/dispatch	2	mapped	C	Replay and verify validation, persistence and S2C ordering.
Game	jtg	736b4d7585a351bfee3d12c9bf44128deec9b2b6127d22aae26bfa4a5da5e4f8	1:int64 fvas; 2:repeated jtd fvat; 3:repeated jtd fvau	ees::luv | ees::wuv		S2C/push	1	shape-known	C	Verify the send against a client observation; no handler is inferred.
Game	jth	cea357c5b52d64b1b3975268e921428b04f287d8528caa32bfaa91cbb637c991	1:int64 fvay; 2:int64 fvaz	eba::dvw | eba::goq | eba::kly | eba::uwt			0	shape-known	C	Locate client feature and capture a journey.
Game	jti	94ba297f7835178bfc1fc420c3993fc608007094670e04bf98f398a2227321e2	1:bool fvbd; 2:int32 fvbe	fkf::bgbd | fkf::bgbf | fkf::fsb | fkf::gfp		C2S/dispatch, C2S/read	4	mapped	C	Replay and verify validation, persistence and S2C ordering.
Game	jtj	2593c5915b34443fc38b7be9b4b79ccbc158db84c481a781fd2385038851726e	1:map<int64, bool> fvbi; 2:repeated string fvbj; 3:optional bool fvbk; 4:optional string fvbm				0	shape-known	C	Locate client feature and capture a journey.
Game	jtl	9f2d5ad6ad5a18a305f1f842e53e8fe38b15eab5b4900d7f816ceb3ee48455db	1:int64 fvbr; 2:int32 fvbs; 3:int32 fvbt; 4:jtj fvbu				0	shape-known	C	Locate client feature and capture a journey.
Game	jtn	1b56d5b19d9776fe38fa8691d580f0d1d76574ae61c5419e8e852928db9648ca	1:repeated jtl fvby	guk::blvu | guk::dje | guk::fio | guk::hgg			0	shape-known	C	Locate client feature and capture a journey.
Game	jto	36bc438b3391e54cba5a9bf8170e72f21772da4425f3919472438e44e8aaa668	1:int64 fvcc; 2:jsv fvcd	fke::bfyy | fke::lwf		C2S/dispatch, S2C/push	14	mapped	C	Replay and verify validation, persistence and S2C ordering.
Game	jtq	245d3ac7160dbd5ee07ab4dc2b87d2e5b91414d86cfba0faf23d818a922f0e5e	1:int32 fvch; 2:bool fvci; 3:int32 fvcj				0	shape-known	C	Locate client feature and capture a journey.
Game	jtr	8d5d1adc438b7ca600d792cbb75eb1f11badec3ece18c29cdef05a1fc984453b	1:int32 fvcn; 2:repeated int32 fvco; 3:int64 fvcp; 4:int32 fvcq				0	shape-known	C	Locate client feature and capture a journey.
Game	jts	f6a7b6c5cf05566c507634d8e5a2450ce476b83c1c34569e7b749605b04276b8	1:int64 fvcu; 2:int32 fvcv				0	shape-known	C	Locate client feature and capture a journey.
Game	jtv	4f25ad6f067402e7c27a22a2904997159e62e3d641382f2c9eb013b5c5d7337a	1:jtt fvcz; 2:int64 fvda; 3:int32 fvdb				0	shape-known	C	Locate client feature and capture a journey.
Game	jtw	e5cea56665982b5cf023862e471d9f98cae60c5e4f74dcea322a1e40d574a432	1:bool fvdf; 2:int32 fvdg; 3:int32 fvdh; 4:int32 fvdi; 5:int32 fvdj				0	shape-known	C	Locate client feature and capture a journey.
Game	jtx	09969216fca033b3f67775affe9435ec04b82c5dafa9317db1c286d384e431fc	1:int32 fvdn			S2C/push	10	shape-known	C	Verify the send against a client observation; no handler is inferred.
Game	jty	fc53bbe3c71dc613900ee8e0a1ecb5832c6d0ff454f6d28a1484d60fefa83747	1:int32 fvdr; 2:int64 fvds; 3:int32 fvdt; 4:int32 fvdu				0	shape-known	C	Locate client feature and capture a journey.
Game	jtz	32095efe44f19324712a0f0cfef1cd51057a23cf191b154aff9545189765e8e4	1:int32 fvdy; 2:bool fvdz				0	shape-known	C	Locate client feature and capture a journey.
Game	jua	5b8b9e46ec73ea02ed82bf94a7b2b4850bdb4f6fff05a8ddcde40eb09bc718b3	1:optional int64 fved; 2:int32 fvef; 3:bool fveg; 4:repeated string fveh				0	shape-known	C	Locate client feature and capture a journey.
Game	juc	cb9c985a53c531ad39a06f4a64173e7dd7b9d651d4aa14d61c6eaf2dfcad27e9	1:lbk fvel; 2:jua fvem; 3:bool fven; 4:int64 fveo			S2C/push	6	shape-known	C	Verify the send against a client observation; no handler is inferred.
Game	jue	08c54082265a7c700a54982988dbdc90870356ee2da1c11ad8199b4a68f91e9e	1:string fves; 2:repeated ljx fvet				0	shape-known	C	Locate client feature and capture a journey.
Game	juf	2ce6539917312a68e80d1532df1a8a00cfdde1ba14d6f6a1b32dc22fb33ec1d2	1:bool fvex; 2:optional string fvey; 3:map<int64, int64> fvfa; 4:int64 fvfb; 5:bool fvfc; 6:int32 fvfd; 7:repeated string fvfe				0	shape-known	C	Locate client feature and capture a journey.
Game	jug	9ebed70985f6c225393d23e5595e90d2c0452df9326a0436735936453dea784f	1:repeated lnj fvfi; 2:optional int64 fvfj; 3:lhg fvfl; 4:int32 fvfm; 5:jtc fvfn; 6:lpk fvfo	fmc::bgns | fmc::bgnf | fmc::bzb | fmc::lpf			0	shape-known	C	Locate client feature and capture a journey.
Game	jui	dcc4faad9b5c3aa8df07c7d092d07f31a9136a6c9b4fb2b11d38b053c830e30a	1:repeated jug fvfs; 2:juf fvft				0	shape-known	C	Locate client feature and capture a journey.
Game	juk	df928ab90e0d4d0fe410b6119510541e291b38ddcfa1028c513edb603821abb0	1:jui fvfx; 2:jue fvfy	fmc::bgnf | fmc::bzb | fmc::lpf | fmc::luk			0	shape-known	C	Locate client feature and capture a journey.
Game	jun	4e42987e51076cfa90595b1ff0852906d4324af15a51a723590ef1a6ebaf9327	1:ldz fvgd; 2:jul fvge				0	shape-known	C	Locate client feature and capture a journey.
Game	juo	ef9477fec186abc76c8f3ac10a929b2cd3d639de6c6e8eff2782c648c7a3f44d	1:int32 fvgi; 2:int64 fvgj				0	shape-known	C	Locate client feature and capture a journey.
Game	jup	c91d1a142b6ca72b1d4376a6bb16af25eb459ee759588b8255f68861572bc82e	1:string fvgn; 2:optional int64 fvgo; 3:int64 fvgq; 4:repeated int64 fvgr; 5:repeated bool fvgs; 6:repeated int64 fvgt; 7:optional bool fvgu; 8:optional string fvgw				0	shape-known	C	Locate client feature and capture a journey.
Game	jur	d530ca5c580993ea105aee276583e7501aa5b1f7dbeaa3e0a0b0117a5510603b	1:int64 fvhb; 2:jup fvhc; 3:int64 fvhd				0	shape-known	C	Locate client feature and capture a journey.
Game	jus	6669888a99f807650191a0cbc6e61647763553212bad31cc5a279a4173638cc3	1:int64 fvhh; 2:lhg fvhi; 3:lhg fvhj				0	shape-known	C	Locate client feature and capture a journey.
Game	jut	cd4faa68a9dfaf2b61ffc4ca6847efc8bc6a78290211e7965181c9fe252340b7	1:int32 fvhn; 2:int64 fvho			S2C/push	2	shape-known	C	Verify the send against a client observation; no handler is inferred.
Game	juu	3ef85eb82a432eba1620b43e87a3f638f225a73db2ae17a248c05c2e4ea4b9f8	1:int32 fvhs; 2:int64 fvht; 3:int32 fvhu			S2C/push	2	shape-known	C	Verify the send against a client observation; no handler is inferred.
Game	jux	5077abecc9740751a9ebb0c106c8f3d691a071f972bfde1871dcdfb62c4cb06a	1:juv fvhy; 2:int32 fvhz; 3:int32 fvia; 4:int64 fvib; 5:bool fvic				0	shape-known	C	Locate client feature and capture a journey.
Game	juz	3dff7b248b122ec5f8610f69eb4e356f8ae18940c35528c95c6ef988c4ba2005	3:bool fvig; 4:int32 fvih; 5:int64 fvii; 1:optional int32 fvij; 2:optional int32 fvil	fmc::bgna | fmc::hbg | fmc::kfg | guf::bltr			0	shape-known	C	Locate client feature and capture a journey.
Game	jva	05efd9784fe8c6f4bfe3a308229866fc017f2633dc688d2e6eb57b5166609ec6	1:repeated int64 fvir				0	shape-known	C	Locate client feature and capture a journey.
Game	jvb	03d29130a9d7c246e3866d81cbac55a75e11acdf4fe89e04d8ad279c23f1485b	1:int32 fviv; 2:int64 fviw				0	shape-known	C	Locate client feature and capture a journey.
Game	jvc	32db77be866c40ebeef9e048f91df7d8e68aa12eb354747ef4fde6dc0d941759	1:int32 fvja; 2:int64 fvjb				0	shape-known	C	Locate client feature and capture a journey.
Game	jve	1d219f25d0d391497678b8bf7b8ae804eee0d99229045a9d088fffc54348fe9b	1:repeated int32 fvjf; 2:int32 fvjg; 3:int32 fvjh	fmc::bglz | fmc::bvi | fmc::hfl | fmc::bct			0	shape-known	C	Locate client feature and capture a journey.
Game	jvf	0a6a48a4a85c6326dbbf8a5456e3bcdea3c8f2fe2e632b7b17ee284cb6ce49bf	1:repeated lgt fvjl; 2:int32 fvjm; 3:int32 fvjn; 4:int64 fvjo; 5:repeated lgt fvjp				0	shape-known	C	Locate client feature and capture a journey.
Game	jvg	e81ad8ae82b04013139970c4afa17fa864b85d435dcf5bf77bb633d58f7e4c55	1:repeated lgt fvjt; 2:int32 fvju	fmc::bgma | fmc::fgc | fmc::bglz | fmc::bvi			0	shape-known	C	Locate client feature and capture a journey.
Game	jvi	2d2db7a405817a33fbea64c597a96aae0d4f94d1178934947a0199eba21cc09e	1:bool fvjy; 2:int64 fvjz; 3:map<bool, string> fvka; 4:repeated jvf fvkb; 5:jsu fvkc; 6:int32 fvkd; 8:bool fvke; 9:jvg fvkf; 7:jve fvkg; 10:optional int32 fvkh	fmc::bglz | fmc::bvi | fmc::hfl | fmc::bct			0	shape-known	C	Locate client feature and capture a journey.
Game	jvj	6a4c553e91f9609f045f041b48c733026e47819b206e2b8ee9d01bfb8b9db6b2	1:int64 fvkn; 2:bool fvko				0	shape-known	C	Locate client feature and capture a journey.
Game	jvk	b22fc7a4dfe97cdedf9a18c7eab2c7d38629922e4ca92bd1b90ffc60d5ae3642	1:int64 fvks; 2:int64 fvkt				0	shape-known	C	Locate client feature and capture a journey.
Game	jvl	1d17304079f81fd49a760497ef000c3dcfa4cefae23d38dcfbc11a4811a3cb2d	1:bool fvkx; 2:string fvky; 3:map<string, int64> fvkz; 4:int64 fvla				0	shape-known	C	Locate client feature and capture a journey.
Game	jvn	14b4bc74c4f1f0694895250b90b2f822592dba71d8f532e328847b963a22706f	1:int64 fvle; 2:jvl fvlf			S2C/push	2	shape-known	C	Verify the send against a client observation; no handler is inferred.
Game	jvo	366c6a1d3229af0a354ff6c552c58b5e9356d0664b2b78b04aa8e9ff56fd0995	1:int64 fvlj; 2:int32 fvlk; 3:int64 fvll				0	shape-known	C	Locate client feature and capture a journey.
Game	jvp	87a83e22a56422cc8bc118f93c97a4ce53d2e99aa58742880c20ed4873021c3d	1:optional int32 fvlp; 2:int64 fvlr; 3:int32 fvls; 4:int32 fvlt; 5:int32 fvlu	fmc::bgmn | fmc::bie | fmc::frh | fmc::gpc			0	shape-known	C	Locate client feature and capture a journey.
Game	jvs	749b24c9df7506d84ffb152806604af3da6c4f001c1157b277d6c3ff532193a9	1:int32 fvly; 2:jvq fvlz; 3:repeated string fvma; 4:int64 fvmb				0	shape-known	C	Locate client feature and capture a journey.
Game	jvt	eb99012e0d6807500bb97ea29f79bc15d8f9f687ab3569c54ce7f38f973071f7	1:int32 fvmf; 2:int64 fvmg; 3:int32 fvmh				0	shape-known	C	Locate client feature and capture a journey.
Game	jvu	1fbcceb87a7febb082b64cfdaf2b3bb9598ff3d2e532c06c745413316cac1da2	1:int32 fvml; 2:bool fvmm; 3:int64 fvmn				0	shape-known	C	Locate client feature and capture a journey.
Game	jvv	16f8d4efe7f9f442519140f55d25eccb24797bb5bcaafee975d753a7b33a48bb	1:int64 fvmr; 2:bool fvms; 3:int64 fvmt				0	shape-known	C	Locate client feature and capture a journey.
Game	jvw	dc396f0741ee246188f57cb3c8d89aa4fb3b36e0a6737454d7c7e140753d6e19	1:int32 fvmx; 2:int64 fvmy				0	shape-known	C	Locate client feature and capture a journey.
Game	jvz	c89d90f84c4aeeccc16fb6bb3c90b82fd3834ef2fe66ed9a1e0e0bb2b2a871c4	1:jvx fvnc; 2:int64 fvnd				0	shape-known	C	Locate client feature and capture a journey.
Game	jwa	c671179bdff739c6d7e4f281f4592ee88eaf4afc6052907710cf9d11438f4517	1:int32 fvnh				0	shape-known	C	Locate client feature and capture a journey.
Game	jwb	92ceaefa5eeb7417b1ba5d12b00e7ce0a3d862567c606f9c7a1f4c2087f3a962	1:int32 fvnl			S2C/push	2	shape-known	C	Verify the send against a client observation; no handler is inferred.
Game	jwc	93529147ab2211674d534540915be9d75bf39184df784a120e0ac318d3a8001f	1:lbl fvnp				0	shape-known	C	Locate client feature and capture a journey.
Game	jwe	5885e3c83b287506d1a683cb423716ccc6af8ed06072a430fcd98951bd5518d0	3:int64 fvnt; 14:int32 fvnu; 1:juk fvnv; 2:juu fvnw; 4:jvn fvnx; 6:jvs fvny; 7:jvi fvnz; 9:jty fvoa; 10:jvj fvob; 11:jva fvoc; 12:jvw fvod; 13:jvk fvoe; 15:jtq fvof; 16:jur fvog; 17:jtz fvoh; 18:jtr fvoi; 19:juo fvoj; 20:jvb fvok; 21:jvo fvol; 22:jtx fvom; 23:juz fvon; 24:jtv fvoo; 25:jtw fvop; 26:jus fvoq; 27:jts fvor; 28:jvu fvos; 29:jwb fvot; 30:jwa fvou; 31:jvz fvov; 32:jun fvow; 33:jux fvox; 34:juc fvoy; 35:jut fvoz; 36:jvc fvpa; 37:jvv fvpb; 38:jvt fvpc; 39:jwc fvpd; 40:jvp fvpe	eju::fau | eju::ize | eju::yvj | fka::bfxs		S2C/push	15	shape-known	C	Verify the send against a client observation; no handler is inferred.
Game	jwf	61529b265d39de84c1bbcb8a444edbeb894a77d3d41020d9adef5e7494b1e8f2	1:int64 fvpj; 2:repeated int64 fvpk; 3:repeated bool fvpl; 4:int64 fvpm; 5:int64 fvpn; 6:int32 fvpo; 7:bool fvpp; 8:bool fvpq			S2C/push	2	shape-known	C	Verify the send against a client observation; no handler is inferred.
Game	jwh	124373d76b1e454a7fa15472fdbc574db9022f107fcb3cd5bfcbf8f03b327331	1:int32 fvpu; 2:jwf fvpv; 3:int32 fvpw; 4:int32 fvpx	fki::bduu		C2S/dispatch, C2S/read	3	mapped	C	Replay and verify validation, persistence and S2C ordering.
Game	jwi	8e1024adf4170cbf48cd6fda32b1efd9175d096294677afa16c0ec0f98f3a444	1:int32 fvqb; 2:int64 fvqc; 3:jsv fvqd	ejv::fyx | ejv::iyt | ejv::ywf | fke::bfyz	ejv (toca a 10 mensajes): RefreshAfterZoom	S2C/push	12	shape-known	C	Verify the send against a client observation; no handler is inferred.
Game	jwj	c58f1e4ddf6e0ebcd65fdfb6e48b8221f35fbde74945132e6a37f24d6ceeffe6	1:bool fvqh; 2:int32 fvqi; 3:bool fvqj	ees::wuw			0	shape-known	C	Locate client feature and capture a journey.
Game	jwm	40d7f14aa7692d90e2b3f2b3212e47e842127ecb0d398f6346c5b1356480edd1	1:int32 fvqn; 2:int64 fvqo; 3:jwk fvqp	eba::edg | eba::fga | eba::omc | eba::uwu		S2C/push	2	shape-known	C	Verify the send against a client observation; no handler is inferred.
Game	jwn	de10f75b3c93b139c993dcbc3418c5bd66be93bcbd90adb2e81af29fa886b1e0	1:int64 fvqt; 2:int32 fvqu; 3:repeated string fvqv	fki::bduv			0	shape-known	C	Locate client feature and capture a journey.
Game	jwo	d29778bf2148f1cd566ece28c79fb68faeddfb832173576e840238b0b5f14d13	1:string fvqz; 2:repeated int32 fvra; 3:repeated int32 fvrb			S2C/push	4	shape-known	C	Verify the send against a client observation; no handler is inferred.
Game	jwq	576540e0a44e288b63a86bd1eaa9ebacd78710383056eb475f7985b371b15a66	1:repeated lff fvrg	guk::blvw | guk::ftc | guk::iaa | guk::nwb		S2C/push	1	shape-known	C	Verify the send against a client observation; no handler is inferred.
Game	jwr	bbead7d7465f4b07af2f0fc8af71ce9466558ea422da9c8757fb7a423b8b1c2a	1:optional lsg fvrk; 2:jwv fvrm; 3:optional lsg fvrn	gop::blai | fhs::bffr | fhs::ebg			0	shape-known	C	Locate client feature and capture a journey.
Game	jws	b15f3face2bc3cc47ae1a61d613fc7c7b61722f1d78a8a8802be01e7e5a2d200	1:int64 fvrs; 2:lhq fvrt	fke::bfzk | fke::kef | fke::mct			0	shape-known	C	Locate client feature and capture a journey.
Game	jwt	71cea69acc0edf66846b0caeb36cb01bb41953d6a53e4520c3f86979ff3d98e7	1:lgw fvrx; 2:lhl fvry				0	shape-known	C	Locate client feature and capture a journey.
Game	jwv	3ff067d022df12ea2672e479d737f3490528229fcb49528d7d62f676327a3ca7	1:int32 fvsc; 2:lbg fvsd; 3:string fvse; 4:bool fvsf; 5:repeated jwt fvsg				0	shape-known	C	Locate client feature and capture a journey.
Game	jww	d3f19edc35ca58eb4d873bddf85ba764ac24317186602f7d9125748bb7165ee6	1:int32 fvsk; 2:int32 fvsl; 3:int32 fvsm; 4:int32 fvsn; 5:int32 fvso; 6:int32 fvsp; 7:int32 fvsq; 8:int32 fvsr	dw::mso | ees::fwg | ees::gab | ees::gkk			0	shape-known	C	Locate client feature and capture a journey.
Game	jwx	c3ae4db291ae8b53fedab07c4deda7898eb6bdfd25b0b075123675eb440c9840	1:repeated int64 fvsv				0	shape-known	C	Locate client feature and capture a journey.
Game	jwz	fa731cee82ee6e03022f4317f01bc44943053c7ee2bf1f9a860e87b629019736	1:bool fvsz; 2:jwx fvta	fkf::bgbc | fkf::cye | fkf::ncu | fke::bfza		C2S/dispatch	4	mapped	C	Replay and verify validation, persistence and S2C ordering.
Game	jxa	c7344b80f342a7e3fbf64c05d0c9b2f1213216dd45a00384b9d05eb125981442		fqu::bhup | fqu::eci | fqu::fpy | fqu::kpa	fqu (toca a 3 mensajes): UpdateScoreWhenReady		0	shape-known	C	Locate client feature and capture a journey.
Game	jxb	85dbe0b0c4123750d61a4a0fd27379a0716566c31af04222439f62a3ee83d4bf	1:repeated ljx fvth	ejv::ywe | fmc::bglx | fmc::bgmg | fmc::dxg	ejv (toca a 10 mensajes): RefreshAfterZoom	S2C/push	1	shape-known	C	Verify the send against a client observation; no handler is inferred.
Game	jxc	5e5283b6879a03917c40d19bf314e3b324a5de023fe4e8fa4d160f317b67c3fe	1:repeated lhn fvtl; 2:repeated lco fvtm; 3:repeated lco fvtn; 4:int64 fvto; 5:optional bool fvtp	fjw::bfvv | fjw::mye | fjw::ndc | fke::bfzs	fjw (toca a 15 mensajes): DelayPlacementDisplay	S2C/push	2	shape-known	C	Verify the send against a client observation; no handler is inferred.
Game	jxf	acd0bdedb39c53872d30f9f778bf84bb0b8c544f695665c3226df01e89251294	1:repeated lco fvtu; 2:int64 fvtv; 3:int32 fvtw; 4:int32 fvtx; 5:repeated int32 fvty; 6:jxd fvtz; 7:repeated lhn fvua				0	shape-known	C	Locate client feature and capture a journey.
Game	jxg	54217f377d6bc55a8b605026ef8d875f13ec4482936b066513fdf7f2333ff361	1:bool fvue; 2:ljx fvuf	fka::bfxk | fka::job | fka::lwr		S2C/push	2	shape-known	C	Verify the send against a client observation; no handler is inferred.
Game	jxh	9b5c07acbdefe4971b5c4fd4794b816bdcae130dea665aa2b86f57efbae9c5e6	1:int64 fvuj; 2:int64 fvuk	fke::bfza | fke::ewl		S2C/push	1	shape-known	C	Verify the send against a client observation; no handler is inferred.
Game	jxi	b1755e8a2b5bd210d31e907b48925a3c54956adcd0a36fd2a8d9bfb1322e6760	1:bool fvuo	fke::bfzh | fke::eom | fke::grv | fke::kdj			0	shape-known	C	Locate client feature and capture a journey.
Game	jxj	7ed283c1045d764c80c4a20521210e7abcda4d8c24b82eef50637815006ed8e9	1:int64 fvus; 2:int64 fvut; 3:lfg fvuu	eoi::bahi | eoi::brg | eoi::fpo	eoi (toca a 5 mensajes): DelayUntilLoaded, PrepareAndDispatchFightMapData		0	shape-known	C	Locate client feature and capture a journey.
Game	jxk	b5b8765c576ff004c476b05be043616316141e850bbb98aee45b1b497ef540bd	1:repeated lhs fvuy; 2:int64 fvuz; 3:repeated hmw fvva	fmc::bgoo | fmc::hhw | fmc::ijw | fmc::jdc			0	shape-known	C	Locate client feature and capture a journey.
Game	jxl	959c5ad7cb9026cf1595ed9b722e75826006bed56d96675b7d08b3ecefd19e49	1:ljx fvve	fka::bfxj | fka::iks | fmc::bgly | fmc::bsf			0	shape-known	C	Locate client feature and capture a journey.
Game	jxm	2326c231e06f79400ed6475cd962fc5f22c991e8b7baea2afb4c70e689fee1d5	1:lff fvvi	fmc::bgop | fmc::gpm | fmc::idr		S2C/push	1	shape-known	C	Verify the send against a client observation; no handler is inferred.
Game	jxn	10031c7f2c93a31d80711969415d58cd8688efd2d1fd82a2bd890b424210a83d	1:int32 fvvm; 2:int64 fvvn	fmc::bgon | fmc::epf | fmc::gek | fmc::kxu			0	shape-known	C	Locate client feature and capture a journey.
Game	jxo	21d95f981bf65f33324fe86f40e240f7e3c942333635631289fd4dff374d1ce7	1:map<int64, jzo> fvvr; 2:jww fvvs	ees::fwg | ees::gab | ees::gkk | ees::wvg			0	shape-known	C	Locate client feature and capture a journey.
Game	jxp	d067dc79fdb16e9e78cec824909f119e31d42adfa7480bf1cbe92b8b6209b72c	1:int64 fvvw; 2:lhq fvvx	fke::bfzl | fke::hxz			0	shape-known	C	Locate client feature and capture a journey.
Game	jxs	867f0aa3cbf31e115e089853fe7566190b73baabff38be11e96a26783b7a5e64	1:int64 fvwb; 2:jxq fvwc	epd::baok	epd (toca a 17 mensajes): NpcDialogCreationWhenAvailable		0	shape-known	C	Locate client feature and capture a journey.
Game	jxt	1855c16f23ebf30c36f9e97ac16d30416c88a5a5e7c11ebbedc13d1da5351b36	1:bool fvwg	fqu::bhue | fqu::hvo | fqu::mhe | fqu::nvk	fqu (toca a 3 mensajes): UpdateScoreWhenReady		0	shape-known	C	Locate client feature and capture a journey.
Game	jxu	eef23e4f1cf751d0af86479a4248c2c80e90a35793aec5bf42252b69c41cc776	1:repeated llh fvwk; 2:repeated ldz fvwl; 3:repeated lff fvwm; 4:int32 fvwn; 5:int32 fvwo; 6:jzb fvwp; 7:string fvwq	Core.Services.Roleplay.RoleplayIntroductionService::bacq | fiw::bfoy | fiw::ncs | fka::bfxi	Core.Services.Roleplay.RoleplayIntroductionService (toca a 2 mensajes): DelayUntilEntityReadyThenSpawnPlayer, GenerateSpawnPlayerEntity, InitSprite | fiw (toca a 8 mensajes): CountTurnTimeLeft, RefreshPathNextFrame		0	shape-known	C	Locate client feature and capture a journey.
Game	jxv	ed527f6d26624164ee817421b8dabaf1c425b3b80011a5b5f2edf2831963c99c	1:int64 fvwu; 2:int64 fvwv	fhw::bfhb | fke::bfzr | fke::dfw | fke::mxq	fhw (toca a 8 mensajes): UpdateSpellsNextFrame		0	shape-known	C	Locate client feature and capture a journey.
Game	jxw	eef1f0a8758eb11ee99c1d70e78cb0bc6b0ec90a314b0fe7afb144f39eccaece	1:int64 fvwz; 2:lpk fvxa; 3:lpk fvxb	fmc::bgmf | fmc::fyu | fmc::jkf		S2C/push	4	shape-known	C	Verify the send against a client observation; no handler is inferred.
Game	jxx	e76498c942ae2c628fa67f8d7cd1807a71ae2ad506b3aec8d9b5dc1ef9b095d7	1:optional int32 fvxf; 2:int64 fvxh; 3:map<string, bool> fvxi; 4:bool fvxj; 5:int32 fvxk	fmc::bgol		S2C/push	2	shape-known	C	Verify the send against a client observation; no handler is inferred.
Game	jxy	21c477a4ea8805d0ee3ed703a8014db36194b5422e288043791e5ed4a6bc9a2d	1:bool fvxo	fiw::bfpf | fiw::gxp | fiw::iii | fiw::bfpa	fiw (toca a 8 mensajes): CountTurnTimeLeft, RefreshPathNextFrame	C2S/dispatch	4	mapped	C	Replay and verify validation, persistence and S2C ordering.
Game	jxz	d5b2fcdf8d6215cb599fb04842c4da0af3bd739e96331e4fe1353ac1410b7d2c	1:int32 fvxs; 2:int32 fvxt	fiw::bfov | fiw::bka | fiw::bri | fiw::iha	fiw (toca a 8 mensajes): CountTurnTimeLeft, RefreshPathNextFrame	S2C/push	2	shape-known	C	Verify the send against a client observation; no handler is inferred.
Game	jya	3c03f855102dc6c2e64705064fe42796e813f4f5a5087b4dc8f6dd1115a5f0b6	1:int64 fvxx; 2:int32 fvxy	fmc::bgoq | fmc::jzc		S2C/push	2	shape-known	C	Verify the send against a client observation; no handler is inferred.
Game	jyb	006b480e83b7866aa9cb4729ab4336d80b177530c3a5592a1665b23687cbad38	1:lbl fvyc; 2:int32 fvyd; 3:int32 fvye	fke::bfzb | fke::bkt | fke::mea			0	shape-known	C	Locate client feature and capture a journey.
Game	jyc	2a2822f657f99f38c8b8cbf62be9c6f48f9958917daade15e8bee73f130e60d2	1:repeated jwr fvyi	fhs::bffr | fhs::ebg			0	shape-known	C	Locate client feature and capture a journey.
Game	jyd	15acd0c59ddde63ee5a2ef355b12f89e202b21a6d29a2e8e87246fa81f7dfca8	1:int64 fvym; 2:bool fvyn; 3:int32 fvyo				0	shape-known	C	Locate client feature and capture a journey.
Game	jyf	54c103f991377515deeaa2fed8d8d38c22150a801bee845525a10e0a8f8b2f8c	1:repeated jyd fvys	fke::bfyt		S2C/push	4	shape-known	C	Verify the send against a client observation; no handler is inferred.
Game	jyg	2bcc5e49de0faa775f80272e995a5273a34ca470a5e7030d06a6defb235f4dac	1:optional int32 fvyw; 2:repeated lmm fvyy; 3:repeated loc fvyz; 4:int64 fvza; 5:optional int32 fvzb; 6:int32 fvzd; 7:optional int32 fvze; 8:int32 fvzg	Core.UILogic.Fight.BuffsFightUI::OnFightEndEvent | ejv::bxq | ejv::ffc | ejv::kru	Core.UILogic.Fight.BuffsFightUI (toca a 2 mensajes): m_canTakeFocus, m_selectedTab, RefreshBindingReferences, m_callbackBeforeResetOnDoubleClick, OnStyleResolved, RefreshAfterGeometryChanged, OnTabSelection, RefreshTab, SizeAutomaticallyToFitContent, PopulateContextMenu, DisableWidget, OnOptionAdaptSizeAutomaticallyChanged | ejv (toca a 10 mensajes): RefreshAfterZoom	S2C/push	2	shape-known	B	Verify the send against a client observation; no handler is inferred.
Game	jyj	295e00c31f26ec950b4db83da66a6cc174f81c3e0e62224ddfa20fc056d54b6b	1:jyh fvzk	fke::bfyw | fke::dar | fke::eaa | fke::jls		S2C/push	2	shape-known	C	Verify the send against a client observation; no handler is inferred.
Game	jyn	cdaa0fb7da8ea9707ab3391e27a7d9a6a5c91a312a9466260169dc7938a6cc5b	1:jyl fvzo				0	shape-known	C	Locate client feature and capture a journey.
Game	jyo	5c148528b7e2ed539f119d62531030b80cddde455276986d60c70351597ed271	1:int32 fvzs; 2:int32 fvzt				0	shape-known	C	Locate client feature and capture a journey.
Game	jyp	ed199976d853d4aaba1295c4a1384e26df24f2ecca6f9bc04f2c2638c238cc51	1:jys fvzx; 2:int32 fvzy				0	shape-known	C	Locate client feature and capture a journey.
Game	jyq	fe0ecc8fce581349bd446d3e212c4378ed66bdaac8ba61a6f8265a4c75873490	1:jys fwac; 2:int32 fwad				0	shape-known	C	Locate client feature and capture a journey.
Game	jys	fec560cb0469e415f97454328378abcc0d278633bd190e97630d894849070042	1:lbl fwah; 4:int64 fwai; 2:jyn fwaj; 3:jyo fwak; 5:jyq fwal; 6:jyp fwam	fa::dfu | fa::iek | fa::muc | fb::mud		S2C/push	2	shape-known	C	Verify the send against a client observation; no handler is inferred.
Game	jyt	369472f7f0164b16cae210423c9ab9490d7b7194bc1b9d6c4ec8257b3cf71c0b	1:int32 fwar; 2:int64 fwas	fke::bfyx | fke::bye | fke::cyb | fke::jrh		S2C/push	1	shape-known	C	Verify the send against a client observation; no handler is inferred.
Game	jyu	126c267398ab464ee64638c8b7c0e759b1c6b9ac2c4e85a69a063e0e7fa140a7	1:int64 fwaw	fqu::bhuf | fqu::fi | fqu::jpa | fqu::kon	fqu (toca a 3 mensajes): UpdateScoreWhenReady		0	shape-known	C	Locate client feature and capture a journey.
Game	jyv	05c61f4c19419e9f2bb94c8ffea54b69bc2a699d26223c0f10565530cf3d1789	1:int32 fwba; 2:int32 fwbb; 3:int64 fwbc	fmc::bgor | fmc::hae | fmc::nl			0	shape-known	C	Locate client feature and capture a journey.
Game	jyw	f0a4eee7acf13ed8ef50a63635678d6c592d76bf6cad211c6f13c2d6c1af539c	1:optional int32 fwbg; 2:map<int64, string> fwbi; 3:repeated string fwbj				0	shape-known	C	Locate client feature and capture a journey.
Game	jyy	6a4ef2dfd26f89d2d1445a51f69e83e5ab79e24c80a311cd66a1247e663e70e8	1:jyw fwbn; 2:repeated bool fwbo; 3:int64 fwbp; 4:optional int64 fwbq; 5:repeated lhq fwbs; 6:repeated hmw fwbt; 7:repeated lhs fwbu; 8:repeated lde fwbv	fhw::bfha | fhw::dur | fhw::enx | fhw::fut	fhw (toca a 8 mensajes): UpdateSpellsNextFrame	S2C/push	1	shape-known	C	Verify the send against a client observation; no handler is inferred.
Game	jyz	ba910896f1777169a8c7b8d1eda39afcf2bcd64322b54ef266d15255a95b81b1	1:int32 fwbz; 2:int32 fwca			C2S/read, S2C/push	2	mapped	C	Replay and verify validation, persistence and S2C ordering.
Game	jzb	18ad660ab3f158590ad9fc817eda936a0e3976736ad6a1158003a8a206b8f8e0	1:repeated jyz fwce; 2:map<int64, string> fwcf; 3:repeated lco fwcg; 4:repeated jxf fwch				0	shape-known	C	Locate client feature and capture a journey.
Game	jzc	b9b727bff955b5c299a9cd69a6e154f4935bdae362ecf789e2bf74320bec01a4	1:int64 fwcl; 2:int32 fwcm; 3:optional string fwcn; 4:int32 fwcp; 5:repeated int64 fwcq; 6:optional int32 fwcr; 7:int32 fwct; 8:int32 fwcu	Core.UILogic.Fight.BuffsFightUI::OnFightTurnStartEvent | fiw::bfow | fiw::jwa | fiw::nof	Core.UILogic.Fight.BuffsFightUI (toca a 2 mensajes): m_canTakeFocus, m_selectedTab, RefreshBindingReferences, m_callbackBeforeResetOnDoubleClick, OnStyleResolved, RefreshAfterGeometryChanged, OnTabSelection, RefreshTab, SizeAutomaticallyToFitContent, PopulateContextMenu, DisableWidget, OnOptionAdaptSizeAutomaticallyChanged | fiw (toca a 8 mensajes): CountTurnTimeLeft, RefreshPathNextFrame	S2C/push	1	shape-known	B	Verify the send against a client observation; no handler is inferred.
Game	jzd	103af82406b7e1192f46a9c1484daeeccf5cfca65d3db64907162d5b957fba17	1:int32 fwcy; 2:int32 fwcz; 3:float fwda; 4:int32 fwdb; 5:int32 fwdc; 6:float fwdd; 7:int32 fwde; 8:int32 fwdf; 9:int32 fwdg; 10:int32 fwdh	el+eb::.ctor | el::fcf | el::mtc | ees::fwg			0	shape-known	C	Locate client feature and capture a journey.
Game	jze	c410cf9e4d94dd26abcb11c2527de7db41bc95ddb2205fc040a92422302034fe	1:int32 fwdl; 2:int32 fwdm; 3:float fwdn; 4:int32 fwdo; 5:int32 fwdp; 6:int32 fwdq; 7:int32 fwdr; 8:int32 fwds; 9:int32 fwdt	el+ec::.ctor | el::fcf | el::mtc | ees::fwg			0	shape-known	C	Locate client feature and capture a journey.
Game	jzh	4b1d8bf25db2231615a672207406c8d717200a04bc00e217e86a463c2945858c	1:float fwdx; 2:jzf fwdy; 3:float fwdz; 4:int32 fwea; 5:int32 fweb	el+ed::.ctor | el::fcf | el::mtc | ees::fwg			0	shape-known	C	Locate client feature and capture a journey.
Game	jzi	3f86a6fcc151aa713eb9c15b6a87e05e73e3f67ca4252a97e2997cb3495aac34	1:float fwef; 2:int32 fweg; 3:int32 fweh	el+ee::.ctor | el::fcf | el::mtc | ees::fwg			0	shape-known	C	Locate client feature and capture a journey.
Game	jzj	7b8e3b87a37e8da47d0ee7aa37fbe340cbc1e38fff21db0a691d8c4561df85fa	1:int32 fwel; 2:int32 fwem; 3:float fwen	el+ef::.ctor | el::fcf | el::mtc | ees::fwg			0	shape-known	C	Locate client feature and capture a journey.
Game	jzk	7af2358c60cbbca2c08255717e4f563f63e2ac18117394630a35ae2c0b03a558	1:int32 fwer; 2:float fwes; 3:int32 fwet	el+eg::.ctor | el::fcf | el::mtc | ees::fwg			0	shape-known	C	Locate client feature and capture a journey.
Game	jzl	ccc76fc94506399ce42042b6e8442806c3b2430f3b96518359324118110883ac	1:int32 fwex; 2:float fwey; 3:float fwez; 4:float fwfa; 5:int32 fwfb; 6:int32 fwfc; 7:int32 fwfd; 8:float fwfe	el+eh::.ctor | el::fcf | el::mtc | ees::fwg			0	shape-known	C	Locate client feature and capture a journey.
Game	jzm	5eea9f838b1d4ca0b46afdeb71b5cd1b9b3f452f1909d085ef483d6c8cd6b689	1:optional int64 fwfi; 2:int32 fwfk; 3:int32 fwfl; 4:int32 fwfm; 5:int32 fwfn	el+ej::.ctor | el::fcf | el::mtc | ees::fwg			0	shape-known	C	Locate client feature and capture a journey.
Game	jzo	3bbfb006fbfbe0475bf96cb4700416741dc44ccdd79b201350f72bb6cc9a97a2	1:jys fwfr; 2:jzm fwfs; 3:jzl fwft; 4:jzi fwfu; 5:jze fwfv; 6:jzj fwfw; 7:optional int64 fwfx; 8:jzl fwfz; 9:jzk fwga; 10:jzh fwgb; 11:jzd fwgc	el::fcf | el::mtc | ees::fwg | ees::gab			0	shape-known	C	Locate client feature and capture a journey.
Game	jzq	6a0bab4be9681dc3d89f6dba3336c351d6f368389b345b6a37df93a130e81e1d	2:int32 fwgg; 1:jzs fwgh; 3:jzr fwgi	fix::bfpv | fix::iir | fix::mps | fjw::bfvw	fjw (toca a 15 mensajes): DelayPlacementDisplay		0	shape-known	C	Locate client feature and capture a journey.
Game	jzr	feffa8ebbd85fe221f0107c85bd04c337d78c2bf15a0e5f1f0eeba35441133cf	1:bool fwgn; 2:int64 fwgo				0	shape-known	C	Locate client feature and capture a journey.
Game	jzs	ead0fed73baef10e13bd7f5770bb170b9140ca18968fd15f100f1c659247057a	1:int64 fwgs; 2:string fwgt				0	shape-known	C	Locate client feature and capture a journey.
Game	jzu	ac988db8127a3444f2eff08649f43fcb6a39fdce0639c25bc14a94c45392a246	1:repeated jzq fwgx; 2:repeated jzq fwgy	fjw::bfvw | fjw::dpo | fke::bfys | fmc::bglw	fjw (toca a 15 mensajes): DelayPlacementDisplay	S2C/push	2	shape-known	C	Verify the send against a client observation; no handler is inferred.
Game	jzw	deda4b75d877f8a4dbcd4d0e15ddb1b4028bead8bed7d9a1ef0776bb58356751	1:int32 fwhd; 2:lbl fwhe; 3:int64 fwhf; 4:int64 fwhg	eht::bdo | eht::btv | eht::dvn | eht::jgu	fjw (toca a 15 mensajes): DelayPlacementDisplay		0	shape-known	C	Locate client feature and capture a journey.
Game	jzx	c9dca071d87235ed739412553ca0ee524cab6ebee14466ef26ad0e92b402220e	1:lbi fwhk	dyx::cyr | dyx::edi | dyx::fms | dyx::gtg			0	shape-known	C	Locate client feature and capture a journey.
Game	jzy	60c130bafe07293006b66bad21cd045f6b2199fa44f52b0095adfc808bb204ca	1:int64 fwho; 2:int32 fwhp	fju::bfuw | fju::dhj | fju::gmh | fju::gqs		C2S/dispatch, C2S/read	3	mapped	C	Replay and verify validation, persistence and S2C ordering.
Game	jzz	1eb38a45bcfc44bb6e8fd3ea4db70aa644df6f67013da7978ff6795478e4d7bb		fjw::bfwe | fjw::fxk	fjw (toca a 15 mensajes): DelayPlacementDisplay		0	shape-known	C	Locate client feature and capture a journey.
Game	kaa	d0fb4b54b825968a945ad5077459b6b46b4cc6e6bd234b7d5232853f2cdb7d05	1:bool fwhw; 2:bool fwhx; 3:bool fwhy; 4:bool fwhz; 5:int64 fwia; 6:lbg fwib	fff::bdze | fff::bwq | fff::ggz | fff::kxf		S2C/push	1	shape-known	C	Verify the send against a client observation; no handler is inferred.
Game	kab	bad729fb7a4b090e224333eeb4554d6d4190393eea5b4e2a6ef11f7275b41ea5	1:repeated lpl fwif; 2:repeated string fwig; 3:kaa fwih	fff::bdzg | fjq::bfuk | fjq::ccg | fjq::gkp			0	shape-known	C	Locate client feature and capture a journey.
Game	kac	b9402c48e8e016492159370a1d5daa2b57c14665727990c4f5545bc1cd7b8280	1:int64 fwil; 2:int32 fwim	fjw::bfwf | fjw::mde | fjw::mke	fjw (toca a 15 mensajes): DelayPlacementDisplay		0	shape-known	C	Locate client feature and capture a journey.
Game	kad	61ababe33ef79badd300d8d2837636bbfe5ac4914bd0258cf9f3d89bd5e78c39	1:int32 fwiq; 2:int64 fwir; 3:int32 fwis; 4:int32 fwit; 5:int64 fwiu	fjw::bfwd | fjw::ewh | fjw::ija | fjw::imj	fjw (toca a 15 mensajes): DelayPlacementDisplay		0	shape-known	C	Locate client feature and capture a journey.
Game	kae	89000c91c5a37cf81c4853f4f7acb6b894761d68eab0e66ad52f4b3856239b90	1:lgw fwiy; 2:int32 fwiz	fin::bflt | fin::dcv | fjq::bfui | fjq::msx	fjw (toca a 15 mensajes): DelayPlacementDisplay	S2C/push	1	shape-known	C	Verify the send against a client observation; no handler is inferred.
Game	kah	2396c8fba4c79595a7b654165ec978019ffa989e7974ecef90987a3ff2a7c8e8	1:int64 fwjd; 2:kaf fwje; 3:bool fwjf	fka::bfxl | fka::bvs | fka::cpe | fka::cpi		S2C/push	1	shape-known	C	Verify the send against a client observation; no handler is inferred.
Game	kai	de98f8b3cc1a18a8138248e6b2930709e92762f71c53f886f6bc5e32a71cebed		fjt::bfuu | fjt::czn | fjt::ewr		S2C/push	1	shape-known	C	Verify the send against a client observation; no handler is inferred.
Game	kal	6a6fb9c254912088985c9443df28d1fb73abdc7e8270dfa53a572e99fa7e958e	1:bool fwjm; 2:int64 fwjn; 3:kaj fwjo; 4:int64 fwjp	fhs::bffy | fhs::blf | fhs::egi | fhs::mkm			0	shape-known	C	Locate client feature and capture a journey.
Game	kam	c6041cb9b314b38d34cc257c240de02fb739ea98864244c57b1e1c0032988a1c	1:bool fwjt; 2:lbg fwju; 3:int64 fwjv; 4:repeated int32 fwjw; 5:int32 fwjx; 6:int64 fwjy	ejv::jnq | ejv::lgm | ejv::lun | ejv::ywc	ejv (toca a 10 mensajes): RefreshAfterZoom	S2C/push	1	shape-known	C	Verify the send against a client observation; no handler is inferred.
Game	kan	57b9c9426e0d60120e13e6f5e166a460fb4d8b5fb38726589ac15331f5b239df	1:int32 fwkc; 2:optional int64 fwkd; 3:string fwkf; 4:int64 fwkg; 5:int64 fwkh				0	shape-known	C	Locate client feature and capture a journey.
Game	kap	052bef6e66019f572d5ec2b8047f43362334d68e83c0d338c7d35f676c8edb2c	1:int32 fwkl; 2:kan fwkm	fju::bfux | fju::mlq			0	shape-known	C	Locate client feature and capture a journey.
Game	kaq	f3691d6f643786cdf7460d800d4858887c2e3af11e04aec6acb2105e39c35c2e	1:bool fwkq	fju::bfuz | fju::frd | fju::hcj | fju::opl		C2S/dispatch, C2S/read	3	mapped	C	Replay and verify validation, persistence and S2C ordering.
Game	kar	af4a26f585efa61669eb98229d3d69950f179cf1948af80aaaea3915f40d8f29	1:int64 fwku	fjw::bfvx | fjw::ihl | fke::bfzf | fke::emd	fjw (toca a 15 mensajes): DelayPlacementDisplay		0	shape-known	C	Locate client feature and capture a journey.
Game	kau	9998d1b0a22ab73b1f93a38d0a9c133f74c8d14fee15343c47e3170c22447928	1:lbl fwky; 2:kas fwkz; 3:lbi fwla; 4:bool fwlb; 5:int32 fwlc	dyx::bgw | dyx::bpt | dyx::lbt | dyx::uiq		S2C/push	1	shape-known	C	Verify the send against a client observation; no handler is inferred.
Game	kav	cc76b22232d26eb75fc221366604fcdee417be429e31f56510259ab7153f28ab	1:int32 fwlg; 2:int32 fwlh	fju::bfuy | fju::cam | fju::eza | fju::omh			0	shape-known	C	Locate client feature and capture a journey.
Game	kaw	fb850ddabe58f0ce174561b7406a7e6aa0057624777b01edc1f4b487f40d7e5c	1:int64 fwll; 2:repeated bool fwlm; 3:repeated int32 fwln				0	shape-known	C	Locate client feature and capture a journey.
Game	kay	067a9fb54dca62eb04275a28bc0e182d9f810d429b10ffb09178401a90b26830	1:int64 fwlr; 2:int32 fwls; 3:int64 fwlt; 4:optional string fwlu; 5:kaw fwlw	eoi::bahn | eoi::ciz | eoi::joa | eoi::kix	eoi (toca a 5 mensajes): DelayUntilLoaded, PrepareAndDispatchFightMapData		0	shape-known	C	Locate client feature and capture a journey.
Game	kaz	5fb6439471668c5b56679d41446b7c758ea377675e032cffa48cd956cc9cabb5		fsd::bido | fsd::biea | fud::bins | fud::bint			0	shape-known	C	Locate client feature and capture a journey.
Game	kba	6b1af3e4841709cdde50c54829c1b595b6e5e16546a8634d0655414056427b17	1:lfg fwmd; 2:lbl fwme	fjw::bfvy | fjw::bfvz | fjw::lvp	fjw (toca a 15 mensajes): DelayPlacementDisplay	S2C/push	1	shape-known	C	Verify the send against a client observation; no handler is inferred.
Game	kbb	362741774079acf3067b2af74c7f1d76c00a028da24d8a386817e0b1486ddfd1	1:repeated lgs fwmi	fjw::bfwb | fka::bfxm	fjw (toca a 15 mensajes): DelayPlacementDisplay		0	shape-known	C	Locate client feature and capture a journey.
Game	kbd	b84ea8767dc081320eeb4d4d358b31e3f09d906d2d4f49283683b4a31c3fdf9c	1:repeated ldm fwmn; 2:int64 fwmo; 3:int32 fwmp; 4:int64 fwmq; 5:int32 fwmr	emr::bhr | emr::dnb | emr::mno | emr::ztl		S2C/push	1	shape-known	C	Verify the send against a client observation; no handler is inferred.
Game	kbg	3e3f3d79d97566992a998ed879acf3ca07d611caabd2b39481fde26bfcb2bb1a	1:kbe fwmv; 2:int32 fwmw; 3:lbf fwmx; 4:int32 fwmy; 5:int32 fwmz; 6:int64 fwna; 7:int64 fwnb; 8:int32 fwnc	emr::jwz | emr::kxe | emr::opy | emr::zte			0	shape-known	C	Locate client feature and capture a journey.
Game	kbh	8c9f4b94d23936cec8c2d4b51884fc88d3e67d2f84ac285fa9132a5f9eb572c1	1:int32 fwng	emq::hbs | emq::hqi | emq::mcc | emq::nab			0	shape-known	C	Locate client feature and capture a journey.
Game	kbi	5245b55e36eaa63413b014c5b88836f571a35ffdb2382b343843f6af0500fdaf	1:repeated lfo fwnk	ent::badl | ent::mfr			0	shape-known	C	Locate client feature and capture a journey.
Game	kbj	d6ffdb36a6bd42038fa989946289ae203a67444fe86cc8b137d72773146948e1	1:int32 fwno; 2:bool fwnp; 3:int32 fwnq; 4:int32 fwnr	emu::zvd			0	shape-known	C	Locate client feature and capture a journey.
Game	kbk	27cf92455b08dbfdda365b205e3263151eecc59200c5a38e48f9e13f18370676	1:lbf fwnv; 2:int32 fwnw; 3:int32 fwnx	emr::cvp | emr::fpx | emr::kvx | emr::lex			0	shape-known	C	Locate client feature and capture a journey.
Game	kbl	af26d111d26a89585a090de7182c992882361fd690c510e5a0a2420e1f907837	1:int64 fwob; 2:int32 fwoc; 3:lbf fwod	emq::gxv | emq::zsm			0	shape-known	C	Locate client feature and capture a journey.
Game	kbm	bbde317e531e3dcb621d099ffce0a636b5fec71c6f7c3c631f82fd56da6d0caa	1:int32 fwoh; 2:int64 fwoi; 3:int32 fwoj	emw::cpw | emw::cxa | emw::zwa			0	shape-known	C	Locate client feature and capture a journey.
Game	kbn	89e0f7c420a9bea994f9346a39e29171a96db7b73d12cc4a112e720cd3de5955	1:int64 fwon	emr::cdd | emr::irc | emr::ztu			0	shape-known	C	Locate client feature and capture a journey.
Game	kbo	be40c6eb07cc522efd0265aa9244f95ff80d5ab89e06b907a35378ae7345df92	1:int32 fwor; 2:bool fwos				0	shape-known	C	Locate client feature and capture a journey.
Game	kbr	dc4aba328769477a29d7832954756679da056212e603e5d583ff3f17c7f62477	1:int32 fwow; 2:kbp fwox; 3:repeated int64 fwoy; 4:repeated lng fwoz; 5:int32 fwpa; 6:repeated int64 fwpb; 7:repeated string fwpc; 8:int32 fwpd				0	shape-known	C	Locate client feature and capture a journey.
Game	kbt	8a055c6fe685be64828a42e93aeed065955a8931959ec029143eac791f7c5f22	1:int32 fwph; 2:int32 fwpi; 3:repeated kbr fwpj	emz::bom | emz::fzg | emz::jju | emz::nia			0	shape-known	C	Locate client feature and capture a journey.
Game	kbu	73ad225851d49bd33968f806d45d6d00503ca500277cd808364069794d50f784	1:string fwpn	eoy::band | eoy::bzn | eoy::eum | eoy::hov	eoy (toca a 12 mensajes): ClickOrientation		0	shape-known	C	Locate client feature and capture a journey.
Game	kbv	00f00b798b460e0e4f4450a8d028055861632cc98c7657e57495d207338315a4	1:bool fwpr	emr::fnm | emr::ztm			0	shape-known	C	Locate client feature and capture a journey.
Game	kbw	431ddcfe585a1fb6ecbe50d09a1effd17ffc561c314cdd707aa0d39fd8630038	1:map<int64, string> fwpv; 2:kfa fwpw; 3:int64 fwpx; 4:int32 fwpy	fr::mvh | fr::vq			0	shape-known	C	Locate client feature and capture a journey.
Game	kby	e5f37c90ce1fcb4f3683e2311614f2f69c2752c08a626d5758c016be0e7cd962	1:repeated kbw fwqc; 2:optional int32 fwqd; 3:kfw fwqf	emz::ccl | emz::jeo | emz::olg | emz::zwk			0	shape-known	C	Locate client feature and capture a journey.
Game	kbz	21c276ab215419ae0febeeea6d879e73e7da0014c657540fd0b38c06d6ef7d7e	1:int32 fwqj	emw::jqq | emw::lqp | emw::zvu			0	shape-known	C	Locate client feature and capture a journey.
Game	kcc	8703d40b986bc48c2628e1d211c0bea17b598b8de06b26360e17bc22cfa90881	1:kca fwqn; 2:bool fwqo; 3:kca fwqp	emv::gcu | emv::iga | emv::jfp | emv::lyy			0	shape-known	C	Locate client feature and capture a journey.
Game	kcd	1da6b6933e4823a5a8fdb7133d976ee56d471923590e4963e2c05d5dec074155	1:int32 fwqt				0	shape-known	C	Locate client feature and capture a journey.
Game	kce	671c4fc1e077e7bb8272362372271bfad2b95cb44e8d428f269407714c88d694	1:int64 fwqx	emq::hvd | emq::iqu | emq::zsc			0	shape-known	C	Locate client feature and capture a journey.
Game	kcf	76da1974125362f5aaf3b1b633d5ce0f4a3a7bdcd2c7e288c07bb31d3cff9f16		Core.UILogic.SmithMagic.SmithMagicCoopUi::OnExchangeTranscendentCustomerCancellationEvent	Core.UILogic.SmithMagic.SmithMagicCoopUi (toca a 3 mensajes): CanConsumeDrag, CanDropInBag, ConsumeDrag, CompleteDragAndDropToBag, CompleteDragAndDrop, m_behaviorTypeEnum, CanModifyMaskSlot, AssignHooks, OnObjectQuantityEvent, OnExchangeTranscendentConfirmationEvent, OnExchangeTranscendentCustomerCancellationEvent, AcceptExchangeTranscendentConfirmation		0	shape-known	B	Locate client feature and capture a journey.
Game	kcg	25aaa6c02d10017077a5d293973e805d60e20dfd67964164368368547fb61ade		emq::cvf | emq::fqi | emq::gpg | emq::zsq			0	shape-known	C	Locate client feature and capture a journey.
Game	kch	d0f3d9e7cb66b795474cc71d520ac30195ba9b5706ac1f8db058094a539fa27f	1:int32 fwrh; 2:int64 fwri; 3:int32 fwrj	emw::ehs | emw::ijz | emw::lnz | emw::zvv			0	shape-known	C	Locate client feature and capture a journey.
Game	kci	e289d031aad2fd7144804c59408097728aeb9fc6a584c000ae3c7c72f29a08c1	1:int32 fwrn; 2:lbf fwro; 3:lbf fwrp	emr::nnd | emr::ztb		S2C/push	1	shape-known	C	Verify the send against a client observation; no handler is inferred.
Game	kcj	74df729c813d91d3d62661d171646d638a8a93042833909f0fb6332fe6ccb10e	1:int32 fwrt; 2:bool fwru; 3:int32 fwrv; 4:int32 fwrw; 5:bool fwrx; 6:bool fwry	fsm::bieq | fsm::fyt | fsm::iba	fsm (toca sólo a éste): SharedRecipeFilters		0	shape-known	C	Locate client feature and capture a journey.
Game	kck	f53ee62996502f37bec9e381306db0442892ea7d532c6c3f3c23b535eb5e6717	1:repeated int32 fwsc	emq::zst			0	shape-known	C	Locate client feature and capture a journey.
Game	kcl	da251866bd4810bf2a0700eb1e23c19b955ec65357a3b6cc22983078f91ae18f	1:int64 fwsg	emc::eby | emc::lcv | emc::ta | emc::zos			0	shape-known	C	Locate client feature and capture a journey.
Game	kcm	c1cf7f6df4da7ce8c64d96bb008185cdd81d029be364b5f66afddf23c8f04fc1	1:bool fwsk; 2:repeated int32 fwsl	emv::fxb | emv::kvm | emv::zvn			0	shape-known	C	Locate client feature and capture a journey.
Game	kco	6b09c5c45902f0d092e4ffcfcd8bc8b5e60ea270969eb1dff388c0f743f83018	1:repeated int64 fwsp; 2:repeated int64 fwsq; 3:bool fwsr				0	shape-known	C	Locate client feature and capture a journey.
Game	kcq	5668f55dd6436cd0af07bcebb53f7a33b0a986c9b37d57c33a115d0444431bb0	1:kcn fwsv; 2:bool fwsw; 3:int32 fwsx; 4:int64 fwsy; 5:kco fwsz	emz::bpe | emz::cvp | emz::lxi | emz::otj			0	shape-known	C	Locate client feature and capture a journey.
Game	kcr	39ca73f99b046f8e8db8badee1f23c631ca32b915cc8ef907970905dcb7ced3f	1:int32 fwtd; 2:int32 fwte	emq::zsd | emu::zve | eoy::bamt | eoy::bjt	eoy (toca a 12 mensajes): ClickOrientation	C2S/dispatch, C2S/read	2	mapped	C	Replay and verify validation, persistence and S2C ordering.
Game	kcs	b7324178f4c1834fcd352d50e17e31c5e46560948d15f49b1842840541f5433a	1:bool fwti; 2:int32 fwtj; 3:optional bool fwtk; 4:optional int32 fwtm; 5:string fwto; 6:bool fwtp				0	shape-known	C	Locate client feature and capture a journey.
Game	kcu	117cd8af45271f638f56b0a65ef944dc7f83f44387540ade937746d7b2b532aa	1:int32 fwtt; 2:kcs fwtu; 3:int32 fwtv	eqf::bayc | eqf::dlc | eqf::exr | eqf::mlr	erd (toca a 6 mensajes): OnWaitHavenBagFurnituresEvent		0	shape-known	C	Locate client feature and capture a journey.
Game	kcv	534fec725fee88ecd0886d07fa161f5a97eabc4b7eeb3d513d0ad0a579ac14c2	1:string fwtz; 2:string fwua; 3:repeated int64 fwub; 4:repeated int64 fwuc; 5:repeated bool fwud; 6:optional string fwue; 7:int32 fwug; 8:int64 fwuh; 9:string fwui				0	shape-known	C	Locate client feature and capture a journey.
Game	kcx	c5740db7fe534e159f6c57d09b18cb1eeac18834bd8e94000df5447d0ddb30d6	1:kcv fwum; 2:int32 fwun; 3:bool fwuo; 4:bool fwup	emz::bwi | emz::fij | emz::hze | emz::zwi			0	shape-known	C	Locate client feature and capture a journey.
Game	kcy	08992a9be582c9cb058527426fb37dc23212ea5e39e7142e20e11f60f7b4564f	1:int64 fwut	Core.UILogic.SmithMagic.SmithMagicCoopUi::OnExchangeTranscendentConfirmationEvent	Core.UILogic.SmithMagic.SmithMagicCoopUi (toca a 3 mensajes): CanConsumeDrag, CanDropInBag, ConsumeDrag, CompleteDragAndDropToBag, CompleteDragAndDrop, m_behaviorTypeEnum, CanModifyMaskSlot, AssignHooks, OnObjectQuantityEvent, OnExchangeTranscendentConfirmationEvent, OnExchangeTranscendentCustomerCancellationEvent, AcceptExchangeTranscendentConfirmation		0	shape-known	B	Locate client feature and capture a journey.
Game	kcz	a3b776e4877ae5110e566a4f7d9968171f6a3c5aaad3bbe5526ff70376cd7210	1:repeated int32 fwux; 2:repeated int32 fwuy	emq::boh | emq::fnm | emq::koo | emq::xs			0	shape-known	C	Locate client feature and capture a journey.
Game	kda	8662b7baf03f4a53df6d890707d06a9fc6e07a8ae64f56245f53db461b373045	1:repeated int32 fwvc; 2:int32 fwvd; 3:repeated int32 fwve	emz::cyb | emz::hfm | emz::zwl			0	shape-known	C	Locate client feature and capture a journey.
Game	kdb	ce560f3e46bfba212196f36831e53ace938a455c8a67c5440c9877a02decbf94	1:bool fwvi; 2:bool fwvj				0	shape-known	C	Locate client feature and capture a journey.
Game	kdc	96d90a7ec075782c2e342ab8b86a71684457082eb80f0f8c2324a236b085914f	1:lgl fwvn; 2:string fwvo; 3:string fwvp; 4:string fwvq; 5:repeated lfo fwvr; 6:int64 fwvs; 7:int32 fwvt; 8:int64 fwvu; 9:lhg fwvv; 10:optional string fwvw	eaa::uoz | fgv::bexi | fgv::eli | fgv::lqr	eaa (toca a 8 mensajes): AuctionHouse, AuctionHouseTab, GrimoireTab, EncyclopediaTab, EstateAgencyTab | fgv (toca a 65 mensajes): PrismAddOrUpdateStacked		0	shape-known	C	Locate client feature and capture a journey.
Game	kdd	67cb9f8e8748da5ed69a4baca0f7f48b655e2975b26459728cdfe1f128799800	1:repeated int32 fwwb; 2:repeated int32 fwwc	emq::ldq | emq::myi | emq::zsv			0	shape-known	C	Locate client feature and capture a journey.
Game	kde	f01a3a68f87c899649655f8d60bfa1d1b6ad98c402682cc12258cb8c7d4e8015	1:optional bool fwwg; 2:string fwwi; 3:bool fwwj; 4:optional bool fwwk; 5:int64 fwwm; 6:repeated int32 fwwn; 7:optional bool fwwo				0	shape-known	C	Locate client feature and capture a journey.
Game	kdg	fb0622c1ce09fd3e204193e2f0a56eb356a5c53ec98a36717464513f54943437	1:map<bool, int32> fwwt; 2:kde fwwu	emr::cye | emr::hbu | emr::kde | emr::ztp		S2C/push	1	shape-known	C	Verify the send against a client observation; no handler is inferred.
Game	kdh	047a496692fa522e56a3457ced2a8573f4994569696440828575be7895c4ef94	1:int32 fwwy; 2:int32 fwwz	emq::eid | emq::nxv | emq::nzh | emq::zsj			0	shape-known	C	Locate client feature and capture a journey.
Game	kdk	28d551f174dbfb67f73170fbb3e9add2bb17dcc5a1c4094f982843798adfc886	1:kdi fwxd; 2:bool fwxe; 3:int32 fwxf; 4:int32 fwxg; 5:repeated string fwxh	emw::gxu | emw::kc | emw::lzs | emw::zvz			0	shape-known	C	Locate client feature and capture a journey.
Game	kdp	8300b4b080d92d45b0187960d8e60af76014d245430a94d7a1248fdb8a2a89c5	1:optional kdn fwxl; 2:optional kdn fwxn; 3:float fwxp; 4:llk fwxq	emc::bzd | emc::ebv | emc::grq | emc::ndc			0	shape-known	C	Locate client feature and capture a journey.
Game	kdr	ca7d0e25b49e0d1ae825e70cc4af1304fffaf6f943c8fb3ad3145dc8f6e01aa8	3:kdm fwxu; 1:optional int32 fwxv; 2:kdp fwxx	emc::bzd | emc::ebv | emc::grq | emc::ndc			0	shape-known	C	Locate client feature and capture a journey.
Game	kds	a3788139944689642c31217725cfe2b0ca38b627a74a219f4b12f90951f3e9a8	1:lea fwyc; 2:lea fwyd	epd::banv | epd::gno | epd::knu | epd::mjn	epd (toca a 17 mensajes): NpcDialogCreationWhenAvailable		0	shape-known	C	Locate client feature and capture a journey.
Game	kdv	238006657515ae194111560f3353fcccbbed4bf90dee465affdfa8fa3f620dc0	1:kdt fwyh	epd::baog | epd::jog | epd::mwz	epd (toca a 17 mensajes): NpcDialogCreationWhenAvailable		0	shape-known	C	Locate client feature and capture a journey.
Game	kdw	4538ce770e8d9dd2b502e52bfad6443053995269a3617e3d4107a4ee34835d8c	1:kfw fwyl	emz::zwj			0	shape-known	C	Locate client feature and capture a journey.
Game	kdx	758cbc9f05a7a2c22b8ccc5d94fc3fe86a1e0bc82b0ace8bd10c548acb895c0b	1:int32 fwyp; 2:int32 fwyq	emq::dwl | emq::izo | emq::oda | emq::zsf		S2C/push	1	shape-known	C	Verify the send against a client observation; no handler is inferred.
Game	kdy	62537428943a9cc5a68c8ffd06adf33f6e1d304504c7826b1c35a4b5d244ee38	1:int32 fwyu				0	shape-known	C	Locate client feature and capture a journey.
Game	kdz	6b8bfb1fe3c5ac350b1b49ff048ec4d7f6ed560a21a7fe6c2cccd5bde9d2fe1d	1:int32 fwyy; 2:repeated int32 fwyz				0	shape-known	C	Locate client feature and capture a journey.
Game	kea	180ffbceccf32c1fbe8ba4c730f397a0cac35fbe6fd6490b35447e513400961e	1:int32 fwzd; 2:int32 fwze	emq::bvl | emq::egr | emq::mju | emq::nwe		C2S/dispatch, C2S/read	2	mapped	C	Replay and verify validation, persistence and S2C ordering.
Game	ked	f00259bbc8aa8a7d3a21698c1b8366b59c83f7dba416d21be39cc559c586485c	1:bool fwzi; 2:keb fwzj; 3:lec fwzk; 4:bool fwzl	emc::dyz | emc::kll | emc::pf | emc::zoq			0	shape-known	C	Locate client feature and capture a journey.
Game	kee	5783e2603501e0e5534e49e47f8f05c6459d1304fa5328af3f30110b400544d7	1:int64 fwzp	emq::fdn | emq::jlv | emq::jm | emq::zsp			0	shape-known	C	Locate client feature and capture a journey.
Game	kef	42420ff59fd642bcc24dc3d8b4350cc7517526e1e3fed653c94bb59f5d2a40c7	1:repeated int32 fwzt; 2:repeated int32 fwzu	emf::eq | emf::fjn | emf::fnb | emf::zpw			0	shape-known	C	Locate client feature and capture a journey.
Game	keg	c54b5a7fc3bcbc4afa5bd14542ab7f6e88b3087d9ea98fb82d5c52ae6c076fcc	1:string fwzy; 2:int32 fwzz	emc::kzi | emc::zoo			0	shape-known	C	Locate client feature and capture a journey.
Game	keh	85dc25b12e307c22884b13bb820eb7a8accc003ce39821dd6f27a181a727a666	1:int32 fxad; 2:bool fxae	emw::bwf | emw::lbu | emw::zvy			0	shape-known	C	Locate client feature and capture a journey.
Game	kei	19be9fe35faa67db19178b7adbb4313e96765749bb025991d202d908c7654045	1:bool fxai; 2:bool fxaj				0	shape-known	C	Locate client feature and capture a journey.
Game	kej	6235fb1c6fce3b4ce559119654bfe1821f1a10afffc2e44597545796a6604eca	1:int32 fxan; 2:optional int32 fxao; 3:repeated bool fxaq				0	shape-known	C	Locate client feature and capture a journey.
Game	kek	c4d4b3d2f7be33e94a7852f7791093ebe204c235d9c429d9910da112dd996845	1:int32 fxau; 2:int32 fxav	Core.UILogic.TradeCenter.NpcStore.ConfirmSellPopupUi::OnSellItem | Core.UILogic.TradeCenter.NpcStore.NpcStoreUi::OnSellAllItem | Core.UILogic.TradeCenter.NpcStore.NpcStoreUi::<.ctor>b__40_6	Core.UILogic.TradeCenter.NpcStore.ConfirmSellPopupUi (toca sólo a éste): m_canTakeFocus, MakeLine, BindItem, LocalizeUi, InitUiBinding, OnSellItem, SortItems, OnSort, m_tokenId, m_finalPrice, m_tokenItemWrapper, m_sortingType | Core.UILogic.TradeCenter.NpcStore.NpcStoreUi (toca sólo a éste): m_canTakeFocus, m_currentTab, ProcessItems, SetCurrencyField, LocalizeUi, InitUiBindings, UpdateCategoryButtons, UpdateBindingsWithTab, NpcStoreTabSelected, ResetItemsListView, CreateTokenItemWrapper, MakeItem		0	shape-known	B	Locate client feature and capture a journey.
Game	kem	3c01dd3077a17d45906ad1388da99da67555bd804331e1d9fe81c0fc2b66bb4c	1:kej fxaz; 2:repeated kek fxba	emq::cwy | emq::zsk			0	shape-known	C	Locate client feature and capture a journey.
Game	ken	951e31d376e0765d4efb9ae0e3c31837b81664b441f5e8260ceb9302c2cb42ff	1:int32 fxbe; 2:int32 fxbf	emz::bdd | emz::exh | emz::glm | emz::zwn			0	shape-known	C	Locate client feature and capture a journey.
Game	keo	db9c17f23ec8f0a6fa9df140845a22559f8d0e4fa7873f9cf8f827c5e940f9a9	1:int32 fxbj; 2:bool fxbk; 3:int32 fxbl	emc::hfe | emc::ime | emc::non | emc::sr			0	shape-known	C	Locate client feature and capture a journey.
Game	kep	7591fc0892354e7a850bfbb875ff4e77a1e73323271d180965522b1bdb38271f	1:bool fxbp; 2:int32 fxbq	emq::kvo | emq::zse | emu::efg | emu::omn			0	shape-known	C	Locate client feature and capture a journey.
Game	keq	174f02dc83340e4443dc01d7dbf7a81a258d2cf0f074e3ccbf787289cf8c5ec5	1:int32 fxbu; 2:bool fxbv; 3:int32 fxbw	emv::cqc | emv::hzp | emv::jdk | emv::nui			0	shape-known	C	Locate client feature and capture a journey.
Game	ker	156af3123ba2a347519bef7eb5a11e84af92c8097b62439b2a7ee93cacb8b0e9	1:string fxca	eoy::bams | eoy::edw	eoy (toca a 12 mensajes): ClickOrientation		0	shape-known	C	Locate client feature and capture a journey.
Game	kes	d1224b8e390c02e775cc419f05fc6f205442922068dc4f06479e0b6016b67720	1:kfa fxce; 2:int64 fxcf; 3:repeated bool fxcg; 4:int64 fxch; 5:kfa fxci	emz::ctj | emz::zwo			0	shape-known	C	Locate client feature and capture a journey.
Game	ket	39699ff2a3a21cace119cec6ca321bac8f07e3d4382bf97507c45afacf7e2b56	1:int64 fxcm; 2:int64 fxcn; 3:bool fxco; 4:optional int64 fxcp	emv::dos | emv::flj | emv::zvp			0	shape-known	C	Locate client feature and capture a journey.
Game	keu	51f97e323e1f29980d570a15cebae7be412343b63a115e07297d2bae7665077c	1:int64 fxcu; 2:int64 fxcv; 3:int64 fxcw	emq::dic | emq::dxf | emq::kap | emq::mwz			0	shape-known	C	Locate client feature and capture a journey.
Game	kev	2265f6f19d30598c1ebce8b5f3b930a01fb09623f0ce892c1eb362bf9f256cbe	1:lec fxda; 2:bool fxdb	emc::etj | emc::mof | emc::zor			0	shape-known	C	Locate client feature and capture a journey.
Game	kew	37335525b24017290ab88ca6443e7bb8fbfa69ba78a2861471b70298ed1b9f41	1:int32 fxdf; 2:int32 fxdg	emq::yb | emq::zsi			0	shape-known	C	Locate client feature and capture a journey.
Game	kex	31ac008ef8cf862b8f10212e9e37f108e7c2042f1e35430df4f505b6e6e5f804	1:bool fxdk; 2:repeated lec fxdl; 3:bool fxdm	emv::zvk			0	shape-known	C	Locate client feature and capture a journey.
Game	kez	587393d4e45bfdb4a4fa2b6899305bae35e29214f4e81f8920dabfb5f845abf5		emq::cvl | emq::db | emq::zsu			0	shape-known	C	Locate client feature and capture a journey.
Game	kfa	50585e55419462a1f1b4630612da2933e0a6ca01b9586602169b827c9cb61b3b	1:int32 fxdt; 2:repeated lng fxdu; 3:int32 fxdv; 4:int32 fxdw				0	shape-known	C	Locate client feature and capture a journey.
Game	kfb	86ab6ea2ec5af3c25a8b4cd890ffc850b4b5351ac894617ac78455ffe55b0bc1	1:repeated lec fxea; 2:bool fxeb; 3:optional float fxec	emv::zvl			0	shape-known	C	Locate client feature and capture a journey.
Game	kfc	220d637c3ad85fdf6619f46bfcf0ae1267c05032b1c0eed6e0df4053ca82cf13	1:repeated string fxeh; 2:map<int32, int64> fxei; 3:bool fxej; 4:bool fxek; 5:int32 fxel; 6:map<int64, int64> fxem; 7:optional int64 fxen; 8:int64 fxep				0	shape-known	C	Locate client feature and capture a journey.
Game	kfe	e89b0f1aee198c22eda89dbca4fdc045a58997cbbf67b4d144edf1b574a648b4	1:kfc fxet; 2:int64 fxeu	ees::cdx | ees::cxc | ees::wux			0	shape-known	C	Locate client feature and capture a journey.
Game	kfh	73957b94cc8d3728faa5abda9701fcf77d31ce1a5007c1f556efdc9c42041d25	1:int32 fxey; 2:kff fxez; 3:int64 fxfa; 4:bool fxfb				0	shape-known	C	Locate client feature and capture a journey.
Game	kfi	0a5ca8f80d1a5558d2f7dcd4668dbabd0734358a86e2bdde01d1db306c199350	1:repeated lng fxff; 2:int32 fxfg; 3:int32 fxfh; 4:repeated int64 fxfi; 5:int32 fxfj; 6:repeated lng fxfk	emz::bkl | emz::edc | emz::gr | emz::hxv			0	shape-known	C	Locate client feature and capture a journey.
Game	kfj	823413cc79252932a2a108225bf9c03df91b6efb53ba37d2d3b66339ce750a5f	1:repeated int64 fxfo; 2:repeated int32 fxfp	emi::zqd			0	shape-known	C	Locate client feature and capture a journey.
Game	kfk	beac9f383f72fc626f690c1a5c77df6c40a2053d785d05e2f895247a6853dce3	1:map<bool, int32> fxft; 2:int64 fxfu; 3:int64 fxfv; 4:repeated int32 fxfw				0	shape-known	C	Locate client feature and capture a journey.
Game	kfl	611f12c1caa4cf4510bfead3a26a49905c94b46144ff7f7d2ee363e5fa15c4fd	1:int32 fxga; 2:int32 fxgb				0	shape-known	C	Locate client feature and capture a journey.
Game	kfn	d7b05929146681a785be8d272e75fea398d8540f64ab0a05fd2b3e8214a93647	1:int32 fxgf; 2:kfk fxgg; 3:repeated kfl fxgh; 4:float fxgi; 5:float fxgj; 6:int32 fxgk	fo::mve | fo::caw | fo::don | fo::mvf	eqq (toca a 76 mensajes, y a éste sólo de refilón, a 2 saltos): PresetListEventWhenCharacterInfo, RefreshTagsWhenContentReceived		0	shape-known	C	Locate client feature and capture a journey.
Game	kfp	242fbdcb5852931ac1755729464c671e7e2d7eeb3aba913771e9ce56e2885c4e	1:repeated kfn fxgo	eqq::bbhz | eqq::elz | eqq::kub	eqq (toca a 76 mensajes): PresetListEventWhenCharacterInfo, RefreshTagsWhenContentReceived		0	shape-known	C	Locate client feature and capture a journey.
Game	kfs	cd05ad431f36910f26c5cda1319c500ec6f881c4a84665cb56df9239a2c66f05	1:int32 fxgs; 2:bool fxgt; 3:kfq fxgu	emv::bq | emv::cbn | emv::ku | emv::zvm			0	shape-known	C	Locate client feature and capture a journey.
Game	kfv	8a7f2e78f47beb939f95842e641deaf389100c27000dd5c487d24bef17ccca9d	1:repeated llg fxgy; 2:kft fxgz	emq::ejb | emq::hmf | emq::zss			0	shape-known	C	Locate client feature and capture a journey.
Game	kfw	c9a27e433c04ad3f55b68dd38b7c21913e6219fb96981b84c8b94611bc4aebb9	1:int32 fxhd; 2:int32 fxhe; 3:int32 fxhf; 4:int32 fxhg; 5:float fxhh; 6:int32 fxhi; 7:float fxhj; 8:int32 fxhk; 9:repeated int32 fxhl; 10:repeated int32 fxhm	fu::bwf | fu::chb | fu::esn | fu::mvm			0	shape-known	C	Locate client feature and capture a journey.
Game	kfx	62cf0dc85263f2a434c709124a3f8717bb06e93a04eb37ee3fddb72fc0a12b5e	1:optional string fxhq; 2:optional int64 fxhs; 3:optional int32 fxhu; 4:int32 fxhw; 5:string fxhx; 6:repeated bool fxhy				0	shape-known	C	Locate client feature and capture a journey.
Game	kfz	62c15624c9b6c24af8e37fd7c01dc9ceb08e848398d5a2cb5e3ee797735833b0	1:int64 fxic; 2:int64 fxid; 3:kfx fxie; 4:lbf fxif	emr::iru | emr::mgz | emr::nmo | emr::ztt			0	shape-known	C	Locate client feature and capture a journey.
Game	kga	fb06e76e75d6fdf0abbcb0a2836007d35c1b7bed19f9bc2a26ad79ed3ff6abb8	1:repeated lec fxij; 2:int32 fxik; 3:int32 fxil; 4:repeated int32 fxim; 5:int32 fxin; 6:repeated int32 fxio	emr::jcm | emr::vb | emr::ztw			0	shape-known	C	Locate client feature and capture a journey.
Game	kgb	6efef904773ffc0bbcb8126ca6ce24039c836b6377b3857e23ada2a3feb2fd2d	1:bool fxis; 2:string fxit; 3:int64 fxiu; 4:string fxiv				0	shape-known	C	Locate client feature and capture a journey.
Game	kgd	b81117715d35cf9f793660b45a287077b8c67d27cea6986a22f67407cab48713	1:int32 fxiz; 2:bool fxja; 3:kgb fxjb; 4:int32 fxjc; 5:int32 fxjd	emq::dkh | emq::fsf | emq::jrf | emq::kdr			0	shape-known	C	Locate client feature and capture a journey.
Game	kge	126c0d00cb550d31b6f943a3b9eacfbae18c8139e97b389984f188c29e365fba	1:int64 fxjh; 2:int32 fxji; 3:int32 fxjj	eoy::bamu | eoy::dzz | eoy::eqp | eoy::myo	eoy (toca a 12 mensajes): ClickOrientation		0	shape-known	C	Locate client feature and capture a journey.
Game	kgf	31be4353f34ff256ab0d88f52f3221f8008075af067e960503a346f8e3977373	1:bool fxjn; 2:int32 fxjo; 3:int32 fxjp; 4:optional bool fxjq				0	shape-known	C	Locate client feature and capture a journey.
Game	kgh	3ab20c750e8e56d00946a20acc63444e3194d3039243a74b5877ff2404dcbad4	1:int32 fxjv; 2:int32 fxjw; 3:kgf fxjx	emr::czv | emr::fmp | emr::zto			0	shape-known	C	Locate client feature and capture a journey.
Game	kgi	0b7e02fc2b5c3e2336664728bd74ef92424d559933e0fc5ba1a1069bec477907		emu::dis | emu::ect | emu::goe | emu::iel			0	shape-known	C	Locate client feature and capture a journey.
Game	kgj	518005e0b740132fcbd832375ef9511c663c02c3e976791a734578923911c8bc	1:int32 fxke; 2:int32 fxkf				0	shape-known	C	Locate client feature and capture a journey.
Game	kgk	dc5e39e6600a1ffc9955fe1967e8ba22f9c5fdf989b32412648d777a61573b4f	1:bool fxkj; 2:bool fxkk	emq::eup | emq::iub | emq::oem | emq::zsn			0	shape-known	C	Locate client feature and capture a journey.
Game	kgl	75585d9084570b6bdbafed59bb309d1ce9b1c6210a008269a7ddfcfac53ee246	1:int32 fxko; 2:bool fxkp	emc::fbv | emc::fcu | emc::kpy | emc::kyk			0	shape-known	C	Locate client feature and capture a journey.
Game	kgm	c2844c0d760e6c950ce2dc597348ba1eaea121eb98fa5b50ab037232ea1f6217	1:repeated lfo fxkt	ent::badm | ent::hik | ent::hyl | ent::oma			0	shape-known	C	Locate client feature and capture a journey.
Game	kgp	f3e83d00dc49c5048c884135788962dd1e0a3d712f0028c0ff55d42450de748d	1:kgn fxkx; 2:repeated int64 fxky; 3:int32 fxkz; 4:repeated lng fxla; 5:int32 fxlb; 6:int32 fxlc	emz::kv | emz::zwq			0	shape-known	C	Locate client feature and capture a journey.
Game	kgq	a3de9dedb51d8c6cfe0e0d10797f19b9c4cd2c2d66b9af6881bec88856c0fee6	1:optional int32 fxlg	eaa::uos | emc::zot	eaa (toca a 8 mensajes): AuctionHouse, AuctionHouseTab, GrimoireTab, EncyclopediaTab, EstateAgencyTab		0	shape-known	C	Locate client feature and capture a journey.
Game	kgr	2b6be06c8af4d174816358cc78d7081935fc76a80f1f324af5d786322a2ed0fa	1:int64 fxll; 2:repeated int32 fxlm; 3:int64 fxln; 4:optional string fxlo; 5:int32 fxlq; 6:bool fxlr				0	shape-known	C	Locate client feature and capture a journey.
Game	kgt	8be021350bc413642704025e4334a472dd65480b7fcbfa029787588e105e2614	1:string fxlv; 2:kgr fxlw; 3:bool fxlx; 4:int64 fxly	emv::bjy | emv::lrv | emv::zvo			0	shape-known	C	Locate client feature and capture a journey.
Game	kgu	8133314d6cf1c8b48fe37c72f5301cab1f6b408a20d5c838e0bd5d01d8a4a2ac	1:int64 fxmc; 2:lbf fxmd; 3:int64 fxme	emc::cn | emc::ctc | emc::din | emc::kbs			0	shape-known	C	Locate client feature and capture a journey.
Game	kgv	bff03aa8f7c32b4113f458c7784539432f24696ac6f854294a153c2edaaf1b4f	1:int32 fxmi; 2:int32 fxmj; 3:int32 fxmk; 4:int32 fxml	emz::hfj | emz::zwp			0	shape-known	C	Locate client feature and capture a journey.
Game	kgw	7f8602e15ebe15139dc9646fe5c5f2335d7b5e495d6a03e30ac4ae89012db30c	1:int32 fxmp; 2:int32 fxmq; 3:int32 fxmr; 4:int64 fxms	emc::bwg | emc::oio | emc::zon			0	shape-known	C	Locate client feature and capture a journey.
Game	kgx	51cf70375786f9e774868e052ba1335259a55b269bbcf6b73e32092641bf10b9		emq::zsw			0	shape-known	C	Locate client feature and capture a journey.
Game	kgy	e333c75e985bca26135553c0bc0ffd9d9faf1f7ab29abe1044b637f05ab66754	1:int32 fxmz; 2:int32 fxna; 3:int32 fxnb	emq::mzd | emq::zsz			0	shape-known	C	Locate client feature and capture a journey.
Game	kgz	a8700ed86eec3a6d08636ae2d537914d65135690467463aa8c069efcb521067a	1:string fxnf	emr::nbr | emr::ztr			0	shape-known	C	Locate client feature and capture a journey.
Game	kha	4779628e579ac33e1f3ee7005760b3acf7e80bd3cbf74617b018bbd273a7de40	1:lbf fxnj	emr::dkj | emr::lze | emr::ztd			0	shape-known	C	Locate client feature and capture a journey.
Game	khd	84b6a1a1d3fda99b355d82f403f98e219c0833d72850d5329e7e6a8b2a314944	1:bool fxnn; 2:khb fxno; 3:lbe fxnp	emc::eea | emc::zpa | emr::ofh | emr::zta		S2C/push	2	shape-known	C	Verify the send against a client observation; no handler is inferred.
Game	khh	9d818ac7361bb521d3789d3de7b13beeb3ae943762eb9d8a908cb4a9b92a2c12	1:int64 fxnu; 2:repeated int32 fxnv; 3:int32 fxnw; 4:khf fxnx; 5:int32 fxny; 6:string fxnz; 7:int64 fxoa	ern::bbta | ern::exj | ern::guj | ern::lsc	ern (toca a 11 mensajes): OnPlayAnimationOnNpcEventAsync, OnPlayEmoteOnNpcEventAsync		0	shape-known	C	Locate client feature and capture a journey.
Game	khi	0d409be530451d9427d799800e3aa3fcbd2192b6bedee0387ebb2b874c18b246	1:int32 fxoe; 2:repeated string fxof	ern::bbsy | ern::ddy | ern::kdu | ern::nyc	ern (toca a 11 mensajes): OnPlayAnimationOnNpcEventAsync, OnPlayEmoteOnNpcEventAsync		0	shape-known	C	Locate client feature and capture a journey.
Game	khj	d399eb3d9ae90cb73593ccfad9b987bc6693865fcd24f4ba3264833e3beb7f4b	1:int32 fxoj; 2:optional int64 fxok	ern::bbsz | ern::gn | ern::hpp | ern::njp	ern (toca a 11 mensajes): OnPlayAnimationOnNpcEventAsync, OnPlayEmoteOnNpcEventAsync		0	shape-known	C	Locate client feature and capture a journey.
Game	khk	e7d20957b1ad41827a6d1ce7223042d27d6c64afa00cc49bfc4f0ab069ea8e9c	1:int32 fxop	ern::bbtc | ern::nof	ern (toca a 11 mensajes): OnPlayAnimationOnNpcEventAsync, OnPlayEmoteOnNpcEventAsync		0	shape-known	C	Locate client feature and capture a journey.
Game	khl	62b70251df0b1f3ffe6d78f13176dd7eaeac7ad21aec7db00e40b80ae984bf7b	1:int32 fxot; 2:bool fxou; 3:int32 fxov	Core.Services.Entities.RoleplayEntitiesService.RoleplayEntitiesService::xyw | Core.Services.Entities.RoleplayEntitiesService.RoleplayEntitiesService::xyv | erj::bbsn | erj::ff	Core.Services.Entities.RoleplayEntitiesService.RoleplayEntitiesService (toca a 3 mensajes): StaticAnim, AddObjectAsync, OnMonsterAngryAtPlayer, OnQuestMarkerLoaded, RemoveAggression, SetAggressiveMonstersOrientations		0	shape-known	C	Locate client feature and capture a journey.
Game	khm	ab55ba3d751e6a222f9a9cd9d716d44a1a17c401ac784d5b53c660c9db422fe0	1:int32 fxoz; 2:repeated int64 fxpa; 3:string fxpb	ern::bbtb | ern::kqt | ern::lpd | ern::mva	ern (toca a 11 mensajes): OnPlayAnimationOnNpcEventAsync, OnPlayEmoteOnNpcEventAsync		0	shape-known	C	Locate client feature and capture a journey.
Game	khn	3ea9734f207645dc3d5fd2f63ffc17f30f77ac8f354873a6f3dfa61e65f651ed	1:repeated int32 fxpf	ern::bbsx | ern::cjm | ern::dhj | ern::kos	ern (toca a 11 mensajes): OnPlayAnimationOnNpcEventAsync, OnPlayEmoteOnNpcEventAsync		0	shape-known	C	Locate client feature and capture a journey.
Game	khr	ca116d324e2db98bf8171b59732252c7448ed26ab196d1efbe80b46a64884a67	1:bool fxpk; 2:int64 fxpl; 3:int32 fxpm; 4:khp fxpn; 5:int64 fxpo	eqx::bbob | eqx::efw | eqx::hfo | eqx::itr			0	shape-known	C	Locate client feature and capture a journey.
Game	khu	b0690924b2bf3ec4f0d67524f89b9d0cdbfe11d75f3d3a4d918f309c17dcb171	1:repeated int64 fxps; 2:khs fxpt	eqx::bboi | eqx::fun | eqx::fwx | eqx::jpr			0	shape-known	C	Locate client feature and capture a journey.
Game	khv	c33d0362835e95a32ab533c649adc74742818b8901fa52d603d667fd8e9486b1	1:string fxpx	equ::bbnq			0	shape-known	C	Locate client feature and capture a journey.
Game	khw	7653682d11c21e7289f4ab52c2daabc9fb86bf32fe6bca826f679689711420e2	1:string fxqb	eqv::bbnv | eqv::hq | eqv::wm			0	shape-known	C	Locate client feature and capture a journey.
Game	khx	dc491bf85e1b69b4f5eed39f2545d775f87be26b9318867c9b5cf35fa1402749	1:bool fxqf; 2:int32 fxqg; 3:bool fxqh; 4:optional int64 fxqi; 5:bool fxqk; 6:int32 fxql	eqx::bbog | eqx::das | eqx::nzz			0	shape-known	C	Locate client feature and capture a journey.
Game	kia	daed45d5822e98cc80b373ff55b107505e430dcac2d2754b2a1d4d7bd42302c3	1:khy fxqp; 2:int32 fxqq; 3:int32 fxqr	eqx::bboh | eqx::ern | eqx::gul | eqx::hdt			0	shape-known	C	Locate client feature and capture a journey.
Game	kid	6d900ed20599150e274a1c7fcc8a4e0eb9db10edc0f10862a2efb6424838a45d	1:kic fxqw; 2:lba fxqx; 3:int32 fxqy; 4:int32 fxqz	di::dsr | di::jjy | di::mrl | di::mrs			0	shape-known	C	Locate client feature and capture a journey.
Game	kif	51ebcf52ac6104181cbf3b8122a2111e040bd0e2e1f2ef7392b7aa59f9bee323	1:repeated kid fxrd; 2:int64 fxre; 3:bool fxrf; 4:optional int32 fxrg	di::mrj | fgr+fgn::bepg | fgr+fgn::fws | fgr+fgn::jae	fgr (toca a 38 mensajes): EndOfKick, EndOfSurrender		0	shape-known	C	Locate client feature and capture a journey.
Game	kig	b29eb9d89b5ce92e0966b70bed83aa236d786cbabfe7cc2bf0a4ce491fa583b5	1:repeated bool fxrl; 2:int64 fxrm	fgr::beqh	fgr (toca a 38 mensajes): EndOfKick, EndOfSurrender		0	shape-known	C	Locate client feature and capture a journey.
Game	kih	50e4e10c45555dbfb252985823c95846c5cc1b4f229f5bbf0b20e64c06c9e455	1:optional int64 fxrq; 2:optional int32 fxrs; 3:string fxru; 4:repeated bool fxrv; 5:optional int32 fxrw				0	shape-known	C	Locate client feature and capture a journey.
Game	kij	e5e34f8dc1ddb529b8d4ee1685205339dea2be722f2a823ffbd21f1c05680104	1:kih fxsb	fgk::bent | fgk::cry | fgk::gdc | fgk::ida			0	shape-known	C	Locate client feature and capture a journey.
Game	kil	ac0a42404adac3e2278b150d91b05aa3ed484224dd9db888e3d6915682b28973	1:string fxsf; 2:repeated string fxsg; 3:string fxsh; 4:optional int32 fxsi				0	shape-known	C	Locate client feature and capture a journey.
Game	kim	d261314f706ff8fb737626c5adbae327adc283c15125a3d8a0aec480b4d50b8f	1:int32 fxsn; 2:int32 fxso; 3:string fxsp				0	shape-known	C	Locate client feature and capture a journey.
Game	kin	74f458c6c11c62b5a158f8885708d55592d21296c199a0a234d30537bf95fe2f	1:string fxst				0	shape-known	C	Locate client feature and capture a journey.
Game	kip	1a7350d5a2fa5f8bb6f3769d21b1c6b3bd45ec5f104fe2a19cad7b7fb7db30ad	1:kil fxsx; 2:kim fxsy; 3:kin fxsz	dj::mrn | dj::mro | fgr::bept	fgr (toca a 38 mensajes, y a éste sólo de refilón, a 1 salto): EndOfKick, EndOfSurrender		0	shape-known	C	Locate client feature and capture a journey.
Game	kiq	81cea96aa47b196f4a176be69f0b07bcabb1c6a8da72c6308bdc21987ffb2a4b	1:repeated int64 fxte; 2:int32 fxtf; 3:repeated int64 fxtg; 4:optional int64 fxth; 5:int32 fxtj; 6:repeated int64 fxtk	dp::mrw | dp::mrx | fgr::bept	fgr (toca a 38 mensajes, y a éste sólo de refilón, a 2 saltos): EndOfKick, EndOfSurrender		0	shape-known	C	Locate client feature and capture a journey.
Game	kis	ecae642009e43b54ff0c8ffc6a9f5eb8737999e8c60be45c7e63ce1da6e5395c	1:repeated kip fxto; 2:optional int64 fxtp; 3:repeated kiq fxtr; 4:int64 fxts	fgr::bept	fgr (toca a 38 mensajes): EndOfKick, EndOfSurrender		0	shape-known	C	Locate client feature and capture a journey.
Game	kiv	39d7da454f106e041822d8a429b9bef8ad902d54cc735dad20140a85b33fa399	1:optional int64 fxtw	fgr::bepu | fgr::jtd	fgr (toca a 38 mensajes): EndOfKick, EndOfSurrender		0	shape-known	C	Locate client feature and capture a journey.
Game	kiw	80bed73490334ce942a34864a5e470c3fca4dba1b657140e81b9121fd24bdf41	1:repeated string fxub; 2:int32 fxuc; 3:map<string, int32> fxud; 4:map<int64, int32> fxue; 5:bool fxuf; 6:optional string fxug; 7:bool fxui; 8:int32 fxuj				0	shape-known	C	Locate client feature and capture a journey.
Game	kiy	9e669f3b0df84352331d70eafee69f2c733ff6dbb5041ac2cd111bccad383ba6	1:kiw fxun; 2:kiu fxuo; 3:kiu fxup				0	shape-known	C	Locate client feature and capture a journey.
Game	kiz	baca960fef29ba827c60cbe326f4e8d617aed982320d6a6b71aa48d343602cae	1:repeated bool fxut; 2:int64 fxuu				0	shape-known	C	Locate client feature and capture a journey.
Game	kjb	56e0272fcac1d5cd1ee3f0fe04e3be5e2d38c23bec44df9cce97a447b7d7a3d7	1:kiy fxuy; 2:kiv fxuz; 3:kiz fxva	fgr::bepu | fgr::jtd	fgr (toca a 38 mensajes): EndOfKick, EndOfSurrender		0	shape-known	C	Locate client feature and capture a journey.
Game	kje	dd3b7b30182aea5299c643ff330affacbef11d0de111998cd3139517678755b1	1:kjc fxvf	fgr::bepw | fgr::dsn | fgr::fcu | fgr::jl	fgr (toca a 38 mensajes): EndOfKick, EndOfSurrender		0	shape-known	C	Locate client feature and capture a journey.
Game	kjg	ced542ece398c41b1022fa66be406eece274246a7298386588c083586458f3b2	1:int64 fxvj; 2:int32 fxvk; 3:bool fxvl; 4:map<string, bool> fxvm				0	shape-known	C	Locate client feature and capture a journey.
Game	kji	d904abe82cf7d117a58d79c92908f091b09bde679b3a974518afe4490c351d79	1:int32 fxvq; 2:kjg fxvr				0	shape-known	C	Locate client feature and capture a journey.
Game	kjj	2e39ab439a28105bf71d00e72fc041b93bdade838708483a98ec7db20b45684f	1:bool fxvv; 2:bool fxvw; 3:bool fxvx				0	shape-known	C	Locate client feature and capture a journey.
Game	kjl	33aba7d91685c855f70e0dcd467cee1a90b8a990a50a5fc22893029d5932616c	3:kji fxwb; 1:kji fxwc; 2:kjj fxwd	fgr::beqf | fgr::dt | fgr::fwg | fgr::mfx	fgr (toca a 38 mensajes): EndOfKick, EndOfSurrender		0	shape-known	C	Locate client feature and capture a journey.
Game	kjo	85c973ad69dfa607e42a2046af1c73ba2e545668a7884d236b1c047d2fa6f558	1:kjm fxwi; 2:int64 fxwj	fgr::beqr | fgr::ie	fgr (toca a 38 mensajes): EndOfKick, EndOfSurrender		0	shape-known	C	Locate client feature and capture a journey.
Game	kjr	85ed4be8366e612584b87c6df2552b8c58a88950fbdc3fde5069c60b90a49be9	1:kjp fxwn; 2:int64 fxwo	fgr::beqg	fgr (toca a 38 mensajes): EndOfKick, EndOfSurrender		0	shape-known	C	Locate client feature and capture a journey.
Game	kjs	2a128d6f6cfa831ebc225350ce4fd4db16a7e3092c7f38f2482fdbcbbbd9a1f7	1:bool fxws	fgk::beov | fgr::beql | fgr::hct | fgr::hqg	fgr (toca a 38 mensajes): EndOfKick, EndOfSurrender		0	shape-known	C	Locate client feature and capture a journey.
Game	kjv	d5b75a2b54ab124fcd4bef4f9b933e28a44ff7fc262fba78b838a44d0226772e	1:kjt fxww	fgr::beqe | fgr::eoo	fgr (toca a 38 mensajes): EndOfKick, EndOfSurrender		0	shape-known	C	Locate client feature and capture a journey.
Game	kjw	9eae0c03a981400f1ee9f67259976e35064097917095ef4752dba419161f7a2b		eoy::bamv | eoy::jum | eoy::nbo	eoy (toca a 12 mensajes): ClickOrientation		0	shape-known	C	Locate client feature and capture a journey.
Game	kjx	a2ee41f55d38179ed3f535a01a9e4821390834a55bf1a1fda879956296e19f27	1:int64 fxxd	fgk::beno			0	shape-known	C	Locate client feature and capture a journey.
Game	kka	8a92935a1d5758f3fdaac0e298937c1680fefe6f43785398e5954ec13e7473a3	1:repeated int32 fxxh	fgk::benp | fgk::clv			0	shape-known	C	Locate client feature and capture a journey.
Game	kkb	1dcd5d56f3b585183b6163d1e8e768dce7405112bc3d1b911bbf87782abc4516	1:string fxxl; 2:repeated kjz fxxm	fgk::benq			0	shape-known	C	Locate client feature and capture a journey.
Game	kkc	dd6f266d867557ed18243fbf788e8e1a86830b00f065f481880a8abc17742a26	1:int32 fxxq	fgk::benr			0	shape-known	C	Locate client feature and capture a journey.
Game	kke	61150ba30ec66bf34891ba5fce688d916498f13cd388ed67537c91852d4427f9	1:kka fxxu; 2:kkb fxxv; 3:kkc fxxw	fgk::benp | fgk::benq | fgk::benr | fgk::clv			0	shape-known	C	Locate client feature and capture a journey.
Game	kkg	04d1a5c9820f9fa39d3d12e94a89170b4008da8df2bc876ac9cd3db85f0a1c1f	1:repeated int32 fxyb; 2:map<int64, bool> fxyc; 3:repeated int32 fxyd				0	shape-known	C	Locate client feature and capture a journey.
Game	kkh	e66064f284d55f924a51bbbea9bcebc3ac4177808b532167d144c3b99a7fa41c					0	shape-known	C	Locate client feature and capture a journey.
Game	kki	5d7a0ab7bf52de1ea261e5d7f80da4ceb7a0cb8a73739f7adefab71f9f285a69	1:int32 fxyk; 2:int32 fxyl				0	shape-known	C	Locate client feature and capture a journey.
Game	kkk	d4309a560e57753391688a28c6d5c9df17a740f7033ee5f9765c811e94863dd6	4:optional int64 fxyp; 1:kkg fxyr; 2:kkh fxys; 3:kki fxyt	fgr::bepv | fgr::brs | fgr::ged | fgr::irb	fgr (toca a 38 mensajes): EndOfKick, EndOfSurrender		0	shape-known	C	Locate client feature and capture a journey.
Game	kkl	923b49f794190b66645d857247f69ca919fef53391e98d576f0d102261b086c3		fgr+fgn::bepf | fgr+fgn::fpz | fgr+fgn::kub | fgr+fgn::otv			0	shape-known	C	Locate client feature and capture a journey.
Game	kkm	344b58141571a04dcab70e19a18486656e7c23c9ef249a38a2896646b70ae438		fgk::bens		S2C/push	2	shape-known	C	Verify the send against a client observation; no handler is inferred.
Game	kko	0464b7c46772a07686d2a94d6897eb6ebbc62b9280723d463e64167ec5ef8177	1:repeated int64 fxze; 2:optional bool fxzf				0	shape-known	C	Locate client feature and capture a journey.
Game	kkq	709228b91d148febdf5e595ad66e514d270db069f6e762f123a89cc459e351d2	1:kko fxzk; 2:kkn fxzl	fgr::beqj	fgr (toca a 38 mensajes): EndOfKick, EndOfSurrender		0	shape-known	C	Locate client feature and capture a journey.
Game	kkr	d9e35290fdc1a7960b9234a83c4c496b9d20ec1a753cec3717a0f7d02b4fa123	1:bool fxzp			C2S/dispatch, C2S/read, S2C/push	3	mapped	C	Replay and verify validation, persistence and S2C ordering.
Game	kkt	bcb7e785492ba2edfa8aeeb6e94ce62d0b28fa18def75e19c9988cf74bf88c89	1:repeated int32 fxzu; 2:int32 fxzv	epd::baom | epd::hst | epd::jdv	epd (toca a 17 mensajes): NpcDialogCreationWhenAvailable		0	shape-known	C	Locate client feature and capture a journey.
Game	kku	7581412afcb75d0b3ae452c66d348b2268963040245ab1033fbca43fc579da86	1:int32 fxzz	dyx::ges | dyx::iih | dyx::nrq | dyx::uib		S2C/push	1	shape-known	C	Verify the send against a client observation; no handler is inferred.
Game	kkw	606bac81c5ee4367bbf6ea9b01aaa9d70d1fcc2245268d212bda2331b00933b0	1:bool fyae	eqq::bbfc | eqq::fwm | eqq::noc	eqq (toca a 76 mensajes): PresetListEventWhenCharacterInfo, RefreshTagsWhenContentReceived		0	shape-known	C	Locate client feature and capture a journey.
Game	kkz	f0a3a4300d0a773750775d36f54800c41a1eec68ea9341c2206532ab18900dbd	1:kkx fyai	eqq::bbez	eqq (toca a 76 mensajes): PresetListEventWhenCharacterInfo, RefreshTagsWhenContentReceived	S2C/push	6	shape-known	C	Verify the send against a client observation; no handler is inferred.
Game	kla	a170e1a0cace1fb97134fdc3d6d0e8f4b7c472718cf45bfab251a716cb32ecee	1:string fyam	epd+<NpcDialogCreationWhenAvailable>d__19::MoveNext | emq::zso | emu::krx | emu::mpx	eoy (toca a 12 mensajes): ClickOrientation	C2S/dispatch	2	mapped	C	Replay and verify validation, persistence and S2C ordering.
Game	klb	af7b0951bd80c0c313f45eb4a43909c45b04608b9ec6d1e57516d6962cc74d82	1:optional int32 fyaq; 2:int32 fyas; 3:int32 fyat; 4:string fyau; 5:optional int32 fyav; 6:int32 fyax				0	shape-known	C	Locate client feature and capture a journey.
Game	kld	4c4ce20df9ce3e179261c04a6c62f98e2471b9194794e89b055596798aa3224a	1:lbe fybb; 2:klb fybc	enr::bacg | enr::bsj | enr::ibn | eoa::baeq		S2C/push	3	shape-known	C	Verify the send against a client observation; no handler is inferred.
Game	klg	e1e2c890cb203a28383cc462838b5d8ba534e7a724de7e1fa27754c2f1482d54	1:kle fybg				0	shape-known	C	Locate client feature and capture a journey.
Game	kli	f69b89be2a1e496de360be31833e031bf3e493d3984f33f44fa5059209a87e74	1:int32 fybl; 2:repeated lns fybm; 3:repeated lns fybn; 4:int64 fybo				0	shape-known	C	Locate client feature and capture a journey.
Game	klk	f8ffa6862a6b8ed248f1eae9e9bd63a3e2cadc1cd8fea2c36e993626872c1bad	1:uint32 fybs; 2:uint32 fybt; 3:uint32 fybu; 4:uint32 fybv				0	shape-known	C	Locate client feature and capture a journey.
Game	klm	fafaae6866e0424029d25fd57c6efff0659f899fd9a3b3f476244b92ad9eafb4	1:repeated int32 fybz; 2:klj fyca; 3:klk fycb	fml::bgpv | fml::mxn			0	shape-known	C	Locate client feature and capture a journey.
Game	klp	e2f89b1044ac29558fc10e9f1373faa2926876924b60a3941ce19e463cdb0c0f	1:string fycf; 2:kln fycg			S2C/push	2	shape-known	C	Verify the send against a client observation; no handler is inferred.
Game	klq	bf4c05f9bd7d7c3aba3230bd16763fe1e752b6be7499a97276b401fbf0667a3b		fml::bgqe			0	shape-known	C	Locate client feature and capture a journey.
Game	klu	96aa60717639cfcf5ba60cb3b95d7bd57e610ef76ab4270abc8f2cd22d9e88f7	1:kls fyco; 2:repeated int64 fycp	ees::osa | ees::wuz			0	shape-known	C	Locate client feature and capture a journey.
Game	klx	1637f892a1f94c5a746f705b8d3a1d073c164fc58275c61db5aedc913802fcbb	1:int64 fyct; 2:optional int64 fycu; 3:int64 fycw	fv::mvn | fv::mvo | ees::wuy			0	shape-known	C	Locate client feature and capture a journey.
Game	klz	2fddff22c8c1ed8d6a28d32662e95dac242622c52096ff498518b742fe07984c	1:repeated klx fyda; 2:klv fydb; 3:klw fydc; 4:string fydd	ees::wuy			0	shape-known	C	Locate client feature and capture a journey.
Game	kmb	c87db9e380e661627bc1957279c445d44a3b746780560292e106ee1c36b88a89	1:lhg fydi; 2:int64 fydj; 3:int64 fydk	ehl::gvw | ehl::gyr | ehl::xxv | fka::bfxo	ehl (toca a 25 mensajes): WaitForAddingObject, WaitForDroppingObjects, WaitProcessMapComplementaryInfo		0	shape-known	C	Locate client feature and capture a journey.
Game	kmc	8d8c74c73016bb2bccd98de48c2cf25a4801eca628bcf1ed5f225974eea7c881	1:repeated bool fydo; 2:map<int64, string> fydp; 3:string fydq; 4:repeated int64 fydr; 5:bool fyds				0	shape-known	C	Locate client feature and capture a journey.
Game	kme	c2980efa96e5b1e5eb80261c68d57149bae169e1a853082ce4f7c33e10a373b7	1:kmc fydw	eln::isj | eln::lh | eln::zhz			0	shape-known	C	Locate client feature and capture a journey.
Game	kmh	00bb0c35a4c8874b77a397fbc14c446fb3bfe5a67d7d72abe85c65dbb9de73c7	1:bool fyea; 2:int32 fyeb; 3:kmf fyec	fiw::bfor | fiw::cho | fiw::lsn | fml::bgqc	fiw (toca a 8 mensajes): CountTurnTimeLeft, RefreshPathNextFrame		0	shape-known	C	Locate client feature and capture a journey.
Game	kmi	7c5aa0de74c93e523e4374ab7ba7aeee6b7f5d57b6f33a95c0d70b6d91b3505a	1:int32 fyeg; 2:int32 fyeh; 3:int32 fyei	fz::cod | fz::mvt			0	shape-known	C	Locate client feature and capture a journey.
Game	kmj	e15fe22dafbef08a667b5b2ddc94cc7fa2e1f70374a02298a9ef0e70a36962f8	1:int64 fyem; 2:int32 fyen	Core.UILogic.Fight.EndTurnWidgetUI::OnShowCellEvent | ehl::nxd | ehl::xwz | fka::bfxw	Core.UILogic.Fight.EndTurnWidgetUI (toca sólo a éste): OnShowCellAction, OnLeaveClicked, OnPointCellClicked, OnPermanentPingClicked, ToggleSpectatorForbidden, OnNoSpectatorClicked, OnRequestHelpClicked, OnLockFightClicked, OnLockPartyClicked, OnExternalMenu, OnReadyOrSkipClicked, OnGameFightJoin | ehl (toca a 25 mensajes): WaitForAddingObject, WaitForDroppingObjects, WaitProcessMapComplementaryInfo		0	shape-known	B	Locate client feature and capture a journey.
Game	kmk	13537996337ee4c29521c6ef8fd8638e92d071f1415dea1f931c8d1392b3feaa	1:repeated lgs fyer; 2:repeated lgs fyes	fjw::bfwa | fjw::jbj | fka::bfxn | fka::lif	fjw (toca a 15 mensajes): DelayPlacementDisplay	S2C/push	3	shape-known	C	Verify the send against a client observation; no handler is inferred.
Game	kml	20261b9073500e6e7c69e39653d549b3fff470288176d0a5bf3664739b983930		eln::ctb | eln::mwx | eln::ty | eln::zhy		S2C/push	2	shape-known	C	Verify the send against a client observation; no handler is inferred.
Game	kmn	459db4cf8b70549734433452778bdfd8d3a1973a491f4b53cb80552f44fe3355	1:map<int64, string> fyez				0	shape-known	C	Locate client feature and capture a journey.
Game	kmp	86d4b468147552e122ef2d772d6c84ae9d58ba3e16179bcb46cc863ca48e333b	1:kmm fyfd; 2:kmn fyfe	eln::blh | eln::euu | eln::hhe | eln::zhx	elx (toca a 2 mensajes): HourLoopUpdate	S2C/push	2	shape-known	C	Verify the send against a client observation; no handler is inferred.
Game	kmq	30ebc2705caa3ab39929bbbb8b0cdec9789ff7a2f09be1514298c76bfbc84aa2	1:repeated int64 fyfi; 2:repeated int64 fyfj	ehl::oec | ehl::xxi | ejq::gqf | ejq::ysp	ehl (toca a 25 mensajes): WaitForAddingObject, WaitForDroppingObjects, WaitProcessMapComplementaryInfo | ejv (toca a 10 mensajes): RefreshAfterZoom		0	shape-known	C	Locate client feature and capture a journey.
Game	kmr	9f1708c2630cb2c94193de55560f2572bc2a98386e8ce93e73572ce8c24ac6c2		eat::sm | eat::uuh | ebd::uxn		C2S/dispatch	1	mapped	C	Replay and verify validation, persistence and S2C ordering.
Game	kmu	bfe149c5dbbf5ac27527bee4623e621f9fe46c7f974df56e8988ceb0147c1822	1:kms fyfq; 2:int64 fyfr; 3:int64 fyfs	ehl::dfn | ehl::ecq | ehl::oec | ehl::xxi	ehl (toca a 25 mensajes): WaitForAddingObject, WaitForDroppingObjects, WaitProcessMapComplementaryInfo | ejv (toca a 10 mensajes): RefreshAfterZoom	S2C/push	1	shape-known	C	Verify the send against a client observation; no handler is inferred.
Game	kmv	ad9902511b00789e50547290bbe5d4d3bd90e2e243e0fb822f57373d09a6a859	1:int64 fyfw	ebu::bpl | ebu::bxh | ebu::hmn | ebu::mae	ebu (toca a 3 mensajes): DoCurrentMapEvent	C2S/dispatch	2	mapped	C	Replay and verify validation, persistence and S2C ordering.
Game	kmw	a61908f399e205331d72fa62dd54d66569ecb6544f75db1abca8830511c5b2b5	1:int64 fyga	eae::urp | fju::bfva | fju::cqq | fju::fqb		C2S/dispatch, S2C/push	2	mapped	C	Replay and verify validation, persistence and S2C ordering.
Game	kmz	973322686353b6f6eedafedc0ff76289e633a7a5912e3c45ad8ab910b0b2f1db	1:kmx fyge; 2:repeated kmi fygf; 3:repeated kmi fygg	enw::badv | enw::hz | enw::lum | enw::nst			0	shape-known	C	Locate client feature and capture a journey.
Game	knc	c51cca24b00b31d2eb646951c1cf56a2ac969677d06f9cb7cd7127e2f632c5c7	1:bool fygl; 2:repeated int64 fygm	ffr::beey | ffr::dkl | ffr::gqf | ffr::igb	ffr (toca a 54 mensajes): DisposePendingClaimBoostRequests	C2S/dispatch	1	mapped	C	Replay and verify validation, persistence and S2C ordering.
Game	knf	ad1248a3193bacb9b653d25f8b3881383667364a71cb5d756fd53843f3941c58		fhk::bfbe | fhk::gox | fhk::bfbc | fhk::dbq			0	shape-known	C	Locate client feature and capture a journey.
Game	kni	3a3cdba6b3b82f493ee4c298f93cc32307b366169f3c20c494a81de71cec9169	1:lfi fygt; 2:kng fygu	fhk::bfbd | fhk::kd | fhk::bfbc | fhk::dbq			0	shape-known	C	Locate client feature and capture a journey.
Game	knk	a0235234668d068c909c24c5c7a19c1291e38ed7fb4a5a3f8f572d51b619946a	2:kne fygy; 1:knf fygz; 3:kni fyha	fhk::bfbc | fhk::dbq			0	shape-known	C	Locate client feature and capture a journey.
Game	knl	0f9a59b352000b51d521af3e22834fe585e308d5130d2672b9126c923914ec74	1:bool fyhf	fhk::bfbi			0	shape-known	C	Locate client feature and capture a journey.
Game	knm	efacef192b1aaf2e49e429d19fe67eb3b5b520f5aa6ebc3b9717f698c0d786b9		fhl+<SendRequestAfterCharacterLoaded>d__52::MoveNext | fhf::beza | fhf::ohi		C2S/dispatch	1	mapped	C	Replay and verify validation, persistence and S2C ordering.
Game	knn	977e0dccce19ec122d21594db1d92f9ecd21bacfef19414a5363703f716f3438	1:optional string fyhm; 2:kqm fyho; 3:kqm fyhp	fhk::bfao			0	shape-known	C	Locate client feature and capture a journey.
Game	kno	6830cf1d19555c0431c8fa17c5f4a9350b8ecb2406eeee720ad165e82a5e6c4b	1:repeated int32 fyht	fhl+<SendRequestAfterCharacterLoaded>d__52::MoveNext | fhf::bezb | fhf::eph | fhf::krb		C2S/dispatch	1	mapped	C	Replay and verify validation, persistence and S2C ordering.
Game	kns	96982ef55028dfac6f54ff6416d9bab618cd91b4ac2e41c2151d0fd93cd3aa65	1:repeated int64 fyhx; 2:knq fyhy; 3:knb fyhz	fhk::bfat | fhk::onf		S2C/push	3	shape-known	C	Verify the send against a client observation; no handler is inferred.
Game	knt	06de2c1c516511d672f8a84457f8487cfca20c6f714aeff3fff8195421bafd5b	1:kph fyid; 2:kph fyie	fhk::bfax | fhk::brw | fhk::fbh | fhk::fka			0	shape-known	C	Locate client feature and capture a journey.
Game	knv	12725fc8e1570368446812871ed6c1e16571f7553b85dcf7cdae0e82b737677b	3:map<int64, int64> fyii; 1:kns fyij; 2:knt fyik	fhk::bfaw | fhk::lxz | fhk::nex | fhk::qa		S2C/push	3	shape-known	C	Verify the send against a client observation; no handler is inferred.
Game	knw	0114ae61cfb20d3a9e0191a58a2f28ab441cd44bc046daab973ee442490ef7fa	1:repeated int64 fyip; 2:optional int32 fyiq; 3:bool fyis				0	shape-known	C	Locate client feature and capture a journey.
Game	kny	d74eba5ac387bdb2cec331a5c368a5075aecc51c2cd79d3e1825df01e3a0c2ad	1:knw fyiw	fhf::bezc | fhf::exg | fhf::osb		C2S/dispatch	1	mapped	C	Replay and verify validation, persistence and S2C ordering.
Game	knz	9abc58cecfd8825d693c0af8794c486bc0e7082efb4802474868073bf5ba435b	1:bool fyja	fhk::bfbh | fhk::fql | fhk::iff | fhk::no			0	shape-known	C	Locate client feature and capture a journey.
Game	koc	e0ba23b3ec128128226f00b52b3d74d45e59f833cbc6c18dd063c2f521cf0060	1:string fyje; 2:bool fyjf; 3:koa fyjg	ffr::bee | ffr::befa | ffr::cbn | ffr::if	ffr (toca a 54 mensajes): DisposePendingClaimBoostRequests		0	shape-known	C	Locate client feature and capture a journey.
Game	kod	e8d6400129efb1f8e1960f70c63df738f200522036bce763bb8388e7f16d08db	1:bool fyjk	fhk::bdq | fhk::bfbj | fhk::dzm | fhk::nxr		C2S/dispatch	1	mapped	C	Replay and verify validation, persistence and S2C ordering.
Game	koe	52b6451303b8a85ecba6ffb13e61b0bb67e80dd982d0296b393372886d54293f	1:bool fyjo	fhf::bezp | fhf::enf | fhf::fhl | fhf::fqm			0	shape-known	C	Locate client feature and capture a journey.
Game	kof	f40ae60873f846ea936ab2ebd9d887b7334a9936721f1b9b52f2c188668c8c0e	1:bool fyjs	fhk::bfbk		S2C/push	1	shape-known	C	Verify the send against a client observation; no handler is inferred.
Game	kog	04fccc1996bb0219912bd3f616b11903cf07b7fc0f9e2a5c8759b821c2413c69	1:int64 fyjw; 2:int64 fyjx	fhf::bezf | fhf::mfu			0	shape-known	C	Locate client feature and capture a journey.
Game	koh	f0953594a6dd8989c796ef3ee3e6984f61f0dcc64bdca1a799d3aa033b5bc320	1:kpr fykb	fhk::bfap | fhk::gx			0	shape-known	C	Locate client feature and capture a journey.
Game	koi	c09d37de9c5182ea0b8f0f2706f422cd4d9962aa598800398ed9a2eababe52b4	1:repeated kph fykf; 2:repeated kph fykg	fhk::bfan | fhk::fm | fhk::ixq | fhk::lqs			0	shape-known	C	Locate client feature and capture a journey.
Game	koj	f21103458c6ba96523190e4da2aaa3a1a3081a3d96b5056296f0eec59442eb72	1:map<int32, string> fykk; 2:repeated kpr fykl	fhk::bfal | fhk::guq | fhk::irb | fhk::kpo		C2S/read, S2C/push	2	mapped	C	Replay and verify validation, persistence and S2C ordering.
Game	kok	311ac747cc2047735f9f343fe63acb8a1bae6923069dec1abf5c29be3aec2cf6	1:lgf fykp	fhf::beze | fhf::mnh | fhf::nqj | fhf::sj			0	shape-known	C	Locate client feature and capture a journey.
Game	kol	f5a28db17fbd0af2a1af28a09d661186736eb3102896397767dbe7112d6f3665	1:repeated int64 fykt; 2:int32 fyku; 3:int64 fykv; 4:repeated bool fykw; 5:bool fykx				0	shape-known	C	Locate client feature and capture a journey.
Game	kon	8bdddc58a5bb5258f2cd2659341a3bc7fb5330dd7af4228fd1295b6a5a105134	1:kol fylb; 2:bool fylc	fhf::bezo | fhf::kap | fhf::mto			0	shape-known	C	Locate client feature and capture a journey.
Game	koo	3daf94f0ad20c09e2a77910baf3ea8d60ccd6b1846d30897764a0b07db7e7d8e	1:repeated int64 fylg; 2:bool fylh; 3:map<int32, string> fyli				0	shape-known	C	Locate client feature and capture a journey.
Game	koq	1fdf94aeed7ae802787d1eec0229ffa68b40e67c311f6ac5bc1b0f274f0a33da	1:koo fylm; 2:lgf fyln	eaj::AddFriend | eaj::bci | eaj::esu | eaj::kox	eaj (toca a 2 mensajes): Invite, AddFriend		0	shape-known	C	Locate client feature and capture a journey.
Game	kou	db0b9ed223163c03de2db5a147a5a1ae146543be3356be505d9b6f26bee781f8	1:bool fylr; 2:kos fyls	fhk::bfbb | fhk::kcz | fhk::bfaz | fhk::boo			0	shape-known	C	Locate client feature and capture a journey.
Game	kov	3e4439c6c8e108147a04c79ca9aacc94c220a783e33ce8ab0e2664445ed3722c	1:lfi fylw	fhk::bfba | fhk::emf | fhk::gmh | fhk::gsj			0	shape-known	C	Locate client feature and capture a journey.
Game	kox	23cd68e891473b9768dc741e7bf0a4adabd865ae21b16c8e5cf4ada37c5a2193	2:kov fyma; 1:kov fymb; 3:kou fymc	fhk::bfaz | fhk::boo			0	shape-known	C	Locate client feature and capture a journey.
Game	kpa	30e3931255f14bb337457658b0ca0bf4f224e234d2f7cf48ef728315ea634a18	1:lgf fymh; 2:koy fymi	eaj::mhq | eaj::usj | fhf::bezh | fhf::guo	eaj (toca a 2 mensajes): Invite, AddFriend	C2S/dispatch	2	mapped	C	Replay and verify validation, persistence and S2C ordering.
Game	kpb	bf3af47992cfbc53fbe79358334545b1211d2bd279d7d3af0587cfe657d2ed41	1:bool fymm; 2:string fymn	ffr::beez | ffr::dwg | ffr::fgc | fhf::bezr	ffr (toca a 54 mensajes): DisposePendingClaimBoostRequests		0	shape-known	C	Locate client feature and capture a journey.
Game	kpe	c942927d81fac0f9507f880cf9b01ec17431d8251462d656da501cd9e7e91f86	1:bool fymr; 2:kpc fyms	fft::behe | fft::izf | fft::jib | fhk::bfbl			0	shape-known	C	Locate client feature and capture a journey.
Game	kph	b87df30f0b914c35c5bdb8a5066c6a69919307dfea56129a8dd4f49922864df1	1:lfi fymw; 2:kpf fymx; 3:map<int64, int64> fymy; 4:int64 fymz	ib::.ctor | fhk::bfan | fhk::bfax | fhk::brw			0	shape-known	C	Locate client feature and capture a journey.
Game	kpi	c8c61df5f9b59f236247eebe2bf18b66e68cd7cae709a5470dd5faefb15ad48f	1:bool fynd; 2:lfi fyne	fhk::bfay | fhk::ffe | fhk::ggq | fhk::hoa			0	shape-known	C	Locate client feature and capture a journey.
Game	kpj	c190bc2acccf21953b2aabe4ba102b1ae7b590af6dc0c425d8f3ada0a8fa5767	1:bool fyni; 2:repeated string fynj; 3:optional bool fynk; 4:int32 fynm; 5:repeated int32 fynn; 6:repeated int32 fyno; 7:int32 fynp; 8:optional string fynq				0	shape-known	C	Locate client feature and capture a journey.
Game	kpl	67a992273eee04bede05fa551675c2a1cec189d0b2094f2c0c8cc22fd1ef8784	1:int64 fynv; 2:kpj fynw; 3:int64 fynx	fhf::bezk | fhf::gpl | fhf::lcb | fhf::nba			0	shape-known	C	Locate client feature and capture a journey.
Game	kpm	f026e5398614b8facce7f5648955a75e0d0af95e677c55f79e058739f1527d40					0	shape-known	C	Locate client feature and capture a journey.
Game	kpp	3c218c030a3d6931ac5e2e4ae0c84ea2dcfc102a3152bf5aa216ab349a07a8f6	1:kpn fyoe; 2:int32 fyof; 3:string fyog; 4:int64 fyoh; 5:lcf fyoi				0	shape-known	C	Locate client feature and capture a journey.
Game	kpr	4d9a7d66ec6232e05a173a802bdc3fe84c924721ffaf7c9894a6b3295d76dafc	1:kpp fyom; 2:int64 fyon; 3:kpm fyoo; 4:lfi fyop; 5:lay fyoq	hy::.ctor | fhk::bfal | fhk::bfap | fhk::guq			0	shape-known	C	Locate client feature and capture a journey.
Game	kpv	fa2930f00522ddc802f05d55bbfc54c80a0cb2fb8c9162cad38a6ddd75404eed	1:knb fyou; 2:kpt fyov	fhk::bfas | fhk::cxn | fhk::del | fhk::kbf			0	shape-known	C	Locate client feature and capture a journey.
Game	kpw	024320a2e6f72d848ad4cf412db2d07f9b4ee9a70e01b9165eb57e5487a751f8	1:kph fyoz	fhk::bfav | fhk::c | fhk::doc | fhk::lnw			0	shape-known	C	Locate client feature and capture a journey.
Game	kpy	3d211360e53c10d6e6c7d1b0e7b03f680deef9a06e43cb1920751b6008326112	1:kpw fypd; 2:kpv fype	fhk::bfau			0	shape-known	C	Locate client feature and capture a journey.
Game	kpz	f8cdb136ba34c59d828560cfae6e36c1c5a1d9e65b1819a639780638fad3ef4d	1:knb fypj; 2:knb fypk	fhk::bfaq			0	shape-known	C	Locate client feature and capture a journey.
Game	kqc	9176253aee5b46fe22a6c91161d34a7efb65431fa6a9ee781f5d66bef6c61afa	1:kqa fypo; 2:knb fypp	fhk::bfar | fhk::kwm | fhk::lwg			0	shape-known	C	Locate client feature and capture a journey.
Game	kqd	f4cc0213b171f256ab4876f13d82f367bd753d6e57ab12589eb145b13a9d26c2	1:int64 fypt	fhf::bezg | fhf::gqd | fhf::hqt | fhf::itv			0	shape-known	C	Locate client feature and capture a journey.
Game	kqg	b6b62dcde6eadbf9c6c1d71e600e612038e410145ebb46fc55e16d0b2c43716b	1:repeated kqm fypx; 2:kqe fypy	fhk::bfak | fhk::das | fhk::fly | fhk::fwm		C2S/read	1	mapped	C	Replay and verify validation, persistence and S2C ordering.
Game	kqh	107d841b520ab0f43f8ec5c8dc2c514b6f458ecd6d2169c0318b42dd17fd296a	1:string fyqc; 2:int64 fyqd; 3:string fyqe; 4:int32 fyqf	ees::dbk | ees::hon | ees::wui			0	shape-known	C	Locate client feature and capture a journey.
Game	kqi	76df034993d187649bdf351342db318a88951b2e9e0ce9019f2a43ea145afa0a					0	shape-known	C	Locate client feature and capture a journey.
Game	kqk	4daa90cee8e688240178421ac30435829099af8c1a02bb5f697503a055180e2b	1:lcf fyqm; 2:int32 fyqn; 3:len fyqo; 4:laz fyqp; 5:int32 fyqq; 6:les fyqr; 7:kqi fyqs; 8:int32 fyqt; 9:int32 fyqu; 10:int32 fyqv; 11:int64 fyqw; 12:bool fyqx; 13:lba fyqy; 14:string fyqz			C2S/dispatch	1	mapped	C	Replay and verify validation, persistence and S2C ordering.
Game	kqm	97d324b5d2023bb4de61cb4404b0a37b7e455c0197c14a82d3ec398f68e62c74	1:int64 fyrd; 2:int32 fyre; 3:repeated int64 fyrf; 4:int64 fyrg; 5:kqk fyrh; 6:lay fyri; 7:lfi fyrj	ic::.ctor | fhk::bfak | fhk::bfao | fhk::das		S2C/push	13	shape-known	C	Verify the send against a client observation; no handler is inferred.
Game	kqo	a23d8f20b3d5983c802c08084780aec8ff25aa6eabe38af3f14a4196017e3662	1:repeated bool fyro; 2:bool fyrp	ekw::zdn | gie::bkii	ekw (toca a 4 mensajes): ShowDelay, StopLatencyTimer	C2S/dispatch, S2C/push	2	mapped	C	Replay and verify validation, persistence and S2C ordering.
Game	kqp	171f1fed452e7f96d87608a794696ed78064edbb8ce1c2d4f4665e2dffbae600	1:int32 fyrt; 2:int32 fyru	fob::bhes | fob::keg | fob::mlg | fob::mr		S2C/push	4	shape-known	C	Verify the send against a client observation; no handler is inferred.
Game	kqq	666a179b15e587f52ac7c5c9989ab3a82313e1a9d7ce2b66dbb0ada962830df3	1:repeated int32 fyry	ecx::vtz | ecx::cvw | ecx::fdy | ecx::gzb		C2S/dispatch	2	mapped	C	Replay and verify validation, persistence and S2C ordering.
Game	kqr	49727ceee36a39a55ea51b1336ed7c15e68c143d2286e6a2b17c501e63feedfa	1:string fysc; 2:map<bool, int64> fysd; 3:string fyse; 4:bool fysf	ecy::vub		S2C/push	1	shape-known	C	Verify the send against a client observation; no handler is inferred.
Game	kqs	aa0f511efe992ead60b214692679fc393007e29dbb8bc886f3e6403080915712		ebc::giv | ebc::jdj | ebc::mxi | ebc::nrr			0	shape-known	C	Locate client feature and capture a journey.
Game	kqt	47e9de7bc213ce201a5bb0a50d2bec45d97bd5f1eb7430edd9d140e78ec312f7		ebc::lqh | ebc::nva | ebc::uxc			0	shape-known	C	Locate client feature and capture a journey.
Game	kqu	8eae7486e758d947083d2ea8e1e57b3ea1a7cf70b86f6f46a0ed817e0e3131a4	1:repeated int32 fysp; 2:repeated bool fysq	ebf::uyb		S2C/push	1	shape-known	C	Verify the send against a client observation; no handler is inferred.
Game	kqv	b32dc5c6738f49bf36ac323e3580704c1f17789dfd6ab5637eb7fef00a00f9fe	1:int32 fysu; 2:string fysv; 3:bool fysw	eat::uuj			0	shape-known	C	Locate client feature and capture a journey.
Game	kqw	a5011b9a7dab9ffc3691e917d1557d89d9a215fd2589ac8c30484bcd3fde38c9					0	shape-known	C	Locate client feature and capture a journey.
Game	kqy	6d6d942e9d5fc3625bd414fb14dcedaaf6f6424e684c2cd0f709819795758ac4	1:bool fytd; 2:string fyte; 3:kqw fytf	ekw::zdo | ezb::zdo | gjx::bknh	ekw (toca a 4 mensajes): ShowDelay, StopLatencyTimer	S2C/push	1	shape-known	C	Verify the send against a client observation; no handler is inferred.
Game	kqz	5a2f3f176850d8df1c74829adf630dd056ab426dbfe1eccd5faa11634d6fe7e2	1:int32 fytj; 2:string fytk; 3:string fytl	ecj::vqm | ecj::vqn | gie::bkii		C2S/dispatch, C2S/read	2	mapped	C	Replay and verify validation, persistence and S2C ordering.
Game	kra	fb038d0f9b20172ae5d9230fc0106f9c3766f5ee53a7609fd25eda0f4408ef38		eat::uun | ebc::uxb		S2C/push	1	shape-known	C	Verify the send against a client observation; no handler is inferred.
Game	krc	8abecb1806d8d85525280797cdb8b991fb8d7f5883fd767d27909133320ff22e	1:int64 fytt; 2:int32 fytu; 3:int32 fytv; 4:int32 fytw			C2S/dispatch, C2S/read	2	mapped	C	Replay and verify validation, persistence and S2C ordering.
Game	krd	0d01db7361e0bbef6bd99296e2eae198e00dc19e5946cf9d619aa8525e9645ab	1:string fyua; 2:int64 fyub; 3:optional string fyuc; 4:int64 fyue; 5:string fyuf; 6:int32 fyug			S2C/push	6	shape-known	C	Verify the send against a client observation; no handler is inferred.
Game	krf	a9eb42ceb1d9c741e29b95b5d8d38eaf1b79255106994e8655645e40e0c2acc7	1:int32 fyuk; 2:int32 fyul; 3:int32 fyum; 4:int32 fyun; 5:int32 fyuo; 6:int32 fyup; 7:krd fyuq				0	shape-known	C	Locate client feature and capture a journey.
Game	krh	3e95248faefaafa88dd906bbc70e58500f972ad87b962e68b0517dd6e819c450	1:krf fyuu; 2:int64 fyuv; 3:krc fyuw			S2C/push	1	shape-known	C	Verify the send against a client observation; no handler is inferred.
Game	kri	3e1154d3bb6046bd48109760d8c2ebd4160453850d1da674eb0708dfe5dc2378	1:int64 fyva; 2:int64 fyvb; 3:int64 fyvc; 4:int64 fyvd			S2C/push	1	shape-known	C	Verify the send against a client observation; no handler is inferred.
Game	krj	c715b3bc0f7f134be0af5ac3c45897007373c47824563bc93ae052779cdb55ff	1:kri fyvh; 2:krh fyvi	ekk::hxm | ekk::tp | ekk::zaw			0	shape-known	C	Locate client feature and capture a journey.
Game	krl	5a0ada2f6567718f7d6d87458f9cb4d5832641107cb2a0275b1a71df718b5d3f	1:string fyvn; 2:string fyvo	ean::iei | ean::imr | ean::usu | gie::bkii			0	shape-known	C	Locate client feature and capture a journey.
Game	kro	fb8b8a461168c84905a9dd4d05c8e6efbc4877d6d94b4efbdb53324f0bd6396c	1:string fyvs; 2:krm fyvt	ean::usv | gie::bkii			0	shape-known	C	Locate client feature and capture a journey.
Game	krp	ec1c710589271d0fad28fb545427904f61dc1fbfbce3d5d71a3f88121116da35	1:int64 fyvx	ean::iei | ean::imr | ean::usu			0	shape-known	C	Locate client feature and capture a journey.
Game	krq	fdb39b409e35f2e29ac22a315f9cfcec874de47107f7485790617fbb31854428	1:optional bool fywb; 2:int64 fywd				0	shape-known	C	Locate client feature and capture a journey.
Game	krs	f80557e6b32ed193086df4111462315bb297e495283c5dbb45c7798a75ce6240	1:krq fywh	ean::cuf | ean::gus | ean::ust		S2C/push	1	shape-known	C	Verify the send against a client observation; no handler is inferred.
Game	krt	5511ba45ec940d0347af1be37926442b2cac88a23a3fbbd0b640ee78dc22e5f6		eam+<SendMessage>d__8::MoveNext | gie::bkii		C2S/dispatch	2	mapped	C	Replay and verify validation, persistence and S2C ordering.
Game	kru	fc83d0fc1301cd439dc4fe7aef3d02cdd5387ebf43885cbe5f3f3e5cd730d839	1:optional string fywo	ean::usv | ean::usw			0	shape-known	C	Locate client feature and capture a journey.
Game	krv	a8640de78987f78e6967b65ed78481555d8738ab5a643e89c10817ef8ae3d9e1	1:string fywt	ean::cuf | ean::gus | ean::ust | gie::bkii			0	shape-known	C	Locate client feature and capture a journey.
Game	krx	81d279a2d2f8eb9fcecb85795262ccdb35007b6bd3de381e9bf62dc39bff8c70		ffa::bdwe			0	shape-known	C	Locate client feature and capture a journey.
Game	kry	a5932d482c46c569c029996695433812e0a5992720e1fe56c3d5cf369cffc21c	1:int32 fyxb; 2:int32 fyxc	Core.Services.Rendering.MapDisplayService.MapDisplayService::vdp	Core.Services.Rendering.MapDisplayService.MapDisplayService (toca a 2 mensajes): LoadAnimatedElements		0	shape-known	C	Locate client feature and capture a journey.
Game	krz	cc10fd019f552dba45fbfe386be15e3fc443db9729eb51c1a886dc576bd91c42	1:bool fyxg; 2:int64 fyxh; 3:repeated string fyxi; 4:optional int64 fyxj				0	shape-known	C	Locate client feature and capture a journey.
Game	ksb	3eea5c3f0cdcf1b67d77f08f04fc75f7c656bc19b8d39b8de87954de40b42be2	1:krz fyxo	ffa::bdwd | ffa::fzu			0	shape-known	C	Locate client feature and capture a journey.
Game	ksc	b4e689485e59e7156a55b7f6e21737d1ad1fcd09f1cea142dfc72dcdf296f494	1:int32 fyxs; 2:bool fyxt; 3:bool fyxu	Core.Services.Rendering.MapDisplayService.MapDisplayService::vdq	Core.Services.Rendering.MapDisplayService.MapDisplayService (toca a 2 mensajes): LoadAnimatedElements		0	shape-known	C	Locate client feature and capture a journey.
Game	ksf	036f78c14f9e191cf7d80b2b14e3688ea41b61a18afe8f65413b20f49b8601ed	1:int32 fyxz; 2:bool fyya				0	shape-known	C	Locate client feature and capture a journey.
Game	ksh	4ff9a46aef37d37c89c987b6115cb361f045310ab69da602c307c857c7c65e7c	1:kse fyye; 2:ksf fyyf	Core.UILogic.Fight.SpellPickerUI::Cancel	Core.UILogic.Fight.SpellPickerUI (toca a 3 mensajes): m_canTakeFocus, m_appearEffects, closeWithEscape, DisplayWhoVote, RegisterEvents, TweenScale, TweenFade, SetUp, Cancel, OnCloseAction, GetChoiceOptionWithId, BindObjectElem		0	shape-known	B	Locate client feature and capture a journey.
Game	ksi	818320aaaf4f6f4035f7d4969ec72dba3e0cd022edfef03e7f78729d0a37c9d0	1:int32 fyyj	fke::bfzo			0	shape-known	C	Locate client feature and capture a journey.
Game	ksl	4d6f2a6118b106d4f9086638fe0ab8a3a1e1c583503b07e07bedf1059a3079e1	1:ksj fyyn			C2S/dispatch, C2S/read	2	mapped	C	Replay and verify validation, persistence and S2C ordering.
Game	ksm	0aa7b7a1b82c2d1a64f9fe8237b1b51d6ac098187da601489c864eba981bf576	1:int32 fyyr	Core.UILogic.Fight.SpellPickerUI::ValidateSelection	Core.UILogic.Fight.SpellPickerUI (toca a 3 mensajes): m_canTakeFocus, m_appearEffects, closeWithEscape, DisplayWhoVote, RegisterEvents, TweenScale, TweenFade, SetUp, Cancel, OnCloseAction, GetChoiceOptionWithId, BindObjectElem		0	shape-known	B	Locate client feature and capture a journey.
Game	ksn	f54f28a18993d750009e5c176e1a08259a1964a565f2ce6a706eb08e75de7aa1	1:repeated ksw fyyv; 2:int32 fyyw	fke::bfzn | fke::bjr | fke::jrd | fke::nlf			0	shape-known	C	Locate client feature and capture a journey.
Game	kso	119e2afe5eb7776d55a02d47efdf2ed0a86d51da3b39cf3b2f99d0a7ca15fb60	1:int32 fyza	Core.UILogic.Fight.SpellPickerUI::ValidateSelection	Core.UILogic.Fight.SpellPickerUI (toca a 3 mensajes): m_canTakeFocus, m_appearEffects, closeWithEscape, DisplayWhoVote, RegisterEvents, TweenScale, TweenFade, SetUp, Cancel, OnCloseAction, GetChoiceOptionWithId, BindObjectElem		0	shape-known	B	Locate client feature and capture a journey.
Game	ksr	563b92775fc3c025c0758fbbd201fddd6ba284b2e0326edeb9f941ea0169155d	1:repeated ksw fyze; 2:ksp fyzf; 3:int64 fyzg; 4:int32 fyzh	fmc::bgom			0	shape-known	C	Locate client feature and capture a journey.
Game	kss	17fa9652aca5e15b22fcfc3db50db69ccdee54c2069bd8752262d9f3d8ddf239	1:repeated ksw fyzl; 2:bool fyzm; 3:int32 fyzn; 4:repeated ksw fyzo	epd::bant | epd::bcz | epd::ftv | epd::msg	epd (toca a 17 mensajes): NpcDialogCreationWhenAvailable		0	shape-known	C	Locate client feature and capture a journey.
Game	kst	122e0abc33a0b8faef82b965a6731f29c44381131e7172376202138c0522b130		epd::banu	epd (toca a 17 mensajes): NpcDialogCreationWhenAvailable		0	shape-known	C	Locate client feature and capture a journey.
Game	ksu	01d1aab970c6472d3d6708597dd4b20a2478670b80131d5908902bb491e0203f	1:int64 fyzv; 2:int32 fyzw; 3:int64 fyzx	fke::bfzp | fke::cup | fke::dre | fke::lxc			0	shape-known	C	Locate client feature and capture a journey.
Game	ksv	cbd9ec82ab4562e1975c870abeaa156473c73137ec500890786c9a3348c0cd68	1:repeated ksx fzab; 2:int32 fzac			S2C/push	1	shape-known	C	Verify the send against a client observation; no handler is inferred.
Game	ksw	cdae9e5be9e3f299c9725c65e9bec5a3f94b4e0a095bf32bbedfb858c8ed3950	1:int32 fzag; 2:int32 fzah				0	shape-known	C	Locate client feature and capture a journey.
Game	ksx	0012f24773b0105705005c54da8b2db01627506eae98e23eabd70a2cf0755ae8	1:int32 fzal; 2:repeated int64 fzam; 3:int32 fzan			C2S/dispatch	2	mapped	C	Replay and verify validation, persistence and S2C ordering.
Game	ktb	26b22708d74ffb6d649e2130b7ead2596ac888350615596af2d32032543f0b5f	1:string fzas; 2:optional bool fzat; 4:ktp fzav; 3:lfi fzaw; 5:optional string fzax	gie::bkii | hbp::bnmm | hba::bnhb | hba::cqv	hbp (toca a 6 mensajes): ParsedMapInfo | hba (toca a 3 mensajes, y a éste sólo de refilón, a 1 salto): FlushCachedMessage		0	shape-known	C	Locate client feature and capture a journey.
Game	ktc	7ad910f2eb29d103bbf6a8fc6d76cb67080d6783a6e15f062e73eb63c780257d					0	shape-known	C	Locate client feature and capture a journey.
Game	kte	3c9d7de85253296ebaf6cf217219989faafcda95531017d0defb04b4c03b890b	1:int32 fzbg; 2:int64 fzbh; 3:int32 fzbi; 4:int32 fzbj; 5:lfe fzbk; 6:int32 fzbl; 7:string fzbm; 8:int32 fzbn; 9:ktc fzbo	hbp::bnnh | hbp::bnmm | hba::bnhb | hba::cqv	hbp (toca a 6 mensajes): ParsedMapInfo | hba (toca a 3 mensajes, y a éste sólo de refilón, a 2 saltos): FlushCachedMessage		0	shape-known	C	Locate client feature and capture a journey.
Game	ktf	3ec6370775bcdfdb42582f72de4abb5bc29e793ef56036a8bcb07b2f53b57b51	1:string fzbs; 2:int32 fzbt; 3:repeated string fzbu				0	shape-known	C	Locate client feature and capture a journey.
Game	kth	92fa3055d9bea66936326598573e58987ed3b76e44e4fd48f94fc44767758445	1:string fzby; 2:ktf fzbz; 3:string fzca; 4:ktp fzcb; 5:int64 fzcc; 6:string fzcd; 7:string fzce	hbb::bnho | hbb::btl | hbb::jli | hbb::kid	hbr (toca a 10 mensajes): InfoMetadata		0	shape-known	C	Locate client feature and capture a journey.
Game	kti	6663a14f60f3ba74518d1d1ea23887aa672aa8942f57206ff328fbd7be58ac47	1:optional int32 fzci; 2:string fzck; 3:string fzcl; 4:string fzcm; 5:int64 fzcn; 6:int64 fzco; 7:string fzcp; 8:ktp fzcq; 9:ksz fzcr; 10:bool fzcs	hbb::bnhl | hbb::kyv | hbr::bnnl | hbr::bnnm	hbr (toca a 10 mensajes): InfoMetadata	S2C/push	2	shape-known	C	Verify the send against a client observation; no handler is inferred.
Game	ktl	5d87a6380941e007f94f21f34a414a955e41f6a2dd39848ac49807b21498d342	1:ktj fzcw; 2:ktj fzcx	hbb::bnhm | hbb::jka | hbr::bnnx	hbr (toca a 10 mensajes): InfoMetadata		0	shape-known	C	Locate client feature and capture a journey.
Game	ktm	31da27eeb9583e72ca335c5bbae3dae0a267138a5f80808bf17e806193747463	1:ktp fzdb; 2:string fzdc; 3:ksz fzdd	flc::bgfy | gie::bkii | hbp::bnmm | flc::bdt	flc (toca sólo a éste): DisplayFightPreview, ListenForFightPreviewComputations, OnEntityStatsUpdatedDelayed | hbp (toca a 6 mensajes): ParsedMapInfo	C2S/dispatch, C2S/read	2	mapped	C	Replay and verify validation, persistence and S2C ordering.
Game	ktn	5175e884d7079b72843f728cec591058ea12a67d25936ab50aca8d739151e537	1:repeated ksz fzdh; 2:repeated ksz fzdi; 3:repeated ksz fzdj	gie::bkii | hav::bngo | hav::dvt | hav::nya			0	shape-known	C	Locate client feature and capture a journey.
Game	kto	04fa3aeb95f383b09dc79fef8e2b4a0381e0a8e6706bec4324c875d5cd2ca604	1:repeated ksz fzdn; 2:repeated ksz fzdo	hav::bngq | hbb::bnhy			0	shape-known	C	Locate client feature and capture a journey.
Game	ktp	f0d50037f84b24a6cb8c27f18cde0be53ef8b55d3e1da48b4b27b660bf1f3e1b	1:repeated llk fzds; 2:repeated kte fzdt	hbp::bnmm | hba::bnhb | hba::cqv | hba::ldw	hbp (toca a 6 mensajes): ParsedMapInfo | hba (toca a 3 mensajes, y a éste sólo de refilón, a 1 salto): FlushCachedMessage		0	shape-known	C	Locate client feature and capture a journey.
Game	ktq	69bdb09034b50de538dd9eafde091e447f5bb6001fc6138fee2ae34ff5496296	1:optional int32 fzdx; 2:bool fzdz; 3:ksz fzea	hav::bngp | hbb::bnhx | hbb::dvt | hbb::fye			0	shape-known	C	Locate client feature and capture a journey.
Game	kts	486177eb44e6553dc6ebe4485b1193888007ec7d809342926ff3d277abd99e9e	1:int32 fzef	ees::dd | ees::iom | ees::kgm | ees::wty			0	shape-known	C	Locate client feature and capture a journey.
Game	ktu	ab10b321e067f20bbf8c25563889c7a0a485a721da09853c2b40e171c458bf85	1:repeated int32 fzej; 2:optional int32 fzek; 3:map<string, int32> fzem; 4:int32 fzen; 5:string fzeo; 6:int64 fzep; 7:repeated int64 fzeq; 8:optional int64 fzer; 9:int32 fzet				0	shape-known	C	Locate client feature and capture a journey.
Game	ktw	0d5ffa4407d1c018a319894ec4e8925ed01d7e6ad4e5912d1730e6e3f99c6492	1:ktu fzex; 2:ktt fzey; 3:int32 fzez	ees::bus | ees::hsi | ees::jx | ees::obz			0	shape-known	C	Locate client feature and capture a journey.
Game	ktx	c3356392f0d3357a462ce0edac15df5441107b9e5d64cc6992cf5916cafa5eb6	1:lcf fzfd; 2:int64 fzfe; 3:int32 fzff; 4:int32 fzfg	fft::behc | fft::bgr | fft::bjq | fhk::bfbn			0	shape-known	C	Locate client feature and capture a journey.
Game	kty	454ced9261f575460a0ea18bb623caf3aa93e575acdcb65ab44e0d6b8b3d9db2		fft::behd | fft::cwz | fft::klm | fhk::bfbo			0	shape-known	C	Locate client feature and capture a journey.
Game	ktz	133f8ccb531d77cecfb5b80e27572c991a21761f677e8f86f5e28e7ff9c1b945	1:int32 fzfn	ees::loc | ees::ocf | ees::wve			0	shape-known	C	Locate client feature and capture a journey.
Game	kua	6f37a99ec0b136ff5d040859d15b31817e9379de0ab47a7b8c222b84387304d5	1:int32 fzfr	ees::dye | ees::flm | ees::hou | ees::nep			0	shape-known	C	Locate client feature and capture a journey.
Game	kub	ef0fff9fbbfd0d8894b7b6ba8415e958a18018f83594c5bf4ee544bcc8ed201b	1:ldn fzfv; 2:ldn fzfw	ees::bdq | ees::hjg | ees::wuc | fjt::bfut		C2S/read, S2C/push	9	mapped	C	Replay and verify validation, persistence and S2C ordering.
Game	kuc	d09261aaf2146fd0cc26fd438d7e2bcc65c730f10f9aa56bcbb760fc7c06a841		ees::bg | ees::bss | ees::inq | ees::wuq			0	shape-known	C	Locate client feature and capture a journey.
Game	kuf	9cf8741b9487fe55045cf6424e77b3787b60fdc95359aa498c46acca501b1dd5	1:int64 fzgd; 2:kud fzge	ees::fyc | ees::wuo		S2C/push	1	shape-known	C	Verify the send against a client observation; no handler is inferred.
Game	kug	a926f311dcfdff24604515ddc325ab1c05fdd9ae731491a716fc8093df3d048d	1:repeated bool fzgi	dzi::gkw | dzi::kfu | dzi::uks | eoy::bani	eoy (toca a 12 mensajes): ClickOrientation		0	shape-known	C	Locate client feature and capture a journey.
Game	kuh	fb69197acf54fa9c4584576ebb475db7f823ee27349ce4dbe828691e504bcdcd		eeq::bxj | eeq::djq | eeq::ifq | eeq::wto		C2S/dispatch	2	mapped	C	Replay and verify validation, persistence and S2C ordering.
Game	kuj	9149ffc541899048a05cc6d473e98175bfdf685304259c17aeceee82dfd83a3a	1:bool fzgp				0	shape-known	C	Locate client feature and capture a journey.
Game	kul	71d660b1ebb4510347ec9d71bd634c5349dd1bab56cb98c25f8e85e7eae531d0	1:kui fzgt; 2:kuj fzgu				0	shape-known	C	Locate client feature and capture a journey.
Game	kum	d51b1b97628686200a99267cd4f10be49492d1d5aba30c7ee9efa5421112d9c4	1:int32 fzgy; 2:int32 fzgz; 3:int32 fzha; 4:int32 fzhb; 5:int32 fzhc; 6:int32 fzhd	eeq::fak | eeq::mqa | eeq::osp | eeq::wtp		C2S/dispatch, C2S/read	2	mapped	C	Replay and verify validation, persistence and S2C ordering.
Game	kup	705817ad81153a61662bd0da470905e36939bd2cba3e2ae89132bffe77e59b10	1:kun fzhh; 2:int64 fzhi	ees::wup			0	shape-known	C	Locate client feature and capture a journey.
Game	kuq	3eee09579e125995251ccefa05a9886aff68a40efe59d26d7d4f033ba576429d	1:int32 fzhm; 2:optional int32 fzhn; 3:int32 fzhp; 4:int32 fzhq	ees::cax | ees::fgd | ees::nbz | ees::wvf			0	shape-known	C	Locate client feature and capture a journey.
Game	kur	5ad8a63bee0acb8e85ea67f3643dac9b707080ea012937555177c5ace3d9bf3a	1:int64 fzhu; 2:repeated lbd fzhv	ees::cuy | ees::igr | ees::jue | ees::wtv			0	shape-known	C	Locate client feature and capture a journey.
Game	kus	77f1eb99adf7c559488d08a4e728134400bb2a3249602692b3b28ecf1be70787	1:lcf fzhz; 2:lcf fzia	eak::dvf | eak::fzr | eak::usl | eak::usm			0	shape-known	C	Locate client feature and capture a journey.
Game	kux	20d11e8a914fc2ebbba4fbf7763f246d158da30c69cc73e6127af986124d30fc		ecv::dtz | ecv::nqp | ecv::ocm | ecv::vsr	ecv (toca a 10 mensajes): StartGame		0	shape-known	C	Locate client feature and capture a journey.
Game	kuy	40d6548a0271a84840da36566d9fb28c544f69fa46742e59eba899060f18d78d	1:lpg fzii	ecv::bsc | ecv::cfi | ecv::ite | ecv::vsq	ecv (toca a 10 mensajes): StartGame		0	shape-known	C	Locate client feature and capture a journey.
Game	kva	8b3dbeff54c7097fccbb1f7a07bcd1429f3825249db0b6c00e23c91c40f454fc	1:kuy fzim; 2:kux fzin	eat::dus | eat::mbw | eat::omp | eat::oov	ecv (toca a 10 mensajes): StartGame	C2S/read	3	mapped	C	Replay and verify validation, persistence and S2C ordering.
Game	kvb	c24bb69e6c3587395909b99d7fa098e1b542250e7fcc2777163c2aca7574128a	1:kuu fzis; 2:kuv fzit; 3:kuv fziu	ecf::boo | ecf::ghe | ecf::guj | ecf::vow	fyw (toca sólo a éste): Toggle, m_canTakeFocus	S2C/push	2	shape-known	C	Verify the send against a client observation; no handler is inferred.
Game	kvc	0c414a1c3b580644cb68f33ccc01b91371a82595cee61b426c3b4915abe8d8ba	1:int32 fziy	eat::uun | ecw::vtg			0	shape-known	C	Locate client feature and capture a journey.
Game	kvd	d9ec6f4df593c7122a36618d87e24016e3692191791f4a4367b48e25699139db		eat::uum | ebc::uxf		S2C/push	1	shape-known	C	Verify the send against a client observation; no handler is inferred.
Game	kvg	d2eb0bc851a606b5a6cf734e8ef3ec96310eaa0e99d1c780de82dabacf36d855	1:kve fzjf	ecf::fmp | ecf::gkv | ecf::hwd | ecf::vou			0	shape-known	C	Locate client feature and capture a journey.
Game	kvh	4c2a441f52b255ce228d7ea5a75c72005b596f23e8ab9ee16f1ed14cb9e94b19		ecv::dwa | ecv::vsm | ecv::csk | ecv::jws	ecv (toca a 10 mensajes): StartGame		0	shape-known	C	Locate client feature and capture a journey.
Game	kvi	6e9306012c64a4fb3ca53a96bb8559e02bcc067c2cbf527b0057c6d62c15cd1c	1:repeated lpg fzjm	ecv::vsk | fpm::bhos	ecv (toca a 10 mensajes): StartGame | fpm (toca sólo a éste): DisplayCharacterCreation, EnableActionsMapsWhenReady, EnableCharacterSelectionWhenUnlocked, LoadServerSelectionWhenUnlocked, RemoveLoadingAfterLoading	C2S/read, S2C/push	4	mapped	C	Replay and verify validation, persistence and S2C ordering.
Game	kvj	f5d6a10b83d28a95f0ba58be9755d2dd7f2da0b30b696d33fdb804b3069f9cae	1:lpg fzjq; 2:int64 fzjr	ecu::vsi			0	shape-known	C	Locate client feature and capture a journey.
Game	kvk	7a9eaee984cd6e93fa07bdc1ffdfa41864f8aa6d03952e6c9c805fa5f3c1effd	1:string fzjv	ecf::cti | ecf::vov | fqb::bhqt		C2S/dispatch, S2C/push	2	mapped	C	Replay and verify validation, persistence and S2C ordering.
Game	kvl	5cf2c8c7ad46a78a8dcb04bd8dd5ee0bf2e0bff7adbb70fb643a0d74a3dffd8d	1:bool fzjz; 2:int64 fzka	ecw::vtl | ecu::mep | ecu::mna | ecu::oos	ecv (toca a 10 mensajes, y a éste sólo de refilón, a 2 saltos): StartGame	C2S/dispatch, C2S/read	2	mapped	C	Replay and verify validation, persistence and S2C ordering.
Game	kvm	85e9ac420ab8d470dedebba19e3b5d08be6b37421db316ed46b1a0383b2d7b7f	1:kuv fzke	ebc::fmc | ebc::fyn | ebc::mhu | ebc::uxg			0	shape-known	C	Locate client feature and capture a journey.
Game	kvn	4d75112dcbda902e0afbb520abc6582256e61a39a56ba5f325b442068eff0781	1:string fzki; 2:string fzkj; 3:bool fzkk	ecv::drx | ecv::nba | ecv::vsj	ecv (toca a 10 mensajes): StartGame		0	shape-known	C	Locate client feature and capture a journey.
Game	kvo	d0bcf04c12db49c366e91a7927de2dee57e4f8f1cf052ce85fb3f9e01b443d5f	1:int64 fzko; 2:lpg fzkp	ecu::vsi			0	shape-known	C	Locate client feature and capture a journey.
Game	kvq	483005cf987d735e64cee24da113edba1b294240bb4f51628e1c8ff79e613535	1:repeated lpg fzkt; 2:repeated lpg fzku; 3:optional int32 fzkv	ecv::csk | ecv::jws | ecv::krh | ecv::mju	ecv (toca a 10 mensajes): StartGame		0	shape-known	C	Locate client feature and capture a journey.
Game	kvt	853f42cbbe4b44ee4c5714b5b201c7db08cd9b0faeb7d08513c381e2b40b0e45	1:kvr fzla	ecv::cbg | ecv::jzp | ecv::lyw | ecv::md	ecv (toca a 10 mensajes): StartGame		0	shape-known	C	Locate client feature and capture a journey.
Game	kvu	4a50904c11ad00c6c37e56d618353cda770f0ecfe1cce6b8252d260ed6413505	1:int64 fzle; 2:string fzlf	ecw::vtn | ecu::bll | ecu::gxp | ecu::jvy			0	shape-known	C	Locate client feature and capture a journey.
Game	kvv	18e0b26e7d5b0298cbcc0aa0d2e5c281b3f0cca9f97a85415c9b89a25d1f1082	1:int32 fzlj	ees::jnu | ees::lb | ees::wuf			0	shape-known	C	Locate client feature and capture a journey.
Game	kvw	f6df9fb0dc03691773348a43aab6d9881ea890abf3337a65285a3e5a6502e5bd	1:int64 fzln	ecv::dwa | ecv::vsm | ecw::vtl | ecu::mep	ecv (toca a 10 mensajes): StartGame	C2S/dispatch, C2S/read	2	mapped	C	Replay and verify validation, persistence and S2C ordering.
Game	kvx	ee7141023958e725db1c221d129ad5562a1abbb7ec62bf9f18784d168befd8e1		eat::sm | eat::uuh			0	shape-known	C	Locate client feature and capture a journey.
Game	kvy	5e24943e8387eb3295bda606345c0f7ba7d9302653307337bb6a938b4ffe3448	1:int64 fzlu	ecw::vtl | ecu::mep | ecu::mna | ecu::oos	ecv (toca a 10 mensajes, y a éste sólo de refilón, a 2 saltos): StartGame		0	shape-known	C	Locate client feature and capture a journey.
Game	kvz	e7930b959d7dace65776df4e309f38140995bab9426f3f4ae200d7d0b09822fa	1:lpj fzly	ecf::fiy | ecf::hbj | ecf::lsw | ecf::nkd		C2S/dispatch, C2S/read	2	mapped	C	Replay and verify validation, persistence and S2C ordering.
Game	kwa	c5e27b038bc9bb6e7711c82f071a6033a163d7d84e7449c8f47aee5bafac775c	1:optional bool fzmc; 2:int64 fzme	Core.UILogic.Connection.CharacterSelection::OnDeleteCharacter | Core.UILogic.Connection.CharacterSelection+<>c__DisplayClass60_0::<BindItem>b__0	Core.UILogic.Connection.CharacterSelection (toca sólo a éste): m_canTakeFocus, m_appearEffects, Localize, UnbindItem, HighlightEdCharacter, OnCreateCharacterClicked, GetCharacterCount, CreateAddCharacterSlotPopup, OnDeleteCharacter, OpenValidDeleteCharacterPopup, OnPopupDelete, OnPressEnter | Core.UILogic.Connection.CharacterSelection+<>c__DisplayClass60_0 (toca a 0 mensajes, y a éste sólo de refilón, a 1 salto): BindItem		0	shape-known	B	Locate client feature and capture a journey.
Game	kwb	48c52575fc97151c3abaec342c004e8c5199fbd8e057b18986ec32fc43fabb9d		eat::uum | ebc::uxf | ebd::uxn			0	shape-known	C	Locate client feature and capture a journey.
Game	kwc	fc466e731b0f16be25cfaa14411483be162fc0a1cb85fb37db86ffef362ceaa0		ecv::eqe | ecv::vsn	ecv (toca a 10 mensajes): StartGame		0	shape-known	C	Locate client feature and capture a journey.
Game	kwd	22e144cc9e30535051d46ecfb0691fd616464d9af01468115d7498f29eec1a15	1:int64 fzmo	ecf::cld | ecf::coj | ecf::fji | ecf::mhe			0	shape-known	C	Locate client feature and capture a journey.
Game	kwh	3971c9e98340341fd463cf0762d84bae98e9b25faa9bfcdb364297bd04829e27	1:ldd fzmt; 2:kwf fzmu	flq::bgjg | flq::kid			0	shape-known	C	Locate client feature and capture a journey.
Game	kwi	b235ffc6af2ea4359a275d2abbb778ac59339817b02eabfbb9742a66bcf1a5f5	1:int32 fzmy	flr::bdqq			0	shape-known	C	Locate client feature and capture a journey.
Game	kwj	78adb65a92eb24e6f1fd958cebbecb9be620f70a292a23b83222e7ebec989eb4	1:int32 fznc	flr::bdqu			0	shape-known	C	Locate client feature and capture a journey.
Game	kwk	0371a218cb88211dda026efe6ac43f823925ba000cf29e2d18653eedef4494f6	1:law fzng	flq::bgje			0	shape-known	C	Locate client feature and capture a journey.
Game	kwl	0fcb78394e3086cc6d08de43a0d1702f92cb21e701e3992b68c8ef908ed06a36	1:int32 fznk; 2:bool fznl	flq::bgjb | flq::gkb | flq::ldq | flq::xh			0	shape-known	C	Locate client feature and capture a journey.
Game	kwm	8ac0c3bdc50904636a131d3fc42b8065ef85b41211b94d25146a7bcc7242d79e	1:int32 fznp; 2:ldd fznq	flq::bgjd | flq::mwk			0	shape-known	C	Locate client feature and capture a journey.
Game	kwn	a129ba9926897e6cf618f1858634e0c09c075137a856700dfa1f35b0e123da9b	1:lax fznu	flq::bgjf | flq::ooy			0	shape-known	C	Locate client feature and capture a journey.
Game	kwo	ca44450e2a2a5223fe18b2adeffacd64074f3135759457a39f7e2a388d4dcd20	1:lax fzny	flr::bdqs			0	shape-known	C	Locate client feature and capture a journey.
Game	kwr	b2c5b1fccc9b8c3eb5cb7d20521dd78b84dc99ac2df6dbe9ef7414a325ab760a	1:law fzoc; 2:kwp fzod	fju::bfvc | fju::ivi | fju::mtt			0	shape-known	C	Locate client feature and capture a journey.
Game	kwu	d6a3d021d4f8516565d4ece08adc4e1993ae320e39bbf6e012240460cb09ea91	1:kws fzoh; 2:repeated ldd fzoi	flq::bgja | flq::jik | flq::jze			0	shape-known	C	Locate client feature and capture a journey.
Game	kwv	2acbc596deba02340160244e2d68d8e0194724ad54ef89f09308788c4bf41a66	1:int32 fzom	flr::bdqt			0	shape-known	C	Locate client feature and capture a journey.
Game	kww	d493a03f75f64e8cf7b92b6e72770b5a5e70b7967edc7f8fe9dbacce48302815	1:ldd fzoq; 2:ldd fzor	flq::bcq | flq::bgjc | flq::dgw			0	shape-known	C	Locate client feature and capture a journey.
Game	kwx	124ca9f55ca8bda3e368bddac5893b71802d8f20950475d6bd6c4fdfa3069c87	1:int64 fzov; 2:repeated ldd fzow	flq::bgjh | flq::hb | flq::lvl			0	shape-known	C	Locate client feature and capture a journey.
Game	kxa	68840f937c0afa8913edcee09a399c25671222a3b15069c5080e359d66d0365b	1:int32 fzpa; 2:kwy fzpb	flq::bgiz			0	shape-known	C	Locate client feature and capture a journey.
Game	kxb	8054aa13ecc83ac5dbd1a6e51467295e3fbf28cd70d0344b08e6786f24f31505	1:int64 fzpf; 2:law fzpg	flr::bdqr			0	shape-known	C	Locate client feature and capture a journey.
Game	kxh	c9c8572e685a2cfe8e3fc9d3dd73b4158283cfecf9338504876319b1708c906a	1:kxf fzpl; 2:int64 fzpm; 3:int64 fzpn	fhf::beyx | fhf::jyq | fhf::lqn | fhf::osm			0	shape-known	C	Locate client feature and capture a journey.
Game	kxj	0079c7afd2f5e1059a16cdd6b9a9ca1a77a8e841c694ae883ec20cc7b18ed9e7	1:string fzpr; 2:repeated int32 fzps; 3:repeated int32 fzpt				0	shape-known	C	Locate client feature and capture a journey.
Game	kxk	eb49f3445343a74bcdaa06c3e41d689974c7b50a94846df9e22651b4877a7fe0	1:repeated kxd fzpx				0	shape-known	C	Locate client feature and capture a journey.
Game	kxm	79a935b3e839a16a053c94eef40561f46035493e4d773a10f36a6205778f6483	1:kxj fzqb; 2:kxk fzqc	fhk::bfai | fhk::dpc | fhk::gev | fhk::ghl			0	shape-known	C	Locate client feature and capture a journey.
Game	kxo	4441ffd5d427d0595cef906a8b247358e85410ecdafac1d91285c3f1890a2a77	1:int32 fzqh				0	shape-known	C	Locate client feature and capture a journey.
Game	kxp	5fc995870fe4a57e7de86d7564a47e5d75674fbefa922cc81ff9ecf3fc4e79e8	1:repeated kxd fzql				0	shape-known	C	Locate client feature and capture a journey.
Game	kxr	123958df509098b12f72dbe4c7c7cc4ed9c5edce2a3838409a9b88cb26af1511	1:kxp fzqp; 2:kxo fzqq	fhk::bfaf			0	shape-known	C	Locate client feature and capture a journey.
Game	kxs	e91cb3041f8957416700eee8f9bc084f112b2bf2880352bee514a78e0bb83961	1:repeated int32 fzqv	fhf::beyu			0	shape-known	C	Locate client feature and capture a journey.
Game	kxv	636f5a5eae5f57049bf399de9b5f39c621f555026e607483c64eaf42f2fac910	1:int64 fzqz				0	shape-known	C	Locate client feature and capture a journey.
Game	kxw	d42eb37e5124b2cb007f977697c26ccd19f5c3412ae4734c39064de2b6c6cec3	1:repeated kxe fzrd; 2:repeated kxe fzre				0	shape-known	C	Locate client feature and capture a journey.
Game	kxz	25922079e97d9c2cbb5151ced13a46588c430ba0968497677c6ffd197f57e86e	1:repeated kxd fzri; 2:kxx fzrj				0	shape-known	C	Locate client feature and capture a journey.
Game	kyb	f0ce8fa42aa22f63001787c56f1908d48ed086b126954cb4ddd638273c8f5f5d	1:kxv fzrn; 3:kxu fzro; 2:kxz fzrp; 4:kxw fzrq	fhk::bfah			0	shape-known	C	Locate client feature and capture a journey.
Game	kyc	482711a08ea70f94aa243df4e77b219337776839a06e96f3b7881cd63bcb5ff6	1:map<bool, int32> fzrv				0	shape-known	C	Locate client feature and capture a journey.
Game	kye	23ee0cbe64e9b6d174c318c5c62af59a3474dae672d7e8fbc059e9a80a9ae1ff	1:optional int64 fzrz; 2:int32 fzsb; 3:kyc fzsc; 4:int32 fzsd	fhf::beyt | fhf::lii | fhf::w | fhf::zq			0	shape-known	C	Locate client feature and capture a journey.
Game	kyf	ca6e9b184554b0c53a3987fa6bccd4b2a877788e5ac281fa2015ee4efaba5dd6	1:repeated kxe fzsh	fhf::beyv | fhf::guq			0	shape-known	C	Locate client feature and capture a journey.
Game	kyi	b3cac5130e451a76d374e9a17a112bf27f70d6cedfff961bea8114e8e89a53a1	1:kzi fzsl; 2:kyu fzsm; 3:kyr fzsn; 4:kzj fzso	fhk::bfaj | fhk::oax			0	shape-known	C	Locate client feature and capture a journey.
Game	kyl	9b1a8b0fc1c5d10ebd6605dce25f3e275fe6fd974642c2a5ad7049f9c9188b91	1:kyj fzst; 2:optional int64 fzsu				0	shape-known	C	Locate client feature and capture a journey.
Game	kym	3962cb333fcdb982cf57ba65b84992dab8a35f1f1af3913176900c85a3c9addb	1:int64 fzsz; 2:string fzta	Core.UILogic.PlayerInfoUi.SpouseBasicData::.ctor	Core.UILogic.PlayerInfoUi.SpouseBasicData (toca sólo a éste): protocolId		0	shape-known	B	Locate client feature and capture a journey.
Game	kyn	7e5b6dd250c5cfb1e002c55cb1a7a0c3b66d667cb99ed4dc220335c6e8a61771	1:int32 fzte; 2:lld fztf; 3:string fztg				0	shape-known	C	Locate client feature and capture a journey.
Game	kyo	50424e8ab31abf5d1c07a291af036d8eac8fbbd0294635ad0cb38c6bc39c327e	1:string fztk; 2:string fztl; 3:lld fztm	Core.UILogic.PlayerInfoUi.GeneralViewData::.ctor | ks::nux | ks::nwa | fhk::bfaj	Core.UILogic.PlayerInfoUi.GeneralViewData (toca a 1 mensaje, y a éste sólo de refilón, a 1 salto): highlightedJobs, sortedJobs, guildInfo, allianceInfo, alignmentLightInfo, houseInfo, achievementPoints, spouseInfo		0	shape-known	B	Locate client feature and capture a journey.
Game	kyp	f28f7c90806e9d451605d2d5871d8dad962537dfbebb6c194baac67ba7bdbf31	1:lgl fztq; 2:int32 fztr	Core.UILogic.PlayerInfoUi.HouseBasicData::.ctor	Core.UILogic.PlayerInfoUi.HouseBasicData (toca sólo a éste): subareaId, posX, posY, mapId		0	shape-known	B	Locate client feature and capture a journey.
Game	kyr	3d3e305c87fe6f2513b3f0a61190b0871707d9698796f1bc6279a8b62b420acf	1:lhp fztv; 2:map<int32, int32> fztw; 3:kyn fztx; 4:int32 fzty; 5:map<int32, int32> fztz; 6:kym fzua; 7:repeated int32 fzub; 8:kyp fzuc; 9:kyo fzud; 10:int32 fzue	Core.UILogic.PlayerInfoUi.GeneralViewData::.ctor | fhk::bfaj | fhk::oax	Core.UILogic.PlayerInfoUi.GeneralViewData (toca sólo a éste): highlightedJobs, sortedJobs, guildInfo, allianceInfo, alignmentLightInfo, houseInfo, achievementPoints, spouseInfo		0	shape-known	B	Locate client feature and capture a journey.
Game	kys	51f9a80e993248121e72456c2956b260ffffdd4ed840fb62ec9198c74ded5789	1:int32 fzui; 2:bool fzuj				0	shape-known	C	Locate client feature and capture a journey.
Game	kyu	dfc9dd496e85312c8d46acb0cca5a707ab45f60b5ad5bd3c09fd4b2d80fab44b	1:map<int32, llm> fzun; 2:map<int32, kys> fzuo; 3:lhk fzup; 4:lhk fzuq	Core.UILogic.PlayerInfoUi.EquipmentViewData::.ctor | fhk::bfaj | fhk::oax	Core.UILogic.PlayerInfoUi.EquipmentViewData (toca a 2 mensajes): UpdateCosmetic, UpdateEquipment, GetEffectInstanceList, cosmeticVisibility		0	shape-known	B	Locate client feature and capture a journey.
Game	kyw	9749b7eee430f2f39384b4b3ca329cd86b28317ff78e390de426ae895d7df38e	1:int64 fzuu; 2:int64 fzuv				0	shape-known	C	Locate client feature and capture a journey.
Game	kyx	24b83ce361b7d9e72e370f4abd44bbfad176f105e3afba1f6fb8123b8a77b2a4	1:int64 fzuz; 2:int64 fzva				0	shape-known	C	Locate client feature and capture a journey.
Game	kyy	368c1e1dec5f8cbe2b557896a5e3e7d4dc52f065611f5679dc1bfd0b5ab2ce74	1:int32 fzve; 2:int32 fzvf; 3:int64 fzvg; 4:int32 fzvh				0	shape-known	C	Locate client feature and capture a journey.
Game	kyz	87a3edab29883db3b142e8a8b9553f85c84a14d5f8b3e5520686f7a077320759	1:optional int64 fzvl; 2:string fzvn; 3:string fzvo; 4:repeated string fzvp; 5:string fzvq; 6:int64 fzvr; 7:int64 fzvs; 8:repeated int32 fzvt; 9:int64 fzvu				0	shape-known	C	Locate client feature and capture a journey.
Game	kza	f78ff39a57113ca33d7f833c126ad9862af50299ca5ebf459ff294743fcbb705	1:string fzvy; 2:repeated bool fzvz; 3:repeated int32 fzwa; 4:string fzwb				0	shape-known	C	Locate client feature and capture a journey.
Game	kzc	ae050e665b6650d8dcb1eab1e130db76221f155d53c5d2857ea1d37e516d7aa6	1:lsg fzwf; 2:int32 fzwg; 3:int64 fzwh; 4:int32 fzwi; 5:kza fzwj; 6:int32 fzwk; 7:int32 fzwl				0	shape-known	C	Locate client feature and capture a journey.
Game	kze	dc5c7878e030b57e095f12ffdafa063e3c4b90f1ad132d52ad4c314977fa3282	1:kyz fzwp; 2:repeated kzc fzwq				0	shape-known	C	Locate client feature and capture a journey.
Game	kzg	b753474db6e0c2b25c6d9b111abce20cb97c5fada67665a0014eede1573d304d	1:kyy fzwu; 2:kyw fzwv; 3:kze fzww; 4:kyx fzwx	Core.UILogic.PlayerInfoUi.LadderViewData::.ctor | fhk::bfaj | fhk::oax	Core.UILogic.PlayerInfoUi.LadderViewData (toca a 2 mensajes): rankingKoli		0	shape-known	B	Locate client feature and capture a journey.
Game	kzi	00dbf40a8b8d8e777379de901ee80c1e4837730eaed783e502e647e8e85ef8fb	1:repeated kzg fzxc; 2:repeated kzg fzxd	Core.UILogic.PlayerInfoUi.LadderViewData::.ctor | fhk::bfaj | fhk::oax	Core.UILogic.PlayerInfoUi.LadderViewData (toca a 2 mensajes): rankingKoli		0	shape-known	B	Locate client feature and capture a journey.
Game	kzj	4af6f1292b3f95de132d737193d1b8fcf5f6965bba778a9b75e0028cee5764ec	1:repeated string fzxh				0	shape-known	C	Locate client feature and capture a journey.
Game	kzl	400e2eebf9853d94541d4f755828c3a225c422efcbb83ea90f8cd1d2bd64ad47	1:kyi fzxl; 2:kyl fzxm	fhk::bfaj | fhk::oax			0	shape-known	C	Locate client feature and capture a journey.
Game	kzn	6bbc52bd11bdf27851225a36e47839292b92f5879afe2c2ffdacfeb409641d1a	1:int64 fzxr; 2:lzc fzxs				0	shape-known	C	Locate client feature and capture a journey.
Game	kzq	e628cff7821aff3060e74b60a7055099057bcf7cbfd9a053d9ecb827f9325d29	1:kzo fzxw				0	shape-known	C	Locate client feature and capture a journey.
Game	kzs	3adf817c989ee5608088ea8e3aae5d5755da008d979462c876bfe55469c2bc92	2:repeated int32 fzya; 4:kzn fzyb; 1:kzn fzyc; 3:kzq fzyd	fhk::bfae | fhk::bo			0	shape-known	C	Locate client feature and capture a journey.
Game	kzt	46ac442551ec1e2c9c360e2bc585fdbb2faa3327adfa207544c27d2389d34da5	1:int64 fzyi	fhf::beyq | fhf::bqp | fhf::evg | fhf::imv			0	shape-known	C	Locate client feature and capture a journey.
Game	kzu	5e6ee01b2437565f6b2d5931256c5519d287c295c63f94344810516e1f1b1c23	1:optional int32 fzym; 2:int64 fzyo; 3:int32 fzyp; 4:int64 fzyq; 5:optional int32 fzyr; 6:bool fzyt; 7:int32 fzyu; 8:lhg fzyv; 9:int32 fzyw; 10:lba fzyx; 11:string fzyy; 12:optional int32 fzyz; 13:lhg fzzb; 14:lhg fzzc	Core.UILogic.PlayerInfoUi.PlayerInfoBase::.ctor | fhk::bfag | fhk::epj	Core.UILogic.PlayerInfoUi.PlayerInfoBase (toca sólo a éste): protocolId, playerName, lookWithOutfit, isMale, isOnline, lastUpdated, canEditCard, backgroundId, titleId, ornamentId, auraId, allianceWrapper		0	shape-known	B	Locate client feature and capture a journey.
Game	kzy	05673f6308ba2991fb5fd30df0131fa1d8cd09b4456a8c91cb6f1b6b4c0f3655	1:repeated kxe fzzg; 2:optional int64 fzzh; 3:string fzzj; 4:kzu fzzk; 5:kzw fzzl				0	shape-known	C	Locate client feature and capture a journey.
Game	lab	08935f31547bc9e948746931e6e1ef71b454715de67d46c100d50b8f1a1fec5c	1:kzz fzzp; 2:kzz fzzq				0	shape-known	C	Locate client feature and capture a journey.
Game	lad	72aa720f05bb330cd953a7bb2ef20bc1e3a63ffdaaa997ba55737646321f1ee4	1:lab fzzu; 2:kzy fzzv	fhk::bfag | fhk::epj			0	shape-known	C	Locate client feature and capture a journey.
Game	lag	0e5b9719d5920244ef4b0b616837528a6bdb0cb95c8a0aeca05c6915060214fc	1:lae gaaa; 2:kxe gaab; 3:int64 gaac	fhf::beyw | fhf::eoe | fhf::epd | fhf::th			0	shape-known	C	Locate client feature and capture a journey.
Game	lak	1d57f3c8ae9a1f54ff0de1e33de381a3d5052d23800b391fcc5cf8d2b1bac6bb	1:int32 gaah; 2:int32 gaai; 3:lai gaaj				0	shape-known	C	Locate client feature and capture a journey.
Game	lal	db13da3a57d5de95530fe9a7d4fcdca99b18c495ed82d92abcd64f7dfd13c861	1:repeated lak gaan	enh::eqp | enh::fqt | enh::zyn			0	shape-known	C	Locate client feature and capture a journey.
Game	lao	8e6e22c0ad9f651d5752e4b89a92aac533332d2ab116971b01635ad4dbebf052	1:int64 gaas; 2:repeated bool gaat				0	shape-known	C	Locate client feature and capture a journey.
Game	laq	3c3c0e3226bc73e210f919ef2c051d9368a9bb4870928df4eaf22abd5d3cdfe0	1:int64 gaax; 2:int32 gaay; 3:string gaaz; 4:lan gaba; 5:ldm gabb; 6:int32 gabc; 7:lao gabd				0	shape-known	C	Locate client feature and capture a journey.
Game	lar	62386a5252c4764375fa552ba3ea7c91c4e34c6a5f829c95864b6e9fe1e5e8e9		emw::ckt | emw::fro | emw::htb | emw::kfr			0	shape-known	C	Locate client feature and capture a journey.
Game	las	0dbf0c7ababc1ea30a2039f4d19f52da2888a9e97c1269a76199eb69e0226be1	1:repeated laq gabk; 2:repeated int32 gabl; 3:repeated laq gabm	emz::nec | emz::zww			0	shape-known	C	Locate client feature and capture a journey.
Game	lcf	6f356ef251558045111ebb8cc3d248572760c02fa3e545f093806f1ed72f336d	1:lcd gabr; 2:optional string gabs	cf::mps | cf::ooa | eak::usm | fft::behc	fgv (toca a 65 mensajes, y a éste sólo de refilón, a 2 saltos): PrismAddOrUpdateStacked		0	shape-known	C	Locate client feature and capture a journey.
Game	lci	98a12717f4365684c5fe366bc96eeb5f1b0e661e5cc15801ce586aa84e7d537d	1:lcg gabx; 2:int64 gaby; 3:int32 gabz; 4:int32 gaca	bh::dzc | bh::hdh | bh::mof | fgu::betz			0	shape-known	C	Locate client feature and capture a journey.
Game	lcj	2b4a1a427884ffd057dc9a9d35472b1ca3f231e55321e4ad048503bc266022a3	1:int32 gace; 2:int32 gacf				0	shape-known	C	Locate client feature and capture a journey.
Game	lcm	9cf491463717e7e6dc0e4879da9901cadd510383fa814a60d2e90f55dbf74946	1:lhg gacj; 2:string gack; 3:int32 gacl; 4:lck gacm	vd::qsf | gif::bkiy | git::bkiy | giu::bkiy			0	shape-known	C	Locate client feature and capture a journey.
Game	lcn	7ca99733bae4567feb8f47adf2b938874cb9004a579e257ab3f1ee80040f819d	1:int32 gacq; 2:int32 gacr; 3:int32 gacs; 4:int32 gact				0	shape-known	C	Locate client feature and capture a journey.
Game	lco	43ee6823184f28adf37d32f9f4f82bcd31959d53e0be4fd34791e6108722c9f9	1:int32 gacx; 2:repeated lgt gacy; 3:int32 gacz				0	shape-known	C	Locate client feature and capture a journey.
Game	lcp	70d53f808c1ff984c27db945116a01a09bc159d14fa6ac497149d9614250ba9a	1:int32 gadd; 2:repeated int64 gade; 3:string gadf				0	shape-known	C	Locate client feature and capture a journey.
Game	lcr	a19465d35b4cd38edcc1f580f2019731b1f125172d5b8b05e04da4f0c7b271ea	1:lcp gadj; 2:int64 gadk				0	shape-known	C	Locate client feature and capture a journey.
Game	lcs	ed2087ce832d4b98d9c27cb2c52c47490ede3101a91f8c7acfa58829eb9f9e13	1:int64 gado; 2:int32 gadp; 3:string gadq				0	shape-known	C	Locate client feature and capture a journey.
Game	lcu	1af5e589ce2a80e7f16ba41f4ead5c9c13d7102ac15c616d0d61ed0a7ee0d41e	1:bool gadu; 2:bool gadv; 3:int32 gadw; 4:lcs gadx; 5:bool gady; 6:bool gadz; 7:bool gaea; 8:int32 gaeb				0	shape-known	C	Locate client feature and capture a journey.
Game	lcx	1b0d0afd6bdccf7d496ac074f489c43827d1c8e3e4c20fa7204c7cad2c1202ff	1:int32 gaef; 2:int32 gaeg; 3:lcv gaeh				0	shape-known	C	Locate client feature and capture a journey.
Game	lcy	2b30664325125997360aac847c4455a9f1de1a2522f9dc06d215cf26b0405f5c	1:string gael; 2:int64 gaem; 3:repeated string gaen; 4:optional int32 gaeo				0	shape-known	C	Locate client feature and capture a journey.
Game	lda	5559c28c55c680e4d2e9c2a39ba2d7f6ca789a9ac13ae03b115596ca1a746822	1:repeated int64 gaet; 2:int32 gaeu; 3:int64 gaev; 4:lcy gaew	fln::bgiu			0	shape-known	C	Locate client feature and capture a journey.
Game	ldd	b5a1da6ed4bfe20f740ba827b6be4a9fed21e804fe5bf5e7e0377c31e82acdf9	1:int32 gafa; 2:int32 gafb; 3:repeated lda gafc; 4:int32 gafd; 5:ldb gafe	fdy::bdqi | fdy::bdqk | fln::bgiw | fln::bgix			0	shape-known	C	Locate client feature and capture a journey.
Game	lde	4370ba7e1d22ce97212497a9d7eb78c783060e575c29c3e3988d6318f35496bf	1:int32 gafi; 2:lbz gafj; 3:int32 gafk; 4:lca gafl; 5:int32 gafm	gsf::blir | gsn::blir | gsn::bllj | gsn::nxs			0	shape-known	C	Locate client feature and capture a journey.
Game	ldf	43053a8cd53fce9e886d860a4491d8cdb7f9ab8d281db414297acc09cbe69348	1:bool gafq; 2:int32 gafr; 3:int32 gafs; 4:int32 gaft	du::ft | du::gum | du::msk			0	shape-known	C	Locate client feature and capture a journey.
Game	ldk	e8d0bf496363969faf5d725f75adb4d93ef4bb046aaff2d3917f50257e2b0572	1:int32 gafx; 2:int64 gafy; 3:int32 gafz; 4:string gaga; 5:ldi gagb				0	shape-known	C	Locate client feature and capture a journey.
Game	ldm	49ad9bdd5d9985ca5830e193a6ca18717a78d244169659fc023aab575d56ca95	1:int32 gagf; 4:repeated lng gagg; 5:ldh gagh; 2:optional int32 gagi; 3:ldk gagk	emz::nec | emz::zww | ft::cul | ft::kij			0	shape-known	C	Locate client feature and capture a journey.
Game	ldn	a887c6968af870884d836b5cca430e9ebc7ed807afd00d7c6ae6af8110f86a42	1:int64 gagp; 2:repeated lhq gagq; 3:int64 gagr; 4:int32 gags; 5:int64 gagt; 6:repeated lde gagu; 7:int64 gagv; 8:int64 gagw; 9:llp gagx; 10:int64 gagy; 11:repeated lns gagz	eet::xaz | ezw::xaz | fdx::bdpf | fdx::bdpg	eet (toca sólo a éste): Name		0	shape-known	C	Locate client feature and capture a journey.
Game	ldo	5158b1510cd4a2f0198b0be450d8023ed8221e1559456fe4eb1afedd743e0255	1:string gahd; 2:int32 gahe; 3:optional int64 gahf; 4:repeated int64 gahh; 5:optional string gahi				0	shape-known	C	Locate client feature and capture a journey.
Game	ldq	e13cbf125d605aad29409313dc82fb756d16a954aeb98a173e454926cc7c139d	1:ldo gahn; 2:int32 gaho; 3:int32 gahp	ch::mpy | ch::oiv | ffr+<>c::bedx | ffr::beea	ffr (toca a 54 mensajes, y a éste sólo de refilón, a 1 salto): DisposePendingClaimBoostRequests		0	shape-known	C	Locate client feature and capture a journey.
Game	ldr	b2cf58a04269e20b04ef343d2a742c06c4913d3fafa6e848f6c55f5cf3c686ee	1:bool gaht; 2:repeated int32 gahu; 3:repeated int32 gahv	ch::mpy | ch::oiv | ffr+<>c::bedx | ffr::beea	ffr (toca a 54 mensajes, y a éste sólo de refilón, a 1 salto): DisposePendingClaimBoostRequests		0	shape-known	C	Locate client feature and capture a journey.
Game	ldt	aaae5d9da5ca8c0ba79c687e3546534c5589e31533fe0c46ff0c72726c5b3b10	1:int32 gahz; 2:string gaia; 3:ldr gaib; 4:ldq gaic; 5:int32 gaid	ch::ijv | ch::mpw | ch::mpy | ch::oiv	fgv (toca a 65 mensajes): PrismAddOrUpdateStacked | ffr (toca a 54 mensajes, y a éste sólo de refilón, a 1 salto): DisposePendingClaimBoostRequests	S2C/push	1	shape-known	C	Verify the send against a client observation; no handler is inferred.
Game	ldx	c0bad1ab95976c1829a2a65b43c6e837b16c18c3f46b7937522908d27e001f5b	1:int32 gaih; 2:int32 gaii; 3:int32 gaij; 4:ldv gaik				0	shape-known	C	Locate client feature and capture a journey.
Game	ldz	6ff16a9b14ca815ce2f2024fd394aef1291af17a22467543299b20b0ce928584	1:repeated ldx gaio; 2:int32 gaip; 3:int32 gaiq; 4:int32 gair; 5:ldu gais; 6:int32 gait; 7:int32 gaiu; 8:lbl gaiv; 9:int32 gaiw; 10:int32 gaix; 11:bool gaiy; 12:int64 gaiz	Core.Services.Fight.MarkedCellsService.MarkedCellsService::bfia | fia::bfia	Core.Services.Fight.MarkedCellsService.MarkedCellsService (toca sólo a éste): GenerateMarkEntity, RefreshPortalNumbers		0	shape-known	C	Locate client feature and capture a journey.
Game	lea	cc3328d67edf77052717d5b1836e1ada38678da478ad4521dbad19119be957a3	1:int64 gajd; 2:repeated lfc gaje; 3:lfe gajf; 4:int32 gajg; 5:repeated lec gajh; 6:string gaji; 7:repeated lli gajj; 8:int64 gajk; 9:lby gajl; 10:int32 gajm; 11:int32 gajn; 12:string gajo; 13:lhg gajp; 14:len gajq; 15:int64 gajr; 16:repeated lns gajs	faz::bdje | ffc::bdje | kx::.ctor | kx::hmo	fgv (toca a 65 mensajes, y a éste sólo de refilón, a 1 salto): PrismAddOrUpdateStacked		0	shape-known	C	Locate client feature and capture a journey.
Game	leb	3a00358e6a20428ad91610bf53a4800d41feaa9e9ebe24d12a68aa4d0499f236	1:int32 gajw; 2:int64 gajx; 3:int64 gajy; 4:int32 gajz				0	shape-known	C	Locate client feature and capture a journey.
Game	lec	ebc0375a43c1a547d5e7c54c3b0e480c66e13762bde3cb422ad463acb570b39a	1:int32 gakd; 2:bool gake; 3:llk gakf; 4:repeated string gakg; 5:llk gakh	Core.UILogic.Inventory.Inventory::AddObjectItem | Core.UILogic.Inventory.Inventory::ModifyObjectItem | Core.UILogic.Inventory.Inventory::InitializeFromObjectItems | Core.UILogic.Inventory.Uis.WatchEquipmentUI::UpdateDisplay	me (toca a 2 mensajes): dragOwner | Core.UILogic.Inventory.Inventory (toca a 2 mensajes): objectNumber, hookLock, SetKamas, ResetItems, RegisterUidIntoGid, InitializeFromObjectItems, InitializeFromCosmeticItems, AddObjectItem, AddItemWrapperWithGid, AddStorableItem, AddItem, AddItemWithGid		0	shape-known	B	Locate client feature and capture a journey.
Game	led	708dea67f4de9fccec0a4703652b4aa0ecea1c7f3cff53522b3426e60dabec19	1:int32 gakl; 2:int32 gakm; 3:lhg gakn; 4:int32 gako	fl::djo | fl::idb | fl::lbq | fl::muy			0	shape-known	C	Locate client feature and capture a journey.
Game	lee	e42ffbfd8df312f359701016cde066032ac4ba6c6c82a9b8ee7475497b5ea3b7	1:int32 gaks; 2:int64 gakt				0	shape-known	C	Locate client feature and capture a journey.
Game	lef	e448a4f47de101a08a203581af4d1ddb8942a6cc5b9db4c13aa9a00b45ac515d	1:int32 gakx; 2:int32 gaky; 3:optional int64 gakz; 4:int32 galb; 5:int32 galc; 6:int32 gald; 7:int32 gale; 8:int32 galf; 9:int32 galg				0	shape-known	C	Locate client feature and capture a journey.
Game	leg	cece8ae46eee8e67dac4b2c7261d827f26b4df1a38565c9d7d9986176734feb6	1:string galk; 2:int64 gall; 3:string galm; 4:int64 galn				0	shape-known	C	Locate client feature and capture a journey.
Game	lej	a1c4a402e8a8e5328c2862f7b6b595fb928926223deda91a4d06291f7ba01203	1:leh galr; 2:int32 gals; 3:int32 galt; 4:int64 galu				0	shape-known	C	Locate client feature and capture a journey.
Game	lek	1204c01458d18128e46785c79cde803d2ee923d3fac245e7fd33e30b139fc8ba	1:repeated string galy; 2:map<string, int64> galz				0	shape-known	C	Locate client feature and capture a journey.
Game	lel	932ca61fd6fbe70435d52ca3006028bec87b07e8c25611ab09718e9d2a379269	1:lmn gamd; 2:int64 gamf; 3:int32 gamg; 4:int32 gamh; 5:int32 gami				0	shape-known	C	Locate client feature and capture a journey.
Game	len	093e1686f674fe8c61ab569adcfdca99704780f2fd0c2208da79658125ab2e48	1:lek gamm; 2:lld gamn; 3:optional string gamo; 4:string gamq; 5:string gamr; 6:lel gams	fgv::bevm | fgv::bexk | fgv::dcc | fgv::ece	fgv (toca a 65 mensajes): PrismAddOrUpdateStacked | hbr (toca a 10 mensajes): InfoMetadata		0	shape-known	C	Locate client feature and capture a journey.
Game	leo	bdf6432949b82d471b7e9e6e261fd79d86cb93d8903fb84a463a36a38a7406c2	1:int64 gamw; 2:int32 gamx; 3:optional string gamy; 4:int32 gana; 5:optional string ganb; 6:lfy gand; 7:int32 gane				0	shape-known	C	Locate client feature and capture a journey.
Game	leq	7bcbf2e1dcba4ceb2401b596725077da36d2da6487a72c532919acd9d039a237	1:leo gani; 2:string ganj; 3:lld gank	giv::bkiy | gis::bkiy | giw::bkiy			0	shape-known	C	Locate client feature and capture a journey.
Game	les	b5a6a4171bcc9dde310a49d23951dd38f0bceba45f7c09f60ebb197ffe466145	1:leq gano; 2:int32 ganp; 3:string ganq; 4:int32 ganr	jo::Update | eqx::bbod | eqx::gad | eqx::hsi	ehl (toca a 25 mensajes, y a éste sólo de refilón, a 2 saltos): WaitForAddingObject, WaitForDroppingObjects, WaitProcessMapComplementaryInfo		0	shape-known	C	Locate client feature and capture a journey.
Game	let	f07c1b05ea1dde9f93c4d51ba06550c0e1840866de6a44816cad15d23f0d5766	1:int32 ganv; 2:int32 ganw; 3:optional int32 ganx	dt+ds::cjb | dt+ds::mcj | dt+ds::msf | dt+ds::nax	ehl (toca a 25 mensajes, y a éste sólo de refilón, a 2 saltos): WaitForAddingObject, WaitForDroppingObjects, WaitProcessMapComplementaryInfo		0	shape-known	C	Locate client feature and capture a journey.
Game	lev	cd3bbc7f21876731e7747cc36dace8c8482add4255a2b02cdace29d31e9927a2	1:bool gaoc; 2:optional int32 gaod; 3:repeated let gaof; 4:repeated let gaog; 5:int32 gaoh; 6:int32 gaoi	ehl+<WaitProcessMapComplementaryInfo>d__31::MoveNext | dt::bvr | dt::kww | dt::msh	ehl (toca a 25 mensajes, y a éste sólo de refilón, a 1 salto): WaitForAddingObject, WaitForDroppingObjects, WaitProcessMapComplementaryInfo		0	shape-known	C	Locate client feature and capture a journey.
Game	ley	e4e565a6b8d21d5f7417ca547fbdc5363beed15c6c08fe499b7b8ffb1f49477e	1:optional int32 gaom; 2:int64 gaoo; 3:lew gaop; 4:int64 gaoq; 5:len gaor; 6:lno gaos	gjb::bkix | gjb::bkiy | ku::fhn | ku::ibu			0	shape-known	C	Locate client feature and capture a journey.
Game	lfa	5c93f0746ea6aa363879293990e457f0952bd88f3e279cae5ec353dd9f4a1823	1:map<string, int32> gaow; 2:int64 gaox; 3:int64 gaoy; 4:int64 gaoz; 5:repeated int32 gapa; 6:map<string, int64> gapb; 7:optional string gapc				0	shape-known	C	Locate client feature and capture a journey.
Game	lfc	ea510c298de6487fcc95b325acf2d418b125137ea2f816e915ea3b96fb12d74d	1:lfa gaph; 3:optional int32 gapi; 2:leb gapk; 4:lee gapl	kx::hmo | kx::nxi | ffc::bdje | kx::.ctor	fgv (toca a 65 mensajes, y a éste sólo de refilón, a 2 saltos): PrismAddOrUpdateStacked		0	shape-known	C	Locate client feature and capture a journey.
Game	lfd	66e6630615742edee984040dfbfcb063cae81a464c3e2055829e244a5ce2a8d0	1:repeated lns gapq; 2:repeated lli gapr; 3:string gaps				0	shape-known	C	Locate client feature and capture a journey.
Game	lfe	17f8e2979502d2e6c57e79cace778202108268c84ad953ff86969af4f810b081	1:int32 gapw; 2:int32 gapx	hbp::bnnh | hbp::bnmm | hba::bnhb | hba::cqv	hbp (toca a 6 mensajes): ParsedMapInfo | hba (toca a 3 mensajes, y a éste sólo de refilón, a 2 saltos): FlushCachedMessage		0	shape-known	C	Locate client feature and capture a journey.
Game	lff	3a03403abd399115f5d646fbba86b8fb02ed4a0d99a58303f0c2e75fc9541337	1:lhd gaqb; 2:int64 gaqc; 3:int32 gaqd	guf::Update | guf::big | guf::bltn | guf::don			0	shape-known	C	Locate client feature and capture a journey.
Game	lfg	a18fe49b5c47a134af2433e92ae957fe326896e9f813efe7dc493ad1613bf0d3	1:repeated int32 gaqh; 2:repeated int32 gaqi	eoi::bahj | eoi::bahi | eoi::brg | eoi::fpo	eoi (toca a 5 mensajes): DelayUntilLoaded, PrepareAndDispatchFightMapData		0	shape-known	C	Locate client feature and capture a journey.
Game	lfh	39f24839c15af2532e682ed74ee663c45c8c55de403628f749c1e087b4c36667	1:int32 gaqm	eql::baze | eql::fqa			0	shape-known	C	Locate client feature and capture a journey.
Game	lfi	d3cb5a1ebde9bde0b3e3eb7aa162f6f834019141bc5561b42bbd2c2c5c504930	1:string gaqq; 2:string gaqr				0	shape-known	C	Locate client feature and capture a journey.
Game	lfj	06edf3d1f0b75ebf6b3a05cd91c346317cbc65381d39244c5748ed8e3d86ab26	1:string gaqv; 2:bool gaqw	eql::baze | eql::fqa			0	shape-known	C	Locate client feature and capture a journey.
Game	lfk	15b4b6e423fa85db64314963578b7c15390228b5d4a3511512a9f2aa39b679e7					0	shape-known	C	Locate client feature and capture a journey.
Game	lfm	d424b18c8968ed7bb8dd1f848b36dffbd7017d2eae9063888a78258a81f09193	1:int64 gard; 2:lfk gare; 3:int64 garf; 4:repeated lng garg				0	shape-known	C	Locate client feature and capture a journey.
Game	lfo	0cc6ed15d05c6e28ba7aac343a550edf522883a8b9f58a5d2154e97965a6afad	1:int32 gark; 2:int32 garl; 3:lfm garm	eaa::uoz	eaa (toca a 8 mensajes): AuctionHouse, AuctionHouseTab, GrimoireTab, EncyclopediaTab, EstateAgencyTab		0	shape-known	C	Locate client feature and capture a journey.
Game	lfq	b4727ff8066e6875b9d5a98a1fd481af4088bd26c895b586b60ac84ddf8d2b3a	1:repeated int64 garq; 2:lhg garr; 3:optional lbo gars				0	shape-known	C	Locate client feature and capture a journey.
Game	lfr	f0e8fe4e25a03c23b59a23535f18181d72d96cc842d39a6045d4ae4f97f125c6	1:repeated string garx; 2:int32 gary; 3:int32 garz; 4:int32 gasa				0	shape-known	C	Locate client feature and capture a journey.
Game	lft	91cc3aca52f1f37252a2a3ef8c1ae0de32bbcbad52c4f5d532eae913881d8549	1:int32 gase; 4:int32 gasf; 2:lfq gasg; 3:lfr gash				0	shape-known	C	Locate client feature and capture a journey.
Game	lfu	3357bba682ea8754fb4caeb131a7bc57c6ac248ead71d1e093895425dd6145ff	1:optional bool gasm; 2:bool gaso; 3:int64 gasp; 4:repeated bool gasq; 5:int32 gasr; 6:int64 gass				0	shape-known	C	Locate client feature and capture a journey.
Game	lfv	c27445ff306c9a4b1d6d2cd53aa3dc018a1fc05104e6042e4b0fca159f80cf96	1:int32 gasw; 2:int32 gasx; 3:lnk gasy				0	shape-known	C	Locate client feature and capture a journey.
Game	lfx	83c1bcdfa93488d58d91955a5aab32c499b72122e908f5bc48e89201f43b0223	1:int32 gatc; 2:lfv gatd; 3:lhg gate; 4:lfu gatf; 5:int32 gatg	lh::.ctor | lh::bez | lh::nzh | ffl::beci			0	shape-known	C	Locate client feature and capture a journey.
Game	lfy	c7784b203f068ebb59adb64450ade68f05f44730eb2a2752c524fc5c0b12f127	1:int64 gatk; 2:string gatl; 3:int32 gatm; 4:repeated int32 gatn; 5:lbs gato; 6:repeated int32 gatp; 7:bool gatq; 8:string gatr; 9:int32 gats; 10:int32 gatt; 11:bool gatu; 12:bool gatv; 13:string gatw; 14:bool gatx	jm::hsa | jm::jaq | jm::npn | jm::npo	ffr (toca a 54 mensajes, y a éste sólo de refilón, a 1 salto): DisposePendingClaimBoostRequests		0	shape-known	C	Locate client feature and capture a journey.
Game	lfz	3a5243121a027dd75bf48afe21b7713f3fb1eddfe09a873a8330eedb073f40fe	1:int32 gaub; 2:int32 gauc; 3:int32 gaud				0	shape-known	C	Locate client feature and capture a journey.
Game	lgc	b04071578c67b91d7162ea5a760ea8da37df0cf6ecd2e1dddb8fb23c14549a3f	1:string gauh	eaj::AddFriend | ffd::bdxx | ffd::dld | ffd::mra	hba (toca a 3 mensajes): FlushCachedMessage | eaa (toca a 8 mensajes, y a éste sólo de refilón, a 1 salto): AuctionHouse, AuctionHouseTab, GrimoireTab, EncyclopediaTab, EstateAgencyTab		0	shape-known	C	Locate client feature and capture a journey.
Game	lgd	a118967263ccb6866967eb0532892ebead82150262e5f416b641e80bc14973c0	1:string gaul; 2:int32 gaum; 3:string gaun	eaj::AddFriend | gji::bklc | eaa::upb | eag::cpn	eaa (toca a 8 mensajes, y a éste sólo de refilón, a 1 salto): AuctionHouse, AuctionHouseTab, GrimoireTab, EncyclopediaTab, EstateAgencyTab | eaj (toca a 2 mensajes, y a éste sólo de refilón, a 1 salto): Invite, AddFriend		0	shape-known	C	Locate client feature and capture a journey.
Game	lgf	7227c56cd230c73466af3154a0fbca7679bd2891d5b24749ed6bbe127301ffda	1:lgb gaur; 2:lgd gaus; 3:lgd gaut; 4:lgc gauu	eaj::AddFriend | ffd::bdxx | ffd::dld | ffd::mra	hba (toca a 3 mensajes): FlushCachedMessage | eaa (toca a 8 mensajes, y a éste sólo de refilón, a 1 salto): AuctionHouse, AuctionHouseTab, GrimoireTab, EncyclopediaTab, EstateAgencyTab		0	shape-known	C	Locate client feature and capture a journey.
Game	lgg	655706d664045e31ed6a4df98f49607971e4383d20f2c179ff00565844ea2673	1:string gauz; 2:string gava				0	shape-known	C	Locate client feature and capture a journey.
Game	lgi	2c7c0ffbda886f5b2a9b06ccf71d53099b80823840103c54503b00c2a1937fb5	1:int32 gave; 2:string gavf; 3:lgg gavg				0	shape-known	C	Locate client feature and capture a journey.
Game	lgj	642a20399a7c7f74de41424fae64e3ea8f6febe21013951797ac33447e1c4067	1:optional int64 gavk				0	shape-known	C	Locate client feature and capture a journey.
Game	lgl	e602aa49f4b6b2512be8e0f08183b7c7b578c2ee163f49f3dbaaebedd6f7d586	1:int64 gavp; 2:int32 gavq; 3:lgj gavr; 4:int32 gavs; 5:int32 gavt	eaa::uoz | fy::mvs	eaa (toca a 8 mensajes): AuctionHouse, AuctionHouseTab, GrimoireTab, EncyclopediaTab, EstateAgencyTab		0	shape-known	C	Locate client feature and capture a journey.
Game	lgm	6117d72d24b23bdf88a1b33ef417b8c1b9dd4e9c2bd19efb3db50720d00a4039	1:int32 gavx; 2:string gavy; 3:lba gavz; 4:int64 gawa; 5:string gawb; 6:string gawc; 7:int64 gawd; 8:string gawe; 9:lcf gawf; 10:int32 gawg	ig::dho | ig::ety | ig::huf | ig::lyn	fgv (toca a 65 mensajes, y a éste sólo de refilón, a 2 saltos): PrismAddOrUpdateStacked		0	shape-known	C	Locate client feature and capture a journey.
Game	lgp	d877e922c03589f7248eb9ece1065201d1fd27006d37e12d6894cc1efdba69d4	1:int64 gawk; 2:lgn gawl	fw::mvp | fw::obv			0	shape-known	C	Locate client feature and capture a journey.
Game	lgr	bee1b7ecc9e430977a6313739c068bf39823ae36907dc09d71fa199fc01de1f1	1:int32 gawp; 3:lba gawq; 4:bool gawr; 5:int32 gaws; 8:bool gawt; 9:int32 gawu; 10:int64 gawv; 2:lpy gaww; 6:lgu gawx; 7:lms gawy; 11:lnv gawz	ff::bmu | ff::ipa | ff::mur | ff::mus			0	shape-known	C	Locate client feature and capture a journey.
Game	lgs	2b42c5a978f7dfaf71a6c3bdba11b7dad953b88b610f16265fdfb632bad2875d	1:optional int32 gaxe; 2:lbo gaxg; 3:optional int64 gaxh; 4:optional int64 gaxj	fjw::bfwc | fjw::epc | fjw::eyw | fjw::hni	fjw (toca a 15 mensajes): DelayPlacementDisplay		0	shape-known	C	Locate client feature and capture a journey.
Game	lgt	96817a5f8c81cdaf1f0c36ea7ade18f4feccd3b7c82c8df51dafabf0c57181e8	1:int32 gaxo; 2:int64 gaxp; 3:map<string, int32> gaxq; 4:int32 gaxr				0	shape-known	C	Locate client feature and capture a journey.
Game	lgu	c23ed264b6668cc48c7a68952eeb79ac45f1a3dd93dfe70a322f8543406fb29b	1:string gaxv				0	shape-known	C	Locate client feature and capture a journey.
Game	lgw	627a82e8136cd882272e421a63b9dbdc8814510e728c14a1afc583cd4a98e6c4	2:lbh gaxz; 3:int64 gaya; 4:laz gayb; 6:lbl gayc; 7:int32 gayd; 1:lcu gaye; 5:lmt gayf	eic::.ctor | er::jye | er::mto | fjw::bfwg	fjw (toca a 15 mensajes): DelayPlacementDisplay | ehl (toca a 25 mensajes, y a éste sólo de refilón, a 2 saltos): WaitForAddingObject, WaitForDroppingObjects, WaitProcessMapComplementaryInfo		0	shape-known	C	Locate client feature and capture a journey.
Game	lgx	e0abb279097fb0a444b2f2d5a8699802c7864c1d61a5db369152f27e9e3162fa	1:repeated led gayk; 2:led gayl; 3:repeated lho gaym	git::bkiy | giu::bkiy			0	shape-known	C	Locate client feature and capture a journey.
Game	lgy	861f5cfe2400cd5dc3b53713461358aa433741e8649b2891498051940de81ff1	1:repeated bool gayq; 2:int32 gayr; 3:int32 gays; 4:repeated lng gayt				0	shape-known	C	Locate client feature and capture a journey.
Game	lgz	f8d9488071ec5b5f1662bd018de80f7dec2a19f572abea225d77da22042a00e2	1:repeated lpg gayx; 2:repeated lpg gayy; 3:lgp gayz; 4:lci gaza	bi::cq | bi::jic | bi::moh			0	shape-known	C	Locate client feature and capture a journey.
Game	lhd	cbf772c5014f4345bf92ff58a2c8bcb411d8744136863fc62b9316dfd26549e5	1:int32 gaze; 2:int64 gazf; 3:int32 gazg; 4:int32 gazh; 5:bool gazi; 6:lni gazj; 7:string gazk; 8:int32 gazl; 9:bool gazm; 10:int32 gazn; 11:int32 gazo; 12:lni gazp; 13:int32 gazq; 14:int32 gazr; 15:lha gazs; 16:lhb gazt	guf::Update | fmc::bgny | fmc::jxb | fmc::oor			0	shape-known	C	Locate client feature and capture a journey.
Game	lhe	a9450e0e97b582c333256f56aafaa5fe3a93d4b4c9ba02b09938f635dfa912ca	1:repeated int32 gazx; 2:map<int32, int64> gazy; 3:optional int64 gazz; 4:string gbab				0	shape-known	C	Locate client feature and capture a journey.
Game	lhg	c570e5db79fe2b593849b0276a8e71c3804f9c4dd51dd7029da8d5f8858b5c65	1:repeated int32 gbaf; 2:int32 gbag; 3:int32 gbah; 4:lhe gbai; 5:repeated int32 gbaj; 6:repeated int32 gbak; 7:repeated lcm gbal	Core.UILogic.Connection.BasicCharacterWrapper::.ctor | Core.UILogic.CharacterBuild.CharacterPresetUi::OnPresetEquipmentUpdated | Core.UILogic.CharacterBuild.CharacterPresetUi::OnPresetOutfitUpdated | Core.UILogic.PlayerInfoUi.PlayerInfoBase::.ctor	Core.UILogic.Connection.BasicCharacterWrapper (toca sólo a éste): entityLook, breedId, deathState, deathCount, deathMaxLevel, bonusXp, connectionOrder | Core.UILogic.PlayerInfoUi.PlayerInfoBase (toca a 1 mensaje, y a éste sólo de refilón, a 1 salto): protocolId, playerName, lookWithOutfit, isMale, isOnline, lastUpdated, canEditCard, backgroundId, titleId, ornamentId, auraId, allianceWrapper		0	shape-known	B	Locate client feature and capture a journey.
Game	lhh	bc245f220ec98c99f5fb50f41dac557efc2f679bf41f9500fe69e8a7a72fc7f1	1:int32 gbap; 2:int32 gbaq	eql::baze | eql::fqa			0	shape-known	C	Locate client feature and capture a journey.
Game	lhi	6b974a9681248fdae38c3fcb086c4fd00980ba4603ced73b125e626151cc21dc	1:int32 gbau; 2:int32 gbav; 3:int32 gbaw; 4:int32 gbax; 5:optional int32 gbay; 6:int32 gbba	mm::Update | Core.UILogic.PlayerInfoUi.EquipmentViewData::.ctor | ls::Update | Core.UILogic.CharacterBuild.CharacterPresetUi::OnPresetEquipmentUpdated	Core.UILogic.PlayerInfoUi.EquipmentViewData (toca a 2 mensajes, y a éste sólo de refilón, a 1 salto): UpdateCosmetic, UpdateEquipment, GetEffectInstanceList, cosmeticVisibility | eqq (toca a 76 mensajes, y a éste sólo de refilón, a 1 salto): PresetListEventWhenCharacterInfo, RefreshTagsWhenContentReceived		0	shape-known	B	Locate client feature and capture a journey.
Game	lhk	d5b8a92f6297ac1ed0ab8e1fd2583c65ebdc3ea50033f14e042fb8b875a1573e	1:map<int32, lhi> gbbe	mm::Update | Core.UILogic.CharacterBuild.CharacterPresetUi::OnPresetEquipmentUpdated | Core.UILogic.PlayerInfoUi.EquipmentViewData::.ctor | ls::Update	Core.UILogic.CharacterBuild.CharacterPresetUi (toca a 0 mensajes, y a éste sólo de refilón, a 1 salto): InitEquipment, OnObjectEquipped, GetTileAcquiredState, DisplayEquipment, CheckEquipmentModification, EquipmentEquality, InitHooks, OnObjectAdded, OnObjectDeleted, OnOutfitEquipped, OnOutfitRemoved, OnOutfitLookUpdated | Core.UILogic.PlayerInfoUi.EquipmentViewData (toca a 2 mensajes, y a éste sólo de refilón, a 1 salto): UpdateCosmetic, UpdateEquipment, GetEffectInstanceList, cosmeticVisibility		0	shape-known	B	Locate client feature and capture a journey.
Game	lhl	71bd68cb5d4ffee705b3bb3ae0d4236118a63bf93d7c1704257b525a5b82f0b4	1:bool gbbi; 2:bool gbbj; 3:bool gbbk; 4:bool gbbl	eic::.ctor | ep::bnw | ep::flc | ep::mth	ehl (toca a 25 mensajes, y a éste sólo de refilón, a 2 saltos): WaitForAddingObject, WaitForDroppingObjects, WaitProcessMapComplementaryInfo		0	shape-known	C	Locate client feature and capture a journey.
Game	lhm	90e0546b3991d0ee4a146ebb776005510ec56746912fdeb2069483f1e115667f	1:int64 gbbp; 2:lfe gbbq; 3:int32 gbbr; 4:ley gbbs; 5:string gbbt	faz::bdjl | ffc::bdjl | ku::fhn | ku::ibu			0	shape-known	C	Locate client feature and capture a journey.
Game	lhn	ae903f32dc3f4f4e4e41195e630a18852ddba1a9ee26790de4fecabb35bec406	1:int32 gbbx; 2:int32 gbby; 3:int32 gbbz				0	shape-known	C	Locate client feature and capture a journey.
Game	lho	30141e805c38a43f40f2ae2cd8a903e71aa8bad0a0b4bc225d72cf427ddf149e	1:repeated led gbcd; 2:int32 gbce; 3:repeated int64 gbcf	fl::bbt | fl::muz | fl::mw | giu::bkiy			0	shape-known	C	Locate client feature and capture a journey.
Game	lhp	fefea1dba53b95c6581944450e4097b48d99010c10e8302e1eb884f6225acbc0	1:int32 gbcj; 2:int32 gbck; 3:laz gbcl	Core.UILogic.PlayerInfoUi.AlignmentLightInfo::.ctor			0	shape-known	B	Locate client feature and capture a journey.
Game	lhq	4b43ca43f30ba8f02123929acab25147f5460ced8681c4372c48103f20115079	1:int32 gbcp; 2:lca gbcq; 3:lbz gbcr	gsf::blit | gsn::blit | gsp::blit | gsn::blis			0	shape-known	C	Locate client feature and capture a journey.
Game	lhs	00f95f361c7e6d602915e556e5d10e0ee00975c2e80ab3995ecbce408a90d49c	2:int32 gbcv; 5:repeated bool gbcw; 1:lhh gbcx; 3:lob gbcy; 4:lnw gbcz; 6:lmq gbda; 7:lfh gbdb; 8:lfj gbdc; 9:lpp gbdd	eql::baze | eql::fqa | ky::ivf | ky::jbl	eqq (toca a 76 mensajes, y a éste sólo de refilón, a 1 salto): PresetListEventWhenCharacterInfo, RefreshTagsWhenContentReceived | fhw (toca a 8 mensajes, y a éste sólo de refilón, a 1 salto): UpdateSpellsNextFrame		0	shape-known	C	Locate client feature and capture a journey.
Game	lhx	853673c53cdf05b61e3850255a68bfecc955e820121f32d46d809c5caddcc33e	1:lhg gbdi; 2:int32 gbdj; 3:int32 gbdk; 4:optional string gbdl	giv::bkiy | gis::bkiy | giw::bkiy			0	shape-known	C	Locate client feature and capture a journey.
Game	lhz	51cb5ebcb045741d6ef265b393e5b86ea020f3841e11d9935cd465d0f74244a7	1:repeated lhx gbdq	giv::bkiy | gis::bkiy | giw::bkiy			0	shape-known	C	Locate client feature and capture a journey.
Game	lia	b4951ab21588020045e22b38ae78cc99202ed04cd30b4e126e5aa1d85b87a3a6	1:lbc gbdu; 2:len gbdv	giv::bkiy | gis::bkiy | giw::bkiy			0	shape-known	C	Locate client feature and capture a journey.
Game	lib	b17e920d26eefcccf943924e65a2f4576caa8a240f67ed116a0ab1baf883899e	1:int32 gbdz	giv::bkiy | gis::bkiy | giw::bkiy			0	shape-known	C	Locate client feature and capture a journey.
Game	lic	50ba130de652334b3c77661329b3a31baf79a8f29854ce7e7fbdded9f8fe552e	1:optional string gbed; 2:optional int32 gbef	giv::bkix | giv::bkiy | gis::bkix | gis::bkiy			0	shape-known	C	Locate client feature and capture a journey.
Game	lid	448fe4400174e16adfcbf12c40d2418d4035861a2ba94b98927759a1339192d2	1:int32 gbek; 2:optional int32 gbel; 3:optional int32 gben; 4:optional int32 gbep	giv::bkix | giv::bkiy | gis::bkix | gis::bkiy			0	shape-known	C	Locate client feature and capture a journey.
Game	lie	63e0a5f0a543986c8d09cce588fc43c89ac502ebee4c7756c69fe520c7297cc5	1:int32 gbeu; 2:map<string, bool> gbev; 3:lau gbew; 4:string gbex	giv::bkiy | gis::bkiy | giw::bkiy			0	shape-known	C	Locate client feature and capture a journey.
Game	lif	d8701d12077833eb621ceeaa0ab1e124f43202ba1f989ac35a620102b4edbe3b	1:repeated int32 gbfb; 2:int64 gbfc; 3:optional int64 gbfd; 4:string gbff; 5:string gbfg; 6:int32 gbfh; 7:optional string gbfi; 8:bool gbfk; 9:repeated bool gbfl				0	shape-known	C	Locate client feature and capture a journey.
Game	lih	8acf70d396ba0565df558ac3424423b949a55f39a0688761a253533946fc687d	1:string gbfp; 2:int32 gbfq; 3:int32 gbfr; 4:lif gbfs	giv::bkiy | gis::bkiy | giw::bkiy			0	shape-known	C	Locate client feature and capture a journey.
Game	lij	c5c8a8e43915619583631dbe5aad3a1008796e9ed1861f24825ad1fbd4d951fc	1:lib gbfw; 2:lic gbfx; 3:lie gbfy; 4:les gbfz; 5:lia gbga; 6:lhz gbgb; 7:optional int32 gbgc; 8:lih gbge; 9:lid gbgf	ees::wue | ekb::btv | ekb::krn | ekb::odn	ekb (toca a 5 mensajes): CreatureModeSwitched, RunUpdatePositionTask, UpdateDisplayedEntityPositionOnceBoundsAreValidAgain | ejv (toca a 10 mensajes, y a éste sólo de refilón, a 1 salto): RefreshAfterZoom		0	shape-known	C	Locate client feature and capture a journey.
Game	lik	b44ce7fcaaeed56a37fe915ab74a08b2d59f9ef4404f5043c6d4e45994f24249	1:int32 gbgk; 2:int32 gbgl	giw::bkiy | giw::bkkk | giw::cje | giw::mlk			0	shape-known	C	Locate client feature and capture a journey.
Game	lim	4b9666d59520e996473237b1bedf65f76c82022fc5295e2657fd0af04ba90e2c	1:llp gbgp; 2:lik gbgq; 3:int64 gbgr; 4:lbb gbgs; 5:repeated lij gbgt; 6:lbb gbgu; 7:repeated lbd gbgv; 8:lba gbgw	giv::bkkh | giv::dlq | giv::obn | giv::bkiy			0	shape-known	C	Locate client feature and capture a journey.
Game	lin	e3819dff5b971c7b5751a2b452963b18666b4ebf8193b099b8ca079d88a58e86					0	shape-known	C	Locate client feature and capture a journey.
Game	lip	b07fe4e00708398f2ac8a14148a46c2de81322b25207d5f13eb1f09b0529c05b	1:string gbhd; 2:lin gbhe; 3:lim gbhf	ees::wue | ekb::btv | ekb::krn | ekb::odn	ekb (toca a 5 mensajes): CreatureModeSwitched, RunUpdatePositionTask, UpdateDisplayedEntityPositionOnceBoundsAreValidAgain | ejv (toca a 10 mensajes, y a éste sólo de refilón, a 1 salto): RefreshAfterZoom		0	shape-known	C	Locate client feature and capture a journey.
Game	liq	dcb29cb6163e0ea6541b98c93a5bfc5ac8870d665e874352af2a4b624dfb3803	1:lll gbhk; 2:int32 gbhl	gjc::bkiy | gjc::bkks | gjc::ify | gjc::lji			0	shape-known	C	Locate client feature and capture a journey.
Game	lir	89ec218696dfc7d908a46341edf3fbd8b0ea052dd370dc3ddde9173ea541682b	1:repeated lgx gbhp; 2:int32 gbhq; 3:optional int32 gbhr	giu::bkix			0	shape-known	C	Locate client feature and capture a journey.
Game	lit	f618b8b7e0a29370ec15176f4f8ca4b86472d0f356da2c650c3d64a58fe696e6	1:laz gbhw; 2:lgx gbhx; 3:lir gbhy; 4:string gbhz; 5:int32 gbia	git::bkiy | git::bkkd | git::cgp | git::lbq			0	shape-known	C	Locate client feature and capture a journey.
Game	liu	f8c22f3edf131e3876727060ae848a58b6eb5d397317cb57deb1d7558732e93a	1:optional string gbie; 2:repeated bool gbig; 3:int64 gbih				0	shape-known	C	Locate client feature and capture a journey.
Game	liw	c9fb2717b9a50fd0d28b0b8a4afc85dfe5a4be5d8b81f67a21cd1129fa778f2b	1:repeated int32 gbil; 2:liu gbim; 3:repeated int32 gbin	giz::bkiy			0	shape-known	C	Locate client feature and capture a journey.
Game	liy	26424962e681b45a41f98f49d2cfadd148b63910665be8c29e3d7c4ddbe04dbe	1:optional string gbir; 2:liw gbit; 3:lba gbiu; 4:int32 gbiv; 5:int32 gbiw; 6:repeated int32 gbix	giy::bkiy | giy::bkko | giy::bkkp | giy::bkp			0	shape-known	C	Locate client feature and capture a journey.
Game	lja	cbc341296ebe48c51db1e49cbf2197895ee442fd0c470de8c872320813a0a48c	1:optional int32 gbjb; 2:ley gbjd; 3:lnh gbje; 4:lit gbjf; 5:lip gbjg; 6:liq gbjh; 7:liy gbji	ees::wue | ekb::btv | ekb::krn | ekb::odn	ekb (toca a 5 mensajes): CreatureModeSwitched, RunUpdatePositionTask, UpdateDisplayedEntityPositionOnceBoundsAreValidAgain | ejv (toca a 10 mensajes, y a éste sólo de refilón, a 1 salto): RefreshAfterZoom		0	shape-known	C	Locate client feature and capture a journey.
Game	ljg	826c0b9346bda740f8487c1c6b8e204cc0f2747f4a1bf05cbb44bc7e80f96758	1:int32 gbjn; 2:lba gbjo; 3:int32 gbjp; 4:llp gbjq; 5:lje gbjr	gih::bkiy | gih::bkjb | gih::cfm | gih::hlp			0	shape-known	C	Locate client feature and capture a journey.
Game	ljh	a2e668ed421dff6ddcd7ee51dc41a6740e6f8846f7c1d7e58819c3f18aae358a	1:int32 gbjv; 2:int32 gbjw	gim::bkiy | gim::bkjm | gim::fdq | gim::hhs			0	shape-known	C	Locate client feature and capture a journey.
Game	ljj	17752062a6b95c9198e5a7f983734b2be5b5de67dfb4b7d25eb05e8a833ca28c	1:ljd gbka; 4:int32 gbkb; 5:int32 gbkc; 6:bool gbkd; 7:string gbke; 8:lcf gbkf; 2:ljg gbkg; 3:ljh gbkh	fmc::bgns | gih::bkix | gih::bkiy | gih::bkjc			0	shape-known	C	Locate client feature and capture a journey.
Game	ljl	529fb28440f99aa8a124337faf00a6067a6cce329ec724be2207376681237d24	1:int32 gbkm; 2:int32 gbkn; 3:int32 gbko	fmc::bgns | gil::bkiy | gil::bkjj | fmc::bgnf			0	shape-known	C	Locate client feature and capture a journey.
Game	ljo	2070eb1c769f5c52a4530b5b3151d6c7f2a429b3f06284173da2da909976eb68	1:int32 gbks; 2:int32 gbkt; 3:int32 gbku; 4:ljm gbkv	gin::bkiy | gin::bkjo | gin::jn | gin::olw			0	shape-known	C	Locate client feature and capture a journey.
Game	ljq	76bd1af8310021f4086225853fe04bcdb024395e47d0494a8f3dd520635b3ce2	1:ljo gbkz; 2:ljl gbla	fmc::bgns | gil::bkiy | gil::bkjj | gil::bkjk			0	shape-known	C	Locate client feature and capture a journey.
Game	ljr	bf73cdda926d9a03b2a478190dd194782247e9233540f33f4c7cb4c8fcffeadb	1:int64 gblf; 2:string gblg; 3:int32 gblh; 4:int32 gbli	fmc::bgns | gii::bkiy | gii::bkjd | gii::jvh			0	shape-known	C	Locate client feature and capture a journey.
Game	ljt	66afe8a954344e15c859838d252764e3aef8eac424fec7dd3ff589e4b6717924	1:optional int64 gblm; 2:lpk gblo; 4:int32 gblp; 5:map<int32, int32> gblq; 7:lnj gblr; 9:repeated int32 gbls; 3:ljq gblt; 6:ljj gblu; 8:ljr gblv	fmc::bgns | fmc::bgnt | fmc::cil | fmc::mxh			0	shape-known	C	Locate client feature and capture a journey.
Game	ljv	1507040827396590d725e9e4cb41843de595e65b5e2960f66d80cdf958f09a09	3:lhg gbma; 1:lja gbmb; 2:ljt gbmc	ehl+<WaitProcessMapComplementaryInfo>d__31::MoveNext | ees::wue | ehl::mwq | ehl::xxt	ehl (toca a 25 mensajes): WaitForAddingObject, WaitForDroppingObjects, WaitProcessMapComplementaryInfo | ekb (toca a 5 mensajes): CreatureModeSwitched, RunUpdatePositionTask, UpdateDisplayedEntityPositionOnceBoundsAreValidAgain		0	shape-known	C	Locate client feature and capture a journey.
Game	ljx	daa660c1ca8cdac77eba00aad138f707ec7071e60d2eee0788aa97d4a964343f	1:lgs gbmh; 2:ljv gbmi; 3:int64 gbmj; 4:int32 gbmk	Core.Services.Fight.FightEntitiesService.FightEntitiesService::bdtf | ehl::nft | ehl::xxl | eid::yfp	ehl (toca a 25 mensajes): WaitForAddingObject, WaitForDroppingObjects, WaitProcessMapComplementaryInfo | ekb (toca a 5 mensajes): CreatureModeSwitched, RunUpdatePositionTask, UpdateDisplayedEntityPositionOnceBoundsAreValidAgain		0	shape-known	C	Locate client feature and capture a journey.
Game	lkc	25f1f8583d0f757129623b49d8efc858f6ca8cde463b49b8bd83a53fdd6916bb	1:int64 gbmo; 2:int32 gbmp; 3:llk gbmq; 4:int32 gbmr; 5:int32 gbms; 6:lka gbmt; 7:string gbmu; 8:int64 gbmv; 9:ljz gbmw				0	shape-known	C	Locate client feature and capture a journey.
Game	lkg	c3e115827848ebc06c05e8187bf95f9b6bf29e24d63b476bc5311b2392150bbc	1:lke gbna; 2:int64 gbnb; 3:string gbnc; 4:lke gbnd				0	shape-known	C	Locate client feature and capture a journey.
Game	lkh	81d78b09d0726f7d002526904b1b8cfe8e0f6d65158a355fe5400fe3331da9a0	1:string gbnh; 2:int32 gbni				0	shape-known	C	Locate client feature and capture a journey.
Game	lki	50e439baffb415efe73ce73536dc7c2d64e2b7720768f9e95ff3efcea39ad5cc					0	shape-known	C	Locate client feature and capture a journey.
Game	lkm	c9fe6c66f701c07cce52c71c002eb6062d70ea2757f75839ab747e9b50970343	1:ldt gbnp; 2:lkj gbnq; 3:lkk gbnr				0	shape-known	C	Locate client feature and capture a journey.
Game	lkn	a3ea645e7e678af9b9e3fe7f7b5d80269d6d069c994bd47ce4dd0f9b0eff6fb9	1:ldt gbnv; 2:int64 gbnw; 3:int64 gbnx; 4:string gbny; 5:string gbnz				0	shape-known	C	Locate client feature and capture a journey.
Game	lko	06021489397e61974b917e86cc647864d65ddf43f2794e7084ccf5f916cb4d97	1:int32 gbod; 2:int64 gboe; 3:string gbof; 4:int32 gbog				0	shape-known	C	Locate client feature and capture a journey.
Game	lkp	d68cbff47f03552c92c8394875e0bacf7f395f806c1ca72730663f21411ee084	1:optional int32 gbok; 2:int64 gbom; 3:int32 gbon; 4:optional string gboo; 5:string gboq				0	shape-known	C	Locate client feature and capture a journey.
Game	lkq	c49127df3a6913dedce591a633bc9ca9ce908b9de5c3303a1c2ef6f531d33227	1:int32 gbou; 2:int32 gbov				0	shape-known	C	Locate client feature and capture a journey.
Game	lkr	31a3d2b47b8f09774557622db6dd4a5e16f437515b04f2946b4322246dda4c6f	1:int64 gboz; 2:string gbpa				0	shape-known	C	Locate client feature and capture a journey.
Game	lks	f55c266ab91ed82e373b069e4d29eab7bb46ee4334947c9ff75a11df30bbc462	1:int64 gbpe; 2:string gbpf; 3:int32 gbpg; 4:int32 gbph				0	shape-known	C	Locate client feature and capture a journey.
Game	lkt	8622bad544318fdae2990d1d0deace3b0f9a4f2a5d940baa29371ca11203eaac	1:string gbpl; 2:int64 gbpm; 3:int32 gbpn				0	shape-known	C	Locate client feature and capture a journey.
Game	lku	0acabd4d3b47c0a836e203c523352f1a15eae6f55f3ad8ab214a7ee29ce6034f	1:int32 gbpr; 2:int32 gbps; 3:string gbpt; 4:string gbpu; 5:int64 gbpv				0	shape-known	C	Locate client feature and capture a journey.
Game	lkv	080f3536c8d0bbff3ead270a553163042d729d094ef0b55bd257959c17c53035	1:optional string gbpz; 2:optional int32 gbqb; 3:map<string, int32> gbqd				0	shape-known	C	Locate client feature and capture a journey.
Game	lkx	a5fc3e2330185c40ad2abe04046e1e2eeb2fd27ccdde302dcecca7e0c7543c06	1:lkv gbqh; 2:int64 gbqi; 3:string gbqj; 4:int64 gbqk; 5:string gbql; 6:int32 gbqm; 7:string gbqn				0	shape-known	C	Locate client feature and capture a journey.
Game	lky	8dd39dda43230434436a1824f3aaae4aae929d47f182db46014c4e1badd0982d	1:int64 gbqr; 2:string gbqs; 3:int32 gbqt; 4:string gbqu; 5:string gbqv; 6:int64 gbqw				0	shape-known	C	Locate client feature and capture a journey.
Game	lkz	1c2c6d73e217a477095b94ccebd3d504d747e9d2a4afac542f5f4298a0403f61	1:int32 gbra; 2:int32 gbrb; 3:string gbrc; 4:string gbrd				0	shape-known	C	Locate client feature and capture a journey.
Game	lla	3848b0d5e5826c9b2335355f33e366ff5970c995d4cc9183abec28ee6093fcf7	1:int64 gbrh; 2:int32 gbri; 3:string gbrj; 4:string gbrk; 5:string gbrl				0	shape-known	C	Locate client feature and capture a journey.
Game	llc	d855029ac3aab0f9a9bf3c779f5a23f317d39906f166c9daea6f793670ae9105	1:lkq gbrp; 11:int32 gbrq; 19:int64 gbrr; 2:lkx gbrs; 3:lkq gbrt; 4:lla gbru; 5:lkn gbrv; 6:lku gbrw; 7:lky gbrx; 8:lkc gbry; 9:lkz gbrz; 10:lkp gbsa; 12:lkm gbsb; 13:lkr gbsc; 14:lkh gbsd; 15:lks gbse; 16:lko gbsf; 17:lki gbsg; 18:lkt gbsh; 20:lkg gbsi	dg::mki | dg::mrg | dg::ofr | dg::ggx			0	shape-known	C	Locate client feature and capture a journey.
Game	lld	b4feeafa0203941f0a10ed999da56aa474162c549b683b18d316dffd47ff769c	1:int32 gbsn; 2:int32 gbso; 3:int32 gbsp; 4:int32 gbsq; 5:int32 gbsr	Core.UILogic.Components.Figma.PortraitRanking::SetSocialEmblem | Core.UILogic.Components.Tooltips.Builder.CharacterTooltipBuilder::GetAllianceAndGuildInfos | ks::Update | Core.UILogic.Components.Tooltips.Builder.CharacterTooltipBuilder::SetUpGuildAndAlliance	Core.UILogic.Components.Tooltips.Builder.CharacterTooltipBuilder (toca sólo a éste): builderType, ApplyOrnamentDebugInfo, ClearElements, SetupViewWithContent, ShowAlignmentOrOrnament, SetUpNameAndTitle, SetUpGuildAndAlliance, SyncZoom, RefreshScale, GetAllianceAndGuildInfos, MinWidthWithWingsOrOrnaments, MinHeightWithWingsOrOrnaments | Core.UILogic.Components.Figma.PortraitRanking (toca sólo a éste): isSocialGroup, UpdateContent, CreateEntitySprite, CreateSocialEmblem, UpdateStyle, SetEntitySprite, SetSocialEmblem, m_isSocialGroup, USSClassName, m_entitySprite, m_socialEmblemBack, m_socialEmblemOutline		0	shape-known	B	Locate client feature and capture a journey.
Game	llg	39bea3a4db1ae852a7a24a1861369de0cf538990faed5c65882cca23704bc7c4	1:lle gbsv; 2:int32 gbsw; 3:int32 gbsx	efm::xgk | emq::ejb | emq::hmf | emq::zss			0	shape-known	C	Locate client feature and capture a journey.
Game	llh	549f25690cc9cdf57579b64d885cf2e8681b02d584a5a4468cf30b9680501e7a	1:int64 gbtb; 2:int32 gbtc; 3:int32 gbtd				0	shape-known	C	Locate client feature and capture a journey.
Game	lli	37d66f0737a2cb4219e6843e057f3ffc37c07948d9f7f5abd67ab7c3d22b26f6	1:int64 gbth; 2:int32 gbti; 3:int32 gbtj	fgu::beui | fgu::beun | fgu::cgo | fgu::nix			0	shape-known	C	Locate client feature and capture a journey.
Game	llj	f5fdd4b91f98f16e758b50a1189fb63aeb95d63044261eb5a0b18bd7bdada571	1:int32 gbtn; 2:lbp gbto				0	shape-known	C	Locate client feature and capture a journey.
Game	llk	0f1192a60d86b5d74f74780eeeb11fe45ac573f8a78b72a6689709caeb68d004	1:int32 gbts; 2:repeated lng gbtt; 3:int32 gbtu; 4:int32 gbtv; 5:repeated llj gbtw	Core.UILogic.Inventory.Inventory::AddObjectItem | Core.UILogic.Components.Hyperlink.HyperlinkGuildChestItem::OnHyperlinkLeftClick | Core.UILogic.Inventory.Inventory::InitializeFromCosmeticItems | cs::hdd	me (toca a 2 mensajes): dragOwner | Core.UILogic.Inventory.Inventory (toca a 2 mensajes): objectNumber, hookLock, SetKamas, ResetItems, RegisterUidIntoGid, InitializeFromObjectItems, InitializeFromCosmeticItems, AddObjectItem, AddItemWrapperWithGid, AddStorableItem, AddItem, AddItemWithGid		0	shape-known	B	Locate client feature and capture a journey.
Game	lll	74e5b7be178a23f955af47c3b489842b95a5f6d4de236e8b59f8752ad98ec2a5	1:len gbua; 2:int32 gbub; 3:string gbuc; 4:int64 gbud; 5:int32 gbue; 6:int64 gbuf	gjc::bkiy | gjc::bkks | gjc::ify | gjc::lji			0	shape-known	C	Locate client feature and capture a journey.
Game	llm	e97f25a80a968935788a81f2fc281db28929b0681e9151593192ff46e5ec0ee4	1:int32 gbuj; 2:optional int32 gbuk; 3:repeated lng gbum	Core.UILogic.PlayerInfoUi.EquipmentViewData::UpdateEquipment | Core.UILogic.PlayerInfoUi.EquipmentViewData::.ctor | ls::Update | ls::cb	Core.UILogic.PlayerInfoUi.EquipmentViewData (toca a 2 mensajes): UpdateCosmetic, UpdateEquipment, GetEffectInstanceList, cosmeticVisibility | eqq (toca a 76 mensajes, y a éste sólo de refilón, a 2 saltos): PresetListEventWhenCharacterInfo, RefreshTagsWhenContentReceived		0	shape-known	B	Locate client feature and capture a journey.
Game	lln	53f8bc8b527353f6f18f97089bd63db06e66dee64b2978bfe0c4be716b52f60c	1:int32 gbuq; 2:lbc gbur; 3:int32 gbus; 4:int32 gbut	giq::bkju | giq::fzu | giq::mf | giq::mkq			0	shape-known	C	Locate client feature and capture a journey.
Game	llp	8db268822a97bbf7e83612192bb4530f7a55e3ba4c9018153e534ade98f2d1fb	1:int32 gbux; 2:laz gbuy; 3:lln gbuz; 4:int32 gbva; 5:int32 gbvb	gih::bkiy | giq::bkjt | giq::bkju | giq::dcy			0	shape-known	C	Locate client feature and capture a journey.
Game	llq	88231b4719a0a537269b1e0167608e663d31306e83ed155e41b3b4784bc1dc9c	1:int64 gbvf; 2:repeated llw gbvg; 3:repeated llw gbvh; 4:int32 gbvi	fkx::bgec | fkv::bgdw | fkv::bgdx			0	shape-known	C	Locate client feature and capture a journey.
Game	lls	70947b7ecaa3324a0b939f717a1e87c1a90d8cd02d2a3c6a1b03dfd80d2631ce	1:int64 gbvm; 2:bool gbvn				0	shape-known	C	Locate client feature and capture a journey.
Game	llu	19f8f0575f606102926ba3b39aa228bd94d35f13c4df8d7dfe463c688142b881	1:int32 gbvr; 2:int32 gbvs; 3:lls gbvt; 4:int32 gbvu	fkx::bgef | fkx::bgeg | fkx::fsr | fkx::jbf			0	shape-known	C	Locate client feature and capture a journey.
Game	llw	ea00702377a013e29a5e8443a2500f0c2137324c02c9a6b4800b78165bc9b1ce	1:repeated llu gbvy; 2:llr gbvz; 3:repeated llu gbwa; 4:repeated llu gbwb; 5:int32 gbwc	fkx::bged			0	shape-known	C	Locate client feature and capture a journey.
Game	llz	cee8255ba6e6b402e429a4f4b06965fbbdfa89d6c83065126f8d6e9564e48ad2	1:int64 gbwg; 2:int64 gbwh; 3:int32 gbwi; 4:bool gbwj; 5:int64 gbwk; 6:int64 gbwl; 7:bool gbwm; 8:bool gbwn; 9:bool gbwo	fkv::bgdq			0	shape-known	C	Locate client feature and capture a journey.
Game	lma	c65aab7154e34200daee99c1f65c9670c4fe076dda3672851cf028e402f94d6c	1:bool gbws; 2:int32 gbwt; 3:optional bool gbwu; 4:repeated string gbww; 5:repeated bool gbwx				0	shape-known	C	Locate client feature and capture a journey.
Game	lmc	10bb6544fc2416d924802cafb2a6e11ec83ea4c3f50ad60ab681f5fe3f5aa8ff	1:lma gbxb; 2:int32 gbxc; 3:int32 gbxd; 4:int32 gbxe; 5:int32 gbxf; 6:int32 gbxg				0	shape-known	C	Locate client feature and capture a journey.
Game	lme	1c2b39c05c02051f2780fe772a77193b29e12e9ebaae0395a9f8a7da5e6a4441	1:lmc gbxk; 2:llz gbxl	fkv::bgds | fkv::gxf | fkv::nlo | fkv::nyn			0	shape-known	C	Locate client feature and capture a journey.
Game	lmg	06cd92838a3f8429efdf8fb72becb029229b584506b26fd3cf7a4e25d1598667	1:repeated lme gbxq; 2:int32 gbxr; 3:repeated lme gbxs	fkv::bgds | fkv::gxf | fkv::nlo | fkv::nyn			0	shape-known	C	Locate client feature and capture a journey.
Game	lmh	1c3a29ef558668953928cb242ef695e8df21c7c4f2632ab08b72f2f69cf2e0c1	1:int32 gbxw	fkv::bgdu			0	shape-known	C	Locate client feature and capture a journey.
Game	lmi	d87c9b068285d649a502d2441f0a02e9234655a6905d298da5e9c58dd4d69c6c	1:len gbya	fkv::bgdt | fkv::bvd | fkv::dxi | fkv::fac			0	shape-known	C	Locate client feature and capture a journey.
Game	lmk	de4fdce8cb0e20265e34fab7373e0820d83f04eff19ed5e2cb4277c350ee8fe0	1:int64 gbye; 3:bool gbyf; 2:lmg gbyg; 4:lmi gbyh; 5:lmh gbyi				0	shape-known	C	Locate client feature and capture a journey.
Game	lmm	117030bbeec131938631ca0ce5a155f121b82a24a1f5d083662f62833da86ee1	1:int32 gbyn; 2:llq gbyo; 3:lmk gbyp; 4:lbj gbyq	fkv::bgdw | fkv::bgdx | fkv::bgdz			0	shape-known	C	Locate client feature and capture a journey.
Game	lmn	0d17be967669cdb79aac2c29bf188e365102e7b91ab946532c145988b51b27b6	1:string gbyu; 2:lbs gbyv; 3:int32 gbyw; 4:int32 gbyx; 5:string gbyy; 6:repeated int32 gbyz; 7:bool gbza; 8:bool gbzb; 9:string gbzc; 10:int64 gbzd; 11:bool gbze; 12:string gbzf; 13:repeated int32 gbzg	kr::fmq | kr::nvw | kr::nvx | fgu::besv	fgv (toca a 65 mensajes, y a éste sólo de refilón, a 1 salto): PrismAddOrUpdateStacked		0	shape-known	C	Locate client feature and capture a journey.
Game	lmo	6057c4b52041a02dcd6150674246fd7ebe94dd436eaf21de2d62e1dad28c966f	1:optional int64 gbzk; 2:string gbzm; 3:int64 gbzn; 4:repeated int64 gbzo				0	shape-known	C	Locate client feature and capture a journey.
Game	lmq	4ac84b94c92333c6768155259a2893603d7ac7e44e9df8f5c21d3e1adaecf8d2	1:lmo gbzs; 2:int32 gbzt	eql::baze | eql::fqa			0	shape-known	C	Locate client feature and capture a journey.
Game	lmr	959ea90ac82a153de4ce718eff7d409106e39929eae4a724d1459accf8375914	1:optional bool gbzx; 2:int32 gbzz; 3:lpg gcaa	gw::bnp | gw::mxi			0	shape-known	C	Locate client feature and capture a journey.
Game	lms	05cd7782d9d2221e702d58c2c96a895d9c5d8eaf0cb591ce100c2cf65208d8c5	1:int32 gcae				0	shape-known	C	Locate client feature and capture a journey.
Game	lmt	99d6749a08a0036a87898114fb67d56dab03d24723f5ac4007249dc63ccae55c	1:repeated lnq gcai; 2:optional lav gcaj				0	shape-known	C	Locate client feature and capture a journey.
Game	lmv	b1cb6639894d91dfb71d97687c4d8055ea2c800826016237eb31691964455d9a	1:int32 gcao; 2:int32 gcap; 3:int32 gcaq; 4:int32 gcar; 5:int32 gcas	gzc::bji | gzc::bmug | gzc::hze | gzc::nds	hbp (toca a 6 mensajes, y a éste sólo de refilón, a 2 saltos): ParsedMapInfo		0	shape-known	C	Locate client feature and capture a journey.
Game	lmw	1fddbf2c9e12e13d5028c5ffd84c3ad893c712f26a354c93528111b1d28425de	1:int32 gcaw; 2:int32 gcax	gzc::bji | gzc::bmug | gzc::hze | gzc::nds	hbp (toca a 6 mensajes, y a éste sólo de refilón, a 2 saltos): ParsedMapInfo		0	shape-known	C	Locate client feature and capture a journey.
Game	lmx	6a533774c4900800dd44caa00487659a19e3e9d5851a96b7ebed9258b51ffca9	1:int32 gcbb; 2:int64 gcbc; 3:int32 gcbd; 4:int32 gcbe	gzc::bji | gzc::bmug | gzc::hze | gzc::nds	hbp (toca a 6 mensajes, y a éste sólo de refilón, a 2 saltos): ParsedMapInfo		0	shape-known	C	Locate client feature and capture a journey.
Game	lmy	164e7b2d3518711d0247151c992d63f8d864c9ca8cb64e8269a17665d9326f76	1:int32 gcbi; 2:int32 gcbj	gzc::bji | gzc::bmug | gzc::hze | gzc::nds	hbp (toca a 6 mensajes, y a éste sólo de refilón, a 2 saltos): ParsedMapInfo		0	shape-known	C	Locate client feature and capture a journey.
Game	lnb	705834d5d50b4f57b6a4c82de1e306f9fe11426a79b27934cba4bcf6d087e34a	1:int32 gcbn; 2:lmz gcbo; 3:int32 gcbp				0	shape-known	C	Locate client feature and capture a journey.
Game	lne	ec03ebdb51d1b282ef8028c63cf8da9730716a7941128ebb3ab65d429a98d822	1:int32 gcbt; 2:int32 gcbu; 3:lnc gcbv				0	shape-known	C	Locate client feature and capture a journey.
Game	lng	4a2dd01a58ef4a528ba9d1caa8e8360a75dc25def5425cb2cfc3389f77cea91c	11:int32 gcbz; 1:optional string gcca; 2:lmv gccc; 3:optional int64 gccd; 4:optional int32 gccf; 5:lmw gcch; 6:lmx gcci; 7:lnb gccj; 8:lne gcck; 9:optional int32 gccl; 10:lmy gccn	Core.UILogic.Components.Tooltips.Builder.InfiniteDreamGateTooltipBuilder::GenerateEffectsContent | Core.UILogic.PlayerInfoUi.EquipmentViewData::GetEffectInstanceList | Core.UILogic.Components.Tooltips.Builder.InfiniteDreamGateTooltipBuilder::SetupViewWithContent | Core.UILogic.Inventory.Inventory::ModifyObjectItem	eps (toca a 13 mensajes): UpdateQuestWhenSubAreaLoaded | mk (toca a 1 mensaje, y a éste sólo de refilón, a 1 salto): dragOwner		0	shape-known	B	Locate client feature and capture a journey.
Game	lnh	112ee4a48e00b8f7eb6d76dfc2ad223df9863cf144819bfee5ca6282c1826ff7	1:map<bool, int64> gccs; 2:int32 gcct; 3:int32 gccu	gja::bkiy | gja::bkkq | gja::kdg | gja::nnf			0	shape-known	C	Locate client feature and capture a journey.
Game	lni	8cc9e54240f5995e666e867d32fbaa4e531a3ae04e74573a9784ef24022d470b	1:int32 gccy; 2:int32 gccz; 3:int32 gcda	guf::Update | fiv::bfnf | gum::blww			0	shape-known	C	Locate client feature and capture a journey.
Game	lnj	27dad22c6f39b4be51843892e2c78a221b5904ca7acce22f1028faa487d29806	1:int32 gcde; 2:lbl gcdf; 3:bool gcdg; 4:ljx gcdh	gik::bkiy | gii::bkiy | gij::bkiy | gil::bkiy			0	shape-known	C	Locate client feature and capture a journey.
Game	lnk	3731ee9c246bfdca680d214f72afaf4c408075e9d180cfabf0cb6e6c46ee6565	1:int32 gcdl; 2:int32 gcdm; 3:int32 gcdn; 4:int32 gcdo; 5:optional string gcdp; 6:int32 gcdr				0	shape-known	C	Locate client feature and capture a journey.
Game	lno	86c62410c2861beffa02d115bc621b349b2bbff5a3888711f539df27fae6c3d3	1:lnm gcdv; 2:lec gcdw; 3:lnl gcdx	gjb::bkiy			0	shape-known	C	Locate client feature and capture a journey.
Game	lnq	b69b662533196b6d97006bde0d3ebfd0ca4b93310149ff12c883d5ca2b4a6c23	2:int64 gceb; 4:int64 gcec; 6:repeated int32 gced; 1:lgi gcee; 3:lpz gcef; 5:lfz gceg; 7:lej gceh	ey::mtv | gop::blal | er::jye | er::mto			0	shape-known	C	Locate client feature and capture a journey.
Game	lns	a4d7f5c8991d376220a5d62e7f49d98b5da9e4e893e2dabddb103a9ab64c4a52	1:int32 gcem; 3:lef gcen; 2:lcr gceo; 4:loa gcep; 5:lef gceq	ge::cma | ge::mkr | ge::mvx | hn::nef			0	shape-known	C	Locate client feature and capture a journey.
Game	lnv	7739f857c9e5c7bda1c176a57efbfeb154feb46eac7a1ec5b29e92e65500125a	1:int64 gcev; 2:int32 gcew; 3:lnt gcex				0	shape-known	C	Locate client feature and capture a journey.
Game	lnw	b7648026fd63eb4a8d9078b78fd8859725c791447c0132bdd011de5a704b70aa	1:lbn gcfb; 2:string gcfc	eql::baze | eql::fqa			0	shape-known	C	Locate client feature and capture a journey.
Game	lnx	8a8f67afb8ac8aad1685375e185a8bff9a93c9bc162e4693e530d1bec826bba0	1:bool gcfg; 2:bool gcfh; 3:les gcfi; 4:bool gcfj; 5:bool gcfk; 6:int32 gcfl; 7:optional int64 gcfm; 8:lfi gcfo; 9:bool gcfp; 10:int32 gcfq; 11:repeated int32 gcfr; 12:int32 gcfs	iw::Update | bxf::.ctor | bxf::szs | frx::bico	ehl (toca a 25 mensajes, y a éste sólo de refilón, a 1 salto): WaitForAddingObject, WaitForDroppingObjects, WaitProcessMapComplementaryInfo		0	shape-known	C	Locate client feature and capture a journey.
Game	lny	e98d41730bc04b38b95d4a5586b153e6e0ddbed18f28738084871ae393c2a82b	1:repeated int32 gcfw; 2:lbg gcfx; 3:repeated lgw gcfy; 4:string gcfz; 5:repeated lhl gcga; 6:int32 gcgb	en::hbk | en::hqr | en::mtf | fir::beh	ehl (toca a 25 mensajes, y a éste sólo de refilón, a 1 salto): WaitForAddingObject, WaitForDroppingObjects, WaitProcessMapComplementaryInfo		0	shape-known	C	Locate client feature and capture a journey.
Game	lnz	80198b54482f0d4e6037c5909f7f25713ccad14d5f19d4dcf312ef42348825f8	1:string gcgf				0	shape-known	C	Locate client feature and capture a journey.
Game	loa	5d5cd9c44e68456a56000f31cbe9c55ceac4d7d47f48d584e767a593c80543f0	1:int32 gcgj; 2:int32 gcgk; 3:int32 gcgl; 4:int32 gcgm; 5:int32 gcgn; 6:int32 gcgo; 7:int32 gcgp; 8:int32 gcgq				0	shape-known	C	Locate client feature and capture a journey.
Game	lob	a5c12c9569ba7bb9267445d491d8a67faedbeec7b19feb78f720448ca36aff52	1:bool gcgu; 2:bool gcgv; 3:int32 gcgw; 4:optional int32 gcgx	eql::baze | eql::fqa			0	shape-known	C	Locate client feature and capture a journey.
Game	loc	89bb79cc74354e487787f1cf674781a0a383da8bc725e8a32d582108315e4036	1:lpl gchc; 2:lbj gchd				0	shape-known	C	Locate client feature and capture a journey.
Game	loi	6f0247a68475681f2ebdfd26d2febfab94315a9bcfa17198c616682b407d0919	1:string gchh; 2:int64 gchi; 3:log gchj				0	shape-known	C	Locate client feature and capture a journey.
Game	loj	18df6337ef615411e79e825c991b3577f6c7091edb62c0e25ab27ec232a4d496	1:int32 gchn; 2:int32 gcho				0	shape-known	C	Locate client feature and capture a journey.
Game	lol	b2c272472a6ecda33f30e9c0284664aa01a35df0ee61d953dac361df6e05d8e5	1:int32 gchs; 2:loj gcht; 3:laz gchu; 4:int32 gchv; 5:bool gchw; 8:loi gchx			S2C/push	1	shape-known	C	Verify the send against a client observation; no handler is inferred.
Game	lon	16f160fa705242bd8d33731721cd6f71789a3a46bc0662ad0317255a5eb8396a	1:int64 gcib; 2:int32 gcic; 3:lay gcid; 4:int64 gcie; 5:optional int32 gcif; 6:int32 gcih; 7:lol gcii; 8:lcf gcij; 9:lba gcik; 10:int64 gcil				0	shape-known	C	Locate client feature and capture a journey.
Game	lot	85f18706a420472c8902ee4a9d476adce5a484066e1725ad240f0a36773aedbf	1:int32 gcip; 2:optional int64 gciq; 3:loq gcis; 4:int32 gcit				0	shape-known	C	Locate client feature and capture a journey.
Game	lou	45c53485180e4d104649a4823af4a87ea4424d26d7f4c20d7fbbca03d3ef8a10	1:map<string, int64> gcix; 2:lcf gciy; 3:repeated lfx gciz; 4:lgl gcja; 5:laz gcjb; 6:optional int32 gcjc; 7:lnk gcje; 8:int32 gcjf	ffl::bebh | ffl::beci | ffl::db | ffl::dwt		S2C/push	1	shape-known	C	Verify the send against a client observation; no handler is inferred.
Game	lov	a8e539da2a2e40223289d6cadef0956e7d848e177da96c5049f571df45e73d98	1:int32 gcjj; 2:repeated bool gcjk; 3:int32 gcjl; 4:int32 gcjm; 5:int32 gcjn; 6:optional bool gcjo; 7:repeated int32 gcjq; 8:int32 gcjr; 9:optional bool gcjs				0	shape-known	C	Locate client feature and capture a journey.
Game	loy	60ee0b0e5b0d238b67c23acb13d7370261d425cf5bf5e478a0f1009571939b37	1:repeated lfx gcjx; 2:lgl gcjy; 3:lov gcjz			C2S/dispatch	1	mapped	C	Replay and verify validation, persistence and S2C ordering.
Game	lpa	b13ffdb1bb8e564caeab352dd24c54205781fd4050e1494b7b2ce1827741b398	2:bool gckd; 3:lba gcke; 1:lou gckf; 4:lot gckg; 5:loy gckh	ecw::eja | ecw::gfv | ecw::mtq | ecw::nmt	ecv (toca a 10 mensajes, y a éste sólo de refilón, a 2 saltos): StartGame		0	shape-known	C	Locate client feature and capture a journey.
Game	lpc	bcf09ac418aa9c5e7eba27abd453ae81523e8c0e2acd81169898b432d616dd2f	1:string gckm; 4:string gckn; 6:lhg gcko; 7:int32 gckp; 2:lpa gckq; 3:les gckr; 5:len gcks	bb::.ctor | ecw::eja | ecw::eks | ecw::gfv	ecv (toca a 10 mensajes, y a éste sólo de refilón, a 1 salto): StartGame		0	shape-known	C	Locate client feature and capture a journey.
Game	lpe	59665ad9ca6e2ab85bf04167769e7d8d5f84998f1b6bf0e9eb33886599012f9f	1:repeated bool gckx; 2:string gcky; 3:optional int32 gckz; 4:lpc gclb; 5:lon gclc; 6:ldt gcld	ehl+<WaitProcessMapComplementaryInfo>d__31::MoveNext | bb::.ctor | cf::mps | cf::ooa	ehl (toca a 25 mensajes): WaitForAddingObject, WaitForDroppingObjects, WaitProcessMapComplementaryInfo | fgv (toca a 65 mensajes): PrismAddOrUpdateStacked	S2C/push	1	shape-known	C	Verify the send against a client observation; no handler is inferred.
Game	lpg	cd05daad5803e8db462f7e1862adff217c440e448ae77fb5db98aeaa4f12f488	2:int64 gcli; 1:lpe gclj; 3:lpj gclk	ehl+<WaitProcessMapComplementaryInfo>d__31::MoveNext | bb::.ctor | cf::mps | cf::ooa	ehl (toca a 25 mensajes): WaitForAddingObject, WaitForDroppingObjects, WaitProcessMapComplementaryInfo | fgv (toca a 65 mensajes): PrismAddOrUpdateStacked		0	shape-known	C	Locate client feature and capture a journey.
Game	lph	2b8fd5dce320abc4e9154d73728401cc70ac60feb0fc8ec9553298c33a5d9cfa	1:int32 gclp; 2:int32 gclq				0	shape-known	C	Locate client feature and capture a journey.
Game	lpj	faadee29bc31464dbcf78db8d045cdd20b92f3422765713ff141865a36b9aac7	1:string gclu; 2:int32 gclv; 3:repeated int32 gclw; 4:lph gclx; 5:int32 gcly; 6:lba gclz; 7:int32 gcma	ecf::fiy | ecf::hbj | ecf::lsw | ecf::nkd		C2S/dispatch	1	mapped	C	Replay and verify validation, persistence and S2C ordering.
Game	lpk	3c50b81d7df35a5215be633584c9d6fa9016712f96fa3ed4317c594daa70dc30	1:int64 gcme; 2:repeated lns gcmf; 3:lbk gcmg; 4:bool gcmh; 5:repeated lns gcmi	gik::bkiy | gik::bkjh | gii::bkiy | gij::bkiy			0	shape-known	C	Locate client feature and capture a journey.
Game	lpl	2ae069905b1beacab9e8144257efe0e525b5c4e6c21d21fd705867c597f81a9f	1:lbl gcmm; 2:string gcmn				0	shape-known	C	Locate client feature and capture a journey.
Game	lpo	d47c1a5d63b6a536b1a2e05d149d507b8b711b324e25b1c17285d25e2bbed3fa	1:int64 gcmr; 2:lpm gcms; 3:string gcmt; 4:lgm gcmu	ih::bdf | ih::ist | ih::nlb | fft::begp	fgv (toca a 65 mensajes, y a éste sólo de refilón, a 1 salto): PrismAddOrUpdateStacked		0	shape-known	C	Locate client feature and capture a journey.
Game	lpp	f75bb930bb67f10a1fbf7935792f48c2da41e286028b715f27f216a4eb0c7e90	1:int32 gcmy; 2:int32 gcmz; 3:int32 gcna	eql::baze | eql::fqa			0	shape-known	C	Locate client feature and capture a journey.
Game	lps	0a4953684c6c7e1b673c5f3a34a896a3b49450f5a957496bcae37c8e454fca3c	1:lgl gcne; 2:lnx gcnf				0	shape-known	C	Locate client feature and capture a journey.
Game	lpt	d3e68595a1e975bef00055efcb1c99592dfd3d103eeba585afdbfe7c128eed94	1:repeated int32 gcnj; 2:repeated lnx gcnk; 3:optional string gcnl				0	shape-known	C	Locate client feature and capture a journey.
Game	lpu	31b7b5f51eabe454d1635db77668b2fe187cc709f12268212a526ecc52183393	1:lfe gcnq; 2:lnx gcnr; 3:lnx gcns				0	shape-known	C	Locate client feature and capture a journey.
Game	lpv	68bffe5eacbe53c0d7f3dcbe6c5a25133e931376407b0eb7a7e9c0176591ae5c	1:int64 gcnw; 2:lnx gcnx; 3:int64 gcny; 4:optional bool gcnz; 5:lgl gcob; 6:repeated int32 gcoc				0	shape-known	C	Locate client feature and capture a journey.
Game	lpx	b101f2e0f2d063014a091b16998e2fdbeb9855732bc0ea1b69ef5301ac5ad532	2:int32 gcog; 3:lpr gcoh; 4:int32 gcoi; 1:lpu gcoj; 5:lpv gcok; 6:lps gcol; 7:lpt gcom	iw::Update | ehl+<WaitProcessMapComplementaryInfo>d__31::MoveNext | ehl::mwq | ehl::nry	ehl (toca a 25 mensajes): WaitForAddingObject, WaitForDroppingObjects, WaitProcessMapComplementaryInfo		0	shape-known	C	Locate client feature and capture a journey.
Game	lpy	7cd8cdb7424d62689f160045fff2f973bc2e45d09f13ddb6f5eb1c9e42e17272	1:int32 gcor; 2:int32 gcos				0	shape-known	C	Locate client feature and capture a journey.
Game	lpz	b63367e116cc209e13da5c22f1ae60258fd3772dcb38e99165ea0a8a8fba5905	1:int32 gcow; 2:int32 gcox				0	shape-known	C	Locate client feature and capture a journey.
Game	lqb	2a358a48b9b78354ab23dd5e0708e8a560488c21952294d8e1f60f8c09120521	1:bool gcpc	eag::cha | eag::cod | eag::mpj | eag::urv			0	shape-known	C	Locate client feature and capture a journey.
Game	lqc	020805a952d791814bfb94df330ca544244ac405bbf9373549a0d3d6a56d0d27	1:int32 gcpg; 2:int64 gcph	gjy::bknh	gjy (toca a 2 mensajes): ChannelActive	C2S/dispatch	1	mapped	C	Replay and verify validation, persistence and S2C ordering.
Game	lqd	74938f4dcf01844f0c59acfbcac57e45fed30929f9e0f570b0f417864b17b2f4	1:int32 gcpl	ees::duz | ees::fis | ees::wur			0	shape-known	C	Locate client feature and capture a journey.
Game	lqe	b1010301e1d862684634ede3d65040d76ab6a87838e6bcfe95d4a4556b40f32e	1:string gcpp; 2:int32 gcpq; 3:lay gcpr; 4:string gcps; 5:bool gcpt; 6:bool gcpu; 7:int64 gcpv; 8:int32 gcpw; 9:int64 gcpx; 10:lbb gcpy; 11:len gcpz; 12:les gcqa; 13:int32 gcqb; 14:string gcqc	hbb::bnhs | hbr::bnnz	hbr (toca a 10 mensajes): InfoMetadata		0	shape-known	C	Locate client feature and capture a journey.
Game	lqf	e3327222ba0d2a269b4f015a9bacd9c8e3b4ad59ffc68bca7c4f9894c988a155	1:bool gcqg; 2:int32 gcqh	ekw::dlo | ekw::zdq	ekw (toca a 4 mensajes): ShowDelay, StopLatencyTimer		0	shape-known	C	Locate client feature and capture a journey.
Game	lqg	a8d8b15112e496cc919857e92d91ebb531ceb057329e0e99ff84d2f399d4b300		gjy::bknh	gjy (toca a 2 mensajes): ChannelActive		0	shape-known	C	Locate client feature and capture a journey.
Game	lqj	8c2fda98549692842644a2ae6437f8718571984587893f85629831f0e3ffcf42	1:int64 gcqo; 2:lqh gcqp; 3:int64 gcqq	hbb::bnhu | hbb::glm			0	shape-known	C	Locate client feature and capture a journey.
Game	lqn	b3d24705cf188c6e5a889987a794cc0295a6329b5124405dc18cef9955df3dfc	1:lqk gcqu; 2:int32 gcqv; 3:lql gcqw; 4:repeated string gcqx	hbb::bnhn | hbb::dpt | hbb::eis | hbb::jmf	hbr (toca a 10 mensajes): InfoMetadata	S2C/push	2	shape-known	C	Verify the send against a client observation; no handler is inferred.
Game	lqo	cf91878a4c3a4858bab23c44ac8278ffa57aaa600042ffe584165ef689712057	1:int64 gcrb; 2:int32 gcrc				0	shape-known	C	Locate client feature and capture a journey.
Game	lqq	947e029466ceafba177e1cf595e63c878ce03850e774368911f70fe1871cc42e	1:lqo gcrg; 2:int32 gcrh; 3:int32 gcri; 4:int32 gcrj	hbb::bnhr | hbb::ojj | hbr::bnny	hbr (toca a 10 mensajes): InfoMetadata		0	shape-known	C	Locate client feature and capture a journey.
Game	lqr	4e4e0204c4d852d6a031f429cd1b48f96c978a8e869af4c5ed9bf3f991c8776f	1:int64 gcrn; 2:int64 gcro	gie::bkii			0	shape-known	C	Locate client feature and capture a journey.
Game	lqs	27ff39afb57c582ec7b686ddfc5d9c0a469910f1fa814d6aeb0f4e69443ef0f1	1:repeated string gcrs; 2:bool gcrt; 3:int32 gcru; 4:repeated string gcrv	dyx::giw | dyx::hpe | dyx::jbx | dyx::uis			0	shape-known	C	Locate client feature and capture a journey.
Game	lqt	d49e1b916c4567716ba747d9084b0957de5e1681a595aca0500980763c611739		ekw::dlo | ekw::zdq	ekw (toca a 4 mensajes): ShowDelay, StopLatencyTimer		0	shape-known	C	Locate client feature and capture a journey.
Game	lqu	d9521d55cd464104cbdb58c3237fa1ded77b850f365d8779fadd38b99daf2f7d	1:int32 gcsc; 2:int64 gcsd; 3:int32 gcse	elc::kpj | elc::nsq | elc::zgi	elc (toca sólo a éste): TimeSpanExtended, DurationInfos	C2S/dispatch, S2C/push	3	mapped	C	Replay and verify validation, persistence and S2C ordering.
Game	lqv	55b05bf5ee32d157f25690a6add7bd899c944a069a9dc7187d4dc5783793fcdb					0	shape-known	C	Locate client feature and capture a journey.
Game	lqw	f147e732c57ae21c8be87940b064783ae03db011a5c0c78316f7d65ba14de198	1:bool gcsl; 2:lgf gcsm; 3:bool gcsn	eag::cpn | eag::dxe | eag::ked | eag::ntf	hba (toca a 3 mensajes): FlushCachedMessage		0	shape-known	C	Locate client feature and capture a journey.
Game	lqx	4f6f48695dad9cc2582c291fa082707a662c84388eb7d0bab4346cee4c8218f5	1:lgf gcsr; 2:lgf gcss; 3:map<string, int64> gcst	hbb::bnht | hbb::ijd | hbb::lww | hbr::bnob	hbr (toca a 10 mensajes): InfoMetadata		0	shape-known	C	Locate client feature and capture a journey.
Game	lrc	5d3fa7eff0e40a154efed013b6dbc99f440938b0aa765c004f4397d318c53d0e	1:lra gcsy; 2:lqz gcsz; 3:repeated int32 gcta	egx::hfb | egx::xsc			0	shape-known	C	Locate client feature and capture a journey.
Game	lrd	144cb54c97a3809e34e296ae12e71b31fc9baf917f820b3acd0066ad465817ac		ebh+<RefreshKey>d__49::MoveNext | ebh::uzr	ebh (toca sólo a éste): AskAccessToken, CheckApiKeyValidity, RefreshKey		0	shape-known	C	Locate client feature and capture a journey.
Game	lre	79e07f67e1202c29a3b98df49652e496389c04e2a486aa848ff31746d8f57d0a	1:string gcth	egw::for | egw::mvp | egw::xrp			0	shape-known	C	Locate client feature and capture a journey.
Game	lrf	6113cad7d41e7d4bcfab34765cf7aebea53e4248438313de1c55decc99f12862		egw::dez | egw::ibs | egw::xrs | egx::hfb			0	shape-known	C	Locate client feature and capture a journey.
Game	lrg	423a836ee3e19359fc496e72480cae3fd5be566e11b56865f9a216efd23f6719	1:repeated lrt gcto	egx::dz | egx::hmc | egx::xrx			0	shape-known	C	Locate client feature and capture a journey.
Game	lrk	8f103ef830b5beeb83a40582a08f1b8934c529ea6faad53235db9b7745407c7e	1:int64 gcts; 2:lri gctt; 3:lrh gctu	egw::gde | egw::hoj | egw::izu | egw::krs			0	shape-known	C	Locate client feature and capture a journey.
Game	lrl	225741c6adf419e6c04d89c3d21175e1a34163862b6c22c96f4d6e4df046af02	1:string gcty	ebg::bp | ebg::dtm | ebg::uyv			0	shape-known	C	Locate client feature and capture a journey.
Game	lrm	5c08feabfaae657b57f45431549d46d20d514729117af6ed03131c2e887243a2	1:int64 gcuc; 2:lqz gcud; 3:int32 gcue; 4:int64 gcuf	egw::cmg | egw::jhe | egw::xrq			0	shape-known	C	Locate client feature and capture a journey.
Game	lrn	ad8fc5e55006dd955a20ea5dd7eea1af0ba260bb0dcced6976c526403303d7b2	1:int64 gcuj; 2:lrc gcuk; 3:string gcul	egx::kz | egx::mp | egx::myu | egx::xsb			0	shape-known	C	Locate client feature and capture a journey.
Game	lro	a64a97c831bdb1004cb754b2733e8c9e9c3fcb43fdad0ab5fb50e73c8cc8b7ba	1:map<int64, int32> gcup				0	shape-known	C	Locate client feature and capture a journey.
Game	lrr	6a1468376ba19474470d6363931ed1d687a327047dca56d72dd3049bdc478391	1:lrp gcut	egw::dis | egw::xrr			0	shape-known	C	Locate client feature and capture a journey.
Game	lrs	a986bfbe8b5c44e4590ac066191cfca09d33ce2f801c070f25aaceeb8a4213bc	1:int64 gcux; 2:string gcuy; 3:lqz gcuz; 4:int64 gcva; 5:int32 gcvb	egx::cvq | egx::kcu | egx::nkg | egx::nmf			0	shape-known	C	Locate client feature and capture a journey.
Game	lrt	01ff3ceba0f3e254a8b9ec91a61cf2c86b7b6ba880a69c71c2b383c400b7bb06	1:int64 gcvf; 2:int64 gcvg; 3:repeated bool gcvh				0	shape-known	C	Locate client feature and capture a journey.
Game	lru	38e325f6dc6f5096328c702bf108ad379d111cc5e07eee564dd2b1d82006df8f	1:string gcvl	ebg::fxe | ebg::hds | ebg::mbm | ebg::uyw			0	shape-known	C	Locate client feature and capture a journey.
Game	lry	c9d15714b350589796b3435fb10a3b1c8ab8f8fffd9c78e8cdb4b48251941415	1:map<string, int64> gcvq; 2:int32 gcvr				0	shape-known	C	Locate client feature and capture a journey.
Game	lsa	db91ec17274cf238291aae1fd22f798d0991376e4885b59cda2f6dd1bfac02ae	1:int64 gcvv; 2:lry gcvw; 3:bool gcvx				0	shape-known	C	Locate client feature and capture a journey.
Game	lsb	d9c5a2f65750df11e8906a104b2ee0cfa506033216b0b3882d91a2d179c5c1ee	1:int64 gcwb; 2:int64 gcwc; 3:string gcwd				0	shape-known	C	Locate client feature and capture a journey.
Game	lsd	a1cb09f76c8547d67fe0f6cdc652ad9ae11181e280e19ef8d4e481c56923ed03	1:string gcwh; 2:lrw gcwi; 4:lfe gcwj; 3:lsa gcwk; 5:lsb gcwl	ees::cdz | ees::dml | ees::wuu			0	shape-known	C	Locate client feature and capture a journey.
Game	lse	db0daa35af00dd662d85c7a63c821f64133eac514d4959617d1dba61c2419111	1:lrw gcwq; 2:lrw gcwr	ees::efp | ees::ggi | ees::wut			0	shape-known	C	Locate client feature and capture a journey.
Game	lsh	b70d29102803e0c4c95205158f4e65ee91cbefdf670095cf1aed8b99e201b23a	1:int32 gcww; 2:int32 gcwx; 3:repeated int64 gcwy	fff::bdyz | fff::crt | fff::fbb | fff::hoq			0	shape-known	C	Locate client feature and capture a journey.
Game	lsi	6aa74e84bcd3462c8ff25275755e8d0b0be10186cfa9601316cedca9d9e38400	1:int64 gcxc	fff::bdyu | fff::bqq | gie::bkii			0	shape-known	C	Locate client feature and capture a journey.
Game	lsl	3ae3c6dfee12966306c88a748d6b11b253b5d70a9cff149ac34d721cb8650792	1:bool gcxg; 2:int64 gcxh; 3:int32 gcxi; 4:int32 gcxj; 5:lsj gcxk; 6:int32 gcxl	fff::bdzi | fff::ena | fff::enz | fff::fyd			0	shape-known	C	Locate client feature and capture a journey.
Game	lsm	affebfbed5ee07bd6b3a722a82895c18d203c73a3b38141ae16bf37658f5528d	1:lsg gcxp	fff::bdyt | fff::dvs | fff::gzq | fff::hob			0	shape-known	C	Locate client feature and capture a journey.
Game	lsp	72e085644740525f77f1bb2c4167dd4ff32c9e1767dd6d809ea7341b7127a1ea	1:lsn gcxt; 2:bool gcxu	flu::bgju | flu::lqe | flu::ndx			0	shape-known	C	Locate client feature and capture a journey.
Game	lsq	56e83735659b4fc23817617952acd3b8eeb88fdec717feea40a121c25dfd4d3d	1:bool gcxy; 2:int32 gcxz; 3:int32 gcya; 4:int32 gcyb; 5:int32 gcyc	flv::bgjx | flv::dbo | flv::ngw			0	shape-known	C	Locate client feature and capture a journey.
Game	lsr	11b1b7be41f26598d60e7b05e545aace660313604e32eb759af89909fdce6ca3					0	shape-known	C	Locate client feature and capture a journey.
Game	lss	f7fe9ca1c6d8cbacaff5c1661a8b3866d5d7a43d9af626dc67edbb67b2ede696		flv::bgka			0	shape-known	C	Locate client feature and capture a journey.
Game	lst	a6ee1f1c71b6ebb6f0334f312287f432654f2f0dd13e91bd3b469eb025eb3938	1:int32 gcym; 2:string gcyn; 3:repeated int32 gcyo; 4:string gcyp	eat::enj | eat::hii | eat::js | eat::kev			0	shape-known	C	Locate client feature and capture a journey.
Game	lsx	2094f5ce7f66dfed72b84d3c93d1823b82582cf55885122be81966c4b883e6c7	1:bool gcyt; 2:lsv gcyu; 3:lsu gcyv; 4:lsg gcyw	fff::bdyy			0	shape-known	C	Locate client feature and capture a journey.
Game	lsy	ceb6afd4350b9f39199cfe627ce19099bc2f68cd96222183ad52450b65687c89	1:repeated string gcza; 2:repeated string gczb; 3:optional int32 gczc	fff::bdzj		S2C/push	1	shape-known	C	Verify the send against a client observation; no handler is inferred.
Game	lsz	eda4b2da2211fb99c78b7e010f2772e62c0daf3cee3c274a58fafaf825a41c2d	1:bool gczh; 2:optional string gczi; 3:optional string gczk; 4:int32 gczm	fff::bdzb | fff::clk | fff::hja | fff::jwn			0	shape-known	C	Locate client feature and capture a journey.
Game	ltb	b77bad2d1746c1ac81d5270aabe97499f119f2267457c3e6cbfff15e03cba79b	1:lsg gczq; 2:lsz gczr; 3:bool gczs				0	shape-known	C	Locate client feature and capture a journey.
Game	ltd	d34e0173c91f751c75923e66141b79a4cfa8cfb88de9ab2f4b6c9d23200718f3	1:repeated ltb gczw	fff::bdzb | fff::clk | fff::hja | fff::jwn			0	shape-known	C	Locate client feature and capture a journey.
Game	lte	a7848c102b96947e328afc79ee215d90a7c81e3a004b4777cf49dc9cf30d6497		ees::fwg | ees::gab | ees::gkk | ees::wvg			0	shape-known	C	Locate client feature and capture a journey.
Game	ltf	8071b7666c5bce8e14b420479c60ce44c1dda509515f10a737f0d25137977d4d	1:bool gdad	flu::bgjt | flu::dij			0	shape-known	C	Locate client feature and capture a journey.
Game	ltg	0a10ea6e3f828b1677e279d178b9b55ba5b8ad7df4d2a34b6327fc5b5bf0bf3e		fjt::bfuv			0	shape-known	C	Locate client feature and capture a journey.
Game	lth	9bb6e7803a474b6ce92b932785629bcbb9f3c264d853a82e56c8902669c77f65	1:bool gdak; 2:bool gdal	fff::bdza | fff::hej | fff::olq			0	shape-known	C	Locate client feature and capture a journey.
Game	ltk	0c8ca4cebc3ccef38306b000a2a12b7f594d4fb855bcabbc967108060e99c34c	1:int64 gdap; 2:int32 gdaq; 3:lti gdar; 4:bool gdas; 5:int64 gdat	fff::bdzc | fff::fjp | fff::jkf | fff::mhh		S2C/push	1	shape-known	C	Verify the send against a client observation; no handler is inferred.
Game	ltl	95b573266fde1d757d88129c898bc8894e53ee729190bb7ca57a5e0a7c22c6cf	1:lsg gdax	fff::bdzk | fff::ggg | fff::gqp | fff::ily			0	shape-known	C	Locate client feature and capture a journey.
Game	ltm	9a28b59a290800a7c9332d4c188d831ac802b59597ad38377a945a4d38ba6563	1:bool gdbb; 2:bool gdbc; 3:bool gdbd; 4:bool gdbe	flv::bgjv | flv::cvn | flv::lad | flv::mif			0	shape-known	C	Locate client feature and capture a journey.
Game	ltn	7d674466f6cabd8329c030e6d3ef32fff06dd1cfd80b77f6b629b86436678929	1:bool gdbi; 2:bool gdbj	flv::bgjz			0	shape-known	C	Locate client feature and capture a journey.
Game	lto	3b7c8d409d6f027ac03a0d18b420771732b2703a4f5d03b55fc94fc0947c170b		flv::bgjy			0	shape-known	C	Locate client feature and capture a journey.
Game	ltq	415742e7512c0532def503dcb509d1a4d120a518765bd63a91e234c3a4b82e92	1:repeated int64 gdbq; 2:optional string gdbr; 3:bool gdbt; 4:optional string gdbu; 5:bool gdbw; 6:bool gdbx; 7:map<string, string> gdby; 8:optional int64 gdbz				0	shape-known	C	Locate client feature and capture a journey.
Game	ltr	88aa90febbe6e52c5942f5ab3fd4ec4a7b86d0e691104fc9a5dabbb1189bff0a	1:bool gdce; 2:repeated string gdcf				0	shape-known	C	Locate client feature and capture a journey.
Game	ltu	39891d4ff3c1bfb30f17492725f85fa4f7158c6b353e04bfce1f6176934d8033	1:int32 gdcj; 2:int32 gdck; 3:lts gdcl; 4:int32 gdcm				0	shape-known	C	Locate client feature and capture a journey.
Game	ltw	55106fca16e9d766da2dfca2b9ef1248fcdd00191a334d1d612bc616b1d0ec56	1:lsg gdcq; 2:int32 gdcr; 3:int32 gdcs; 4:int32 gdct; 5:int32 gdcu; 6:int32 gdcv; 7:int32 gdcw; 8:ltu gdcx; 9:ltr gdcy; 10:int32 gdcz	oa::.ctor | fff::bdzd | fff::fbg | fff::jxi			0	shape-known	C	Locate client feature and capture a journey.
Game	lty	b0fb08ee63ab2dbe7ebe7c6f85de915574e5c94a083a5b9f3317718e978b8e48	1:repeated ltw gddd; 2:string gdde; 3:repeated ltw gddf; 4:ltq gddg; 5:ltp gddh	fff::bdzd | fff::fbg | fff::jxi | fff::oex			0	shape-known	C	Locate client feature and capture a journey.
Game	lua	bc45cc2907c46c1fe1dbd31a62f12cdf605fc6cbf7c783b36004b44eb33f4481	1:optional int64 gddl; 2:int64 gddn; 3:bool gddo				0	shape-known	C	Locate client feature and capture a journey.
Game	lud	54607c366a687ea43fb79b98c00acd93e2c807fa6bc0d0c7bf15caf36241e1ac	1:lub gdds				0	shape-known	C	Locate client feature and capture a journey.
Game	lue	5c3664e1caf97b4c4aeef883510b504347c25ec6f8c46954db0ce9a361ddd175					0	shape-known	C	Locate client feature and capture a journey.
Game	luf	5a8fe892ad6e9f3d69dfd06f265fd6a0f292dad7c809be874c33a18e8ae0f4f0	1:int32 gddz; 2:repeated int64 gdea; 3:int32 gdeb				0	shape-known	C	Locate client feature and capture a journey.
Game	lug	f433f5fb71d30f7ac922e510ae4d49bd245cd2fd201794a0911287dc1f6f50be					0	shape-known	C	Locate client feature and capture a journey.
Game	lui	fea2a7ce947828c802bb9f1bb470cd22104dc280960a4555d18b4fa652017b8f	4:lua gdei; 1:lue gdej; 2:lud gdek; 3:luf gdel; 5:lug gdem	flv::bgjw | flv::ert | flv::lhf | flv::ocd			0	shape-known	C	Locate client feature and capture a journey.
Game	luk	ae86a793eeae08217fa82a26d78f829d3fe77fc11006b55254c232a4676a08d8					0	shape-known	C	Locate client feature and capture a journey.
Game	lun	17c2a51ae9cd4f2918b5a052010920f883bfe022aade5cfd623883a14acafa0c	1:lul gdeu				0	shape-known	C	Locate client feature and capture a journey.
Game	luo	67f6d675c5e966693263e18ad8dca36de367f8b3d9e56dd938e682cfbff1fd18	1:optional int32 gdey; 2:int64 gdfa; 3:int32 gdfb; 4:int32 gdfc				0	shape-known	C	Locate client feature and capture a journey.
Game	luq	e617ee0e72bdb7cc3f944fb63f03b1dc6999c804747347e1b74fdcb39713e208	1:luo gdfg; 2:int32 gdfh			S2C/push	2	shape-known	C	Verify the send against a client observation; no handler is inferred.
Game	lur	f8672a1475ee7e157250ddaafd72b7eb703c4ab2956298af9bfc4fd081f7902c					0	shape-known	C	Locate client feature and capture a journey.
Game	lus	8de0eb1fa3da090ddd167b7326a5c684c5a1cda8f0c4d925159ecfa2d65aea81	1:string gdfo				0	shape-known	C	Locate client feature and capture a journey.
Game	luu	1d0e75e93909362cefa0cdb1a9a14c59676085a1dabd88ddc05d2da1431a299f	1:lun gdfs; 2:lus gdft; 3:luq gdfu; 4:lur gdfv; 5:luk gdfw	flv::bgjw | flv::ert | flv::lhf | flv::ocd			0	shape-known	C	Locate client feature and capture a journey.
Game	luw	cec6d42c0926200a6b0519a4e1efa33e7ce3e411e23ec57e2dcb01ea31f27493	1:bool gdgb; 2:bool gdgc; 3:lui gdgd; 4:luu gdge	flv::bgjw | flv::ert | flv::lhf | flv::ocd			0	shape-known	C	Locate client feature and capture a journey.
Game	lux	056cff66e8c3b49b13b969353b2c7e7b939fab9048de29f9ead5afdc220c7d5c		fff::bdyw | fff::ccu | fff::csk | fff::ipv			0	shape-known	C	Locate client feature and capture a journey.
Game	luy	39cd267a05019e70d3f5e2dcd9aef34f5db3bd3711711e2b91982f59340ed228	1:map<string, string> gdgl; 2:bool gdgm	fff::bdyv | gie::bkii		S2C/push	2	shape-known	C	Verify the send against a client observation; no handler is inferred.
Game	lva	c0cf2eccf8932e105fb827a5359a9266ad30ec5a59d8b6f50991c475e701378e	1:repeated int32 gdgr	enw::bads | enw::bow | enw::dhe | enw::fmi		S2C/push	1	shape-known	C	Verify the send against a client observation; no handler is inferred.
Game	lvb	c0811d0f5bb3e49182cbb6d8ea1f82ff3c3c4c7dbbb4be754184985996408080	1:int32 gdgv; 2:repeated int64 gdgw	ehl::onq | ehl::xwy | fka::bfxq | fka::clb	ehl (toca a 25 mensajes): WaitForAddingObject, WaitForDroppingObjects, WaitProcessMapComplementaryInfo		0	shape-known	C	Locate client feature and capture a journey.
Game	lvd	6cfa6e6faecf13c6fc6166dd1e933857a0b66ca91101db9b5bede766b24e24f6	1:repeated int32 gdhb; 2:repeated int32 gdhc	Core.UILogic.Inventory.Uis.PlayerInventory.ColorSet::.ctor | eql::bazv | eql::bbab | eql::blp	Core.UILogic.Inventory.Uis.PlayerInventory.ColorSet (toca sólo a éste): ToList, op_Equality, op_Inequality, GetBaseColor, originalColor1, originalColor2, originalColor3, originalColor4, originalColor5, originalColor6 | eqq (toca a 76 mensajes, y a éste sólo de refilón, a 1 salto): PresetListEventWhenCharacterInfo, RefreshTagsWhenContentReceived		0	shape-known	B	Locate client feature and capture a journey.
Game	lvf	5713675b4d9f1ac54f3bd8118548df375b5b1dfa9bfdfa957b0b98c5eb8cb2df	1:int32 gdhg; 2:repeated int32 gdhh; 3:int32 gdhi				0	shape-known	C	Locate client feature and capture a journey.
Game	lvg	92e076ed0ad32c63b1ca48917b1ca0add6e82d2bb1b583c628556a0e84c031ad					0	shape-known	C	Locate client feature and capture a journey.
Game	lvi	14cf8407a116bccd4fbbe25219663d316235d95a58655f1135225e96ba6b9f84	1:lvf gdhp; 2:lvf gdhq; 3:lvg gdhr	eqq::bbex | eqq::kgw | eqq::kzn | eqq::ord	eqq (toca a 76 mensajes): PresetListEventWhenCharacterInfo, RefreshTagsWhenContentReceived		0	shape-known	C	Locate client feature and capture a journey.
Game	lvl	50739fe29c5b12200eef66ebe4ac25e7fd57440d976fedb1a3180bb3ffc69646	1:int32 gdhw; 2:repeated int32 gdhx; 3:lvj gdhy	eql::bbaf | eql::noz			0	shape-known	C	Locate client feature and capture a journey.
Game	lvm	719ab18d912575b41e8af4154e33722f27c9899180cc804bcb8c8752a94a1b61	1:repeated string gdic; 2:int32 gdid; 3:repeated string gdie; 4:bool gdif; 5:int64 gdig; 6:int32 gdih; 7:repeated int32 gdii; 8:optional bool gdij				0	shape-known	C	Locate client feature and capture a journey.
Game	lvo	6fe0b777cf9646d4f5ab2f562eaa7a4fbb45ce4ee423dd4b7e00dbbad7315fcd	1:lvm gdio				0	shape-known	C	Locate client feature and capture a journey.
Game	lvp	ea0a3093bc3a6bed5f75abd4c428a88224d65a12070a11bca3538eea1d1b6db3	1:repeated int32 gdis	eql::bbaf | eql::noz			0	shape-known	C	Locate client feature and capture a journey.
Game	lvq	d2ad0d6c263a1bb439d7977b8bdc62f50656f319fa61885f25d069fdf9c37b8b	1:int32 gdiw; 2:repeated int32 gdix; 3:string gdiy; 4:lba gdiz; 5:int32 gdja	fqb::bhqx | fqb::juv			0	shape-known	C	Locate client feature and capture a journey.
Game	lvr	4118336f08d288d79ab26d6e75b5da426d27920f716dabc9f95f058a0b2c6227	1:int32 gdje; 2:repeated int32 gdjf	eqq::bbfa | eqq::ept | eqq::kxe	eqq (toca a 76 mensajes): PresetListEventWhenCharacterInfo, RefreshTagsWhenContentReceived		0	shape-known	C	Locate client feature and capture a journey.
Game	lvs	caf961c66aa0d56945b9c485b67babcb9240e1a44227ed2b49d5e9ac03b137e1	1:int32 gdjj; 2:int32 gdjk; 3:repeated lvd gdjl; 4:int32 gdjm				0	shape-known	C	Locate client feature and capture a journey.
Game	lvt	49fbf77bf16b902b5655d22977b2f7d5116105cbaf2a2f439909020ee0c88ee9	1:bool gdjq; 2:map<int32, string> gdjr				0	shape-known	C	Locate client feature and capture a journey.
Game	lvv	5116226ce20cc6508a954a88765331dac095bbb646837046a983958dd8ffd49e	1:lba gdjv; 2:lhg gdjw; 3:lvt gdjx; 4:bool gdjy; 5:lba gdjz; 6:string gdka	fqb::bhqw			0	shape-known	C	Locate client feature and capture a journey.
Game	lvw	86d7438fdcb740ac1a0f8c597fcdaf4b41ee51a25f311e638751b1ab2f648c90	1:string gdke	fqb::bhsk | fqb::dsm | fqb::ghn | fqb::mgz			0	shape-known	C	Locate client feature and capture a journey.
Game	lvx	2399f62f2c8b33232a43078998c9051d70efd33faee45db0dff139bdc26788db	1:map<bool, int32> gdki; 2:int64 gdkj; 3:int64 gdkk; 4:bool gdkl; 5:map<int32, int64> gdkm; 6:int64 gdkn; 7:repeated bool gdko; 8:string gdkp; 9:optional int64 gdkq				0	shape-known	C	Locate client feature and capture a journey.
Game	lvz	29ffe600bcdaf8991f74bbeeeb9717720ef157094260b6a4d51c14a02da826e5	1:lvx gdkv; 2:lvs gdkw				0	shape-known	C	Locate client feature and capture a journey.
Game	lwa	3d2459dad88bac714d30a3695aea6a04163c5bed30124050bc1598af0d303b4e	1:int32 gdla; 2:repeated int32 gdlb; 3:repeated int32 gdlc; 4:int32 gdld				0	shape-known	C	Locate client feature and capture a journey.
Game	lwb	f9dd787f7d0bafa5939f52d3172b094188662474e7d7e1cc615addbaaca7d5bd	1:string gdlh; 2:lba gdli; 3:int32 gdlj; 4:int32 gdlk; 5:lhg gdll	fqb::bhqv		S2C/push	1	shape-known	C	Verify the send against a client observation; no handler is inferred.
Game	lwc	f392b9d9a893115e8f2fd2c278f2a11f41413419d0b55b06c76a105a353dce24	1:lvs gdlp	eqq::bbey | eqq::fta | eqq::hux | eqq::ivo	eqq (toca a 76 mensajes): PresetListEventWhenCharacterInfo, RefreshTagsWhenContentReceived		0	shape-known	C	Locate client feature and capture a journey.
Game	lwd	65cf364e525c51d5222791ceb43effc78989efd6b367c177aff767a5e189e58f	1:kuu gdlt; 2:string gdlu	fqb::bhqu | fqb::bhsi | fqb::ccz | fqb::ndz			0	shape-known	C	Locate client feature and capture a journey.
Game	lwe	69cf0ee9b2e1f5fdf16eee5fb0327efde0954d30c707c0058118352f95fdbea6	1:int32 gdly; 2:int32 gdlz; 3:lba gdma; 4:int32 gdmb; 5:string gdmc; 6:repeated int32 gdmd	fqb::bhqx | fqb::juv			0	shape-known	C	Locate client feature and capture a journey.
Game	lwk	658b0aa0921a20ce209c725d63e6fc7d4a61f41cf59b140b5d779dbca1f4c71d	1:int32 gdmi; 2:int32 gdmj; 3:int32 gdmk; 4:string gdml; 5:int32 gdmm; 6:lvd gdmn	eql::bbab | eql::blp | eql::gzk | eql::hjn			0	shape-known	C	Locate client feature and capture a journey.
Game	lwl	d9af5321481ad3f4bfbec35bda6a2fd8438b4ca6a3ccadcf1c762f6610bdc342	1:int32 gdmr	eql::bazu | eql::epk			0	shape-known	C	Locate client feature and capture a journey.
Game	lwm	7b5223d52c1b8c43fa6a345d1da0887ccb4bdcfad336f8fafa77a8dff45acb96	1:int32 gdmv; 2:optional int32 gdmw; 3:optional int32 gdmy	eql::bazx | eql::fce | eql::jap		C2S/dispatch, C2S/read	2	mapped	C	Replay and verify validation, persistence and S2C ordering.
Game	lwn	69fe88ff29419247550aaeddf45e6359ccb6a03056c40bf333ac7f389576f561	1:map<bool, string> gdnd; 2:bool gdne	eqq::bbfy	eqq (toca a 76 mensajes): PresetListEventWhenCharacterInfo, RefreshTagsWhenContentReceived		0	shape-known	C	Locate client feature and capture a journey.
Game	lwq	3201023bba9cdd9c645324df73ca65ffc72ed634caf9c355ff6d88cc233f43ed	1:lzc gdni; 2:lwo gdnj	eqq::bbew	eqq (toca a 76 mensajes): PresetListEventWhenCharacterInfo, RefreshTagsWhenContentReceived		0	shape-known	C	Locate client feature and capture a journey.
Game	lwr	1835f0be1813295d6a7be170ad16bac2d6af7b0f1d0cb45c86da23d87fe89061	1:repeated string gdnn; 2:optional int32 gdno; 3:repeated bool gdnq; 4:bool gdnr; 5:repeated int32 gdns; 6:int64 gdnt				0	shape-known	C	Locate client feature and capture a journey.
Game	lwt	c851e782a18553aa26ac8f43c5c78d3fa7fd3227e7be1ca63183cf79f305cc59	1:repeated int32 gdnx; 2:lwr gdny; 3:repeated int32 gdnz; 4:repeated int32 gdoa; 5:repeated int32 gdob; 6:repeated llk gdoc	eqq::bbhb | eqq::etk | eqq::lnj | eqq::nmc	eqq (toca a 76 mensajes): PresetListEventWhenCharacterInfo, RefreshTagsWhenContentReceived		0	shape-known	C	Locate client feature and capture a journey.
Game	lwu	91b45c1c5bfb6780b3e9e132ee3703e206db855069c2b4356a19628a867b516d	1:int32 gdog; 2:int32 gdoh	eql::bazt | eql::cph | eql::fue | eql::lkx			0	shape-known	C	Locate client feature and capture a journey.
Game	lwv	d18f4d243e7d6b9cd2a4c3484afe3351e4eec66dbf20c52b22468fa1e9abfe30	1:bool gdol	Core.UILogic.Inventory.Uis.PlayerInventory.CosmeticUi::OnClickHarnessColorable	Core.UILogic.Inventory.Uis.PlayerInventory.CosmeticUi (toca a 5 mensajes): storageInventory, m_isCenteredByDefault, m_canTakeFocus, m_usingWeapon, customEscapeBehavior, SetSortTypeWithoutNotify, sortType, currentTab, GenerateTabs, GetTab, OpenTab, UpdateCurrentTab		0	shape-known	B	Locate client feature and capture a journey.
Game	lww	e37534f514ce5ad830e6a02f9dad2fd604e6f052e5a53d77405a4f9a25ddabdc	1:lwj gdop	Core.UILogic.Inventory.Uis.PlayerInventory.CosmeticUi::OnDraftToggle | eql+eqi::bayo | eql+eqi::iwo | eql::bazp	Core.UILogic.Inventory.Uis.PlayerInventory.CosmeticUi (toca a 5 mensajes): storageInventory, m_isCenteredByDefault, m_canTakeFocus, m_usingWeapon, customEscapeBehavior, SetSortTypeWithoutNotify, sortType, currentTab, GenerateTabs, GetTab, OpenTab, UpdateCurrentTab		0	shape-known	B	Locate client feature and capture a journey.
Game	lwx	b1a50198eae8705ecd92aaff5feded8d0367abac418658db811753ec4ada34af	1:bool gdot	eqq::bbfw	eqq (toca a 76 mensajes): PresetListEventWhenCharacterInfo, RefreshTagsWhenContentReceived	S2C/answer	1	shape-known	C	Verify the send against a client observation; no handler is inferred.
Game	lwy	997d0a9b08df05ae1001193a1ee4623ad8981c546eb69559a1548899904b26b0	1:bool gdox	eqq::bbgi | eqq::edf	eqq (toca a 76 mensajes): PresetListEventWhenCharacterInfo, RefreshTagsWhenContentReceived		0	shape-known	C	Locate client feature and capture a journey.
Game	lwz	96d6a0e677102b32b5d3c948649b71fe460a87cc3593ae85020cb7003908fe7f	1:bool gdpb; 2:optional lwh gdpc; 3:optional lwh gdpe	eqq::bbge	eqq (toca a 76 mensajes): PresetListEventWhenCharacterInfo, RefreshTagsWhenContentReceived	S2C/answer	1	shape-known	C	Verify the send against a client observation; no handler is inferred.
Game	lxa	71f46619f6084a886f939195ce4b43c59e993fed8c37bebb9eaad69e13a15200	1:bool gdpj; 2:bool gdpk	eqq::bbgc | eqq::gzf	eqq (toca a 76 mensajes): PresetListEventWhenCharacterInfo, RefreshTagsWhenContentReceived	S2C/answer	1	shape-known	C	Verify the send against a client observation; no handler is inferred.
Game	lxb	daea3cccb7439438eabc7ca6d2cd74ee494942f95c3da9558726e31b5356bb11	1:bool gdpo; 2:string gdpp; 3:lzc gdpq	eqq::bbgk | eqq::mzp	eqq (toca a 76 mensajes): PresetListEventWhenCharacterInfo, RefreshTagsWhenContentReceived		0	shape-known	C	Locate client feature and capture a journey.
Game	lxc	a389c3558516f7467ae4f2b5b53ef38a9520454d72e2d85c868c3f842213444d	1:string gdpu; 2:lhg gdpv; 3:lhg gdpw	eqq::bbgn	eqq (toca a 76 mensajes): PresetListEventWhenCharacterInfo, RefreshTagsWhenContentReceived	S2C/push	4	shape-known	C	Verify the send against a client observation; no handler is inferred.
Game	lxd	b43618949f79e7424074f196bb3fb377a5d696c55f0713fb75ce00716ceac495	1:bool gdqa	eqq::bbga | eqq::dn | eqq::lzq | eqq::mcy	eqq (toca a 76 mensajes): PresetListEventWhenCharacterInfo, RefreshTagsWhenContentReceived	S2C/push	1	shape-known	C	Verify the send against a client observation; no handler is inferred.
Game	lxg	44c1774fb1bc4753840b12d274a5646c4fdd7fc70b5242b7a636a1d6f4df0968	1:lwh gdqe; 2:lxe gdqf; 3:bool gdqg	Core.UILogic.Inventory.Uis.PlayerInventory.CosmeticUi::ToggleItemVisibility | Core.UILogic.Inventory.Uis.PlayerInventory.CosmeticUi::OnCapeVisibilityToggle | Core.UILogic.Inventory.Uis.PlayerInventory.CosmeticUi::OnHatVisibilityToggle | Core.UILogic.Inventory.Uis.PlayerInventory.CosmeticUi::OnMountVisibilityToggle	Core.UILogic.Inventory.Uis.PlayerInventory.CosmeticUi (toca a 5 mensajes): storageInventory, m_isCenteredByDefault, m_canTakeFocus, m_usingWeapon, customEscapeBehavior, SetSortTypeWithoutNotify, sortType, currentTab, GenerateTabs, GetTab, OpenTab, UpdateCurrentTab	C2S/dispatch, C2S/read	2	mapped	B	Replay and verify validation, persistence and S2C ordering.
Game	lxh	c8a3c673fd8d270acab72684e6322a24cf9d7f944a701f9acb0090286602661b	1:repeated int32 gdqk; 2:lwi gdql	eql::bbaw | eql::bbax | eql::dnn | eql::hbn			0	shape-known	C	Locate client feature and capture a journey.
Game	lxk	401f41c1512371d5e36e0079776ebb10ab51519e867e1f20884ab6deba41faab	1:bool gdqp; 2:lxi gdqq	eqq::bbgb | eqq::mbr | eqq::oc	eqq (toca a 76 mensajes): PresetListEventWhenCharacterInfo, RefreshTagsWhenContentReceived	S2C/answer	1	shape-known	C	Verify the send against a client observation; no handler is inferred.
Game	lxl	dac10e05351d75d3c9a4fc6e4b417bec5f9a79f28f669fa71de5613cb4aab0c5	1:bool gdqu	eqq::bbgl	eqq (toca a 76 mensajes): PresetListEventWhenCharacterInfo, RefreshTagsWhenContentReceived		0	shape-known	C	Locate client feature and capture a journey.
Game	lxo	30e7597ef4ec2ce828ef406979b624385e32192d76500129cb2d825c973b0ac2	1:bool gdqy; 2:optional lxm gdqz; 3:lzc gdrb	eqq::bbgm	eqq (toca a 76 mensajes): PresetListEventWhenCharacterInfo, RefreshTagsWhenContentReceived	S2C/answer	1	shape-known	C	Verify the send against a client observation; no handler is inferred.
Game	lxp	af6eedb78ab17f65ce0e2863ec476501db2c64fb08bcbbb733cd943a70a54790	1:int32 gdrf; 2:bool gdrg; 3:repeated int64 gdrh; 4:int64 gdri; 5:bool gdrj				0	shape-known	C	Locate client feature and capture a journey.
Game	lxr	628130d06bccdc62af68b8390ce6aa0f960e596e9c907f8f3b0cce041f60e847	1:bool gdrn; 2:lxp gdro	eqq::bbgg	eqq (toca a 76 mensajes): PresetListEventWhenCharacterInfo, RefreshTagsWhenContentReceived		0	shape-known	C	Locate client feature and capture a journey.
Game	lxs	83c1f39baaedbe55f5ac8919807b9fced6188e9c3d565a0f155dc38bf1714266	1:int32 gdrs; 2:string gdrt; 3:lwj gdru	Core.UILogic.Inventory.Uis.PlayerInventory.CosmeticUi::OnSaveCurrentOutfit | Core.UILogic.Inventory.Uis.PlayerInventory.CosmeticUi::<RequestPopUp>b__111_0	Core.UILogic.Inventory.Uis.PlayerInventory.CosmeticUi (toca a 5 mensajes): storageInventory, m_isCenteredByDefault, m_canTakeFocus, m_usingWeapon, customEscapeBehavior, SetSortTypeWithoutNotify, sortType, currentTab, GenerateTabs, GetTab, OpenTab, UpdateCurrentTab	C2S/dispatch, S2C/push	2	mapped	B	Replay and verify validation, persistence and S2C ordering.
Game	lxt	fcae48cb0a9e07f715164f02497a4907c523eb11c651e3643f22d55dac5146dd	1:string gdry; 2:bool gdrz; 3:string gdsa; 4:int32 gdsb; 5:int32 gdsc; 6:repeated bool gdsd	eql::bbaa | eql::ct | eql::eom | eql::ght			0	shape-known	C	Locate client feature and capture a journey.
Game	lxu	202ea1a346e844cc2ed1c18f709bc85880df92f24b598d9cd1d9345c6d7ce4e2	1:optional string gdsh; 2:string gdsj; 3:string gdsk; 4:map<int32, string> gdsl				0	shape-known	C	Locate client feature and capture a journey.
Game	lxw	ca229657e6d4a9b84e84aa0e15a13d9c0989a29c2b07850945edf4857da6cfa3	1:lxu gdsp; 2:optional int32 gdsq	eql::bazr | eql::dzm | eql::ffp | eql::fvt		C2S/dispatch, C2S/read	2	mapped	C	Replay and verify validation, persistence and S2C ordering.
Game	lxy	3b6d587baeac06a9dd3996e1c0aface0fb43466f4bb8ff2766a70d867d80cc12	1:repeated int32 gdsv				0	shape-known	C	Locate client feature and capture a journey.
Game	lya	7aa80b94facbd9bece3210629f10d5698112d399391b58481c4659918eb0a501	1:map<int32, lxy> gdsz; 2:lxx gdta; 3:lwi gdtb	eqq::bbhd | eqq::bbhe | eqq::bqo | eqq::fqu	eqq (toca a 76 mensajes): PresetListEventWhenCharacterInfo, RefreshTagsWhenContentReceived		0	shape-known	C	Locate client feature and capture a journey.
Game	lyb	9dca5dfc0c417371b8c07923e45d599e6fd667688d3343a7a18a67e3e55a620f	1:repeated int32 gdtf; 2:repeated int32 gdtg; 3:llk gdth; 4:lwi gdti	eqq::bbhc	eqq (toca a 76 mensajes): PresetListEventWhenCharacterInfo, RefreshTagsWhenContentReceived		0	shape-known	C	Locate client feature and capture a journey.
Game	lyc	1ead716cce1f62f5d07142b466ac40ad890cb1b6434404a6e881c8488a9c4456	1:repeated int32 gdtm; 2:string gdtn; 3:bool gdto; 4:int64 gdtp; 5:repeated string gdtq				0	shape-known	C	Locate client feature and capture a journey.
Game	lye	b20a3d20cff9ee65a0020f0fb330fcfcbb6d9ebba30cacf35ae6581894ce0053	1:lyc gdtu; 2:bool gdtv	eqq::bbfz | eqq::ctm | eqq::dzq	eqq (toca a 76 mensajes): PresetListEventWhenCharacterInfo, RefreshTagsWhenContentReceived		0	shape-known	C	Locate client feature and capture a journey.
Game	lyf	8cdf7618708a1d7eb619ea8683d651784ce7043105eeb8972465780fb3d51232	1:optional int32 gdtz; 2:optional int32 gdub; 3:lwh gdud	eql+eqj::bayp | eql::bazy | eql::cuk | gie::bkii		C2S/dispatch, C2S/read	2	mapped	C	Replay and verify validation, persistence and S2C ordering.
Game	lyg	f69e9a9854d85022660256d4e7d50637f098f08003045614e9fc4411ab71f875	1:map<int32, lwg> gduh	eqq::bbhf | eqq::crz | eqq::ngz	eqq (toca a 76 mensajes): PresetListEventWhenCharacterInfo, RefreshTagsWhenContentReceived		0	shape-known	C	Locate client feature and capture a journey.
Game	lyh	14aaccbc0756050ea0c8ba8c1bee4ece88d5d57be87c5f1f20168d3eec5b9388	1:repeated int32 gdul				0	shape-known	C	Locate client feature and capture a journey.
Game	lyj	95fec4cd8e0b21ca81d20982f95e3b12f76863146d686291cc310c913aa9bee4	1:repeated string gdup; 2:lyh gduq; 3:bool gdur	eqq::bbgf	eqq (toca a 76 mensajes): PresetListEventWhenCharacterInfo, RefreshTagsWhenContentReceived	S2C/answer	1	shape-known	C	Verify the send against a client observation; no handler is inferred.
Game	lyk	b2d319bae94bb6ae220f65150f0639e08ac8865a24bb26cd49b9511cff8326fe		Core.UILogic.Inventory.Uis.PlayerInventory.CosmeticUi::OnEnable	Core.UILogic.Inventory.Uis.PlayerInventory.CosmeticUi (toca a 5 mensajes): storageInventory, m_isCenteredByDefault, m_canTakeFocus, m_usingWeapon, customEscapeBehavior, SetSortTypeWithoutNotify, sortType, currentTab, GenerateTabs, GetTab, OpenTab, UpdateCurrentTab	C2S/dispatch	2	mapped	B	Replay and verify validation, persistence and S2C ordering.
Game	lyl	52e27cb54ddef4508b445ae6f2f5cdc3e9dc09b6efba36a1a921fa1ea79ca888	1:lvd gduy	eql::bazv			0	shape-known	C	Locate client feature and capture a journey.
Game	lym	3e9c1e5d12e3c8afad7002d73bc840e31be889af8a4956483b2ffa2677a1cdbd	1:optional int32 gdvc			S2C/push	2	shape-known	C	Verify the send against a client observation; no handler is inferred.
Game	lyn	90be05326df2ba70fa1ce16a19822ab9e235c6702492a318d0e1e9b857842349	1:lwi gdvh; 2:repeated int32 gdvi	eql::bbay | eql::glb | eql::jgl | eql::kjk			0	shape-known	C	Locate client feature and capture a journey.
Game	lyo	d1f845c8f9e49e4a9a1cf38b58cb7a0d48e087c3f7cf9ca408ca3900ab09c849	1:string gdvm; 2:int32 gdvn	eql::bazs | eql::cfz | eql::gbb | eql::nxq			0	shape-known	C	Locate client feature and capture a journey.
Game	lyr	f1208cc8f9e9b265f9518b9c8b4a877e1da2c16422550cd4e891a9a083aac211	1:lyp gdvr; 2:string gdvs	eql::bbad | eql::gf | eql::gxu			0	shape-known	C	Locate client feature and capture a journey.
Game	lys	fbff5d43eca5df840c9e1023cbb2a853fc1f32a3331dc1f3e1228b7f622310db	1:int32 gdvw; 2:optional int32 gdvx	eql+eqi::bayo | eql+eqi::iwo | eql+eqk::bayq | eql+eqk::dod		C2S/dispatch, C2S/read	2	mapped	C	Replay and verify validation, persistence and S2C ordering.
Game	lyt	c096ba4f41413da5cdacdabea348085461f812eea9b70e5c749d45baeebeefbd	1:repeated lzc gdwc; 2:lzc gdwd	eqq::bbgo | eqq::jnd | eqq::lbp | eqq::mnd	eqq (toca a 76 mensajes): PresetListEventWhenCharacterInfo, RefreshTagsWhenContentReceived	C2S/read, S2C/push	2	mapped	C	Replay and verify validation, persistence and S2C ordering.
Game	lyu	a111acde3f8e6f26f503d7a50597f4b529e1b0b6b9a7e9b6768e6bd26ab79c42	1:bool gdwh; 2:bool gdwi	eqq::bbgj | eqq::hlr | eqq::hqc	eqq (toca a 76 mensajes): PresetListEventWhenCharacterInfo, RefreshTagsWhenContentReceived	S2C/answer	1	shape-known	C	Verify the send against a client observation; no handler is inferred.
Game	lyv	7516a8979880f3a56378d9d0ed143956251fa1f3a0455360f1a3ed4b0d60d57d	1:bool gdwm	eqq::bbgd	eqq (toca a 76 mensajes): PresetListEventWhenCharacterInfo, RefreshTagsWhenContentReceived	S2C/answer	1	shape-known	C	Verify the send against a client observation; no handler is inferred.
Game	lyy	9c907cfde0964cfc25d03f7f7f4250bcc0598c23981ec1c586fb6a912f5a3c20	1:string gdwq; 2:lyw gdwr	eql::bbae		C2S/dispatch	2	mapped	C	Replay and verify validation, persistence and S2C ordering.
Game	lyz	b3d1647c83211547bf61dbc2a461483204cdb65a33efdfe7c3d7ff20a0ff801c	1:bool gdwv	eqq::bbfx | eqq::may | eqq::mgr | eqq::ojb	eqq (toca a 76 mensajes): PresetListEventWhenCharacterInfo, RefreshTagsWhenContentReceived		0	shape-known	C	Locate client feature and capture a journey.
Game	lza	af585c141ffe17e3131a4a5b81569a314deab373b44e568752ab34b580a2fa98	1:optional int32 gdwz; 2:int32 gdxb	eqq::bbgm | lk::bhh | lk::bno | lk::jaw	eqq (toca a 76 mensajes): PresetListEventWhenCharacterInfo, RefreshTagsWhenContentReceived		0	shape-known	C	Locate client feature and capture a journey.
Game	lzc	28782cfb9e11828e912673050ce38936dcc7bbbe4a5c5a8ae2e180274babbb4b	1:lvd gdxf; 2:bool gdxg; 3:string gdxh; 4:lhg gdxi; 5:int32 gdxj; 6:bool gdxk; 7:string gdxl; 8:int32 gdxm; 9:optional int32 gdxn; 10:optional int32 gdxp; 11:int32 gdxr; 12:lhg gdxs; 13:string gdxt; 14:repeated lwh gdxu; 15:int32 gdxv; 16:optional int32 gdxw; 17:map<int32, lza> gdxy	lk::bhh | lk::bno | lk::jaw | lk::nyk	eqq (toca a 76 mensajes, y a éste sólo de refilón, a 1 salto): PresetListEventWhenCharacterInfo, RefreshTagsWhenContentReceived		0	shape-known	C	Locate client feature and capture a journey.
Game	lzd	0bcd62b7766a5d7569a4ab2e48f63427eb982788e5078c073fdae1fc9259591a	1:int32 gdyc; 2:string gdyd; 3:string gdye	eql::bbac | eql::mzk			0	shape-known	C	Locate client feature and capture a journey.
Game	lze	bf58ed844da9cbc48724dab0dfd2530340bb4d1844d8d692adbd1471d85634f0	1:optional int32 gdyi; 2:optional int32 gdyk; 3:repeated string gdym	eql::bazw | eql::lhz		C2S/dispatch, C2S/read	2	mapped	C	Replay and verify validation, persistence and S2C ordering.
Game	lzg	9ce1902118cb08e4c1e6da829ef5a3ba6e92e04cdb23df344968e6d231ee01dc	1:int32 gdyr	ehl::fxb | ehl::xwx	ehl (toca a 25 mensajes): WaitForAddingObject, WaitForDroppingObjects, WaitProcessMapComplementaryInfo		0	shape-known	C	Locate client feature and capture a journey.
Game	lzh	df07306826a174ecc9791d00eca1c05605ab95b86d07f002a8d9d2aafcf45af2		enw::badt		C2S/dispatch	1	mapped	C	Replay and verify validation, persistence and S2C ordering.
Game	lzi	530c4f332e8c84859c465428338c696e01a400bae0669e55f0370564a426a56c	1:int32 gdyy; 2:bool gdyz; 3:int64 gdza	ehl::xww | fka::bfxr	ehl (toca a 25 mensajes): WaitForAddingObject, WaitForDroppingObjects, WaitProcessMapComplementaryInfo		0	shape-known	C	Locate client feature and capture a journey.
Game	lzj	d59f8494d33fee53ec9383a931cf26261300ef36eb3c996352f0909d53ce03c9	1:int32 gdze; 2:int32 gdzf; 3:bool gdzg; 4:int64 gdzh	gv::mxg			0	shape-known	C	Locate client feature and capture a journey.
Game	lzl	83b352b9c12058ede4db22618be361e4c9757439201fdadd59d833a9617d7b7c	1:repeated lzj gdzl	enw::badu | enw::eez | enw::eyq | enw::hay		S2C/push	1	shape-known	C	Verify the send against a client observation; no handler is inferred.
Game	lzn	39a8511249286445a7224e6f7fa2ab36760aebfe9a0f64c09edeba076e4ef661	1:map<string, int64> gdzq; 2:repeated lzv gdzr	eex::egj | eex::mkd | eex::mur | eex::xcx			0	shape-known	C	Locate client feature and capture a journey.
Game	lzo	b00fdb7233176f6fe1ed67d72ac251077be391afded9ee232dd138d697ca99f1	1:lzv gdzv	eex::xcy			0	shape-known	C	Locate client feature and capture a journey.
Game	lzp	d9dd1d49fb4fb376c37b52105e7e1bca8c0b655060ca1411d23cafed575e2666	1:repeated lzv gdzz	eex::jua | eex::luv | eex::xda			0	shape-known	C	Locate client feature and capture a journey.
Game	lzq	d52f6487157e12836ee7ee49d245286148c86633d35e253a8b0204acf372039f	1:int32 gead; 2:repeated int64 geae				0	shape-known	C	Locate client feature and capture a journey.
Game	lzs	bbfcbb48342e0f3d07e95854e83199754b683def383d2ff2ed79a5d146c25789	1:lzv geai; 2:lzq geaj; 3:map<bool, int32> geak	eex::cuh | eex::hvq | eex::ma | eex::xcz			0	shape-known	C	Locate client feature and capture a journey.
Game	lzv	1b0e095024ac0be9bb7f79c47ff4b1eb9c29ecc5a803f6335b3d3dee8d9df7d4	1:int64 geao; 2:int64 geap; 3:repeated lng geaq; 4:lzt gear; 5:int64 geas	ba::.ctor | eex::cuh | eex::egj | eex::hvq			0	shape-known	C	Locate client feature and capture a journey.
Game	lzx	fbd2420d8a4e5c6491e67aa84b73ed41b04668f285ecca3569062b08119f2c8f	1:lpo geax; 2:len geay	fgv::bevr | fgv::dwi | fgv::juq	fgv (toca a 65 mensajes): PrismAddOrUpdateStacked		0	shape-known	C	Locate client feature and capture a journey.
Game	lzy	2adb9323f44f4512fb3fdf0fc5e7459e9e296ddb76d64f7a7218e2a2e94e0725	1:lmn gebc; 2:lmn gebd	fgu::besv | fgu::dcs | fgu::kko | fgu::lwi			0	shape-known	C	Locate client feature and capture a journey.
Game	lzz	803987b69ac3e5904c24fd2276cea13c1e0ee6e597b9ee072985158b5b2005a2	1:bool gebh; 2:repeated string gebi				0	shape-known	C	Locate client feature and capture a journey.
Game	mab	0020df140551b332ae478ff003ebf44ff4798f334d0321642af97bfc02d5eabb	1:bool gebm; 2:lzz gebn	fgu::betr | fgu::hii			0	shape-known	C	Locate client feature and capture a journey.
Game	mac	79314739741a6eae2f6fa4f60149237913cb74185c913d2997ea9780be72b5ce	1:string gebr; 2:string gebs	fgu::beto | fgu::dhd | fgu::kbv			0	shape-known	C	Locate client feature and capture a journey.
Game	mad	e3d7b15763b94125e7fd6cbfb22b1b362a2dffc23c3616c65e72e246b60a085f	1:int64 gebw; 2:string gebx	fgv::bevv	fgv (toca a 65 mensajes): PrismAddOrUpdateStacked		0	shape-known	C	Locate client feature and capture a journey.
Game	mae	0d476c3357bc5ba8cc1162b73cd6a50cf4df2daf722ce11a96abbe1fb391367d	1:string gecb; 2:string gecc; 3:repeated int64 gecd	fgu::betq | fgu::hqd | fgu::kqb | fgu::p			0	shape-known	C	Locate client feature and capture a journey.
Game	maf	b3889d1ac0d7166101b5ae57746eb72db510a0accaac933095699ed858d74faa	1:bool gech; 2:int64 geci	fgu::betu | fgu::inc | fgu::jes | fgu::les			0	shape-known	C	Locate client feature and capture a journey.
Game	mag	1d5c906e60c62af905951c5d3596ba05df6483267749ab057cea6abf28df55d7		fgv::bevs | fgv::hxz | fgv::nbh	fgv (toca a 65 mensajes): PrismAddOrUpdateStacked		0	shape-known	C	Locate client feature and capture a journey.
Game	mah	7f4ff8f184d6d6adc6f4128e1ed259b984446a5a793561cfdfb2750aecc2368d	1:string gecp; 2:int64 gecq; 3:int64 gecr	fgu::bett | fgu::bmj | fgu::clp | fgu::hwa			0	shape-known	C	Locate client feature and capture a journey.
Game	mai	92c802f18eb7069e9c6efab273f1a98d708867630f7c32c928c9a4c579e94e66	1:string gecv; 2:string gecw	fgu::betp | fgu::hre			0	shape-known	C	Locate client feature and capture a journey.
Game	maj	dd1605dbed641adbe538540817b1de9e33b101b738d90247b7ec31cc75271913		fgv::bevw | fgv::ftr | fgv::hcq	fgv (toca a 65 mensajes): PrismAddOrUpdateStacked		0	shape-known	C	Locate client feature and capture a journey.
Game	mak	84eb58652c92cfe2c31f09f3442d1e7f2ac6b930a705f4e19b35b3e565e3a909	1:int32 gedd; 2:optional bool gede; 3:optional bool gedg; 4:string gedi; 5:repeated int64 gedj				0	shape-known	C	Locate client feature and capture a journey.
Game	mam	f5e38d55c80325d86666321f11a6b32f340992e7de01a6fb0525771161091852	1:bool gedn; 2:int32 gedo; 3:mak gedp	fgv::bewa | fgv::cdc	fgv (toca a 65 mensajes): PrismAddOrUpdateStacked		0	shape-known	C	Locate client feature and capture a journey.
Game	maq	1630f8adfff4dfe1071265c8eed4102a44cc3b036a95b37f536d190078725749	1:len gedt; 2:man gedu; 3:bool gedv	fgv::bevu | fgv::lq	fgv (toca a 65 mensajes): PrismAddOrUpdateStacked		0	shape-known	C	Locate client feature and capture a journey.
Game	mar	24682de270b2e3288fa108b95a789579688eaf07a8896b256a5bdadb26f834ba	1:lmn gedz	fgv::bewe	fgv (toca a 65 mensajes): PrismAddOrUpdateStacked		0	shape-known	C	Locate client feature and capture a journey.
Game	mas	c864dba2d08dca6472c3b6d6237e241503ed82dc965172b8a1d72c3feada4577		fgu::betl | fgu::bjm			0	shape-known	C	Locate client feature and capture a journey.
Game	mat	f5449ef6c420699e1f96304d8dadf5699195b63d13868a45a337aa3cd9a164f9		fgu::bets | fgu::dsc			0	shape-known	C	Locate client feature and capture a journey.
Game	mau	e98222373de5998c1bb0be107bee3e4675ab36b3e5829f6fad0da6b303482b57	1:string geej	fgu::betn | fgu::dwh | fgu::fcb | fgu::goy			0	shape-known	C	Locate client feature and capture a journey.
Game	mav	0c5f03c9b9911e5efd912a6f37a1e0729a76bf2ccfd713c1ad16b54eb37b9ab0	1:bool geen	fgv::bevt	fgv (toca a 65 mensajes): PrismAddOrUpdateStacked		0	shape-known	C	Locate client feature and capture a journey.
Game	maz	df872ffcb11fd8579003223a1558fcfeeecca0a8b76d3ede32e3f52a0c376d8e	1:int64 geer; 2:repeated lpo gees; 3:int64 geet; 4:int64 geeu; 5:maw geev	fgv::bewb | fgv::fbo | fgv::fmd | fgv::irq	fgv (toca a 65 mensajes): PrismAddOrUpdateStacked		0	shape-known	C	Locate client feature and capture a journey.
Game	mba	e9409c03423ae0f714c0c752713484e4b34c18087fe726616723ff6314b17386		Core.UILogic.Social.Guild.AllianceApplyUi::SendUpdateApplicationMessage | Core.UILogic.SocialUI.AllianceUi.AllianceDirectory::OnEditApplication | fgu::betm | fgu::liy	Core.UILogic.SocialUI.AllianceUi.AllianceDirectory (toca sólo a éste): InitUI, InitOpenedCategory, AssignGroupButtons, UpdateSortButtons, InitFilters, ResetFilters, OnReleaseBtnSearchFilter, ChangeSearchOnName, ChangeSearchOnTag, UpdateSearch, OnRollOverBtnSearchFilter, ChangeFilterType | Core.UILogic.Social.Guild.AllianceApplyUi (toca sólo a éste): GetSocialGroupHyperlink, GetTitle, SendUpdateApplicationMessage, SendSubmitApplicationMessage, GetPlaceHolderText, GetContentText, SetEmblem		0	shape-known	B	Locate client feature and capture a journey.
Game	mbb	345a553eab55d01a6f8bea55bddcd1968b0c346b1c921ce17675b4d8231f61e2	1:repeated bool gefc; 2:lbt gefd; 3:lpo gefe; 4:int64 geff	fgv::bewc | fgv::eqq	fgv (toca a 65 mensajes): PrismAddOrUpdateStacked		0	shape-known	C	Locate client feature and capture a journey.
Game	mbd	f242856ce854b177230c1746e7f621f7a602e4292d22cb99db4945ff0b00d2a5	1:ldt gefk; 2:ldt gefl	fgu::beti | fgu::hsu | fgu::hws | fgu::kvb			0	shape-known	C	Locate client feature and capture a journey.
Game	mbe	0b19e8bd8e99189bd260b9353955471f58ca47f59fc3e1580ddf3452afc8294c	1:map<int32, int32> gefp; 2:string gefq; 3:bool gefr; 4:int32 gefs; 5:map<int32, bool> geft; 6:repeated bool gefu; 7:bool gefv; 8:map<bool, int32> gefw; 9:optional int32 gefx				0	shape-known	C	Locate client feature and capture a journey.
Game	mbg	9e1092e0a45b5a1f9f90c4e4c528f98579e7b0900534e220615e8b6e70ffc7d7	1:repeated int32 gegc; 2:mbe gegd	fgu::bete | fgu::glt			0	shape-known	C	Locate client feature and capture a journey.
Game	mbj	f8d4aaac1b770380ae847b1a54dae66ad03cd85580a11ae55a902ddcbe8d2dde	1:int32 gegh; 2:mbh gegi; 3:string gegj; 4:int32 gegk	fgu::betf | fgu::ddx | fgu::imq			0	shape-known	C	Locate client feature and capture a journey.
Game	mbk	233b9743150e5926fb20a25795945a89bd94d76c3c659a9ccad57480e18cde4f	1:int32 gego; 2:int32 gegp	fgu::betj | fgu::cve | fgu::dzq			0	shape-known	C	Locate client feature and capture a journey.
Game	mbl	ddf3e2e1d497ad0da0638ce8cf8612ab48fe8e4e1b94eccb2415f0f535258616	1:int64 gegt; 2:repeated int32 gegu; 3:int32 gegv	fgu::betk | fgu::jws | fgu::ntu | fgu::yb			0	shape-known	C	Locate client feature and capture a journey.
Game	mbm	60560bc30e53aa1684be0b2db0710dd4061ee743af9f93b62a142316c0273e40	1:repeated ldt gegz	fgv::bevq | fgv::for | fgv::fxl | fgv::hjs	fgv (toca a 65 mensajes): PrismAddOrUpdateStacked		0	shape-known	C	Locate client feature and capture a journey.
Game	mbn	c8bd4eb78498cb97d8acb3e995703899e903c9fe141e2a360331a0e47852108a	1:repeated ldt gehd	fgu::beth | fgu::buc | fgu::jxg			0	shape-known	C	Locate client feature and capture a journey.
Game	mbo	875434fc7fa1e4987f539898a2ad4d5c355c368a5298c823ff8ab4a59e52b774	1:int32 gehh; 2:int64 gehi; 3:map<int32, bool> gehj	fgu::betg			0	shape-known	C	Locate client feature and capture a journey.
Game	mbq	a380822d20b5199e20a1f51f2310edbb0d760d6fdf2344dd74472175ada48edb	1:string geho; 2:string gehp; 3:lbx gehq	fgv::bevy | fgv::ctx | fgv::exa | fgv::ov	fgv (toca a 65 mensajes): PrismAddOrUpdateStacked		0	shape-known	C	Locate client feature and capture a journey.
Game	mbr	8315a4da366797c69fea7532ce881af74c1c5aacbd53ebb823daf69316789d8c	1:int64 gehu	fgu::betb | gie::bkii			0	shape-known	C	Locate client feature and capture a journey.
Game	mbs	4dfb92a680899bd5df1123046369993422eb36444a9091366f12c01001989b67	1:string gehy; 2:len gehz	fgv::bevx | fgv::lkm | fgv::mbv	fgv (toca a 65 mensajes): PrismAddOrUpdateStacked		0	shape-known	C	Locate client feature and capture a journey.
Game	mbt	2bb8317050ac63532e83a7d16c9e123ce3e57a271c6d560299148a37fe06087c		fgv::bevl | fgv::fol | fgv::igw | fgv::nc	fgv (toca a 65 mensajes): PrismAddOrUpdateStacked		0	shape-known	C	Locate client feature and capture a journey.
Game	mbu	8f94e561a5f28bc383f89f3a6646299210fbef0d51c7222eb25a4745a709f562	1:bool geig; 2:int32 geih; 3:bool geii	fgu::betc | fgu::gzo | fgu::hgs | fgu::jt			0	shape-known	C	Locate client feature and capture a journey.
Game	mbv	7305580237734d2a021015210c535c8ad1d8dcb575258eab214dbd0fc4928f02	1:lmr geim	fgv::bevo | fgv::ikx	fgv (toca a 65 mensajes): PrismAddOrUpdateStacked		0	shape-known	C	Locate client feature and capture a journey.
Game	mby	d89d526e987c659ef697ab4b5bd304dacb9e338180a3acf02e180a5f61a21ea2	1:int64 geiq; 2:bool geir; 3:bool geis; 4:mbw geit	fgv::bevp | fgv::mst	fgv (toca a 65 mensajes): PrismAddOrUpdateStacked		0	shape-known	C	Locate client feature and capture a journey.
Game	mbz	4bfd98365a1db907d6767dc86a97951c46116904803d19eb2b01d779edda8130	1:int32 geix; 2:int32 geiy; 3:len geiz	fgv::bevn | fgv::ejr | fgv::lck	fgv (toca a 65 mensajes): PrismAddOrUpdateStacked		0	shape-known	C	Locate client feature and capture a journey.
Game	mca	53305222006639812849ce52a02e25c11037b297cdb7af513fef4a8fcab19901	1:int32 gejd; 2:len geje	fgv::bevm | fgv::ece	fgv (toca a 65 mensajes): PrismAddOrUpdateStacked		0	shape-known	C	Locate client feature and capture a journey.
Game	mcb	f09a16a3cd7777f0db493721d08d6e7461f902fe6f4ecf99ac6488a71c91b22d	1:lbx geji; 2:repeated bool gejj; 3:lbx gejk	fgv::bevz | fgv::gml | fgv::ogw	fgv (toca a 65 mensajes): PrismAddOrUpdateStacked		0	shape-known	C	Locate client feature and capture a journey.
Game	mcc	57b534edc6e5fdfc549db7c040be96925a375f12424c4905926e6b14c0974e74	1:int64 gejo; 2:int64 gejp	fgu::betd | fgu::epf | fgu::ihf | gie::bkii			0	shape-known	C	Locate client feature and capture a journey.
Game	mce	3004e30565a43d2d8ac5835274c37e1e19a9adfede7673f42b1659c7c4046702	1:bool geju; 2:bool gejv; 3:bool gejw	fgv::bevi | fgv::gnh | fgv::jnr | fgv::myf	fgv (toca a 65 mensajes): PrismAddOrUpdateStacked		0	shape-known	C	Locate client feature and capture a journey.
Game	mcf	64df50c2d890c09f4460703ae7745057473a11b5e4b95d14351ff39c2faf18e1		fgu::beuu | fgu::gde | fgu::iri | gie::bkii			0	shape-known	C	Locate client feature and capture a journey.
Game	mcg	99ee3640cb7f8f1c9a231fd4208a16eb25653805c9242bcaddbb19a26767f6e5	1:string gekd; 2:string geke	fgu::besz | fgu::bth | fgu::ckz | fgu::cnc			0	shape-known	C	Locate client feature and capture a journey.
Game	mch	9d232c2cb29ce45c7b80ca939c96ce7283ab92a006efefc8de52799321ab76f7	1:lbv geki	fgv::bevj | fgv::gec | fgv::ing | fgv::ndc	fgv (toca a 65 mensajes): PrismAddOrUpdateStacked		0	shape-known	C	Locate client feature and capture a journey.
Game	mck	cc5307266b065572765e775eb4672e8f5bdceddd512572ad9e771c570ce84a45	1:string gekm; 2:mci gekn	Core.UILogic.Components.Hyperlink.HyperlinkShowAlliance::OnHyperlinkLeftClick | Core.UILogic.Social.FriendsUI+<>c__DisplayClass106_0::<MakeDofusPlayerLine>b__10 | Core.UILogic.Social.FriendsUI::OnAllianceNameLeftClick | fgu::beut	Core.UILogic.Social.FriendsUI+<>c__DisplayClass106_0 (toca sólo a éste): MakeDofusPlayerLine | Core.UILogic.Social.FriendsUI (toca a 2 mensajes): m_canTakeFocus, m_isCenteredByDefault, Close, TakingFocus, LosingFocus, RefreshData, OnSwitchTab, OnAddFriendPopupClosed, LocalizeUI, MakeSocialPlayerLine, SetupAnkamaFriends, UnbindAnkamaFriend		0	shape-known	B	Locate client feature and capture a journey.
Game	mcl	0a1b027f6c2f5ca1a1bd7e7c4d930b354a90d67aa91e35f3d9d66666e89519c0	1:repeated lpg gekr; 2:repeated int32 geks; 3:string gekt; 4:int64 geku; 5:len gekv	fgv::bexk | fgv::dcc | fgv::ibn | fgv::nhx	fgv (toca a 65 mensajes): PrismAddOrUpdateStacked		0	shape-known	C	Locate client feature and capture a journey.
Game	mcm	5105025bcbf5d251b2f248f2aeb3237967e4a035678eae3597d6d096e1bcf023	1:leg gekz	fgv::bexm	fgv (toca a 65 mensajes): PrismAddOrUpdateStacked		0	shape-known	C	Locate client feature and capture a journey.
Game	mcn	01bf5070b524f267cad8323ec97310ece81ef95ceaabfcd902b94392975bfb96	1:lbv geld; 2:lbv gele	fgv::bevk | fgv::irs	fgv (toca a 65 mensajes): PrismAddOrUpdateStacked		0	shape-known	C	Locate client feature and capture a journey.
Game	mco	c0794b71cde0765c9c929aca252d5b4a680599a91221f4007f07ccbcc05db679	1:lbw geli	fgv::bexp	fgv (toca a 65 mensajes): PrismAddOrUpdateStacked		0	shape-known	C	Locate client feature and capture a journey.
Game	mcr	37d3c44ab347cadfbeaa44ed4460331974bc53f09459fc26c9a4bbc519b069cb	1:leg gelm; 2:mcp geln	fgv::bexo | fgv::dek | fgv::gsn | fgv::hpc	fgv (toca a 65 mensajes): PrismAddOrUpdateStacked		0	shape-known	C	Locate client feature and capture a journey.
Game	mcs	d8d54484c0a2c2ac3a26371439d7162407da9fe25e4af5aabf080d488824fff0	1:string gelr	fgu::beuw | fgu::jok | fgu::jyn | gie::bkii			0	shape-known	C	Locate client feature and capture a journey.
Game	mcv	9bfabe34e4f271c48597ee841c664667623265eb4fe7ccbeb397388b5682e09f	1:int64 gelv; 2:repeated len gelw; 3:mct gelx; 4:int64 gely; 5:int64 gelz	fgv::bewd | fgv::hbz | fgv::lvb	fgv (toca a 65 mensajes): PrismAddOrUpdateStacked		0	shape-known	C	Locate client feature and capture a journey.
Game	mcw	ec7823281de58dc471dbc3b724acf8b2cc3303d695e6559a2d86168bf9ef70bc		fgv::bevh | fgv::cul | fgv::gav	fgv (toca a 65 mensajes): PrismAddOrUpdateStacked		0	shape-known	C	Locate client feature and capture a journey.
Game	mcx	6b98fa98a6fcb8ff4a9da2581f1c985e8769b3057762377037d3f052664e2ff2	1:repeated lea gemg; 2:repeated lhm gemh; 3:len gemi; 4:repeated lmr gemj	fgv::bexl | fgv::cph | fgv::jgs | fgv::ort	fgv (toca a 65 mensajes): PrismAddOrUpdateStacked		0	shape-known	C	Locate client feature and capture a journey.
Game	mcy	0e952b0cc6b5b695a198fc46d7a3d59e6393ba5ab56a059c5ef39467d809117a	1:lld gemn; 2:string gemo; 3:int64 gemp; 4:string gemq	fgu::besy | fgu::env | fgu::ine | fgu::kua			0	shape-known	C	Locate client feature and capture a journey.
Game	mcz	4cb8c16443e2b9550f0785255a2ddbe0bdc239ee15f4b596974c6497f650bde4	1:lld gemu; 2:repeated bool gemv	fgu::beta | gie::bkii			0	shape-known	C	Locate client feature and capture a journey.
Game	mda	aa1a91097005a8f37c6e4d1459fa63d6f16954dab0e966d0c8ebd2329ee3b317		fgu::beuv | fgu::eje | fgu::eqw | gie::bkii			0	shape-known	C	Locate client feature and capture a journey.
Game	mde	0bf7422a8367252f0d3e59114539d897c42769bf9f9b38bd58e33b9a6b4e3b83	1:bool genc; 2:repeated int32 gend; 3:repeated int32 gene; 4:mdc genf; 5:int64 geng; 6:bool genh; 7:string geni; 8:int32 genj; 9:int32 genk; 10:int64 genl; 11:bool genm; 12:mdb genn; 13:repeated lbs geno	fgu::betv | fgu::bt | fgu::dre | fgu::fci			0	shape-known	C	Locate client feature and capture a journey.
Game	mdf	45a0e948ff6700e1c80a6acbfb6fbe967b398f6b49dd105fd67e86139ecc9a3a	1:lbw gens; 2:lbw gent	fgv::bexn | fgv::etf | fgv::fmp | fgv::jdj	fgv (toca a 65 mensajes): PrismAddOrUpdateStacked		0	shape-known	C	Locate client feature and capture a journey.
Game	mdg	26977000b997962f1dbbf4e61a29a3aeb89b9fa7f37f8e7a86ccbb74fa8ee278	1:string genx	fgu::beux | fgu::fke | fgu::iz | fgu::nfz			0	shape-known	C	Locate client feature and capture a journey.
Game	mdh	afbf0945de99e70e6d94c94ca75d5f3da6bbc9ca8fbe5dc154cd0682b889f934					0	shape-known	C	Locate client feature and capture a journey.
Game	mdj	4bb643aafa30b8d34ad7cf4fe849f749a34b309123ba5fb0c4075ae4b2e7ddb3	1:mdh geoe	fgu::beuv | fgu::eje | fgu::eqw | gie::bkii			0	shape-known	C	Locate client feature and capture a journey.
Game	mdk	d4c12c418657596f45b3688cd62a9e772e7ee8f63520a469cc4d9d7e2aaaab1b	1:lld geoi; 2:string geoj; 3:string geok	fgu::besx | fgu::dom | fgu::hwh | fgu::iml			0	shape-known	C	Locate client feature and capture a journey.
Game	mdm	193484f32c937e87f37d3e5d3a1ee0858b53db4f5955bf62a15d58c6fcdc715e	1:string geop; 2:string geoq	euv::bcug | euv::fav | euv::flv | euv::juy			0	shape-known	C	Locate client feature and capture a journey.
Game	mdn	0681b2d00cf6ce7750a8e325b92aef6e086e8783f9a3a11e12fc675d64a290c5	1:string geou; 2:string geov; 3:int32 geow				0	shape-known	C	Locate client feature and capture a journey.
Game	mdq	b93c7a8a59aa0e5ebd02c189e67fcc42e53714359a36ed02fe211bea00e1f059	1:mdo gepa; 2:repeated mdr gepb; 3:repeated mdn gepc	euw::bcui | euw::ccv | euw::imx | euw::iuh			0	shape-known	C	Locate client feature and capture a journey.
Game	mdr	8ef433005fcc8cf999e54bb97665d0492f28df26230e01f41d11c187e8af4761	1:string gepg; 2:int32 geph; 3:optional string gepi; 4:string gepk	eux::bcvp | eux::dic | euw::bcui | euw::ccv			0	shape-known	C	Locate client feature and capture a journey.
Game	mdt	0ef331d6c029b61e67ed7ee15a860046d3c66c7f460423247c429fa598a1e3e6	1:optional int64 gepp	fgu::beur | fgu::iuf			0	shape-known	C	Locate client feature and capture a journey.
Game	mdu	7813b09e4def0f290ae4d4edfdb9efcc1e319ec4c4eb0dd96018f99b0bbfa07f	1:repeated lgz gepu	fgv::bewf | fgv::fgy | fgv::fuc | fgv::grq	fgv (toca a 65 mensajes): PrismAddOrUpdateStacked		0	shape-known	C	Locate client feature and capture a journey.
Game	mdv	06d8cf737642b9370bef0e197c0cb0216641d2740d80b3e205db1c190924d8aa	1:lci gepy	fgv::bewj | fgv::cfc | fgv::nmt	fgv (toca a 65 mensajes): PrismAddOrUpdateStacked		0	shape-known	C	Locate client feature and capture a journey.
Game	mdw	47e304dacb55810db36489c821428471f7d5e30cdfc3d5c8746180ece6a74fac		fgu::beuq | fgu::gac | fgu::gg | fgu::hcz			0	shape-known	C	Locate client feature and capture a journey.
Game	mdx	96bed1d27b65cef2086760019f82a220c9e7218b7545d465ee2185541e010b1c	1:lpg geqf; 2:lci geqg; 3:lbl geqh	fgv::bewg	fgv (toca a 65 mensajes): PrismAddOrUpdateStacked		0	shape-known	C	Locate client feature and capture a journey.
Game	mdy	481537d0ef0e848ec00ae628bda8989368ef967984cef9f06db2e5e8e42e4afc		fgu::bety			0	shape-known	C	Locate client feature and capture a journey.
Game	mdz	ff931b013d811a7952cc51ce43ae03d9802db100b7d25dea33d8d37d5ba33e76	1:len geqo	fgv::bewn | fgv::hin | fgv::oae	fgv (toca a 65 mensajes): PrismAddOrUpdateStacked		0	shape-known	C	Locate client feature and capture a journey.
Game	mea	63691a064fbd40756657976c4209c83fbe37e32eddabf1d33e5b7533fe29063e	1:lci geqs	fgu::beua | fgu::ddt | fgu::gep | fgu::jps			0	shape-known	C	Locate client feature and capture a journey.
Game	meb	4131226b378e6df4b3971531b6f4a87fba3bef47c877e2c1d017bc1b22be2e32	1:repeated meg geqw	fgu::beus | fgu::odi			0	shape-known	C	Locate client feature and capture a journey.
Game	mec	0fd9e3dbea563a36a522ba487a73a49a1c95be73ee6e35afdb4630c21b582255	1:int32 gera	fgv::bexj | fgv::cjj | fgv::cpb | fgv::ost	fgv (toca a 65 mensajes): PrismAddOrUpdateStacked		0	shape-known	C	Locate client feature and capture a journey.
Game	med	0af411b52c80749640a13fa1c560194a2ed8e78a2bef23b23d26ee12592d5375	1:lci gere; 2:map<int64, bool> gerf; 3:int64 gerg	fgu::beub | fgu::br | fgu::mly			0	shape-known	C	Locate client feature and capture a journey.
Game	mee	ce18c3567acb86e92ae961dda39ff63ea571c3efedd273ebe12ff0d513024629	1:int64 gerk; 2:optional int64 gerl; 3:int32 gern; 4:string gero; 5:int32 gerp; 6:map<int32, int32> gerq; 7:repeated int64 gerr; 8:int32 gers				0	shape-known	C	Locate client feature and capture a journey.
Game	meg	3eca99becb262c326bc26f8139d62e51c6a8b8d5189fa86b9005e5d4a66e502b	1:mee gerw; 2:int64 gerx; 3:int32 gery	fgu::beus | fgu::odi			0	shape-known	C	Locate client feature and capture a journey.
Game	meh	0fc555176bb2c53fb5072e0cffcf08cf9f0c26839ed73c2df15f31b413a082c8	1:lci gesc; 2:lgp gesd	fgv::bae | fgv::bewi | fgv::ihv	fgv (toca a 65 mensajes): PrismAddOrUpdateStacked		0	shape-known	C	Locate client feature and capture a journey.
Game	mei	c91d6e64bc871e1d41b2cc4e119e1b724698e7d23979d7de5c1793cbf9c746cb	1:int64 gesh; 2:int32 gesi				0	shape-known	C	Locate client feature and capture a journey.
Game	mel	999279e03f2c768f53be3192909996d1295d7a0dbf0c3f95ed58d8dd00c0f088	1:int32 gesm; 2:int32 gesn; 3:int64 geso; 4:mej gesp				0	shape-known	C	Locate client feature and capture a journey.
Game	men	834c32c88274ea809d70ccf11be827702d41c509aaa47451785fe24637eead50	1:len gest; 2:repeated mei gesu; 3:int32 gesv; 4:repeated mel gesw; 5:repeated mel gesx; 6:int64 gesy				0	shape-known	C	Locate client feature and capture a journey.
Game	mep	c3a9d291c73d3bbcaf8fd637f6f76b1fcb474c6fa0b572f9532594f1b14a25cc	1:repeated men getc; 2:int64 getd; 3:string gete; 4:string getf	fgv::bewm | fgv::opo	fgv (toca a 65 mensajes): PrismAddOrUpdateStacked		0	shape-known	C	Locate client feature and capture a journey.
Game	meq	eb07df2da168b868a476252fc73a7116e919405b8f790c903e894ac06eb0ca96	1:optional string getj	fgu::betx | fgu::gaz | fgu::ggx | fgu::lmp			0	shape-known	C	Locate client feature and capture a journey.
Game	mer	38be0b999b4fe763653b3c8f926976855870758a85eb9e77d02211b47da057eb	1:lci geto	fgu::betz | fgu::ggo | fgu::gtk | fgu::kb			0	shape-known	C	Locate client feature and capture a journey.
Game	mes	57382d211c8f3b73b773cf60825c9ec2dd7c8639a7c6ae5cc0898bebce3c4f71	1:bool gets	fgu::beuc | fgu::eau | fgu::jvm | fgu::jwp		S2C/push	1	shape-known	C	Verify the send against a client observation; no handler is inferred.
Game	met	7a74bcf26c5fdcd52224de842d101fef5bc6b662bd10fe2a1814d98e6823fb3d	1:lci getw; 2:optional int64 getx; 3:lgp getz; 4:lci geua	fgv::bewk | fgv::caz | fgv::cf | fgv::dle	fgv (toca a 65 mensajes): PrismAddOrUpdateStacked		0	shape-known	C	Locate client feature and capture a journey.
Game	meu	18f2c8d8fb944e05ec7f46745ec8dc800f6a60428e701053279eae4b578c642e	1:int64 geue; 2:lci geuf; 3:lci geug	fgv::bewh | fgv::myt | fgv::nlx | fgv::nwx	fgv (toca a 65 mensajes): PrismAddOrUpdateStacked		0	shape-known	C	Locate client feature and capture a journey.
Game	mew	3235175069e46c9fa97935b25e9ea6d950e2a6c962f6025bb75047cdef13a808	1:bool geul	eap::ccw | eap::utf			0	shape-known	C	Locate client feature and capture a journey.
Game	mez	0fbdf2aa3fd6c05a219d4883c47bc81c6357ef712fed0be94b0674db3d7b5160	1:string geup; 2:string geuq; 3:mex geur	eap::exa | eap::ord | eap::utg		S2C/push	1	shape-known	C	Verify the send against a client observation; no handler is inferred.
Game	mfa	c37c3dd923bbe810f64e0af04c46e91bfbaf8ca06b6e9165db9bf20f9d2c88e1	1:repeated mfc geuv	eap::cxt | eap::deo | eap::hah | eap::jes		S2C/push	1	shape-known	C	Verify the send against a client observation; no handler is inferred.
Game	mfb	58d256248719b107571a33c2c84a388641a67b7f215212e91724237d6c2f3b20	1:string geuz; 2:bool geva	eap::gfi | eap::kqw | eap::utd			0	shape-known	C	Locate client feature and capture a journey.
Game	mfc	40992e9a2f260a3e77225cc06b46ccfaad79be3f829aaa5befe46c2553e93edf	1:string geve; 2:string gevf; 3:string gevg				0	shape-known	C	Locate client feature and capture a journey.
Game	mfe	8428a4eb0b1949dde71f92afa13c26008e7d86d0b51fc397b1797cea1d935713	1:bool gevl	epf::bapf | epf::ffh | epf::jis | epf::joi			0	shape-known	C	Locate client feature and capture a journey.
Game	mff	bfc0847b68429624edff69584cb1e591a03cb4be5d5affa0dd260622306e5133	1:int32 gevp	epf::bapg | epf::jfk | epf::kg | gie::bkii			0	shape-known	C	Locate client feature and capture a journey.
Game	mfg	775d2c9c0aa9f0ce6303be2d4b0f0fd980fe822c37f54c069b6843c0da9945f1	1:mfl gevt	epj::bapu | epj::hbo | epj::oge	epj (toca a 9 mensajes): DelayedClearAchievements		0	shape-known	C	Locate client feature and capture a journey.
Game	mfj	4d709f4c758f5f991be59bc19fa7fe5f9b706efe03823d1c99a56412e2655f99	1:int32 gevx; 2:int64 gevy; 3:mfh gevz; 4:optional int64 gewa	ha::dad | ha::mxq | ha::oog | epj::bapu	epj (toca a 9 mensajes, y a éste sólo de refilón, a 1 salto): DelayedClearAchievements		0	shape-known	C	Locate client feature and capture a journey.
Game	mfl	d000887c7386b94ef9d912e4f7a98d437e140251807ac0947f487cc3c84e813e	1:int32 gewf; 2:int32 gewg; 3:repeated mfj gewh	ha::dad | ha::mxq | ha::oog | epj::bapu	epj (toca a 9 mensajes, y a éste sólo de refilón, a 1 salto): DelayedClearAchievements		0	shape-known	C	Locate client feature and capture a journey.
Game	mfm	84177faba89406ba6bcc37cc888ccc2959a795d523001a2291e502692cc793ea	1:int32 gewl; 2:int32 gewm	epf::bape | epf::ern | epf::god | gie::bkii			0	shape-known	C	Locate client feature and capture a journey.
Game	mfn	518f2ae3cd9b600570f2e613adb09ce4ee7d66798299df8a462bdadf3162c509	1:optional int32 gewq; 2:int64 gews; 3:int32 gewt; 4:int32 gewu	epj::bapx | epj::hnz | epj::med | hb::fkz	epj (toca a 9 mensajes): DelayedClearAchievements		0	shape-known	C	Locate client feature and capture a journey.
Game	mfo	69b7168596f6bdf0e095b33d98414eee9b29da6909afa9702d41e111c0ab176f	1:bool gewy; 2:repeated mfl gewz	epj::bapw | epj::iys	epj (toca a 9 mensajes): DelayedClearAchievements		0	shape-known	C	Locate client feature and capture a journey.
Game	mfp	cfbaab58fa3ffa11c985d1aebff5a7ac7e53da3026021b496d03cd20f92feee4	1:string gexd	epf::baph | epf::egl | epf::ggn | epf::htp			0	shape-known	C	Locate client feature and capture a journey.
Game	mfq	926125a237a6141c4742fa0a7bf431e25727298459451865521c4932af1766a7	1:string gexh				0	shape-known	C	Locate client feature and capture a journey.
Game	mfs	31e7f0d27bdbec4f184a5f54d2bcec36b9b3bea122d4c8e9702b9fcca99998b9	1:mfq gexl; 2:bool gexm; 3:optional int32 gexn; 4:int32 gexp	epj::bapr | epj::frc | epj::igi | epj::npw	epj (toca a 9 mensajes): DelayedClearAchievements		0	shape-known	C	Locate client feature and capture a journey.
Game	mft	7a7fdb99b6e3fc2a0de25fa322ae15ec96bce36cfc891c2336f408b5fe4c3781	1:repeated mfn gext	epj::bapx | epj::hnz | epj::med	epj (toca a 9 mensajes): DelayedClearAchievements		0	shape-known	C	Locate client feature and capture a journey.
Game	mfu	ef4dcda7dd47c6a5617d7942d865e3c0b31a9b20bce528d5a11ed40b266c2eec	1:mfn gexx	epj::baps | epj::bov	epj (toca a 9 mensajes): DelayedClearAchievements		0	shape-known	C	Locate client feature and capture a journey.
Game	mfv	d670b00e498415d130a7b085f2819aee414d09f57566e4c7413996413448310f	1:int32 geyb; 2:int32 geyc	gy::mxo | epj::bapy | epj::ofl	epj (toca a 9 mensajes, y a éste sólo de refilón, a 1 salto): DelayedClearAchievements		0	shape-known	C	Locate client feature and capture a journey.
Game	mfx	b4b35dc0e177a20ba7e2a0dd83a131632697f105a1ae7e374966c68158c59330	1:repeated mfv geyg	epj::bapy | epj::ofl	epj (toca a 9 mensajes): DelayedClearAchievements		0	shape-known	C	Locate client feature and capture a journey.
Game	mfy	f899f80c254ebb14522cbf4a61080874f6b19040fcd4c35989309e1288d4ea57	1:string geyk; 2:optional bool geyl; 3:int64 geyn; 4:int64 geyo				0	shape-known	C	Locate client feature and capture a journey.
Game	mga	488de09ff1dcc19f9162bc5a7bc5538fe08f7e69e3b632b7a69ba437c4f6f934	1:int32 geys; 2:mfy geyt	epf::bapd | epf::huv | epf::ivg | gie::bkii			0	shape-known	C	Locate client feature and capture a journey.
Game	mgb	7051a15fcde1a1bf7e3bdf8fe7e0bf5b044bc5c5c7b7b0063c03285dac32e6db	1:repeated mfl geyx	epj::bapv | epj::det	epj (toca a 9 mensajes): DelayedClearAchievements		0	shape-known	C	Locate client feature and capture a journey.
Game	mgc	8e3199392e2dae4ec8a71fb739fbb64b719863618e847f94ec7d7798a34657bd	1:int64 gezb; 2:string gezc; 3:mfn gezd	epj::bapt | epj::iyr	epj (toca a 9 mensajes): DelayedClearAchievements		0	shape-known	C	Locate client feature and capture a journey.
Game	mgf	fdefbf691cd135959f334fe6d9f48106e352fd97bb903d187cc58da3dcef7365					0	shape-known	C	Locate client feature and capture a journey.
Game	mgh	c8b514e7beba112c16946f326068ee3688bc24379518377df5688fc429403538	1:mge gezl; 2:mgf gezm	dyx::lrc | dyx::uim			0	shape-known	C	Locate client feature and capture a journey.
Game	mgk	4c711e312ae1c72573fa4d07a3f53b029224d081f7869fa91ec3e362417f3866	1:mgi gezq	dyx::bfk | dyx::cfu | dyx::ggu | dyx::uio			0	shape-known	C	Locate client feature and capture a journey.
Game	mgl	12aba8bd771202b21aa82dbbd1dc2cf60d74407aa82e49ffb786e62f6f5e28de	1:repeated int32 gezu; 2:repeated int64 gezv; 3:optional int32 gezw; 4:bool gezy; 5:optional int32 gezz				0	shape-known	C	Locate client feature and capture a journey.
Game	mgn	fe94edc7a7d09af909f40a501881cef4f4573e1ae0dd0e8bcdaf9f5318d17579	1:bool gfae; 2:mgl gfaf	dyx::uin			0	shape-known	C	Locate client feature and capture a journey.
Game	mgq	3d3fe0b4c6fe0d067bd1ecce80aaf053e64ce285ac6ced005d7104d593dba4e3	1:mgo gfaj; 2:bool gfak; 3:lbb gfal	ebc::bbg | ebc::jsh | ebc::mco | ebc::uxd		S2C/push	1	shape-known	C	Verify the send against a client observation; no handler is inferred.
Game	mgr	c2b76409926f09a6088e84f0c58bf7a0388b01fc1b209c19de7abdcd85fb7364	1:bool gfap; 2:bool gfaq; 3:bool gfar; 4:bool gfas; 5:bool gfat				0	shape-known	C	Locate client feature and capture a journey.
Game	mgt	650c8c2f479b61bb12202844feb4e32caa5a4a11239ed19d6227c6e480cc987f	1:mgr gfax; 2:mgr gfay	dys::olz | dys::ugz | ebc::mmk | ebc::nph	dys (toca a 2 mensajes): WaitForReloginToken	S2C/push	1	shape-known	C	Verify the send against a client observation; no handler is inferred.
Game	mgv	111ac551ba2b72a17948b22358d339c12a6972b9709902720ed65dc256286b80	1:optional string gfbc; 2:repeated string gfbe; 3:bool gfbf				0	shape-known	C	Locate client feature and capture a journey.
Game	mgx	e91a02e37712170e914acb981e14803655d90095498b5beab867f4ed6a4bc1d4	1:mgu gfbj; 2:mgv gfbk; 3:int64 gfbl	ecy::glo | ecy::vud			0	shape-known	C	Locate client feature and capture a journey.
Game	mgy	5bd7ad8d4a557ca43ebf844a650b6a98d4822dadb387b54e9f8362d21aed5c00	1:repeated int32 gfbp	ebc::mxz | ebc::uwz			0	shape-known	C	Locate client feature and capture a journey.
Game	mgz	07cf26d9749369308bced44c91b0a00274a3d4535f4886213cf1860dbd86df15	1:int64 gfbt	dys::jgu | dys::ugk	dys (toca a 2 mensajes): WaitForReloginToken	S2C/push	1	shape-known	C	Verify the send against a client observation; no handler is inferred.
Game	mhc	f7af35c476bee86fadb29a145e420803478117e405e41c175b0c0d64ba5b30d9	1:bool gfbx; 2:mha gfby	dyx::irg | dyx::uip			0	shape-known	C	Locate client feature and capture a journey.
Unknown	bcy					S2C/push	2	shape-known	C	Verify the send against a client observation; no handler is inferred.
Unknown	bvr					S2C/push	6	shape-known	C	Verify the send against a client observation; no handler is inferred.
Unknown	hhi					S2C/push	2	shape-known	C	Verify the send against a client observation; no handler is inferred.
Unknown	hmv					C2S/dispatch	2	mapped	C	Replay and verify validation, persistence and S2C ordering.
Unknown	hnq					S2C/push	2	shape-known	C	Verify the send against a client observation; no handler is inferred.
Unknown	ibt					C2S/dispatch	2	mapped	C	Replay and verify validation, persistence and S2C ordering.
Unknown	icg					S2C/push	2	shape-known	C	Verify the send against a client observation; no handler is inferred.
Unknown	igx					C2S/dispatch	2	mapped	C	Replay and verify validation, persistence and S2C ordering.
Unknown	ity					S2C/push	2	shape-known	C	Verify the send against a client observation; no handler is inferred.
Unknown	izn					S2C/push	2	shape-known	C	Verify the send against a client observation; no handler is inferred.
Unknown	jdj					S2C/push	1	shape-known	C	Verify the send against a client observation; no handler is inferred.
Unknown	joi					C2S/dispatch, C2S/read, S2C/push	8	mapped	C	Replay and verify validation, persistence and S2C ordering.
Unknown	joo					S2C/push	4	shape-known	C	Verify the send against a client observation; no handler is inferred.
Unknown	jox					S2C/push	4	shape-known	C	Verify the send against a client observation; no handler is inferred.
Unknown	jpf					S2C/push	2	shape-known	C	Verify the send against a client observation; no handler is inferred.
Unknown	jpp					C2S/dispatch	2	mapped	C	Replay and verify validation, persistence and S2C ordering.
Unknown	jrf					S2C/push	3	shape-known	C	Verify the send against a client observation; no handler is inferred.
Unknown	jtk					C2S/dispatch	4	mapped	C	Replay and verify validation, persistence and S2C ordering.
Unknown	jtm					S2C/push	1	shape-known	C	Verify the send against a client observation; no handler is inferred.
Unknown	jub					C2S/read, S2C/push	2	mapped	C	Replay and verify validation, persistence and S2C ordering.
Unknown	jud					S2C/push	6	shape-known	C	Verify the send against a client observation; no handler is inferred.
Unknown	jvm					S2C/push	2	shape-known	C	Verify the send against a client observation; no handler is inferred.
Unknown	jwk					S2C/push	2	shape-known	C	Verify the send against a client observation; no handler is inferred.
Unknown	jwl					S2C/push	2	shape-known	C	Verify the send against a client observation; no handler is inferred.
Unknown	jwu					S2C/push	4	shape-known	C	Verify the send against a client observation; no handler is inferred.
Unknown	jxe					S2C/push	2	shape-known	C	Verify the send against a client observation; no handler is inferred.
Unknown	jyi					S2C/push	2	shape-known	C	Verify the send against a client observation; no handler is inferred.
Unknown	jyk					S2C/push	2	shape-known	C	Verify the send against a client observation; no handler is inferred.
Unknown	kkn					C2S/dispatch	2	mapped	C	Replay and verify validation, persistence and S2C ordering.
Unknown	kkp					S2C/push	4	shape-known	C	Verify the send against a client observation; no handler is inferred.
Unknown	klo					C2S/dispatch	1	mapped	C	Replay and verify validation, persistence and S2C ordering.
Unknown	klt					S2C/push	2	shape-known	C	Verify the send against a client observation; no handler is inferred.
Unknown	klw					C2S/dispatch	1	mapped	C	Replay and verify validation, persistence and S2C ordering.
Unknown	kmt					C2S/dispatch	1	mapped	C	Replay and verify validation, persistence and S2C ordering.
Unknown	kna					C2S/dispatch	1	mapped	C	Replay and verify validation, persistence and S2C ordering.
Unknown	knb					C2S/dispatch	1	mapped	C	Replay and verify validation, persistence and S2C ordering.
Unknown	knr					S2C/push	1	shape-known	C	Verify the send against a client observation; no handler is inferred.
Unknown	knx					C2S/dispatch	6	mapped	C	Replay and verify validation, persistence and S2C ordering.
Unknown	kos					S2C/push	1	shape-known	C	Verify the send against a client observation; no handler is inferred.
Unknown	kpc					C2S/dispatch	4	mapped	C	Replay and verify validation, persistence and S2C ordering.
Unknown	kqn					C2S/dispatch, C2S/read, S2C/push	4	mapped	C	Replay and verify validation, persistence and S2C ordering.
Unknown	krb					S2C/push	4	shape-known	C	Verify the send against a client observation; no handler is inferred.
Unknown	ksq					S2C/push	2	shape-known	C	Verify the send against a client observation; no handler is inferred.
Unknown	ktj					S2C/push	2	shape-known	C	Verify the send against a client observation; no handler is inferred.
Unknown	kyj					S2C/push	2	shape-known	C	Verify the send against a client observation; no handler is inferred.
Unknown	lok					S2C/push	5	shape-known	C	Verify the send against a client observation; no handler is inferred.
Unknown	lor					S2C/push	5	shape-known	C	Verify the send against a client observation; no handler is inferred.
Unknown	lvk					S2C/push	2	shape-known	C	Verify the send against a client observation; no handler is inferred.
Unknown	lxi					C2S/dispatch	1	mapped	C	Replay and verify validation, persistence and S2C ordering.
