protocol	opcode	direction	usage	source_file	source_line	source_context	audit_note	phase_hint	inventory_origin
Unknown	bcy	S2C/push	push	Jondo.Unity.Server/Handlers/CommandHandler.cs	257	type.ankama.com/bcy, Pb.New()	NetworkEnvelope.BuildGameNodePacket(uri, ...)	Unclassified	audited-inventory
Unknown	bcy	S2C/push	push	Jondo.Unity.Server/Handlers/CommandHandler.cs	271	"""type.ankama.com/bcy"", Pb.New()"	Current-source literal scan; semantic verification still required.	Unclassified	current-source
Unknown	bel	Discarded	descartado	Jondo.Unity.Server/Handlers/CharacterCreationHandler.cs	72	"kro, ""bel"", ""dan"", ""gor"" };"	FALSO POSITIVO: silaba del generador de nombres (array Middle)	Character/world entry	audited-inventory
Unknown	bvr	S2C/push	push	Jondo.Unity.Server/Handlers/CommandHandler.cs	171	type.ankama.com/bvr, Pb.New().Var(1, GameState.Kamas).Build()));	NetworkEnvelope.BuildGameNodePacket(uri, ...)	Unclassified	audited-inventory
Unknown	bvr	S2C/push	push	Jondo.Unity.Server/Handlers/CommandHandler.cs	185	"""type.ankama.com/bvr"", Pb.New().Var(1, GameState.Kamas).Build()));"	Current-source literal scan; semantic verification still required.	Unclassified	current-source
Unknown	bvr	S2C/push	push	Jondo.Unity.Server/Handlers/FightHandler.cs	4763	"await WriteFrameAsync(stream, BuildGameNodePacket(""type.ankama.com/bvr"", bvrMsg.ToByteArray()));"	NetworkEnvelope.BuildGameNodePacket(uri, ...)	Fight	audited-inventory
Unknown	bvr	S2C/push	push	Jondo.Unity.Server/Handlers/FightHandler.cs	4787	"await WriteFrameAsync(stream, BuildGameNodePacket(""type.ankama.com/bvr"", bvrMsg.ToByteArray()));"	Current-source literal scan; semantic verification still required.	Fight	current-source
Unknown	bvr	S2C/push	push	Jondo.Unity.Server/Network/TransitionPacketsBuilder.cs	101	"return NetworkEnvelope.BuildGameNodePacket(""type.ankama.com/bvr"", bvrMsg.ToByteArray());"	NetworkEnvelope.BuildGameNodePacket(uri, ...)	Unclassified	audited-inventory
Unknown	bvr	S2C/push	push	Jondo.Unity.Server/Network/TransitionPacketsBuilder.cs	102	"return NetworkEnvelope.BuildGameNodePacket(""type.ankama.com/bvr"", bvrMsg.ToByteArray());"	Current-source literal scan; semantic verification still required.	Unclassified	current-source
Unknown	dan	Discarded	descartado	Jondo.Unity.Server/Handlers/CharacterCreationHandler.cs	72	"kro, ""bel"", ""dan"", ""gor"" };"	FALSO POSITIVO: silaba del generador de nombres (array Middle)	Character/world entry	audited-inventory
Unknown	gor	Discarded	descartado	Jondo.Unity.Server/Handlers/CharacterCreationHandler.cs	72	"kro, ""bel"", ""dan"", ""gor"" };"	FALSO POSITIVO: silaba del generador de nombres (array Middle)	Character/world entry	audited-inventory
Game	hhf	Discarded	descartado	Jondo.Unity.Protocol/TypeRegistry.cs	17	"Register(""hhf"", hhf.Descriptor);"	DESCARTADO: TypeRegistry no lo referencia nadie (0 usos fuera del propio fichero); codigo muerto	Unclassified	audited-inventory
Game	hhf	Discarded	descartado	Jondo.Unity.Server/BasePayloads.cs	16	public static readonly byte[] WorldEnteringPackets = new byte[] {	DESCARTADO: opcode dentro de un array de BasePayloads; nadie referencia BasePayloads (codigo muerto)	Unclassified	audited-inventory
Game	hhf	Discarded	descartado	Jondo.Unity.Server/Protocol/NetworkMessage.cs	304	"case ""hhf"": return (""World Loading"", ""Interfaces"", ""SocialGroupRights (Rights granted within the guild)"");"	DESCARTADO: tabla de etiquetas del log (GetPacketMetadata / isPing). Solo pinta texto en consola, no cambia el protocolo	Unclassified	audited-inventory
Game	hhf	S2C/push	push	Jondo.Unity.Server/Handlers/InventoryHandler.cs	254	"return NetworkEnvelope.BuildGameNodePacket(""type.ankama.com/hhf"", ms.ToArray());"	NetworkEnvelope.BuildGameNodePacket(uri, ...)	Personal data	audited-inventory
Game	hhf	S2C/push	push	Jondo.Unity.Server/Network/TransitionPacketsBuilder.cs	37	"public static byte[] BuildHhfMessage() => BuildSingleVarIntMessage(""type.ankama.com/hhf"", 2);"	TransitionPacketsBuilder.BuildSingleVarIntMessage(uri, n)	Unclassified	audited-inventory
Game	hhh	Discarded	descartado	Jondo.Unity.Protocol/TypeRegistry.cs	18	"Register(""hhh"", hhh.Descriptor);"	DESCARTADO: TypeRegistry no lo referencia nadie (0 usos fuera del propio fichero); codigo muerto	Unclassified	audited-inventory
Game	hhh	Discarded	descartado	Jondo.Unity.Server/BasePayloads.cs	16	public static readonly byte[] WorldEnteringPackets = new byte[] {	DESCARTADO: opcode dentro de un array de BasePayloads; nadie referencia BasePayloads (codigo muerto)	Unclassified	audited-inventory
Game	hhh	Discarded	descartado	Jondo.Unity.Server/Protocol/NetworkMessage.cs	305	"case ""hhh"": return (""World Loading"", ""Interfaces"", ""SocialGroupDetails (Descriptive sheet of the guild)"");"	DESCARTADO: tabla de etiquetas del log (GetPacketMetadata / isPing). Solo pinta texto en consola, no cambia el protocolo	Unclassified	audited-inventory
Game	hhh	S2C/push	push	Jondo.Unity.Server/Handlers/InventoryHandler.cs	263	"return NetworkEnvelope.BuildGameNodePacket(""type.ankama.com/hhh"", ms.ToArray());"	NetworkEnvelope.BuildGameNodePacket(uri, ...)	Personal data	audited-inventory
Game	hhh	S2C/push	push	Jondo.Unity.Server/Network/TransitionPacketsBuilder.cs	38	"public static byte[] BuildHhhMessage() => BuildSingleVarIntMessage(""type.ankama.com/hhh"", 2);"	TransitionPacketsBuilder.BuildSingleVarIntMessage(uri, n)	Unclassified	audited-inventory
Unknown	hhi	Discarded	descartado	Jondo.Unity.Server/BasePayloads.cs	16	public static readonly byte[] WorldEnteringPackets = new byte[] {	DESCARTADO: opcode dentro de un array de BasePayloads; nadie referencia BasePayloads (codigo muerto)	Unclassified	audited-inventory
Unknown	hhi	Discarded	descartado	Jondo.Unity.Server/Protocol/NetworkMessage.cs	307	"case ""hhi"": return (""World Loading"", ""Interfaces"", ""SocialGroupAlliance (Sheet of the alliance)"");"	DESCARTADO: tabla de etiquetas del log (GetPacketMetadata / isPing). Solo pinta texto en consola, no cambia el protocolo	Unclassified	audited-inventory
Unknown	hhi	S2C/push	push	Jondo.Unity.Server/Network/TransitionPacketsBuilder.cs	22	"public static byte[] BuildHhiMessage() => BuildEmptyMessage(""type.ankama.com/hhi"");"	TransitionPacketsBuilder.BuildEmptyMessage(uri)	Unclassified	audited-inventory
Unknown	hhi	S2C/push	push	Jondo.Unity.Server/Network/TransitionPacketsBuilder.cs	23	"public static byte[] BuildHhiMessage() => BuildEmptyMessage(""type.ankama.com/hhi"");"	Current-source literal scan; semantic verification still required.	Unclassified	current-source
Game	hhq	Discarded	descartado	Jondo.Unity.Server/BasePayloads.cs	16	public static readonly byte[] WorldEnteringPackets = new byte[] {	DESCARTADO: opcode dentro de un array de BasePayloads; nadie referencia BasePayloads (codigo muerto)	Unclassified	audited-inventory
Game	hhq	Discarded	descartado	Jondo.Unity.Server/Protocol/NetworkMessage.cs	282	"case ""hhq"": return (""World Loading"", ""Interfaces"", ""SocialGroupPackets (Guild and alliance information)"");"	DESCARTADO: tabla de etiquetas del log (GetPacketMetadata / isPing). Solo pinta texto en consola, no cambia el protocolo	Unclassified	audited-inventory
Game	hhq	S2C/push	push	Jondo.Unity.Server/Network/TransitionPacketsBuilder.cs	111	"return NetworkEnvelope.BuildGameNodePacket(""type.ankama.com/hhq"", ms.ToArray());"	NetworkEnvelope.BuildGameNodePacket(uri, ...)	Unclassified	audited-inventory
Game	hhy	S2C/push	push	Jondo.Unity.Server/Handlers/WardrobeHandler.cs	137	"ConnectionProtocol.Push(""hhy"", ConnectionProtocol.BuildTitlesOwned("	"ConnectionProtocol.Push(""xxx"", ...)"	Unclassified	audited-inventory
Game	hhy	C2S/read	read	Jondo.Unity.Server/Network/WorldEntry.cs	112	"hhy, ""lyt"","	lista de privacidad WorldEntry.NotReplayed; se usa en ReadPayload(message, opcode) en WorldEntry.cs:359	Character/world entry	audited-inventory
Game	hid	S2C/push	push	Jondo.Unity.Server/Handlers/WardrobeHandler.cs	119	"ConnectionProtocol.Push(""hid"", ConnectionProtocol.BuildTitleUpdated(title)));"	"ConnectionProtocol.Push(""xxx"", ...)"	Unclassified	audited-inventory
Game	hie	S2C/push	push	Jondo.Unity.Server/Handlers/EquipmentHandler.cs	86	"ConnectionProtocol.Push(""hie"", Pb.New().Var(1, 2).Build()));"	"ConnectionProtocol.Push(""xxx"", ...)"	Personal data	audited-inventory
Game	hif	S2C/push	push	Jondo.Unity.Server/Handlers/WardrobeHandler.cs	121	"ConnectionProtocol.Push(""hif"", ConnectionProtocol.BuildOrnamentUpdated(ornament)));"	"ConnectionProtocol.Push(""xxx"", ...)"	Unclassified	audited-inventory
Game	hii	S2C/push	push	Jondo.Unity.Server/Handlers/EquipmentHandler.cs	88	"ConnectionProtocol.Push(""hii"", Pb.New().Var(1, 2).Build()));"	"ConnectionProtocol.Push(""xxx"", ...)"	Personal data	audited-inventory
Game	hjc	C2S/dispatch	despacho	Jondo.Unity.Server/Network/GameNodeProxy.cs	559	"else if (payloadStr.Contains(""type.ankama.com/hjc""))"	comparacion de cadena sobre el frame recibido	Unclassified	audited-inventory
Game	hjc	C2S/read	read	Jondo.Unity.Server/Handlers/ZaapTravelHandler.cs	125	"byte[]? hjc = ConnectionProtocol.ReadPayload(payload, ""hjc"");"	"ConnectionProtocol.ReadPayload(frame, ""xxx"")"	Connection	audited-inventory
Game	hjj	S2C/push	push	Jondo.Unity.Server/Handlers/ZaapTravelHandler.cs	106	"ConnectionProtocol.Push(""hjj"", ConnectionProtocol.BuildZaapList(here, destinations)));"	"ConnectionProtocol.Push(""xxx"", ...)"	Connection	audited-inventory
Game	hjk	S2C/push	push	Jondo.Unity.Server/Network/ConnectionProtocol.cs	1516	"=> Push(""hjk"", Pb.New().Packed(1, new long[] { mapId }).Build());"	"ConnectionProtocol.Push(""xxx"", ...)"	Connection	audited-inventory
Game	hke	Discarded	descartado	Jondo.Unity.Server/BasePayloads.cs	16	public static readonly byte[] WorldEnteringPackets = new byte[] {	DESCARTADO: opcode dentro de un array de BasePayloads; nadie referencia BasePayloads (codigo muerto)	Unclassified	audited-inventory
Game	hke	Discarded	descartado	Jondo.Unity.Server/Protocol/NetworkMessage.cs	270	"case ""hke"": return (""World Loading"", ""Interfaces"", ""ServerWelcomeMessage (Welcome message and news of the day)"");"	DESCARTADO: tabla de etiquetas del log (GetPacketMetadata / isPing). Solo pinta texto en consola, no cambia el protocolo	Unclassified	audited-inventory
Game	hmd	Discarded	descartado	Jondo.Unity.Server/BasePayloads.cs	16	public static readonly byte[] WorldEnteringPackets = new byte[] {	DESCARTADO: opcode dentro de un array de BasePayloads; nadie referencia BasePayloads (codigo muerto)	Unclassified	audited-inventory
Game	hmd	Discarded	descartado	Jondo.Unity.Server/Protocol/NetworkMessage.cs	318	"case ""hmd"": return (""World Loading"", ""Inventory"", ""InventoryWeightMessage (Inventory carry pods)"");"	DESCARTADO: tabla de etiquetas del log (GetPacketMetadata / isPing). Solo pinta texto en consola, no cambia el protocolo	Unclassified	audited-inventory
Game	hmd	Discarded	descartado	Jondo.Unity.Server/TransitionPayloads.cs	49	public static readonly byte[] hmd = new byte[] {	DESCARTADO: array de TransitionPayloads que no referencia nadie	Unclassified	audited-inventory
Game	hmd	S2C/push	push	Jondo.Unity.Server/Network/TransitionPacketsBuilder.cs	687	"return NetworkEnvelope.BuildGameNodePacket(""type.ankama.com/hmd"", ms.ToArray());"	NetworkEnvelope.BuildGameNodePacket(uri, ...)	Unclassified	audited-inventory
Game	hmj	Discarded	descartado	Jondo.Unity.Server/BasePayloads.cs	16	public static readonly byte[] WorldEnteringPackets = new byte[] {	DESCARTADO: opcode dentro de un array de BasePayloads; nadie referencia BasePayloads (codigo muerto)	Unclassified	audited-inventory
Game	hmj	Discarded	descartado	Jondo.Unity.Server/Protocol/NetworkMessage.cs	288	"case ""hmj"": return (""World Loading"", ""Interfaces"", ""SocialGroupStatus (The player's guild status)"");"	DESCARTADO: tabla de etiquetas del log (GetPacketMetadata / isPing). Solo pinta texto en consola, no cambia el protocolo	Unclassified	audited-inventory
Game	hmj	S2C/push	push	Jondo.Unity.Server/Network/TransitionPacketsBuilder.cs	15	"public static byte[] BuildHmjMessage() => BuildEmptyMessage(""type.ankama.com/hmj"");"	TransitionPacketsBuilder.BuildEmptyMessage(uri)	Unclassified	audited-inventory
Game	hml	Discarded	descartado	Jondo.Unity.Server/BasePayloads.cs	16	public static readonly byte[] WorldEnteringPackets = new byte[] {	DESCARTADO: opcode dentro de un array de BasePayloads; nadie referencia BasePayloads (codigo muerto)	Unclassified	audited-inventory
Game	hml	Discarded	descartado	Jondo.Unity.Server/Protocol/NetworkMessage.cs	283	"case ""hml"": return (""World Loading"", ""Interfaces"", ""SocialPreferences (The player's social settings)"");"	DESCARTADO: tabla de etiquetas del log (GetPacketMetadata / isPing). Solo pinta texto en consola, no cambia el protocolo	Unclassified	audited-inventory
Game	hml	S2C/push	push	Jondo.Unity.Server/Network/TransitionPacketsBuilder.cs	13	"public static byte[] BuildHmlMessage() => BuildEmptyMessage(""type.ankama.com/hml"");"	TransitionPacketsBuilder.BuildEmptyMessage(uri)	Unclassified	audited-inventory
Game	hms	S2C/push	push	Jondo.Unity.Server/Handlers/CommandHandler.cs	369	"ConnectionProtocol.Push(""hms"","	"ConnectionProtocol.Push(""xxx"", ...)"	Unclassified	audited-inventory
Game	hms	C2S/read	read	Jondo.Unity.Server/Network/WorldEntry.cs	308	"if (ConnectionProtocol.ReadPayload(frame, ""hms"") != null)"	"ConnectionProtocol.ReadPayload(frame, ""xxx"")"	Character/world entry	audited-inventory
Game	hms	C2S/read	read	Jondo.Unity.Server/Network/WorldEntry.cs	310	"return ConnectionProtocol.Push(""hms"","	"ConnectionProtocol.ReadPayload(frame, ""xxx"")"	Character/world entry	audited-inventory
Game	hmt	Discarded	descartado	Jondo.Unity.Protocol/TypeRegistry.cs	19	"Register(""hmt"", hmt.Descriptor);"	DESCARTADO: TypeRegistry no lo referencia nadie (0 usos fuera del propio fichero); codigo muerto	Unclassified	audited-inventory
Game	hmt	C2S/dispatch	despacho	Jondo.Unity.Server/Network/GameNodeProxy.cs	170	"if (payloadStr.Contains(""type.ankama.com/lqu"") || payloadStr.Contains(""type.ankama.com/hoy"") || payloadStr.Contains(""type.ankama.com/hmt"") || payloadStr.Contains(""type.ankama.com/knx""))"	comparacion de cadena sobre el frame recibido	Unclassified	audited-inventory
Game	hmt	C2S/dispatch	despacho	Jondo.Unity.Server/Network/GameNodeProxy.cs	238	"else if (!isAuthenticated && (payloadStr.Contains(""type.ankama.com/hmt"") || payloadStr.Contains(""type.ankama.com/ise"") || payloadStr.Contains(""type.ankama.com/jtk"") || payloadStr.Contains(""type.ankama.com/knx"") || payloa"	comparacion de cadena sobre el frame recibido	Unclassified	audited-inventory
Game	hmt	C2S/dispatch	despacho	Jondo.Unity.Server/Network/GameNodeProxy.cs	565	"else if (isAuthenticated && payloadStr.Contains(""type.ankama.com/hmt""))"	comparacion de cadena sobre el frame recibido	Unclassified	audited-inventory
Game	hmt	C2S/dispatch	despacho	Jondo.Unity.Server/Network/GameNodeProxy.cs	830	"cleanPayload.Contains(""hmt"") || cleanPayload.Contains(""lxi"") || cleanPayload.Contains(""jqf"") ||"	comparacion de cadena sobre el frame recibido	Unclassified	audited-inventory
Game	hmt	C2S/read	read	Jondo.Unity.Server/Handlers/SpellHandler.cs	27	"byte[]? hmt = ConnectionProtocol.ReadPayload(payload, ""hmt"");"	"ConnectionProtocol.ReadPayload(frame, ""xxx"")"	Personal data	audited-inventory
Unknown	hmv	Discarded	descartado	Jondo.Unity.Server/Protocol/NetworkMessage.cs	321	"case ""hmv"": return (""World Loading"", ""Chat"", ""ChatChannelsListRequest (Request for the chat channels)"");"	DESCARTADO: tabla de etiquetas del log (GetPacketMetadata / isPing). Solo pinta texto en consola, no cambia el protocolo	Unclassified	audited-inventory
Unknown	hmv	C2S/dispatch	despacho	Jondo.Unity.Server/Network/GameNodeProxy.cs	673	"else if (payloadStr.Contains(""type.ankama.com/hmv""))"	comparacion de cadena sobre el frame recibido	Unclassified	audited-inventory
Unknown	hmv	C2S/dispatch	despacho	Jondo.Unity.Server/Network/GameNodeProxy.cs	775	"else if (payloadStr.Contains(""type.ankama.com/hmv""))"	Current-source literal scan; semantic verification still required.	Unclassified	current-source
Game	hng	S2C/push	push	Jondo.Unity.Server/Handlers/SpellHandler.cs	67	"ConnectionProtocol.Push(""hng"", ConnectionProtocol.BuildSpellSwapped(wanted, grade)));"	"ConnectionProtocol.Push(""xxx"", ...)"	Personal data	audited-inventory
Game	hnk	Discarded	descartado	Jondo.Unity.Server/BasePayloads.cs	16	public static readonly byte[] WorldEnteringPackets = new byte[] {	DESCARTADO: opcode dentro de un array de BasePayloads; nadie referencia BasePayloads (codigo muerto)	Unclassified	audited-inventory
Game	hnk	Discarded	descartado	Jondo.Unity.Server/Protocol/NetworkMessage.cs	322	"case ""hnk"": return (""World Loading"", ""Chat"", ""ChatChannelsListMessage (Available chat channels)"");"	DESCARTADO: tabla de etiquetas del log (GetPacketMetadata / isPing). Solo pinta texto en consola, no cambia el protocolo	Unclassified	audited-inventory
Game	hnk	S2C/push	push	Jondo.Unity.Server/Network/TransitionPacketsBuilder.cs	42	"public static byte[] BuildHnkMessage() => BuildSingleVarIntMessage(""type.ankama.com/hnk"", 2);"	TransitionPacketsBuilder.BuildSingleVarIntMessage(uri, n)	Unclassified	audited-inventory
Game	hnk	S2C/push	push	Jondo.Unity.Server/TransitionPayloads.cs	66	public static readonly byte[] hnk = new byte[] {	opcode dentro de un array de bytes (TransitionPayloads.hnk/kqmList/ith); se manda tal cual	Unclassified	audited-inventory
Game	hnn	C2S/dispatch	despacho	Jondo.Unity.Server/Network/GameNodeProxy.cs	833	"cleanPayload.Contains(""kmv"") || cleanPayload.Contains(""hnn""))"	comparacion de cadena sobre el frame recibido	Unclassified	audited-inventory
Game	hnp	Discarded	descartado	Jondo.Unity.Server/Protocol/NetworkMessage.cs	241	"case ""hnp"": return (""Server List"", ""Sync"", ""SystemConfiguration (Game variable configuration)"");"	DESCARTADO: tabla de etiquetas del log (GetPacketMetadata / isPing). Solo pinta texto en consola, no cambia el protocolo	Unclassified	audited-inventory
Game	hnp	S2C/push	push	Jondo.Unity.Server/Handlers/CharacterSelectionHandler.cs	120	"byte[] frame557 = NetworkEnvelope.ConvertHexStringToByteArray(""19-1A-17-0A-15-0A-13-74-79-70-65-2E-61-6E-6B-61-6D-61-2E-63-6F-6D-2F-6B-6F-66-24-1A-22-0A-20-0A-13-74-79-70-65-2E-61-6E-6B-61-6D-61-2E-63"	opcode escondido en cadena hex; la trama se escribe en el socket	Character/world entry	audited-inventory
Unknown	hnq	Discarded	descartado	Jondo.Unity.Server/BasePayloads.cs	16	public static readonly byte[] WorldEnteringPackets = new byte[] {	DESCARTADO: opcode dentro de un array de BasePayloads; nadie referencia BasePayloads (codigo muerto)	Unclassified	audited-inventory
Unknown	hnq	Discarded	descartado	Jondo.Unity.Server/Protocol/NetworkMessage.cs	290	"case ""hnq"": return (""World Loading"", ""Sync"", ""SpouseStatusMessage (Marital status / marriage)"");"	DESCARTADO: tabla de etiquetas del log (GetPacketMetadata / isPing). Solo pinta texto en consola, no cambia el protocolo	Unclassified	audited-inventory
Unknown	hnq	S2C/push	push	Jondo.Unity.Server/Network/TransitionPacketsBuilder.cs	189	"return NetworkEnvelope.BuildGameNodePacket(""type.ankama.com/hnq"", ms.ToArray());"	NetworkEnvelope.BuildGameNodePacket(uri, ...)	Unclassified	audited-inventory
Unknown	hnq	S2C/push	push	Jondo.Unity.Server/Network/TransitionPacketsBuilder.cs	190	"return NetworkEnvelope.BuildGameNodePacket(""type.ankama.com/hnq"", ms.ToArray());"	Current-source literal scan; semantic verification still required.	Unclassified	current-source
Game	hnv	Discarded	descartado	Jondo.Unity.Server/Protocol/NetworkMessage.cs	245	"case ""hnv"": return (""Server List"", ""Connection"", ""ServerOptionalFeatures (Optional features)"");"	DESCARTADO: tabla de etiquetas del log (GetPacketMetadata / isPing). Solo pinta texto en consola, no cambia el protocolo	Unclassified	audited-inventory
Game	hnv	S2C/push	push	Jondo.Unity.Server/Handlers/CharacterSelectionHandler.cs	120	"byte[] frame557 = NetworkEnvelope.ConvertHexStringToByteArray(""19-1A-17-0A-15-0A-13-74-79-70-65-2E-61-6E-6B-61-6D-61-2E-63-6F-6D-2F-6B-6F-66-24-1A-22-0A-20-0A-13-74-79-70-65-2E-61-6E-6B-61-6D-61-2E-63"	opcode escondido en cadena hex; la trama se escribe en el socket	Character/world entry	audited-inventory
Game	hol	C2S/read	read	Jondo.Unity.Server/Network/WorldEntry.cs	100	"kqg, ""jhe"", ""jhh"", ""jhk"", ""hol"", ""jgu"", ""ihb"", ""koj"", ""ife"", ""jjs"", ""jaa"","	lista de privacidad WorldEntry.NotReplayed; se usa en ReadPayload(message, opcode) en WorldEntry.cs:359	Character/world entry	audited-inventory
Game	hoy	Discarded	descartado	Jondo.Unity.Protocol/OpcodeRegistry.cs	17	"public const string GameServerHello = ""hoy"";"	DESCARTADO: OpcodeRegistry no lo referencia nadie (0 usos fuera del propio fichero); codigo muerto	Unclassified	audited-inventory
Game	hoy	C2S/dispatch	despacho	Jondo.Unity.Server/Handlers/FightHandler.cs	1043	"else if (payloadStr.Contains(""type.ankama.com/hoy""))"	comparacion de cadena sobre el frame recibido	Fight	audited-inventory
Game	hoy	C2S/dispatch	despacho	Jondo.Unity.Server/Network/GameNodeProxy.cs	170	"if (payloadStr.Contains(""type.ankama.com/lqu"") || payloadStr.Contains(""type.ankama.com/hoy"") || payloadStr.Contains(""type.ankama.com/hmt"") || payloadStr.Contains(""type.ankama.com/knx""))"	comparacion de cadena sobre el frame recibido	Unclassified	audited-inventory
Game	hoy	C2S/dispatch	despacho	Jondo.Unity.Server/Network/GameNodeProxy.cs	238	"else if (!isAuthenticated && (payloadStr.Contains(""type.ankama.com/hmt"") || payloadStr.Contains(""type.ankama.com/ise"") || payloadStr.Contains(""type.ankama.com/jtk"") || payloadStr.Contains(""type.ankama.com/knx"") || payloa"	comparacion de cadena sobre el frame recibido	Unclassified	audited-inventory
Game	hoy	C2S/dispatch	despacho	Jondo.Unity.Server/Network/GameNodeProxy.cs	792	"|| payloadStr.Contains(""type.ankama.com/hoy""))"	comparacion de cadena sobre el frame recibido	Unclassified	audited-inventory
Game	hoy	S2C/push	push	Jondo.Unity.Server/Network/ConnectionProtocol.cs	199	"Push(""hoy"", BuildHoy()),"	"ConnectionProtocol.Push(""xxx"", ...)"	Connection	audited-inventory
Game	hoy	S2C/push	push	Jondo.Unity.Server/Network/GameNodeProxy.cs	172	"byte[] hoyFrame = NetworkEnvelope.ConvertHexStringToByteArray(""1D-1A-1B-0A-19-0A-13-74-79-70-65-2E-61-6E-6B-61-6D-61-2E-63-6F-6D-2F-68-6F-79-12-04-08-1E-10-01"");"	opcode escondido en cadena hex; la trama se escribe en el socket	Unclassified	audited-inventory
Game	hpd	S2C/push	push	Jondo.Unity.Server/Network/ConnectionProtocol.cs	203	"Push(""hpd"", Pb.New().Var(1, 1).Build()),"	"ConnectionProtocol.Push(""xxx"", ...)"	Connection	audited-inventory
Game	hqa	C2S/dispatch	despacho	Jondo.Unity.Server/Network/GameNodeProxy.cs	782	"else if (payloadStr.Contains(""type.ankama.com/hqa""))"	comparacion de cadena sobre el frame recibido	Unclassified	audited-inventory
Game	hqa	S2C/push	push	Jondo.Unity.Server/Network/ConnectionProtocolSelfTest.cs	39	".Str(1, ""type.ankama.com/hqa"")"	Current-source literal scan; semantic verification still required.	Connection	current-source
Game	hqa	C2S/read	read	Jondo.Unity.Server/Network/FightProtocol.cs	65	"byte[]? hqa = ConnectionProtocol.ReadPayload(payload, ""hqa"");"	"ConnectionProtocol.ReadPayload(frame, ""xxx"")"	Fight	audited-inventory
Game	ibo	Discarded	descartado	Jondo.Unity.Server/BasePayloads.cs	16	public static readonly byte[] WorldEnteringPackets = new byte[] {	DESCARTADO: opcode dentro de un array de BasePayloads; nadie referencia BasePayloads (codigo muerto)	Unclassified	audited-inventory
Game	ibo	Discarded	descartado	Jondo.Unity.Server/Protocol/NetworkMessage.cs	287	"case ""ibo"": return (""World Loading"", ""Interfaces"", ""ShortcutBarContentMessage (Quick spell bar)"");"	DESCARTADO: tabla de etiquetas del log (GetPacketMetadata / isPing). Solo pinta texto en consola, no cambia el protocolo	Unclassified	audited-inventory
Game	ibo	S2C/push	push	Jondo.Unity.Server/Network/TransitionPacketsBuilder.cs	318	"return NetworkEnvelope.BuildGameNodePacket(""type.ankama.com/ibo"", ms.ToArray());"	NetworkEnvelope.BuildGameNodePacket(uri, ...)	Unclassified	audited-inventory
Unknown	ibt	Discarded	descartado	Jondo.Unity.Server/Protocol/NetworkMessage.cs	324	"case ""ibt"": return (""World Loading"", ""Sync"", ""GameReadyTrigger (Request to hand over control of the game)"");"	DESCARTADO: tabla de etiquetas del log (GetPacketMetadata / isPing). Solo pinta texto en consola, no cambia el protocolo	Unclassified	audited-inventory
Unknown	ibt	C2S/dispatch	despacho	Jondo.Unity.Server/Network/GameNodeProxy.cs	699	"else if (payloadStr.Contains(""type.ankama.com/ibt""))"	comparacion de cadena sobre el frame recibido	Unclassified	audited-inventory
Unknown	ibt	C2S/dispatch	despacho	Jondo.Unity.Server/Network/GameNodeProxy.cs	797	"else if (payloadStr.Contains(""type.ankama.com/ibt""))"	Current-source literal scan; semantic verification still required.	Unclassified	current-source
Unknown	icb	Discarded	descartado	Jondo.Unity.Server/BasePayloads.cs	16	public static readonly byte[] WorldEnteringPackets = new byte[] {	DESCARTADO: opcode dentro de un array de BasePayloads; nadie referencia BasePayloads (codigo muerto)	Unclassified	audited-inventory
Unknown	icb	Discarded	descartado	Jondo.Unity.Server/Protocol/NetworkMessage.cs	268	"case ""icb"": return (""World Loading"", ""Character"", ""CharacterStatsListMessage (Combat state and base stats)"");"	DESCARTADO: tabla de etiquetas del log (GetPacketMetadata / isPing). Solo pinta texto en consola, no cambia el protocolo	Unclassified	audited-inventory
Unknown	icg	Discarded	descartado	Jondo.Unity.Server/BasePayloads.cs	16	public static readonly byte[] WorldEnteringPackets = new byte[] {	DESCARTADO: opcode dentro de un array de BasePayloads; nadie referencia BasePayloads (codigo muerto)	Unclassified	audited-inventory
Unknown	icg	Discarded	descartado	Jondo.Unity.Server/Protocol/NetworkMessage.cs	286	"case ""icg"": return (""World Loading"", ""Inventory"", ""InventoryWeightMessage (Inventory carry pods)"");"	DESCARTADO: tabla de etiquetas del log (GetPacketMetadata / isPing). Solo pinta texto en consola, no cambia el protocolo	Unclassified	audited-inventory
Unknown	icg	Discarded	descartado	Jondo.Unity.Server/TransitionPayloads.cs	88	new byte[] { 0x1A, 0x31, 0x0A, 0x2F, 0x0A, 0x13, 0x74, 0x79, 0x70, 0x65, 0x2E, 0x61, 0x6E, 0x6B, 0x61, 0x6D, 0x61, 0x2E, 0x63, 0x6F, 0x6D, 0x2F, 0x69, 0x63, 0x67, 0x12, 0x18, 0x0A, 0x16, 0x1A, 0x11, 0	DESCARTADO: array de TransitionPayloads que no referencia nadie	Unclassified	audited-inventory
Unknown	icg	Discarded	descartado	Jondo.Unity.Server/TransitionPayloads.cs	89	new byte[] { 0x1A, 0x31, 0x0A, 0x2F, 0x0A, 0x13, 0x74, 0x79, 0x70, 0x65, 0x2E, 0x61, 0x6E, 0x6B, 0x61, 0x6D, 0x61, 0x2E, 0x63, 0x6F, 0x6D, 0x2F, 0x69, 0x63, 0x67, 0x12, 0x18, 0x0A, 0x16, 0x1A, 0x11, 0	DESCARTADO: array de TransitionPayloads que no referencia nadie	Unclassified	audited-inventory
Unknown	icg	Discarded	descartado	Jondo.Unity.Server/TransitionPayloads.cs	90	new byte[] { 0x1A, 0x31, 0x0A, 0x2F, 0x0A, 0x13, 0x74, 0x79, 0x70, 0x65, 0x2E, 0x61, 0x6E, 0x6B, 0x61, 0x6D, 0x61, 0x2E, 0x63, 0x6F, 0x6D, 0x2F, 0x69, 0x63, 0x67, 0x12, 0x18, 0x0A, 0x16, 0x1A, 0x11, 0	DESCARTADO: array de TransitionPayloads que no referencia nadie	Unclassified	audited-inventory
Unknown	icg	S2C/push	push	Jondo.Unity.Server/Network/TransitionPacketsBuilder.cs	270	"return NetworkEnvelope.BuildGameNodePacket(""type.ankama.com/icg"", ms.ToArray());"	NetworkEnvelope.BuildGameNodePacket(uri, ...)	Unclassified	audited-inventory
Unknown	icg	S2C/push	push	Jondo.Unity.Server/Network/TransitionPacketsBuilder.cs	271	"return NetworkEnvelope.BuildGameNodePacket(""type.ankama.com/icg"", ms.ToArray());"	Current-source literal scan; semantic verification still required.	Unclassified	current-source
Unknown	icw	Discarded	descartado	Jondo.Unity.Server/BasePayloads.cs	11	public static readonly byte[] OriginalImd = new byte[] {	DESCARTADO: opcode dentro de un array de BasePayloads; nadie referencia BasePayloads (codigo muerto)	Unclassified	audited-inventory
Unknown	icw	Discarded	descartado	Jondo.Unity.Server/BasePayloads.cs	16	public static readonly byte[] WorldEnteringPackets = new byte[] {	DESCARTADO: opcode dentro de un array de BasePayloads; nadie referencia BasePayloads (codigo muerto)	Unclassified	audited-inventory
Unknown	icw	Discarded	descartado	Jondo.Unity.Server/Handlers/CharacterSelectionHandler.cs	46	"/// NOTE: the former target ""icw"" is NOT the inventory — the official icw payload carries"	FALSO POSITIVO: el literal esta dentro de un comentario	Character/world entry	audited-inventory
Unknown	icw	Discarded	descartado	Jondo.Unity.Server/Protocol/NetworkMessage.cs	275	"case ""icw"": return (""World Loading"", ""Inventory"", ""InventoryContentMessage (Full inventory - 180 items)"");"	DESCARTADO: tabla de etiquetas del log (GetPacketMetadata / isPing). Solo pinta texto en consola, no cambia el protocolo	Unclassified	audited-inventory
Game	idf	Discarded	descartado	Jondo.Unity.Server/BasePayloads.cs	16	public static readonly byte[] WorldEnteringPackets = new byte[] {	DESCARTADO: opcode dentro de un array de BasePayloads; nadie referencia BasePayloads (codigo muerto)	Unclassified	audited-inventory
Game	idf	Discarded	descartado	Jondo.Unity.Server/Protocol/NetworkMessage.cs	308	"case ""idf"": return (""World Loading"", ""Inventory"", ""InventoryPreview (Quick preview of the items)"");"	DESCARTADO: tabla de etiquetas del log (GetPacketMetadata / isPing). Solo pinta texto en consola, no cambia el protocolo	Unclassified	audited-inventory
Game	idf	S2C/push	push	Jondo.Unity.Server/Network/TransitionPacketsBuilder.cs	23	"public static byte[] BuildIdfMessage() => BuildEmptyMessage(""type.ankama.com/idf"");"	TransitionPacketsBuilder.BuildEmptyMessage(uri)	Unclassified	audited-inventory
Unknown	ids	Discarded	descartado	Jondo.Unity.Server/Managers/Archimonsters.cs	115	"/// <paramref name=""ids""/> is the group as the database has it and comes back trimmed:"	FALSO POSITIVO: el literal esta dentro de un comentario	Unclassified	audited-inventory
Game	idu	S2C/push	push	Jondo.Unity.Server/Network/GameNodeProxy.cs	461	"ConnectionProtocol.Push(""idu"", Array.Empty<byte>()));"	Current-source literal scan; semantic verification still required.	Unclassified	current-source
Game	ieo	C2S/dispatch	despacho	Jondo.Unity.Server/Network/GameNodeProxy.cs	453	"else if (payloadStr.Contains(""type.ankama.com/ieo""))"	Current-source literal scan; semantic verification still required.	Unclassified	current-source
Game	ife	C2S/read	read	Jondo.Unity.Server/Network/WorldEntry.cs	100	"kqg, ""jhe"", ""jhh"", ""jhk"", ""hol"", ""jgu"", ""ihb"", ""koj"", ""ife"", ""jjs"", ""jaa"","	lista de privacidad WorldEntry.NotReplayed; se usa en ReadPayload(message, opcode) en WorldEntry.cs:359	Character/world entry	audited-inventory
Game	igs	S2C/push	push	Jondo.Unity.Server/Handlers/FightHandler.cs	752	"return BuildGameNodePacket(""type.ankama.com/igs"", Array.Empty<byte>());"	NetworkEnvelope.BuildGameNodePacket(uri, ...)	Fight	audited-inventory
Game	igs	S2C/push	push	Jondo.Unity.Server/Handlers/FightHandler.cs	756	"return BuildGameNodePacket(""type.ankama.com/igs"", Array.Empty<byte>());"	Current-source literal scan; semantic verification still required.	Fight	current-source
Game	igs	S2C/push	push	Jondo.Unity.Server/Handlers/FightHandler.cs	839	"await WriteFrameAsync(stream, BuildGameNodePacket(""type.ankama.com/igs"", Array.Empty<byte>()));"	NetworkEnvelope.BuildGameNodePacket(uri, ...)	Fight	audited-inventory
Game	igs	S2C/push	push	Jondo.Unity.Server/Handlers/FightHandler.cs	843	"await WriteFrameAsync(stream, BuildGameNodePacket(""type.ankama.com/igs"", Array.Empty<byte>()));"	Current-source literal scan; semantic verification still required.	Fight	current-source
Unknown	igx	C2S/dispatch	despacho	Jondo.Unity.Server/Network/GameNodeProxy.cs	732	"else if (payloadStr.Contains(""type.ankama.com/kkr"") || payloadStr.Contains(""type.ankama.com/jqf"") || payloadStr.Contains(""type.ankama.com/igx""))"	comparacion de cadena sobre el frame recibido	Unclassified	audited-inventory
Unknown	igx	C2S/dispatch	despacho	Jondo.Unity.Server/Network/GameNodeProxy.cs	829	"else if (payloadStr.Contains(Op.Uri(Op.Kkr)) || payloadStr.Contains(Op.Uri(Op.Jqf)) || payloadStr.Contains(""type.ankama.com/igx""))"	Current-source literal scan; semantic verification still required.	Unclassified	current-source
Game	ihb	C2S/read	read	Jondo.Unity.Server/Network/WorldEntry.cs	100	"kqg, ""jhe"", ""jhh"", ""jhk"", ""hol"", ""jgu"", ""ihb"", ""koj"", ""ife"", ""jjs"", ""jaa"","	lista de privacidad WorldEntry.NotReplayed; se usa en ReadPayload(message, opcode) en WorldEntry.cs:359	Character/world entry	audited-inventory
Game	ijq	S2C/push	push	Jondo.Unity.Server/Handlers/FightHandler.cs	397	"await WriteFrameAsync(stream, ConnectionProtocol.Push(""ijq"","	"ConnectionProtocol.Push(""xxx"", ...)"	Fight	audited-inventory
Game	ilc	Discarded	descartado	Jondo.Unity.Protocol/TypeRegistry.cs	20	"Register(""ilc"", ilc.Descriptor);"	DESCARTADO: TypeRegistry no lo referencia nadie (0 usos fuera del propio fichero); codigo muerto	Unclassified	audited-inventory
Game	ilc	Discarded	descartado	Jondo.Unity.Server/BasePayloads.cs	16	public static readonly byte[] WorldEnteringPackets = new byte[] {	DESCARTADO: opcode dentro de un array de BasePayloads; nadie referencia BasePayloads (codigo muerto)	Unclassified	audited-inventory
Game	ilc	Discarded	descartado	Jondo.Unity.Server/Protocol/NetworkMessage.cs	316	"case ""ilc"": return (""World Loading"", ""Sync"", ""ServerSettingsMessage (Regional settings of the server)"");"	DESCARTADO: tabla de etiquetas del log (GetPacketMetadata / isPing). Solo pinta texto en consola, no cambia el protocolo	Unclassified	audited-inventory
Game	ilc	Discarded	descartado	Jondo.Unity.Server/TransitionPayloads.cs	33	public static readonly byte[] ilc = new byte[] {	DESCARTADO: array de TransitionPayloads que no referencia nadie	Unclassified	audited-inventory
Game	ilc	S2C/push	push	Jondo.Unity.Server/Network/TransitionPacketsBuilder.cs	51	"return NetworkEnvelope.BuildGameNodePacket(""type.ankama.com/ilc"", payload);"	NetworkEnvelope.BuildGameNodePacket(uri, ...)	Unclassified	audited-inventory
Game	imd	Discarded	descartado	Jondo.Unity.Server/BasePayloads.cs	16	public static readonly byte[] WorldEnteringPackets = new byte[] {	DESCARTADO: opcode dentro de un array de BasePayloads; nadie referencia BasePayloads (codigo muerto)	Unclassified	audited-inventory
Game	imd	Discarded	descartado	Jondo.Unity.Server/Protocol/NetworkMessage.cs	264	"case ""imd"": return (""World Loading"", ""Inventory"", ""InventoryWeightMessage (Basic initialization of the inventory weight)"");"	DESCARTADO: tabla de etiquetas del log (GetPacketMetadata / isPing). Solo pinta texto en consola, no cambia el protocolo	Unclassified	audited-inventory
Game	ioc	S2C/push	push	Jondo.Unity.Server/Handlers/NpcHandler.cs	158	"ConnectionProtocol.Push(""ioc"", ConnectionProtocol.BuildNpcDialog(mapId, npc.ContextualId)));"	"ConnectionProtocol.Push(""xxx"", ...)"	Unclassified	audited-inventory
Game	iom	Discarded	descartado	Jondo.Unity.Protocol/OpcodeRegistry.cs	27	"public const string MapInformationsRequest = ""iom"";"	DESCARTADO: OpcodeRegistry no lo referencia nadie (0 usos fuera del propio fichero); codigo muerto	Unclassified	audited-inventory
Game	ios	S2C/push	push	Jondo.Unity.Server/Handlers/NpcHandler.cs	161	"ConnectionProtocol.Push(""ios"", ConnectionProtocol.BuildNpcQuestion("	"ConnectionProtocol.Push(""xxx"", ...)"	Unclassified	audited-inventory
Game	iov	C2S/dispatch	despacho	Jondo.Unity.Server/Network/GameNodeProxy.cs	763	"else if (payloadStr.Contains(""type.ankama.com/iov""))"	comparacion de cadena sobre el frame recibido	Unclassified	audited-inventory
Game	iov	C2S/read	read	Jondo.Unity.Server/Handlers/NpcHandler.cs	90	"byte[]? iov = ConnectionProtocol.ReadPayload(payload, ""iov"");"	"ConnectionProtocol.ReadPayload(frame, ""xxx"")"	Unclassified	audited-inventory
Game	ioy	C2S/dispatch	despacho	Jondo.Unity.Server/Network/GameNodeProxy.cs	768	"else if (payloadStr.Contains(""type.ankama.com/ioy""))"	comparacion de cadena sobre el frame recibido	Unclassified	audited-inventory
Game	ioy	C2S/read	read	Jondo.Unity.Server/Handlers/NpcHandler.cs	176	"byte[]? ioy = ConnectionProtocol.ReadPayload(payload, ""ioy"");"	"ConnectionProtocol.ReadPayload(frame, ""xxx"")"	Unclassified	audited-inventory
Unknown	ipu	Discarded	descartado	Jondo.Unity.Server/BasePayloads.cs	16	public static readonly byte[] WorldEnteringPackets = new byte[] {	DESCARTADO: opcode dentro de un array de BasePayloads; nadie referencia BasePayloads (codigo muerto)	Unclassified	audited-inventory
Unknown	ipu	Discarded	descartado	Jondo.Unity.Server/Protocol/NetworkMessage.cs	273	"case ""ipu"": return (""World Loading"", ""Map"", ""MapInteractiveElements (Active doors and triggers)"");"	DESCARTADO: tabla de etiquetas del log (GetPacketMetadata / isPing). Solo pinta texto en consola, no cambia el protocolo	Unclassified	audited-inventory
Game	ipv	Discarded	descartado	Jondo.Unity.Server/BasePayloads.cs	16	public static readonly byte[] WorldEnteringPackets = new byte[] {	DESCARTADO: opcode dentro de un array de BasePayloads; nadie referencia BasePayloads (codigo muerto)	Unclassified	audited-inventory
Game	ipv	Discarded	descartado	Jondo.Unity.Server/Protocol/NetworkMessage.cs	272	"case ""ipv"": return (""World Loading"", ""Map"", ""MapComplementaryInformationsData (Cell interactives)"");"	DESCARTADO: tabla de etiquetas del log (GetPacketMetadata / isPing). Solo pinta texto en consola, no cambia el protocolo	Unclassified	audited-inventory
Game	ipw	Discarded	descartado	Jondo.Unity.Server/BasePayloads.cs	16	public static readonly byte[] WorldEnteringPackets = new byte[] {	DESCARTADO: opcode dentro de un array de BasePayloads; nadie referencia BasePayloads (codigo muerto)	Unclassified	audited-inventory
Game	ipw	Discarded	descartado	Jondo.Unity.Server/Protocol/NetworkMessage.cs	274	"case ""ipw"": return (""World Loading"", ""Map"", ""MapStatedElements (Visual state of the interactive elements)"");"	DESCARTADO: tabla de etiquetas del log (GetPacketMetadata / isPing). Solo pinta texto en consola, no cambia el protocolo	Unclassified	audited-inventory
Game	irm	Discarded	descartado	Jondo.Unity.Server/BasePayloads.cs	16	public static readonly byte[] WorldEnteringPackets = new byte[] {	DESCARTADO: opcode dentro de un array de BasePayloads; nadie referencia BasePayloads (codigo muerto)	Unclassified	audited-inventory
Game	irm	Discarded	descartado	Jondo.Unity.Server/Protocol/NetworkMessage.cs	269	"case ""irm"": return (""World Loading"", ""Character"", ""MapActorsListMessage (Initial NPC and mob spawns of the map)"");"	DESCARTADO: tabla de etiquetas del log (GetPacketMetadata / isPing). Solo pinta texto en consola, no cambia el protocolo	Unclassified	audited-inventory
Game	irm	S2C/push	push	Jondo.Unity.Server/Handlers/FightHandler.cs	4772	type.ankama.com/irm, CharacterSelectionHandler.BuildDynamicIrmPayload()));	NetworkEnvelope.BuildGameNodePacket(uri, ...)	Fight	audited-inventory
Game	irq	C2S/read	read	Jondo.Unity.Server/Network/WorldEntry.cs	257	"byte[]? payload = ConnectionProtocol.ReadPayload(frame, ""irq"");"	"ConnectionProtocol.ReadPayload(frame, ""xxx"")"	Character/world entry	audited-inventory
Game	irq	C2S/read	read	Jondo.Unity.Server/Network/WorldEntry.cs	303	"if (ConnectionProtocol.ReadPayload(frame, ""irq"") != null)"	"ConnectionProtocol.ReadPayload(frame, ""xxx"")"	Character/world entry	audited-inventory
Game	irq	C2S/read	read	Jondo.Unity.Server/Network/WorldEntry.cs	305	"return ConnectionProtocol.Push(""irq"", ResetJobs(frame));"	"ConnectionProtocol.ReadPayload(frame, ""xxx"")"	Character/world entry	audited-inventory
Game	iry	Discarded	descartado	Jondo.Unity.Protocol/TypeRegistry.cs	21	"Register(""iry"", iry.Descriptor);"	DESCARTADO: TypeRegistry no lo referencia nadie (0 usos fuera del propio fichero); codigo muerto	Unclassified	audited-inventory
Game	iry	Discarded	descartado	Jondo.Unity.Server/Protocol/NetworkMessage.cs	337	"case ""iry"": return (""In Game"", ""Inventory"", ""ItemMovementConfirm (Confirmation that the item was equipped)"");"	DESCARTADO: tabla de etiquetas del log (GetPacketMetadata / isPing). Solo pinta texto en consola, no cambia el protocolo	Unclassified	audited-inventory
Game	iry	S2C/push	push	Jondo.Unity.Server/Handlers/InventoryHandler.cs	225	"return NetworkEnvelope.BuildGameNodePacket(""type.ankama.com/iry"", ms.ToArray());"	NetworkEnvelope.BuildGameNodePacket(uri, ...)	Personal data	audited-inventory
Game	ise	Discarded	descartado	Jondo.Unity.Protocol/TypeRegistry.cs	16	"Register(""ise"", GameMapMovementRequestMessage.Descriptor);"	DESCARTADO: TypeRegistry no lo referencia nadie (0 usos fuera del propio fichero); codigo muerto	Unclassified	audited-inventory
Game	ise	C2S/dispatch	despacho	Jondo.Unity.Server/Network/GameNodeProxy.cs	238	"else if (!isAuthenticated && (payloadStr.Contains(""type.ankama.com/hmt"") || payloadStr.Contains(""type.ankama.com/ise"") || payloadStr.Contains(""type.ankama.com/jtk"") || payloadStr.Contains(""type.ankama.com/knx"") || payloa"	comparacion de cadena sobre el frame recibido	Unclassified	audited-inventory
Game	isf	Discarded	descartado	Jondo.Unity.Protocol/TypeRegistry.cs	22	"Register(""isf"", isf.Descriptor);"	DESCARTADO: TypeRegistry no lo referencia nadie (0 usos fuera del propio fichero); codigo muerto	Unclassified	audited-inventory
Game	isf	Discarded	descartado	Jondo.Unity.Server/BasePayloads.cs	16	public static readonly byte[] WorldEnteringPackets = new byte[] {	DESCARTADO: opcode dentro de un array de BasePayloads; nadie referencia BasePayloads (codigo muerto)	Unclassified	audited-inventory
Game	isf	Discarded	descartado	Jondo.Unity.Server/Protocol/NetworkMessage.cs	284	"case ""isf"": return (""World Loading"", ""Sync"", ""QuestListMessage (Notification of the active quests)"");"	DESCARTADO: tabla de etiquetas del log (GetPacketMetadata / isPing). Solo pinta texto en consola, no cambia el protocolo	Unclassified	audited-inventory
Game	isf	S2C/push	push	Jondo.Unity.Server/Handlers/StatsHandler.cs	217	"return NetworkEnvelope.BuildGameNodePacket(""type.ankama.com/isf"", ms.ToArray());"	NetworkEnvelope.BuildGameNodePacket(uri, ...)	Unclassified	audited-inventory
Game	isf	S2C/push	push	Jondo.Unity.Server/Network/TransitionPacketsBuilder.cs	123	"return NetworkEnvelope.BuildGameNodePacket(""type.ankama.com/isf"", ms.ToArray());"	NetworkEnvelope.BuildGameNodePacket(uri, ...)	Unclassified	audited-inventory
Game	isi	Discarded	descartado	Jondo.Unity.Protocol/TypeRegistry.cs	23	"Register(""isi"", isi.Descriptor);"	DESCARTADO: TypeRegistry no lo referencia nadie (0 usos fuera del propio fichero); codigo muerto	Unclassified	audited-inventory
Game	isi	Discarded	descartado	Jondo.Unity.Server/Protocol/NetworkMessage.cs	336	"case ""isi"": return (""In Game"", ""Inventory"", ""ItemMovementRequest (Request to equip/move an item)"");"	DESCARTADO: tabla de etiquetas del log (GetPacketMetadata / isPing). Solo pinta texto en consola, no cambia el protocolo	Unclassified	audited-inventory
Game	isi	C2S/dispatch	despacho	Jondo.Unity.Server/Network/GameNodeProxy.cs	759	"else if (payloadStr.Contains(""type.ankama.com/isi""))"	comparacion de cadena sobre el frame recibido	Unclassified	audited-inventory
Game	isi	C2S/read	read	Jondo.Unity.Server/Handlers/InventoryHandler.cs	32	"byte[]? inner = NetworkEnvelope.ExtractMessagePayload(payload, ""type.ankama.com/isi"");"	NetworkEnvelope.ExtractMessagePayload(..., uri)	Personal data	audited-inventory
Game	itc	S2C/push	push	Jondo.Unity.Server/Handlers/ChestHandler.cs	91	"await AnnounceAsync(stream, uid, ArrivesInBag, ""itc"", ""sale del cofre"");"	arg 'seVa' de AnnounceAsync; llega a ConnectionProtocol.Push(seVa,...) en ChestHandler.cs:139	Unclassified	audited-inventory
Game	itd	Static	constante	Jondo.Unity.Server/Handlers/ChestHandler.cs	122	"public const string ArrivesInChest = ""itd"";"	const string	Unclassified	audited-inventory
Game	itg	S2C/push	push	Jondo.Unity.Server/Handlers/CommandHandler.cs	372	"ConnectionProtocol.Push(""itg"","	"ConnectionProtocol.Push(""xxx"", ...)"	Unclassified	audited-inventory
Game	itg	S2C/push	push	Jondo.Unity.Server/Network/WorldEntry.cs	324	"return ConnectionProtocol.Push(""itg"","	"ConnectionProtocol.Push(""xxx"", ...)"	Character/world entry	audited-inventory
Game	itg	S2C/push	push	Jondo.Unity.Server/Network/WorldEntry.cs	331	"return ConnectionProtocol.Push(""itg"", Array.Empty<byte>());"	"ConnectionProtocol.Push(""xxx"", ...)"	Character/world entry	audited-inventory
Game	itg	C2S/read	read	Jondo.Unity.Server/Network/WorldEntry.cs	319	"byte[]? itg = ConnectionProtocol.ReadPayload(frame, ""itg"");"	"ConnectionProtocol.ReadPayload(frame, ""xxx"")"	Character/world entry	audited-inventory
Game	ith	Discarded	descartado	Jondo.Unity.Server/BasePayloads.cs	16	public static readonly byte[] WorldEnteringPackets = new byte[] {	DESCARTADO: opcode dentro de un array de BasePayloads; nadie referencia BasePayloads (codigo muerto)	Unclassified	audited-inventory
Game	ith	Discarded	descartado	Jondo.Unity.Server/Protocol/NetworkMessage.cs	325	"case ""ith"": return (""World Loading"", ""Character"", ""FullCharacterStatsMessage (Bulk stats sheet)"");"	DESCARTADO: tabla de etiquetas del log (GetPacketMetadata / isPing). Solo pinta texto en consola, no cambia el protocolo	Unclassified	audited-inventory
Game	ith	S2C/push	push	Jondo.Unity.Server/TransitionPayloads.cs	94	public static readonly byte[] ith = new byte[] {	opcode dentro de un array de bytes (TransitionPayloads.hnk/kqmList/ith); se manda tal cual	Unclassified	audited-inventory
Game	itn	C2S/dispatch	despacho	Jondo.Unity.Server/Network/GameNodeProxy.cs	803	"else if (payloadStr.Contains(""type.ankama.com/itn""))"	comparacion de cadena sobre el frame recibido	Unclassified	audited-inventory
Game	itn	C2S/dispatch	despacho	Jondo.Unity.Server/Network/GameNodeProxy.cs	900	"else if (payloadStr.Contains(""type.ankama.com/itn""))"	Current-source literal scan; semantic verification still required.	Unclassified	current-source
Game	itp	Discarded	descartado	Jondo.Unity.Server/BasePayloads.cs	16	public static readonly byte[] WorldEnteringPackets = new byte[] {	DESCARTADO: opcode dentro de un array de BasePayloads; nadie referencia BasePayloads (codigo muerto)	Unclassified	audited-inventory
Game	itp	Discarded	descartado	Jondo.Unity.Server/Protocol/NetworkMessage.cs	261	"case ""itp"": return (""World Loading"", ""Interfaces"", ""ShortcutBarContentMessage (Keyboard shortcuts and UI bars)"");"	DESCARTADO: tabla de etiquetas del log (GetPacketMetadata / isPing). Solo pinta texto en consola, no cambia el protocolo	Unclassified	audited-inventory
Game	itp	Discarded	descartado	Jondo.Unity.Server/TransitionPayloads.cs	55	new byte[] { 0x1A, 0x47, 0x0A, 0x45, 0x0A, 0x13, 0x74, 0x79, 0x70, 0x65, 0x2E, 0x61, 0x6E, 0x6B, 0x61, 0x6D, 0x61, 0x2E, 0x63, 0x6F, 0x6D, 0x2F, 0x69, 0x74, 0x70, 0x12, 0x2E, 0x08, 0x01, 0x12, 0x02, 0	DESCARTADO: array de TransitionPayloads que no referencia nadie	Unclassified	audited-inventory
Game	itp	Discarded	descartado	Jondo.Unity.Server/TransitionPayloads.cs	56	new byte[] { 0x1A, 0x47, 0x0A, 0x45, 0x0A, 0x13, 0x74, 0x79, 0x70, 0x65, 0x2E, 0x61, 0x6E, 0x6B, 0x61, 0x6D, 0x61, 0x2E, 0x63, 0x6F, 0x6D, 0x2F, 0x69, 0x74, 0x70, 0x12, 0x2E, 0x08, 0x01, 0x12, 0x02, 0	DESCARTADO: array de TransitionPayloads que no referencia nadie	Unclassified	audited-inventory
Game	itp	Discarded	descartado	Jondo.Unity.Server/TransitionPayloads.cs	57	new byte[] { 0x1A, 0x17, 0x0A, 0x15, 0x0A, 0x13, 0x74, 0x79, 0x70, 0x65, 0x2E, 0x61, 0x6E, 0x6B, 0x61, 0x6D, 0x61, 0x2E, 0x63, 0x6F, 0x6D, 0x2F, 0x69, 0x74, 0x70 }	DESCARTADO: array de TransitionPayloads que no referencia nadie	Unclassified	audited-inventory
Game	itp	S2C/push	push	Jondo.Unity.Server/Network/TransitionPacketsBuilder.cs	753	"NetworkEnvelope.BuildGameNodePacket(""type.ankama.com/itp"", itpSpells),"	NetworkEnvelope.BuildGameNodePacket(uri, ...)	Unclassified	audited-inventory
Game	itp	S2C/push	push	Jondo.Unity.Server/Network/TransitionPacketsBuilder.cs	754	"NetworkEnvelope.BuildGameNodePacket(""type.ankama.com/itp"", itpSpells),"	NetworkEnvelope.BuildGameNodePacket(uri, ...)	Unclassified	audited-inventory
Game	itp	S2C/push	push	Jondo.Unity.Server/Network/TransitionPacketsBuilder.cs	755	"NetworkEnvelope.BuildGameNodePacket(""type.ankama.com/itp"", Array.Empty<byte>())"	NetworkEnvelope.BuildGameNodePacket(uri, ...)	Unclassified	audited-inventory
Game	itr	C2S/dispatch	despacho	Jondo.Unity.Server/Network/GameNodeProxy.cs	829	"cleanPayload.Contains(""itr"") || cleanPayload.Contains(""knc"") || cleanPayload.Contains(""kna"") ||"	comparacion de cadena sobre el frame recibido	Unclassified	audited-inventory
Game	itw	S2C/push	push	Jondo.Unity.Server/Network/GameNodeProxy.cs	805	"byte[] rawItt = NetworkEnvelope.ConvertHexStringToByteArray(""22-22-08-FF-FF-FF-FF-FF-FF-FF-FF-FF-01-12-15-0A-13-74-79-70-65-2E-61-6E-6B-61-6D-61-2E-63-6F-6D-2F-69-74-77"");"	opcode escondido en cadena hex; la trama se escribe en el socket	Unclassified	audited-inventory
Unknown	ity	Discarded	descartado	Jondo.Unity.Server/BasePayloads.cs	16	public static readonly byte[] WorldEnteringPackets = new byte[] {	DESCARTADO: opcode dentro de un array de BasePayloads; nadie referencia BasePayloads (codigo muerto)	Unclassified	audited-inventory
Unknown	ity	Discarded	descartado	Jondo.Unity.Server/Protocol/NetworkMessage.cs	296	"case ""ity"": return (""World Loading"", ""Sync"", ""ExpMultiplierMessage (Global experience multipliers)"");"	DESCARTADO: tabla de etiquetas del log (GetPacketMetadata / isPing). Solo pinta texto en consola, no cambia el protocolo	Unclassified	audited-inventory
Unknown	ity	S2C/push	push	Jondo.Unity.Server/Network/TransitionPacketsBuilder.cs	18	"public static byte[] BuildItyMessage() => BuildEmptyMessage(""type.ankama.com/ity"");"	TransitionPacketsBuilder.BuildEmptyMessage(uri)	Unclassified	audited-inventory
Unknown	ity	S2C/push	push	Jondo.Unity.Server/Network/TransitionPacketsBuilder.cs	19	"public static byte[] BuildItyMessage() => BuildEmptyMessage(""type.ankama.com/ity"");"	Current-source literal scan; semantic verification still required.	Unclassified	current-source
Game	itz	C2S/dispatch	despacho	Jondo.Unity.Server/Network/GameNodeProxy.cs	571	"else if (payloadStr.Contains(""type.ankama.com/itz""))"	comparacion de cadena sobre el frame recibido	Unclassified	audited-inventory
Game	itz	C2S/read	read	Jondo.Unity.Server/Network/GameNodeProxy.cs	578	"byte[]? itz = ConnectionProtocol.ReadPayload(payload, ""itz"");"	"ConnectionProtocol.ReadPayload(frame, ""xxx"")"	Unclassified	audited-inventory
Game	iua	Static	constante	Jondo.Unity.Server/Handlers/ChestHandler.cs	121	"public const string ArrivesInBag = ""iua"";"	const string	Unclassified	audited-inventory
Game	iua	S2C/push	push	Jondo.Unity.Server/Handlers/CharacterSelectionHandler.cs	131	"byte[] iuaFrame = NetworkEnvelope.ConvertHexStringToByteArray(""28-0A-26-12-24-0A-13-74-79-70-65-2E-61-6E-6B-61-6D-61-2E-63-6F-6D-2F-69-75-61-12-0D-0A-02-14-23-10-06-18-A2-82-D8-B0-AF-1A"");"	opcode escondido en cadena hex; la trama se escribe en el socket	Character/world entry	audited-inventory
Game	iua	S2C/push	push	Jondo.Unity.Server/Handlers/NpcHandler.cs	293	"ConnectionProtocol.Push(""iua"", ConnectionProtocol.BuildItemArrived(3, bought)));"	"ConnectionProtocol.Push(""xxx"", ...)"	Unclassified	audited-inventory
Game	iuj	S2C/push	push	Jondo.Unity.Server/Handlers/CharacterSelectionHandler.cs	135	"byte[] isjFrame = NetworkEnvelope.ConvertHexStringToByteArray(""19-0A-17-12-15-0A-13-74-79-70-65-2E-61-6E-6B-61-6D-61-2E-63-6F-6D-2F-69-75-6A"");"	opcode escondido en cadena hex; la trama se escribe en el socket	Character/world entry	audited-inventory
Game	iuk	C2S/dispatch	despacho	Jondo.Unity.Server/Network/GameNodeProxy.cs	405	"else if (payloadStr.Contains(""type.ankama.com/iuk""))"	comparacion de cadena sobre el frame recibido	Unclassified	audited-inventory
Game	iuk	C2S/read	read	Jondo.Unity.Server/Handlers/EquipmentHandler.cs	37	"byte[]? iuk = ConnectionProtocol.ReadPayload(payload, ""iuk"");"	"ConnectionProtocol.ReadPayload(frame, ""xxx"")"	Personal data	audited-inventory
Game	iul	C2S/dispatch	despacho	Jondo.Unity.Server/Network/GameNodeProxy.cs	232	"else if (payloadStr.Contains(""type.ankama.com/iul""))"	Current-source literal scan; semantic verification still required.	Unclassified	current-source
Game	iul	C2S/read	read	Jondo.Unity.Server/Network/GameNodeProxy.cs	238	"byte[]? iul = ConnectionProtocol.ReadPayload(payload, ""iul"");"	Current-source literal scan; semantic verification still required.	Unclassified	current-source
Game	ium	S2C/push	push	Jondo.Unity.Server/Handlers/ChestHandler.cs	96	"await AnnounceAsync(stream, uid, ArrivesInChest, ""ium"", ""entra en el cofre"");"	arg 'seVa' de AnnounceAsync; llega a ConnectionProtocol.Push(seVa,...) en ChestHandler.cs:139	Unclassified	audited-inventory
Game	ium	S2C/push	push	Jondo.Unity.Server/Handlers/DestroyItemHandler.cs	62	"ConnectionProtocol.Push(""ium"", ConnectionProtocol.BuildItemGone(uid)));"	"ConnectionProtocol.Push(""xxx"", ...)"	Unclassified	audited-inventory
Game	iun	S2C/push	push	Jondo.Unity.Server/Handlers/CharacteristicsHandler.cs	138	"ConnectionProtocol.Push(""iun"", ConnectionProtocol.BuildPods(0, capacity)));"	"ConnectionProtocol.Push(""xxx"", ...)"	Character/world entry	audited-inventory
Game	iun	S2C/push	push	Jondo.Unity.Server/Handlers/ChestHandler.cs	100	"ConnectionProtocol.Push(""iun"","	"ConnectionProtocol.Push(""xxx"", ...)"	Unclassified	audited-inventory
Game	iun	S2C/push	push	Jondo.Unity.Server/Handlers/CommandHandler.cs	269	"ConnectionProtocol.Push(""iun"","	"ConnectionProtocol.Push(""xxx"", ...)"	Unclassified	audited-inventory
Game	iun	S2C/push	push	Jondo.Unity.Server/Handlers/DestroyItemHandler.cs	78	"ConnectionProtocol.Push(""iun"","	"ConnectionProtocol.Push(""xxx"", ...)"	Unclassified	audited-inventory
Game	iun	S2C/push	push	Jondo.Unity.Server/Handlers/EquipmentHandler.cs	91	"ConnectionProtocol.Push(""iun"","	"ConnectionProtocol.Push(""xxx"", ...)"	Personal data	audited-inventory
Game	iun	S2C/push	push	Jondo.Unity.Server/Handlers/LotteryHandler.cs	57	"ConnectionProtocol.Push(""iun"","	"ConnectionProtocol.Push(""xxx"", ...)"	Unclassified	audited-inventory
Game	iun	S2C/push	push	Jondo.Unity.Server/Handlers/NpcHandler.cs	296	"ConnectionProtocol.Push(""iun"", ConnectionProtocol.BuildPods(0, capacity)));"	"ConnectionProtocol.Push(""xxx"", ...)"	Unclassified	audited-inventory
Game	iun	S2C/push	push	Jondo.Unity.Server/Handlers/NpcHandler.cs	304	"ConnectionProtocol.Push(""iun"", ConnectionProtocol.BuildPods(0, capacity)));"	"ConnectionProtocol.Push(""xxx"", ...)"	Unclassified	audited-inventory
Game	iuq	S2C/push	push	Jondo.Unity.Server/Handlers/SpellHandler.cs	63	"ConnectionProtocol.Push(""iuq"", ConnectionProtocol.BuildShortcutChanged(slot, wanted)));"	"ConnectionProtocol.Push(""xxx"", ...)"	Personal data	audited-inventory
Game	iuv	C2S/dispatch	despacho	Jondo.Unity.Server/Network/GameNodeProxy.cs	249	"else if (payloadStr.Contains(""type.ankama.com/iuv""))"	Current-source literal scan; semantic verification still required.	Unclassified	current-source
Game	iuv	C2S/read	read	Jondo.Unity.Server/Network/GameNodeProxy.cs	254	"byte[]? iuv = ConnectionProtocol.ReadPayload(payload, ""iuv"");"	Current-source literal scan; semantic verification still required.	Unclassified	current-source
Game	iuw	C2S/dispatch	despacho	Jondo.Unity.Server/Network/GameNodeProxy.cs	541	"else if (payloadStr.Contains(""type.ankama.com/iuw""))"	comparacion de cadena sobre el frame recibido	Unclassified	audited-inventory
Game	iuw	C2S/read	read	Jondo.Unity.Server/Handlers/DestroyItemHandler.cs	27	"byte[]? iuw = ConnectionProtocol.ReadPayload(payload, ""iuw"");"	"ConnectionProtocol.ReadPayload(frame, ""xxx"")"	Unclassified	audited-inventory
Game	iuz	C2S/dispatch	despacho	Jondo.Unity.Server/Network/GameNodeProxy.cs	218	"else if (payloadStr.Contains(""type.ankama.com/iuz""))"	Current-source literal scan; semantic verification still required.	Unclassified	current-source
Game	ivf	S2C/push	push	Jondo.Unity.Server/Handlers/CommandHandler.cs	177	"ConnectionProtocol.Push(""ivf"", ConnectionProtocol.BuildKamas(GameState.Kamas)));"	"ConnectionProtocol.Push(""xxx"", ...)"	Unclassified	audited-inventory
Game	ivf	S2C/push	push	Jondo.Unity.Server/Handlers/NpcHandler.cs	200	"ConnectionProtocol.Push(""ivf"", ConnectionProtocol.BuildKamas(GameState.Kamas)));"	"ConnectionProtocol.Push(""xxx"", ...)"	Unclassified	audited-inventory
Game	ivf	S2C/push	push	Jondo.Unity.Server/Handlers/NpcHandler.cs	290	"ConnectionProtocol.Push(""ivf"", ConnectionProtocol.BuildKamas(GameState.Kamas)));"	"ConnectionProtocol.Push(""xxx"", ...)"	Unclassified	audited-inventory
Game	ivf	S2C/push	push	Jondo.Unity.Server/Handlers/NpcHandler.cs	301	"ConnectionProtocol.Push(""ivf"", ConnectionProtocol.BuildKamas(GameState.Kamas)));"	"ConnectionProtocol.Push(""xxx"", ...)"	Unclassified	audited-inventory
Game	ivf	S2C/push	push	Jondo.Unity.Server/Handlers/ZaapTravelHandler.cs	182	"ConnectionProtocol.Push(""ivf"", ConnectionProtocol.BuildKamas(Jondo.Unity.Launcher.Network.SessionContext.State.Kamas)));"	"ConnectionProtocol.Push(""xxx"", ...)"	Connection	audited-inventory
Game	ivk	S2C/push	push	Jondo.Unity.Server/Network/GameNodeProxy.cs	583	"ConnectionProtocol.Push(""ivk"", itz));"	"ConnectionProtocol.Push(""xxx"", ...)"	Unclassified	audited-inventory
Game	ivq	S2C/push	push	Jondo.Unity.Server/Handlers/EquipmentHandler.cs	65	"ConnectionProtocol.Push(""ivq"", Pb.New().Var(1, evicted.Uid).Var(2, Bag).Build()));"	"ConnectionProtocol.Push(""xxx"", ...)"	Personal data	audited-inventory
Game	ivq	S2C/push	push	Jondo.Unity.Server/Handlers/EquipmentHandler.cs	79	"ConnectionProtocol.Push(""ivq"", Pb.New().Var(1, uid).Var(2, position).Build()));"	"ConnectionProtocol.Push(""xxx"", ...)"	Personal data	audited-inventory
Game	ivx	C2S/read	read	Jondo.Unity.Server/Network/WorldEntry.cs	314	"if (ConnectionProtocol.ReadPayload(frame, ""ivx"") != null)"	"ConnectionProtocol.ReadPayload(frame, ""xxx"")"	Character/world entry	audited-inventory
Game	ivx	C2S/read	read	Jondo.Unity.Server/Network/WorldEntry.cs	316	"return ConnectionProtocol.Push(""ivx"", ConnectionProtocol.BuildInventory());"	"ConnectionProtocol.ReadPayload(frame, ""xxx"")"	Character/world entry	audited-inventory
Game	ivx	C2S/read	read	Jondo.Unity.Server/Network/WorldEntry.cs	484	"byte[]? ivx = ConnectionProtocol.ReadPayload(frame, ""ivx"");"	"ConnectionProtocol.ReadPayload(frame, ""xxx"")"	Character/world entry	audited-inventory
Game	iwb	S2C/push	push	Jondo.Unity.Server/Handlers/ChestHandler.cs	55	"ConnectionProtocol.Push(""iwb"", ConnectionProtocol.BuildStorageContent(content)));"	"ConnectionProtocol.Push(""xxx"", ...)"	Unclassified	audited-inventory
Game	iwn	S2C/push	push	Jondo.Unity.Server/Handlers/ChestHandler.cs	47	"ConnectionProtocol.Push(""iwn"", ConnectionProtocol.BuildElementInUse("	"ConnectionProtocol.Push(""xxx"", ...)"	Unclassified	audited-inventory
Game	iwn	S2C/push	push	Jondo.Unity.Server/Handlers/LotteryHandler.cs	35	"ConnectionProtocol.Push(""iwn"", ConnectionProtocol.BuildElementInUse("	"ConnectionProtocol.Push(""xxx"", ...)"	Unclassified	audited-inventory
Game	iwn	S2C/push	push	Jondo.Unity.Server/Handlers/ZaapTravelHandler.cs	101	"ConnectionProtocol.Push(""iwn"", ConnectionProtocol.BuildElementInUse("	"ConnectionProtocol.Push(""xxx"", ...)"	Connection	audited-inventory
Game	iwo	C2S/dispatch	despacho	Jondo.Unity.Server/Network/GameNodeProxy.cs	456	"else if (payloadStr.Contains(""type.ankama.com/iwo""))"	comparacion de cadena sobre el frame recibido	Unclassified	audited-inventory
Game	iwo	C2S/read	read	Jondo.Unity.Server/Handlers/ZaapTravelHandler.cs	57	"byte[]? iwo = ConnectionProtocol.ReadPayload(payload, ""iwo"");"	"ConnectionProtocol.ReadPayload(frame, ""xxx"")"	Connection	audited-inventory
Game	iya	Discarded	descartado	Jondo.Unity.Server/BasePayloads.cs	16	public static readonly byte[] WorldEnteringPackets = new byte[] {	DESCARTADO: opcode dentro de un array de BasePayloads; nadie referencia BasePayloads (codigo muerto)	Unclassified	audited-inventory
Game	iya	Discarded	descartado	Jondo.Unity.Server/Protocol/NetworkMessage.cs	293	"case ""iya"": return (""World Loading"", ""Sync"", ""FeatureStatusMessage (Active experimental features)"");"	DESCARTADO: tabla de etiquetas del log (GetPacketMetadata / isPing). Solo pinta texto en consola, no cambia el protocolo	Unclassified	audited-inventory
Game	iya	S2C/push	push	Jondo.Unity.Server/Network/TransitionPacketsBuilder.cs	17	"public static byte[] BuildIyaMessage() => BuildEmptyMessage(""type.ankama.com/iya"");"	TransitionPacketsBuilder.BuildEmptyMessage(uri)	Unclassified	audited-inventory
Game	izh	Discarded	descartado	Jondo.Unity.Server/BasePayloads.cs	16	public static readonly byte[] WorldEnteringPackets = new byte[] {	DESCARTADO: opcode dentro de un array de BasePayloads; nadie referencia BasePayloads (codigo muerto)	Unclassified	audited-inventory
Game	izh	Discarded	descartado	Jondo.Unity.Server/Protocol/NetworkMessage.cs	295	"case ""izh"": return (""World Loading"", ""Sync"", ""AlmanaxDateMessage (Almanax day and active bonus)"");"	DESCARTADO: tabla de etiquetas del log (GetPacketMetadata / isPing). Solo pinta texto en consola, no cambia el protocolo	Unclassified	audited-inventory
Game	izh	S2C/push	push	Jondo.Unity.Server/Network/TransitionPacketsBuilder.cs	171	"return NetworkEnvelope.BuildGameNodePacket(""type.ankama.com/izh"", ms.ToArray());"	NetworkEnvelope.BuildGameNodePacket(uri, ...)	Unclassified	audited-inventory
Unknown	izn	Discarded	descartado	Jondo.Unity.Server/BasePayloads.cs	16	public static readonly byte[] WorldEnteringPackets = new byte[] {	DESCARTADO: opcode dentro de un array de BasePayloads; nadie referencia BasePayloads (codigo muerto)	Unclassified	audited-inventory
Unknown	izn	Discarded	descartado	Jondo.Unity.Server/Protocol/NetworkMessage.cs	262	"case ""izn"": return (""World Loading"", ""Interfaces"", ""ChatChannelsListMessage (Initialization of the local chat channels)"");"	DESCARTADO: tabla de etiquetas del log (GetPacketMetadata / isPing). Solo pinta texto en consola, no cambia el protocolo	Unclassified	audited-inventory
Unknown	izn	S2C/push	push	Jondo.Unity.Server/Network/TransitionPacketsBuilder.cs	218	"return NetworkEnvelope.BuildGameNodePacket(""type.ankama.com/izn"", ms.ToArray());"	NetworkEnvelope.BuildGameNodePacket(uri, ...)	Unclassified	audited-inventory
Unknown	izn	S2C/push	push	Jondo.Unity.Server/Network/TransitionPacketsBuilder.cs	219	"return NetworkEnvelope.BuildGameNodePacket(""type.ankama.com/izn"", ms.ToArray());"	Current-source literal scan; semantic verification still required.	Unclassified	current-source
Game	izu	Discarded	descartado	Jondo.Unity.Server/BasePayloads.cs	16	public static readonly byte[] WorldEnteringPackets = new byte[] {	DESCARTADO: opcode dentro de un array de BasePayloads; nadie referencia BasePayloads (codigo muerto)	Unclassified	audited-inventory
Game	izu	Discarded	descartado	Jondo.Unity.Server/Protocol/NetworkMessage.cs	309	"case ""izu"": return (""World Loading"", ""Sync"", ""QuestStepProgress (Current quest progress)"");"	DESCARTADO: tabla de etiquetas del log (GetPacketMetadata / isPing). Solo pinta texto en consola, no cambia el protocolo	Unclassified	audited-inventory
Game	izu	S2C/push	push	Jondo.Unity.Server/Network/TransitionPacketsBuilder.cs	61	"return NetworkEnvelope.BuildGameNodePacket(""type.ankama.com/izu"", ms.ToArray());"	NetworkEnvelope.BuildGameNodePacket(uri, ...)	Unclassified	audited-inventory
Game	jaa	C2S/read	read	Jondo.Unity.Server/Network/WorldEntry.cs	100	"kqg, ""jhe"", ""jhh"", ""jhk"", ""hol"", ""jgu"", ""ihb"", ""koj"", ""ife"", ""jjs"", ""jaa"","	lista de privacidad WorldEntry.NotReplayed; se usa en ReadPayload(message, opcode) en WorldEntry.cs:359	Character/world entry	audited-inventory
Game	jav	C2S/dispatch	despacho	Jondo.Unity.Server/Network/GameNodeProxy.cs	485	"|| payloadStr.Contains(""type.ankama.com/jav"")"	comparacion de cadena sobre el frame recibido	Unclassified	audited-inventory
Game	jav	C2S/dispatch	despacho	Jondo.Unity.Server/Network/GameNodeProxy.cs	587	"|| payloadStr.Contains(""type.ankama.com/jav"")"	Current-source literal scan; semantic verification still required.	Unclassified	current-source
Game	jaw	C2S/dispatch	despacho	Jondo.Unity.Server/Network/GameNodeProxy.cs	486	"|| payloadStr.Contains(""type.ankama.com/jaw""))"	comparacion de cadena sobre el frame recibido	Unclassified	audited-inventory
Game	jaw	C2S/dispatch	despacho	Jondo.Unity.Server/Network/GameNodeProxy.cs	588	"|| payloadStr.Contains(""type.ankama.com/jaw""))"	Current-source literal scan; semantic verification still required.	Unclassified	current-source
Game	jaz	S2C/push	push	Jondo.Unity.Server/Handlers/MerkasakoHandler.cs	180	"ConnectionProtocol.Push(""jaz""));"	"ConnectionProtocol.Push(""xxx"", ...)"	Unclassified	audited-inventory
Game	jba	S2C/push	push	Jondo.Unity.Server/Handlers/MerkasakoHandler.cs	165	"ConnectionProtocol.Push(""jba""));"	"ConnectionProtocol.Push(""xxx"", ...)"	Unclassified	audited-inventory
Game	jbg	C2S/dispatch	despacho	Jondo.Unity.Server/Network/GameNodeProxy.cs	479	"else if (payloadStr.Contains(""type.ankama.com/jbg""))"	comparacion de cadena sobre el frame recibido	Unclassified	audited-inventory
Game	jbg	C2S/read	read	Jondo.Unity.Server/Handlers/MerkasakoHandler.cs	114	"byte[]? jbg = ConnectionProtocol.ReadPayload(payload, ""jbg"");"	"ConnectionProtocol.ReadPayload(frame, ""xxx"")"	Unclassified	audited-inventory
Game	jbk	C2S/dispatch	despacho	Jondo.Unity.Server/Network/GameNodeProxy.cs	484	"else if (payloadStr.Contains(""type.ankama.com/jbk"")"	comparacion de cadena sobre el frame recibido	Unclassified	audited-inventory
Game	jbk	C2S/dispatch	despacho	Jondo.Unity.Server/Network/GameNodeProxy.cs	586	"else if (payloadStr.Contains(""type.ankama.com/jbk"")"	Current-source literal scan; semantic verification still required.	Unclassified	current-source
Game	jbl	C2S/dispatch	despacho	Jondo.Unity.Server/Network/GameNodeProxy.cs	468	"else if (payloadStr.Contains(""type.ankama.com/jbl""))"	comparacion de cadena sobre el frame recibido	Unclassified	audited-inventory
Game	jbl	C2S/read	read	Jondo.Unity.Server/Handlers/MerkasakoHandler.cs	47	"byte[]? jbl = ConnectionProtocol.ReadPayload(payload, ""jbl"");"	"ConnectionProtocol.ReadPayload(frame, ""xxx"")"	Unclassified	audited-inventory
Game	jbm	S2C/push	push	Jondo.Unity.Server/Handlers/MerkasakoHandler.cs	106	"ConnectionProtocol.Push(""jbm""));"	"ConnectionProtocol.Push(""xxx"", ...)"	Unclassified	audited-inventory
Game	jbn	C2S/dispatch	despacho	Jondo.Unity.Server/Network/GameNodeProxy.cs	462	"else if (payloadStr.Contains(""type.ankama.com/jbn""))"	comparacion de cadena sobre el frame recibido	Unclassified	audited-inventory
Game	jbn	C2S/read	read	Jondo.Unity.Server/Handlers/MerkasakoHandler.cs	40	"if (ConnectionProtocol.ReadPayload(payload, ""jbn"") == null) return;"	"ConnectionProtocol.ReadPayload(frame, ""xxx"")"	Unclassified	audited-inventory
Game	jbs	S2C/push	push	Jondo.Unity.Server/Handlers/LotteryHandler.cs	47	"ConnectionProtocol.Push(""jbs"", ConnectionProtocol.BuildLotteryResult(prize.Uid)));"	"ConnectionProtocol.Push(""xxx"", ...)"	Unclassified	audited-inventory
Game	jbu	S2C/push	push	Jondo.Unity.Server/Handlers/MerkasakoHandler.cs	178	"ConnectionProtocol.Push(""jbu"", ConnectionProtocol.BuildHavenBagFurniture(pieces)));"	"ConnectionProtocol.Push(""xxx"", ...)"	Unclassified	audited-inventory
Game	jbv	C2S/dispatch	despacho	Jondo.Unity.Server/Network/GameNodeProxy.cs	474	"else if (payloadStr.Contains(""type.ankama.com/jbv""))"	comparacion de cadena sobre el frame recibido	Unclassified	audited-inventory
Game	jbv	C2S/dispatch	despacho	Jondo.Unity.Server/Network/GameNodeProxy.cs	576	"else if (payloadStr.Contains(""type.ankama.com/jbv""))"	Current-source literal scan; semantic verification still required.	Unclassified	current-source
Game	jct	C2S/dispatch	despacho	Jondo.Unity.Server/Network/GameNodeProxy.cs	828	"cleanPayload.Contains(""jct"") || cleanPayload.Contains(""jfc"") || cleanPayload.Contains(""kqk"") ||"	comparacion de cadena sobre el frame recibido	Unclassified	audited-inventory
Unknown	jdj	Discarded	descartado	Jondo.Unity.Server/BasePayloads.cs	16	public static readonly byte[] WorldEnteringPackets = new byte[] {	DESCARTADO: opcode dentro de un array de BasePayloads; nadie referencia BasePayloads (codigo muerto)	Unclassified	audited-inventory
Unknown	jdj	Discarded	descartado	Jondo.Unity.Server/Protocol/NetworkMessage.cs	278	"case ""jdj"": return (""World Loading"", ""Sync"", ""ServerDateMessage (Server date synchronization)"");"	DESCARTADO: tabla de etiquetas del log (GetPacketMetadata / isPing). Solo pinta texto en consola, no cambia el protocolo	Unclassified	audited-inventory
Unknown	jdj	Discarded	descartado	Jondo.Unity.Server/TransitionPayloads.cs	13	public static readonly byte[] jdj = new byte[] {	DESCARTADO: array de TransitionPayloads que no referencia nadie	Unclassified	audited-inventory
Unknown	jdj	S2C/push	push	Jondo.Unity.Server/Network/GameNodeProxy.cs	619	"byte[] jdjBytes = NetworkEnvelope.ConvertHexStringToByteArray(""12-3A-12-2D-0A-13-74-79-70-65-2E-61-6E-6B-61-6D-61-2E-63-6F-6D-2F-6A-64-6A-12-16-12-14-32-30-32-36-2D-30-36-2D-33-30-54-30-35-3A-30-30-3A"	opcode escondido en cadena hex; la trama se escribe en el socket	Unclassified	audited-inventory
Game	jfc	C2S/dispatch	despacho	Jondo.Unity.Server/Network/GameNodeProxy.cs	828	"cleanPayload.Contains(""jct"") || cleanPayload.Contains(""jfc"") || cleanPayload.Contains(""kqk"") ||"	comparacion de cadena sobre el frame recibido	Unclassified	audited-inventory
Game	jfc	S2C/push	push	Jondo.Unity.Server/Handlers/MapLoadHandler.cs	250	"byte[] rawJfc = NetworkEnvelope.ConvertHexStringToByteArray(""0A-13-74-79-70-65-2E-61-6E-6B-61-6D-61-2E-63-6F-6D-2F-6A-66-63"");"	opcode escondido en cadena hex; la trama se escribe en el socket	World/map	audited-inventory
Game	jgu	C2S/read	read	Jondo.Unity.Server/Network/WorldEntry.cs	100	"kqg, ""jhe"", ""jhh"", ""jhk"", ""hol"", ""jgu"", ""ihb"", ""koj"", ""ife"", ""jjs"", ""jaa"","	lista de privacidad WorldEntry.NotReplayed; se usa en ReadPayload(message, opcode) en WorldEntry.cs:359	Character/world entry	audited-inventory
Game	jgv	Discarded	descartado	Jondo.Unity.Server/Protocol/NetworkMessage.cs	204	"bool isPing = shortType == ""kod"" || shortType == ""kns"" || shortType == ""kpc"" || shortType == ""jgv"";"	DESCARTADO: tabla de etiquetas del log (GetPacketMetadata / isPing). Solo pinta texto en consola, no cambia el protocolo	Unclassified	audited-inventory
Game	jgv	C2S/dispatch	despacho	Jondo.Unity.Server/Network/GameNodeProxy.cs	827	"cleanPayload.Contains(""klo"") || cleanPayload.Contains(""kmt"") || cleanPayload.Contains(""jgv"") ||"	comparacion de cadena sobre el frame recibido	Unclassified	audited-inventory
Game	jhe	C2S/read	read	Jondo.Unity.Server/Network/WorldEntry.cs	100	"kqg, ""jhe"", ""jhh"", ""jhk"", ""hol"", ""jgu"", ""ihb"", ""koj"", ""ife"", ""jjs"", ""jaa"","	lista de privacidad WorldEntry.NotReplayed; se usa en ReadPayload(message, opcode) en WorldEntry.cs:359	Character/world entry	audited-inventory
Game	jhh	C2S/read	read	Jondo.Unity.Server/Network/WorldEntry.cs	100	"kqg, ""jhe"", ""jhh"", ""jhk"", ""hol"", ""jgu"", ""ihb"", ""koj"", ""ife"", ""jjs"", ""jaa"","	lista de privacidad WorldEntry.NotReplayed; se usa en ReadPayload(message, opcode) en WorldEntry.cs:359	Character/world entry	audited-inventory
Game	jhk	C2S/read	read	Jondo.Unity.Server/Network/WorldEntry.cs	100	"kqg, ""jhe"", ""jhh"", ""jhk"", ""hol"", ""jgu"", ""ihb"", ""koj"", ""ife"", ""jjs"", ""jaa"","	lista de privacidad WorldEntry.NotReplayed; se usa en ReadPayload(message, opcode) en WorldEntry.cs:359	Character/world entry	audited-inventory
Game	jjs	C2S/read	read	Jondo.Unity.Server/Network/WorldEntry.cs	100	"kqg, ""jhe"", ""jhh"", ""jhk"", ""hol"", ""jgu"", ""ihb"", ""koj"", ""ife"", ""jjs"", ""jaa"","	lista de privacidad WorldEntry.NotReplayed; se usa en ReadPayload(message, opcode) en WorldEntry.cs:359	Character/world entry	audited-inventory
Unknown	jnx	Discarded	descartado	Jondo.Unity.Protocol/TypeRegistry.cs	24	"Register(""jnx"", jnx.Descriptor);"	DESCARTADO: TypeRegistry no lo referencia nadie (0 usos fuera del propio fichero); codigo muerto	Unclassified	audited-inventory
Game	joa	Discarded	descartado	Jondo.Unity.Protocol/TypeRegistry.cs	25	"Register(""joa"", joa.Descriptor);"	DESCARTADO: TypeRegistry no lo referencia nadie (0 usos fuera del propio fichero); codigo muerto	Unclassified	audited-inventory
Game	jog	Discarded	descartado	Jondo.Unity.Protocol/TypeRegistry.cs	26	"Register(""jog"", jog.Descriptor);"	DESCARTADO: TypeRegistry no lo referencia nadie (0 usos fuera del propio fichero); codigo muerto	Unclassified	audited-inventory
Game	joh	Discarded	descartado	Jondo.Unity.Protocol/TypeRegistry.cs	27	"Register(""joh"", joh.Descriptor);"	DESCARTADO: TypeRegistry no lo referencia nadie (0 usos fuera del propio fichero); codigo muerto	Unclassified	audited-inventory
Game	joh	Discarded	descartado	Jondo.Unity.Server/BasePayloads.cs	16	public static readonly byte[] WorldEnteringPackets = new byte[] {	DESCARTADO: opcode dentro de un array de BasePayloads; nadie referencia BasePayloads (codigo muerto)	Unclassified	audited-inventory
Game	joh	Discarded	descartado	Jondo.Unity.Server/Protocol/NetworkMessage.cs	317	"case ""joh"": return (""World Loading"", ""Map"", ""CurrentMapMessage (Confirms the Map ID to load into the scene)"");"	DESCARTADO: tabla de etiquetas del log (GetPacketMetadata / isPing). Solo pinta texto en consola, no cambia el protocolo	Unclassified	audited-inventory
Game	joh	Discarded	descartado	Jondo.Unity.Server/TransitionPayloads.cs	38	public static readonly byte[] joh = new byte[] {	DESCARTADO: array de TransitionPayloads que no referencia nadie	Unclassified	audited-inventory
Game	joh	S2C/push	push	Jondo.Unity.Server/Handlers/FightHandler.cs	1135	"await WriteFrameAsync(stream, BuildGameNodePacket(""type.ankama.com/joh"", johMsg.ToByteArray()));"	NetworkEnvelope.BuildGameNodePacket(uri, ...)	Fight	audited-inventory
Game	joh	S2C/push	push	Jondo.Unity.Server/Handlers/FightHandler.cs	4738	"await WriteFrameAsync(stream, BuildGameNodePacket(""type.ankama.com/joh"", johRp.ToByteArray()));"	NetworkEnvelope.BuildGameNodePacket(uri, ...)	Fight	audited-inventory
Game	joh	S2C/push	push	Jondo.Unity.Server/Handlers/MapChangeHandler.cs	68	"byte[] johPacket = NetworkEnvelope.BuildGameNodePacket(""type.ankama.com/joh"", johBytes);"	NetworkEnvelope.BuildGameNodePacket(uri, ...)	World/map	audited-inventory
Game	joh	S2C/push	push	Jondo.Unity.Server/Network/TransitionPacketsBuilder.cs	161	"return NetworkEnvelope.BuildGameNodePacket(""type.ankama.com/joh"", ms.ToArray());"	NetworkEnvelope.BuildGameNodePacket(uri, ...)	Unclassified	audited-inventory
Unknown	joi	Discarded	descartado	Jondo.Unity.Protocol/OpcodeRegistry.cs	28	"public const string MapMovementRequest = ""joi"";"	DESCARTADO: OpcodeRegistry no lo referencia nadie (0 usos fuera del propio fichero); codigo muerto	Unclassified	audited-inventory
Unknown	joi	Discarded	descartado	Jondo.Unity.Protocol/TypeRegistry.cs	28	"Register(""joi"", joi.Descriptor);"	DESCARTADO: TypeRegistry no lo referencia nadie (0 usos fuera del propio fichero); codigo muerto	Unclassified	audited-inventory
Unknown	joi	Discarded	descartado	Jondo.Unity.Server/Protocol/NetworkMessage.cs	333	"case ""joi"": return (""In Game"", ""Character"", ""PlayerMovementRequest (Cell-by-cell movement request)"");"	DESCARTADO: tabla de etiquetas del log (GetPacketMetadata / isPing). Solo pinta texto en consola, no cambia el protocolo	Unclassified	audited-inventory
Unknown	joi	C2S/dispatch	despacho	Jondo.Unity.Server/Network/GameNodeProxy.cs	736	"else if (payloadStr.Contains(""type.ankama.com/joi""))"	comparacion de cadena sobre el frame recibido	Unclassified	audited-inventory
Unknown	joi	C2S/dispatch	despacho	Jondo.Unity.Server/Network/GameNodeProxy.cs	833	"else if (payloadStr.Contains(""type.ankama.com/joi""))"	Current-source literal scan; semantic verification still required.	Unclassified	current-source
Unknown	joi	S2C/push	push	Jondo.Unity.Server/Handlers/FightHandler.cs	3926	"if (inner == null) inner = ExtractMessagePayload(payload, ""type.ankama.com/joi"");"	Current-source literal scan; semantic verification still required.	Fight	current-source
Unknown	joi	S2C/push	push	Jondo.Unity.Server/Handlers/MapChangeHandler.cs	116	"byte[]? inner = NetworkEnvelope.ExtractMessagePayload(payload, ""type.ankama.com/joi"");"	Current-source literal scan; semantic verification still required.	World/map	current-source
Unknown	joi	S2C/push	push	Jondo.Unity.Server/Handlers/MapLoadHandler.cs	25	"inner = NetworkEnvelope.ExtractMessagePayload(payload, ""type.ankama.com/joi"");"	Current-source literal scan; semantic verification still required.	World/map	current-source
Unknown	joi	C2S/read	read	Jondo.Unity.Server/Handlers/FightHandler.cs	3907	"if (inner == null) inner = ExtractMessagePayload(payload, ""type.ankama.com/joi"");"	NetworkEnvelope.ExtractMessagePayload(..., uri)	Fight	audited-inventory
Unknown	joi	C2S/read	read	Jondo.Unity.Server/Handlers/MapChangeHandler.cs	115	"byte[]? inner = NetworkEnvelope.ExtractMessagePayload(payload, ""type.ankama.com/joi"");"	NetworkEnvelope.ExtractMessagePayload(..., uri)	World/map	audited-inventory
Unknown	joi	C2S/read	read	Jondo.Unity.Server/Handlers/MapLoadHandler.cs	24	"inner = NetworkEnvelope.ExtractMessagePayload(payload, ""type.ankama.com/joi"");"	NetworkEnvelope.ExtractMessagePayload(..., uri)	World/map	audited-inventory
Game	jol	Discarded	descartado	Jondo.Unity.Protocol/TypeRegistry.cs	29	"Register(""jol"", jol.Descriptor);"	DESCARTADO: TypeRegistry no lo referencia nadie (0 usos fuera del propio fichero); codigo muerto	Unclassified	audited-inventory
Unknown	joo	Discarded	descartado	Jondo.Unity.Protocol/OpcodeRegistry.cs	29	"public const string MapMovementConfirm = ""joo"";"	DESCARTADO: OpcodeRegistry no lo referencia nadie (0 usos fuera del propio fichero); codigo muerto	Unclassified	audited-inventory
Unknown	joo	Discarded	descartado	Jondo.Unity.Protocol/OpcodeRegistry.cs	41	"public const string GameFightMovement = ""joo"";"	DESCARTADO: OpcodeRegistry no lo referencia nadie (0 usos fuera del propio fichero); codigo muerto	Unclassified	audited-inventory
Unknown	joo	Discarded	descartado	Jondo.Unity.Protocol/TypeRegistry.cs	30	"Register(""joo"", joo.Descriptor);"	DESCARTADO: TypeRegistry no lo referencia nadie (0 usos fuera del propio fichero); codigo muerto	Unclassified	audited-inventory
Unknown	joo	S2C/push	push	Jondo.Unity.Server/Handlers/FightHandler.cs	3442	"return BuildGameNodePacket(""type.ankama.com/joo"", jooMsg.ToByteArray());"	NetworkEnvelope.BuildGameNodePacket(uri, ...)	Fight	audited-inventory
Unknown	joo	S2C/push	push	Jondo.Unity.Server/Handlers/FightHandler.cs	3461	"return BuildGameNodePacket(""type.ankama.com/joo"", jooMsg.ToByteArray());"	Current-source literal scan; semantic verification still required.	Fight	current-source
Unknown	joo	S2C/push	push	Jondo.Unity.Server/Handlers/MapChangeHandler.cs	156	"byte[] jooPacket = NetworkEnvelope.BuildGameNodePacket(""type.ankama.com/joo"", jooBytes);"	NetworkEnvelope.BuildGameNodePacket(uri, ...)	World/map	audited-inventory
Unknown	joo	S2C/push	push	Jondo.Unity.Server/Handlers/MapChangeHandler.cs	157	"byte[] jooPacket = NetworkEnvelope.BuildGameNodePacket(""type.ankama.com/joo"", jooBytes);"	Current-source literal scan; semantic verification still required.	World/map	current-source
Game	joq	S2C/push	push	Jondo.Unity.Server/Handlers/FightHandler.cs	1130	"await WriteFrameAsync(stream, BuildGameNodePacket(""type.ankama.com/joq"", Array.Empty<byte>()));"	NetworkEnvelope.BuildGameNodePacket(uri, ...)	Fight	audited-inventory
Game	joq	S2C/push	push	Jondo.Unity.Server/Handlers/FightHandler.cs	1134	"await WriteFrameAsync(stream, BuildGameNodePacket(""type.ankama.com/joq"", Array.Empty<byte>()));"	Current-source literal scan; semantic verification still required.	Fight	current-source
Game	joq	S2C/push	push	Jondo.Unity.Server/Handlers/MapChangeHandler.cs	191	"byte[] joqPacket = NetworkEnvelope.BuildGameNodePacket(""type.ankama.com/joq"", joqPayload);"	NetworkEnvelope.BuildGameNodePacket(uri, ...)	World/map	audited-inventory
Game	joq	S2C/push	push	Jondo.Unity.Server/Handlers/MapChangeHandler.cs	192	"byte[] joqPacket = NetworkEnvelope.BuildGameNodePacket(""type.ankama.com/joq"", joqPayload);"	Current-source literal scan; semantic verification still required.	World/map	current-source
Game	jos	Discarded	descartado	Jondo.Unity.Protocol/TypeRegistry.cs	31	"Register(""jos"", jos.Descriptor);"	DESCARTADO: TypeRegistry no lo referencia nadie (0 usos fuera del propio fichero); codigo muerto	Unclassified	audited-inventory
Game	jos	Discarded	descartado	Jondo.Unity.Server/Protocol/NetworkMessage.cs	335	"case ""jos"": return (""In Game"", ""Map"", ""MapChangeRequest (Request to cross the map boundary)"");"	DESCARTADO: tabla de etiquetas del log (GetPacketMetadata / isPing). Solo pinta texto en consola, no cambia el protocolo	Unclassified	audited-inventory
Game	jos	C2S/dispatch	despacho	Jondo.Unity.Server/Network/GameNodeProxy.cs	751	"else if (payloadStr.Contains(""type.ankama.com/jos""))"	comparacion de cadena sobre el frame recibido	Unclassified	audited-inventory
Game	jos	C2S/read	read	Jondo.Unity.Server/Handlers/MapChangeHandler.cs	15	"byte[]? inner = NetworkEnvelope.ExtractMessagePayload(payload, ""type.ankama.com/jos"");"	NetworkEnvelope.ExtractMessagePayload(..., uri)	World/map	audited-inventory
Unknown	jox	Discarded	descartado	Jondo.Unity.Protocol/OpcodeRegistry.cs	37	"public const string GameFightTurnStartPlaying = ""jox"";"	DESCARTADO: OpcodeRegistry no lo referencia nadie (0 usos fuera del propio fichero); codigo muerto	Unclassified	audited-inventory
Unknown	jox	S2C/push	push	Jondo.Unity.Server/Handlers/FightHandler.cs	889	"byte[] joxPacket = BuildGameNodePacket(""type.ankama.com/jox"", joxMsg.ToByteArray());"	NetworkEnvelope.BuildGameNodePacket(uri, ...)	Fight	audited-inventory
Unknown	jox	S2C/push	push	Jondo.Unity.Server/Handlers/FightHandler.cs	893	"byte[] joxPacket = BuildGameNodePacket(""type.ankama.com/jox"", joxMsg.ToByteArray());"	Current-source literal scan; semantic verification still required.	Fight	current-source
Unknown	jox	S2C/push	push	Jondo.Unity.Server/Handlers/FightHandler.cs	914	"byte[] joxPacket = BuildGameNodePacket(""type.ankama.com/jox"", joxMsg.ToByteArray());"	NetworkEnvelope.BuildGameNodePacket(uri, ...)	Fight	audited-inventory
Unknown	jox	S2C/push	push	Jondo.Unity.Server/Handlers/FightHandler.cs	918	"byte[] joxPacket = BuildGameNodePacket(""type.ankama.com/jox"", joxMsg.ToByteArray());"	Current-source literal scan; semantic verification still required.	Fight	current-source
Game	jpb	Discarded	descartado	Jondo.Unity.Protocol/TypeRegistry.cs	32	"Register(""jpb"", jpb.Descriptor);"	DESCARTADO: TypeRegistry no lo referencia nadie (0 usos fuera del propio fichero); codigo muerto	Unclassified	audited-inventory
Unknown	jpf	S2C/push	push	Jondo.Unity.Server/Handlers/FightHandler.cs	4159	"return BuildGameNodePacket(""type.ankama.com/jpf"", jpfMsg.ToByteArray());"	NetworkEnvelope.BuildGameNodePacket(uri, ...)	Fight	audited-inventory
Unknown	jpf	S2C/push	push	Jondo.Unity.Server/Handlers/FightHandler.cs	4183	"return BuildGameNodePacket(""type.ankama.com/jpf"", jpfMsg.ToByteArray());"	Current-source literal scan; semantic verification still required.	Fight	current-source
Game	jpg	Discarded	descartado	Jondo.Unity.Protocol/TypeRegistry.cs	33	"Register(""jpg"", jpg.Descriptor);"	DESCARTADO: TypeRegistry no lo referencia nadie (0 usos fuera del propio fichero); codigo muerto	Unclassified	audited-inventory
Game	jpj	Discarded	descartado	Jondo.Unity.Protocol/TypeRegistry.cs	34	"Register(""jpj"", jpj.Descriptor);"	DESCARTADO: TypeRegistry no lo referencia nadie (0 usos fuera del propio fichero); codigo muerto	Unclassified	audited-inventory
Unknown	jpp	Discarded	descartado	Jondo.Unity.Protocol/TypeRegistry.cs	35	"Register(""jpp"", jpp.Descriptor);"	DESCARTADO: TypeRegistry no lo referencia nadie (0 usos fuera del propio fichero); codigo muerto	Unclassified	audited-inventory
Unknown	jpp	Discarded	descartado	Jondo.Unity.Server/Protocol/NetworkMessage.cs	334	"case ""jpp"": return (""In Game"", ""Character"", ""PlayerMovementConfirm (Confirms the destination cell was reached)"");"	DESCARTADO: tabla de etiquetas del log (GetPacketMetadata / isPing). Solo pinta texto en consola, no cambia el protocolo	Unclassified	audited-inventory
Unknown	jpp	C2S/dispatch	despacho	Jondo.Unity.Server/Network/GameNodeProxy.cs	755	"else if (payloadStr.Contains(""type.ankama.com/jpp""))"	comparacion de cadena sobre el frame recibido	Unclassified	audited-inventory
Unknown	jpp	C2S/dispatch	despacho	Jondo.Unity.Server/Network/GameNodeProxy.cs	852	"else if (payloadStr.Contains(""type.ankama.com/jpp""))"	Current-source literal scan; semantic verification still required.	Unclassified	current-source
Game	jps	Discarded	descartado	Jondo.Unity.Protocol/TypeRegistry.cs	36	"Register(""jps"", jps.Descriptor);"	DESCARTADO: TypeRegistry no lo referencia nadie (0 usos fuera del propio fichero); codigo muerto	Unclassified	audited-inventory
Game	jpv	Discarded	descartado	Jondo.Unity.Protocol/TypeRegistry.cs	37	"Register(""jpv"", jpv.Descriptor);"	DESCARTADO: TypeRegistry no lo referencia nadie (0 usos fuera del propio fichero); codigo muerto	Unclassified	audited-inventory
Game	jpv	Discarded	descartado	Jondo.Unity.Server/BasePayloads.cs	16	public static readonly byte[] WorldEnteringPackets = new byte[] {	DESCARTADO: opcode dentro de un array de BasePayloads; nadie referencia BasePayloads (codigo muerto)	Unclassified	audited-inventory
Game	jpv	Discarded	descartado	Jondo.Unity.Server/Protocol/NetworkMessage.cs	330	"case ""jpv"": return (""In Game"", ""Character"", ""MapActorsShowMessage (Character spawns on the current map)"");"	DESCARTADO: tabla de etiquetas del log (GetPacketMetadata / isPing). Solo pinta texto en consola, no cambia el protocolo	Unclassified	audited-inventory
Game	jpv	S2C/push	push	Jondo.Unity.Server/Handlers/MapLoadHandler.cs	74	"byte[] jpvPacket = NetworkEnvelope.BuildGameNodePacket(""type.ankama.com/jpv"", jpvBytes);"	NetworkEnvelope.BuildGameNodePacket(uri, ...)	World/map	audited-inventory
Game	jqb	Discarded	descartado	Jondo.Unity.Protocol/TypeRegistry.cs	38	"Register(""jqb"", jqb.Descriptor);"	DESCARTADO: TypeRegistry no lo referencia nadie (0 usos fuera del propio fichero); codigo muerto	Unclassified	audited-inventory
Game	jqf	C2S/dispatch	despacho	Jondo.Unity.Server/Network/GameNodeProxy.cs	732	"else if (payloadStr.Contains(""type.ankama.com/kkr"") || payloadStr.Contains(""type.ankama.com/jqf"") || payloadStr.Contains(""type.ankama.com/igx""))"	comparacion de cadena sobre el frame recibido	Unclassified	audited-inventory
Game	jqf	C2S/dispatch	despacho	Jondo.Unity.Server/Network/GameNodeProxy.cs	830	"cleanPayload.Contains(""hmt"") || cleanPayload.Contains(""lxi"") || cleanPayload.Contains(""jqf"") ||"	comparacion de cadena sobre el frame recibido	Unclassified	audited-inventory
Game	jqi	C2S/dispatch	despacho	Jondo.Unity.Server/Network/GameNodeProxy.cs	388	"else if (payloadStr.Contains(""type.ankama.com/jqi""))"	comparacion de cadena sobre el frame recibido	Unclassified	audited-inventory
Game	jqi	C2S/dispatch	despacho	Jondo.Unity.Server/Network/GameNodeProxy.cs	484	"else if (payloadStr.Contains(""type.ankama.com/jqi""))"	Current-source literal scan; semantic verification still required.	Unclassified	current-source
Game	jqk	C2S/dispatch	despacho	Jondo.Unity.Server/Network/GameNodeProxy.cs	392	"else if (payloadStr.Contains(""type.ankama.com/jqk""))"	comparacion de cadena sobre el frame recibido	Unclassified	audited-inventory
Game	jqk	C2S/read	read	Jondo.Unity.Server/Handlers/WorldMoveHandler.cs	168	"byte[]? jqk = ConnectionProtocol.ReadPayload(payload, ""jqk"");"	"ConnectionProtocol.ReadPayload(frame, ""xxx"")"	World/map	audited-inventory
Unknown	jrf	Discarded	descartado	Jondo.Unity.Server/BasePayloads.cs	16	public static readonly byte[] WorldEnteringPackets = new byte[] {	DESCARTADO: opcode dentro de un array de BasePayloads; nadie referencia BasePayloads (codigo muerto)	Unclassified	audited-inventory
Unknown	jrf	Discarded	descartado	Jondo.Unity.Server/Protocol/NetworkMessage.cs	256	"case ""jrf"": return (""Character Selection"", ""Sync"", ""WorldReady (Signal that the world is ready to simulate)"");"	DESCARTADO: tabla de etiquetas del log (GetPacketMetadata / isPing). Solo pinta texto en consola, no cambia el protocolo	Unclassified	audited-inventory
Unknown	jrf	S2C/push	push	Jondo.Unity.Server/Handlers/CharacterSelectionHandler.cs	194	"byte[] frame568 = NetworkEnvelope.ConvertHexStringToByteArray(""19-1A-17-0A-15-0A-13-74-79-70-65-2E-61-6E-6B-61-6D-61-2E-63-6F-6D-2F-6A-72-66"");"	opcode escondido en cadena hex; la trama se escribe en el socket	Character/world entry	audited-inventory
Unknown	jrf	S2C/push	push	Jondo.Unity.Server/Network/TransitionPacketsBuilder.cs	24	"public static byte[] BuildJrfMessage() => BuildEmptyMessage(""type.ankama.com/jrf"");"	TransitionPacketsBuilder.BuildEmptyMessage(uri)	Unclassified	audited-inventory
Unknown	jrf	S2C/push	push	Jondo.Unity.Server/Network/TransitionPacketsBuilder.cs	25	"public static byte[] BuildJrfMessage() => BuildEmptyMessage(""type.ankama.com/jrf"");"	Current-source literal scan; semantic verification still required.	Unclassified	current-source
Game	jrh	C2S/dispatch	despacho	Jondo.Unity.Server/Network/GameNodeProxy.cs	311	"else if ((payloadStr.Contains(""type.ankama.com/jrh"")"	comparacion de cadena sobre el frame recibido	Unclassified	audited-inventory
Game	jrh	C2S/dispatch	despacho	Jondo.Unity.Server/Network/GameNodeProxy.cs	328	"else if (payloadStr.Contains(""type.ankama.com/jrh""))"	comparacion de cadena sobre el frame recibido	Unclassified	audited-inventory
Game	jrh	C2S/dispatch	despacho	Jondo.Unity.Server/Network/GameNodeProxy.cs	386	"else if ((payloadStr.Contains(""type.ankama.com/jrh"")"	Current-source literal scan; semantic verification still required.	Unclassified	current-source
Game	jrh	C2S/dispatch	despacho	Jondo.Unity.Server/Network/GameNodeProxy.cs	411	"else if (payloadStr.Contains(""type.ankama.com/jrh""))"	Current-source literal scan; semantic verification still required.	Unclassified	current-source
Game	jrk	Discarded	descartado	Jondo.Unity.Server/Network/ConnectionProtocolSelfTest.cs	49	"Same(failures, ""jrk"", ""100a1a00208d84a82f"", FightProtocol.BuildFightMap(mapId));"	DESCARTADO: etiqueta de ConnectionProtocolSelfTest.Same(), no viaja	Connection	audited-inventory
Game	jrk	S2C/push	push	Jondo.Unity.Server/Handlers/FightHandler.cs	469	"await WriteFrameAsync(stream, ConnectionProtocol.Push(""jrk"","	"ConnectionProtocol.Push(""xxx"", ...)"	Fight	audited-inventory
Game	jru	Discarded	descartado	Jondo.Unity.Protocol/OpcodeRegistry.cs	24	"public const string MapComplementaryInformation = ""jru"";"	DESCARTADO: OpcodeRegistry no lo referencia nadie (0 usos fuera del propio fichero); codigo muerto	Unclassified	audited-inventory
Game	jru	S2C/push	push	Jondo.Unity.Server/Network/ConnectionProtocol.cs	1500	"=> Push(""jru"", Pb.New().Var(2, mapId).Build());"	"ConnectionProtocol.Push(""xxx"", ...)"	Connection	audited-inventory
Game	jru	C2S/read	read	Jondo.Unity.Server/Network/WorldEntry.cs	660	"if (mapId > 0 && ConnectionProtocol.ReadPayload(frame, ""jru"") != null)"	"ConnectionProtocol.ReadPayload(frame, ""xxx"")"	Character/world entry	audited-inventory
Game	jru	C2S/read	read	Jondo.Unity.Server/Network/WorldEntry.cs	662	"toSend = ConnectionProtocol.Push(""jru"", Pb.New().Var(2, mapId).Build());"	"ConnectionProtocol.ReadPayload(frame, ""xxx"")"	Character/world entry	audited-inventory
Game	jrw	C2S/dispatch	despacho	Jondo.Unity.Server/Handlers/FightHandler.cs	1027	"else if (payloadStr.Contains(""type.ankama.com/jrw""))"	comparacion de cadena sobre el frame recibido	Fight	audited-inventory
Game	jrw	C2S/dispatch	despacho	Jondo.Unity.Server/Network/GameNodeProxy.cs	380	"else if (payloadStr.Contains(""type.ankama.com/jrw""))"	comparacion de cadena sobre el frame recibido	Unclassified	audited-inventory
Game	jrw	C2S/read	read	Jondo.Unity.Server/Handlers/WorldMoveHandler.cs	87	"byte[]? jrw = ConnectionProtocol.ReadPayload(payload, ""jrw"");"	"ConnectionProtocol.ReadPayload(frame, ""xxx"")"	World/map	audited-inventory
Game	jrw	C2S/read	read	Jondo.Unity.Server/Network/FightProtocol.cs	480	"byte[]? jrw = ConnectionProtocol.ReadPayload(payload, ""jrw"");"	"ConnectionProtocol.ReadPayload(frame, ""xxx"")"	Fight	audited-inventory
Game	jsd	S2C/push	push	Jondo.Unity.Server/Network/ConnectionProtocol.cs	1495	"return Push(""jsd"", pb.Build());"	"ConnectionProtocol.Push(""xxx"", ...)"	Connection	audited-inventory
Game	jsj	S2C/push	push	Jondo.Unity.Server/Network/ConnectionProtocol.cs	1526	"=> Push(""jsj"", Pb.New()"	"ConnectionProtocol.Push(""xxx"", ...)"	Connection	audited-inventory
Game	jsn	S2C/push	push	Jondo.Unity.Server/Handlers/CommandHandler.cs	503	"ConnectionProtocol.Push(""jsn"", ConnectionProtocol.BuildActorRefreshed("	"ConnectionProtocol.Push(""xxx"", ...)"	Unclassified	audited-inventory
Game	jsn	S2C/push	push	Jondo.Unity.Server/Handlers/EquipmentHandler.cs	102	"ConnectionProtocol.Push(""jsn"", ConnectionProtocol.BuildActorRefreshed("	"ConnectionProtocol.Push(""xxx"", ...)"	Personal data	audited-inventory
Game	jsn	S2C/push	push	Jondo.Unity.Server/Handlers/WardrobeHandler.cs	127	"ConnectionProtocol.Push(""jsn"", ConnectionProtocol.BuildActorRefreshed("	"ConnectionProtocol.Push(""xxx"", ...)"	Unclassified	audited-inventory
Game	jsn	S2C/push	push	Jondo.Unity.Server/Network/GameNodeProxy.cs	298	"ConnectionProtocol.Push(""jsn"", ConnectionProtocol.BuildActorRefreshed("	"ConnectionProtocol.Push(""xxx"", ...)"	Unclassified	audited-inventory
Game	jsn	S2C/push	push	Jondo.Unity.Server/Network/SessionRegistry.cs	131	"ConnectionProtocol.Push(""jsn"", ConnectionProtocol.BuildActorRefreshed("	"ConnectionProtocol.Push(""xxx"", ...)"	Unclassified	audited-inventory
Game	jsq	S2C/answer	answer	Jondo.Unity.Server/Handlers/WorldMoveHandler.cs	161	"ConnectionProtocol.Answer(""jsq"", null, request));"	"ConnectionProtocol.Answer(""xxx"", ...)"	World/map	audited-inventory
Game	jsq	S2C/answer	answer	Jondo.Unity.Server/Network/ConnectionProtocolSelfTest.cs	408	"string jsq = Hex(ConnectionProtocol.Answer(""jsq"", null, -1));"	"ConnectionProtocol.Answer(""xxx"", ...)"	Connection	audited-inventory
Game	jsq	Discarded	descartado	Jondo.Unity.Server/Network/ConnectionProtocolSelfTest.cs	406	1a220a150a13747970652e616e6b616d612e636f6d2f6a737110ffffffffffffffffff01;	DESCARTADO: trama de referencia del autotest, no viaja	Connection	audited-inventory
Game	jsq	S2C/push	push	Jondo.Unity.Server/Handlers/FightHandler.cs	1070	"await WriteFrameAsync(stream, ConnectionProtocol.Push(""jsq"","	"ConnectionProtocol.Push(""xxx"", ...)"	Fight	audited-inventory
Game	jss	S2C/push	push	Jondo.Unity.Server/Network/GameNodeProxy.cs	339	"byte[] actors = ConnectionProtocol.Push(""jss"","	"ConnectionProtocol.Push(""xxx"", ...)"	Unclassified	audited-inventory
Game	jte	C2S/dispatch	despacho	Jondo.Unity.Server/Network/GameNodeProxy.cs	808	"else if (payloadStr.Contains(""type.ankama.com/jte""))"	comparacion de cadena sobre el frame recibido	Unclassified	audited-inventory
Game	jte	C2S/dispatch	despacho	Jondo.Unity.Server/Network/GameNodeProxy.cs	905	"else if (payloadStr.Contains(""type.ankama.com/jte""))"	Current-source literal scan; semantic verification still required.	Unclassified	current-source
Game	jtg	S2C/push	push	Jondo.Unity.Server/Network/ConnectionProtocol.cs	217	"Push(""jtg"", BuildGiftCatalogue())"	"ConnectionProtocol.Push(""xxx"", ...)"	Connection	audited-inventory
Game	jti	C2S/dispatch	despacho	Jondo.Unity.Server/Handlers/FightHandler.cs	1037	"else if (payloadStr.Contains(""type.ankama.com/jti""))"	comparacion de cadena sobre el frame recibido	Fight	audited-inventory
Game	jti	C2S/dispatch	despacho	Jondo.Unity.Server/Handlers/FightHandler.cs	993	"if (_finPendiente != null && !payloadStr.Contains(""type.ankama.com/jti""))"	comparacion de cadena sobre el frame recibido	Fight	audited-inventory
Game	jti	C2S/dispatch	despacho	Jondo.Unity.Server/Network/GameNodeProxy.cs	791	"|| payloadStr.Contains(""type.ankama.com/jti"")"	comparacion de cadena sobre el frame recibido	Unclassified	audited-inventory
Game	jti	C2S/read	read	Jondo.Unity.Server/Network/FightProtocol.cs	663	"byte[]? jti = ConnectionProtocol.ReadPayload(payload, ""jti"");"	"ConnectionProtocol.ReadPayload(frame, ""xxx"")"	Fight	audited-inventory
Unknown	jtk	C2S/dispatch	despacho	Jondo.Unity.Server/Handlers/CharacterSelectionHandler.cs	110	"if (payloadStr.Contains(""type.ankama.com/jtk""))"	comparacion de cadena sobre el frame recibido	Character/world entry	audited-inventory
Unknown	jtk	C2S/dispatch	despacho	Jondo.Unity.Server/Handlers/CharacterSelectionHandler.cs	111	"if (payloadStr.Contains(""type.ankama.com/jtk""))"	Current-source literal scan; semantic verification still required.	Character/world entry	current-source
Unknown	jtk	C2S/dispatch	despacho	Jondo.Unity.Server/Network/GameNodeProxy.cs	238	"else if (!isAuthenticated && (payloadStr.Contains(""type.ankama.com/hmt"") || payloadStr.Contains(""type.ankama.com/ise"") || payloadStr.Contains(""type.ankama.com/jtk"") || payloadStr.Contains(""type.ankama.com/knx"") || payloa"	comparacion de cadena sobre el frame recibido	Unclassified	audited-inventory
Unknown	jtk	C2S/dispatch	despacho	Jondo.Unity.Server/Network/GameNodeProxy.cs	301	"else if (!isAuthenticated && (payloadStr.Contains(Op.Uri(Op.SpellVariantActivationRequestMessage)) || payloadStr.Contains(Op.Uri(Op.Ise)) || payloadStr.Contains(""type.ankama.com/jtk"") || payloadStr.Contains(""type.ankama.com/knx"") || payloadStr.Contains(Op.Uri(Op.HelloGameMessage))))"	Current-source literal scan; semantic verification still required.	Unclassified	current-source
Unknown	jtm	S2C/push	push	Jondo.Unity.Server/Handlers/CharacterSelectionHandler.cs	113	"byte[] jtmFrame = NetworkEnvelope.ConvertHexStringToByteArray(""33-0A-31-12-2F-0A-13-74-79-70-65-2E-61-6E-6B-61-6D-61-2E-63-6F-6D-2F-6A-74-6D-12-18-08-01-12-14-32-30-33-35-2D-30-31-2D-30-31-54-30-30-3A"	opcode escondido en cadena hex; la trama se escribe en el socket	Character/world entry	audited-inventory
Game	jto	C2S/dispatch	despacho	Jondo.Unity.Server/Network/GameNodeProxy.cs	245	"else if (payloadStr.Contains(""type.ankama.com/jto"") || payloadStr.Contains(""type.ankama.com/kpc"") || payloadStr.Contains(""type.ankama.com/ksx"") || payloadStr.Contains(""type.ankama.com/kpa""))"	comparacion de cadena sobre el frame recibido	Unclassified	audited-inventory
Game	jto	S2C/push	push	Jondo.Unity.Server/Handlers/FightHandler.cs	1315	"await WriteFrameAsync(stream, ConnectionProtocol.Push(""jto"","	"ConnectionProtocol.Push(""xxx"", ...)"	Fight	audited-inventory
Game	jto	S2C/push	push	Jondo.Unity.Server/Handlers/FightHandler.cs	1511	"await WriteFrameAsync(stream, ConnectionProtocol.Push(""jto"","	"ConnectionProtocol.Push(""xxx"", ...)"	Fight	audited-inventory
Game	jto	S2C/push	push	Jondo.Unity.Server/Handlers/FightHandler.cs	1598	"await WriteFrameAsync(stream, ConnectionProtocol.Push(""jto"","	"ConnectionProtocol.Push(""xxx"", ...)"	Fight	audited-inventory
Game	jto	S2C/push	push	Jondo.Unity.Server/Handlers/FightHandler.cs	1608	"await WriteFrameAsync(stream, ConnectionProtocol.Push(""jto"","	"ConnectionProtocol.Push(""xxx"", ...)"	Fight	audited-inventory
Game	jto	S2C/push	push	Jondo.Unity.Server/Handlers/FightHandler.cs	1684	"await WriteFrameAsync(stream, ConnectionProtocol.Push(""jto"","	"ConnectionProtocol.Push(""xxx"", ...)"	Fight	audited-inventory
Game	jto	S2C/push	push	Jondo.Unity.Server/Handlers/FightHandler.cs	1807	"await WriteFrameAsync(stream, ConnectionProtocol.Push(""jto"","	"ConnectionProtocol.Push(""xxx"", ...)"	Fight	audited-inventory
Game	jto	S2C/push	push	Jondo.Unity.Server/Handlers/FightHandler.cs	1823	"await WriteFrameAsync(stream, ConnectionProtocol.Push(""jto"","	"ConnectionProtocol.Push(""xxx"", ...)"	Fight	audited-inventory
Game	jto	S2C/push	push	Jondo.Unity.Server/Handlers/FightHandler.cs	2301	"await WriteFrameAsync(stream, ConnectionProtocol.Push(""jto"","	"ConnectionProtocol.Push(""xxx"", ...)"	Fight	audited-inventory
Game	jto	S2C/push	push	Jondo.Unity.Server/Handlers/FightHandler.cs	2338	"await WriteFrameAsync(stream, ConnectionProtocol.Push(""jto"","	"ConnectionProtocol.Push(""xxx"", ...)"	Fight	audited-inventory
Game	jto	S2C/push	push	Jondo.Unity.Server/Handlers/FightHandler.cs	2698	"await WriteFrameAsync(stream, ConnectionProtocol.Push(""jto"","	"ConnectionProtocol.Push(""xxx"", ...)"	Fight	audited-inventory
Game	jto	S2C/push	push	Jondo.Unity.Server/Handlers/FightHandler.cs	2732	"await WriteFrameAsync(stream, ConnectionProtocol.Push(""jto"","	"ConnectionProtocol.Push(""xxx"", ...)"	Fight	audited-inventory
Game	jto	S2C/push	push	Jondo.Unity.Server/Handlers/FightHandler.cs	3148	"await WriteFrameAsync(stream, ConnectionProtocol.Push(""jto"","	"ConnectionProtocol.Push(""xxx"", ...)"	Fight	audited-inventory
Game	jto	S2C/push	push	Jondo.Unity.Server/Network/GameNodeProxy.cs	810	"byte[] rawJtf = NetworkEnvelope.ConvertHexStringToByteArray(""0A-1B-12-19-0A-13-74-79-70-65-2E-61-6E-6B-61-6D-61-2E-63-6F-6D-2F-6A-74-6F-12-02-10-01"");"	opcode escondido en cadena hex; la trama se escribe en el socket	Unclassified	audited-inventory
Game	jtx	Discarded	descartado	Jondo.Unity.Protocol/OpcodeRegistry.cs	42	"public const string GameFightSpellCast = ""jtx"";"	DESCARTADO: OpcodeRegistry no lo referencia nadie (0 usos fuera del propio fichero); codigo muerto	Unclassified	audited-inventory
Game	jtx	S2C/push	push	Jondo.Unity.Server/Handlers/FightHandler.cs	3514	"return BuildGameNodePacket(""type.ankama.com/jtx"", jtxMsg.ToByteArray());"	NetworkEnvelope.BuildGameNodePacket(uri, ...)	Fight	audited-inventory
Game	jtx	S2C/push	push	Jondo.Unity.Server/Handlers/FightHandler.cs	3533	"return BuildGameNodePacket(""type.ankama.com/jtx"", jtxMsg.ToByteArray());"	Current-source literal scan; semantic verification still required.	Fight	current-source
Game	jtx	S2C/push	push	Jondo.Unity.Server/Handlers/FightHandler.cs	3539	"return BuildGameNodePacket(""type.ankama.com/jtx"", jtxMsg.ToByteArray());"	NetworkEnvelope.BuildGameNodePacket(uri, ...)	Fight	audited-inventory
Game	jtx	S2C/push	push	Jondo.Unity.Server/Handlers/FightHandler.cs	3557	"return BuildGameNodePacket(""type.ankama.com/jtx"", jtxMsg.ToByteArray());"	NetworkEnvelope.BuildGameNodePacket(uri, ...)	Fight	audited-inventory
Game	jtx	S2C/push	push	Jondo.Unity.Server/Handlers/FightHandler.cs	3558	"return BuildGameNodePacket(""type.ankama.com/jtx"", jtxMsg.ToByteArray());"	Current-source literal scan; semantic verification still required.	Fight	current-source
Game	jtx	S2C/push	push	Jondo.Unity.Server/Handlers/FightHandler.cs	3576	"return BuildGameNodePacket(""type.ankama.com/jtx"", jtxMsg.ToByteArray());"	Current-source literal scan; semantic verification still required.	Fight	current-source
Game	jtx	S2C/push	push	Jondo.Unity.Server/Handlers/FightHandler.cs	3583	"return BuildGameNodePacket(""type.ankama.com/jtx"", jtxMsg.ToByteArray());"	NetworkEnvelope.BuildGameNodePacket(uri, ...)	Fight	audited-inventory
Game	jtx	S2C/push	push	Jondo.Unity.Server/Handlers/FightHandler.cs	3602	"return BuildGameNodePacket(""type.ankama.com/jtx"", jtxMsg.ToByteArray());"	Current-source literal scan; semantic verification still required.	Fight	current-source
Game	jtx	S2C/push	push	Jondo.Unity.Server/Handlers/FightHandler.cs	3985	"await WriteFrameAsync(stream, BuildGameNodePacket(""type.ankama.com/jtx"", jtxMsg.ToByteArray()));"	NetworkEnvelope.BuildGameNodePacket(uri, ...)	Fight	audited-inventory
Game	jtx	S2C/push	push	Jondo.Unity.Server/Handlers/FightHandler.cs	4004	"await WriteFrameAsync(stream, BuildGameNodePacket(""type.ankama.com/jtx"", jtxMsg.ToByteArray()));"	Current-source literal scan; semantic verification still required.	Fight	current-source
Unknown	jub	S2C/push	push	Jondo.Unity.Server/Handlers/FightHandler.cs	3660	"var inner = ExtractMessagePayload(payload, ""type.ankama.com/jub"");"	Current-source literal scan; semantic verification still required.	Fight	current-source
Unknown	jub	C2S/read	read	Jondo.Unity.Server/Handlers/FightHandler.cs	3641	"var inner = ExtractMessagePayload(payload, ""type.ankama.com/jub"");"	NetworkEnvelope.ExtractMessagePayload(..., uri)	Fight	audited-inventory
Game	juc	Discarded	descartado	Jondo.Unity.Protocol/OpcodeRegistry.cs	44	"public const string GameFightSequenceEnd = ""juc"";"	DESCARTADO: OpcodeRegistry no lo referencia nadie (0 usos fuera del propio fichero); codigo muerto	Unclassified	audited-inventory
Game	juc	S2C/push	push	Jondo.Unity.Server/Handlers/FightHandler.cs	3607	"return BuildGameNodePacket(""type.ankama.com/juc"", m.ToByteArray());"	NetworkEnvelope.BuildGameNodePacket(uri, ...)	Fight	audited-inventory
Game	juc	S2C/push	push	Jondo.Unity.Server/Handlers/FightHandler.cs	3626	"return BuildGameNodePacket(""type.ankama.com/juc"", m.ToByteArray());"	Current-source literal scan; semantic verification still required.	Fight	current-source
Game	juc	S2C/push	push	Jondo.Unity.Server/Handlers/FightHandler.cs	3976	"await WriteFrameAsync(stream, BuildGameNodePacket(""type.ankama.com/juc"", juc3.ToByteArray()));"	NetworkEnvelope.BuildGameNodePacket(uri, ...)	Fight	audited-inventory
Game	juc	S2C/push	push	Jondo.Unity.Server/Handlers/FightHandler.cs	3991	"await WriteFrameAsync(stream, BuildGameNodePacket(""type.ankama.com/juc"", juc4End.ToByteArray()));"	NetworkEnvelope.BuildGameNodePacket(uri, ...)	Fight	audited-inventory
Game	juc	S2C/push	push	Jondo.Unity.Server/Handlers/FightHandler.cs	3995	"await WriteFrameAsync(stream, BuildGameNodePacket(""type.ankama.com/juc"", juc3.ToByteArray()));"	Current-source literal scan; semantic verification still required.	Fight	current-source
Game	juc	S2C/push	push	Jondo.Unity.Server/Handlers/FightHandler.cs	4010	"await WriteFrameAsync(stream, BuildGameNodePacket(""type.ankama.com/juc"", juc4End.ToByteArray()));"	Current-source literal scan; semantic verification still required.	Fight	current-source
Unknown	jud	Discarded	descartado	Jondo.Unity.Protocol/OpcodeRegistry.cs	43	"public const string GameFightSequenceStart = ""jud"";"	DESCARTADO: OpcodeRegistry no lo referencia nadie (0 usos fuera del propio fichero); codigo muerto	Unclassified	audited-inventory
Unknown	jud	S2C/push	push	Jondo.Unity.Server/Handlers/FightHandler.cs	3598	"return BuildGameNodePacket(""type.ankama.com/jud"", m.ToByteArray());"	NetworkEnvelope.BuildGameNodePacket(uri, ...)	Fight	audited-inventory
Unknown	jud	S2C/push	push	Jondo.Unity.Server/Handlers/FightHandler.cs	3617	"return BuildGameNodePacket(""type.ankama.com/jud"", m.ToByteArray());"	Current-source literal scan; semantic verification still required.	Fight	current-source
Unknown	jud	S2C/push	push	Jondo.Unity.Server/Handlers/FightHandler.cs	3961	"await WriteFrameAsync(stream, BuildGameNodePacket(""type.ankama.com/jud"", jud4Start.ToByteArray()));"	NetworkEnvelope.BuildGameNodePacket(uri, ...)	Fight	audited-inventory
Unknown	jud	S2C/push	push	Jondo.Unity.Server/Handlers/FightHandler.cs	3968	"await WriteFrameAsync(stream, BuildGameNodePacket(""type.ankama.com/jud"", jud3.ToByteArray()));"	NetworkEnvelope.BuildGameNodePacket(uri, ...)	Fight	audited-inventory
Unknown	jud	S2C/push	push	Jondo.Unity.Server/Handlers/FightHandler.cs	3980	"await WriteFrameAsync(stream, BuildGameNodePacket(""type.ankama.com/jud"", jud4Start.ToByteArray()));"	Current-source literal scan; semantic verification still required.	Fight	current-source
Unknown	jud	S2C/push	push	Jondo.Unity.Server/Handlers/FightHandler.cs	3987	"await WriteFrameAsync(stream, BuildGameNodePacket(""type.ankama.com/jud"", jud3.ToByteArray()));"	Current-source literal scan; semantic verification still required.	Fight	current-source
Game	jut	S2C/push	push	Jondo.Unity.Server/Handlers/FightHandler.cs	3266	"await WriteFrameAsync(stream, BuildGameNodePacket(""type.ankama.com/jut"", jutMsg.ToByteArray()));"	NetworkEnvelope.BuildGameNodePacket(uri, ...)	Fight	audited-inventory
Game	jut	S2C/push	push	Jondo.Unity.Server/Handlers/FightHandler.cs	3285	"await WriteFrameAsync(stream, BuildGameNodePacket(""type.ankama.com/jut"", jutMsg.ToByteArray()));"	Current-source literal scan; semantic verification still required.	Fight	current-source
Game	juu	S2C/push	push	Jondo.Unity.Server/Handlers/FightHandler.cs	3379	"await WriteFrameAsync(stream, BuildGameNodePacket(""type.ankama.com/juu"", juuMsg.ToByteArray()));"	NetworkEnvelope.BuildGameNodePacket(uri, ...)	Fight	audited-inventory
Game	juu	S2C/push	push	Jondo.Unity.Server/Handlers/FightHandler.cs	3398	"await WriteFrameAsync(stream, BuildGameNodePacket(""type.ankama.com/juu"", juuMsg.ToByteArray()));"	Current-source literal scan; semantic verification still required.	Fight	current-source
Unknown	jvm	Discarded	descartado	Jondo.Unity.Protocol/OpcodeRegistry.cs	45	"public const string GameFightPointsVariation = ""jvm"";"	DESCARTADO: OpcodeRegistry no lo referencia nadie (0 usos fuera del propio fichero); codigo muerto	Unclassified	audited-inventory
Unknown	jvm	S2C/push	push	Jondo.Unity.Server/Handlers/FightHandler.cs	3480	"return BuildGameNodePacket(""type.ankama.com/jvm"", jvmMsg.ToByteArray());"	NetworkEnvelope.BuildGameNodePacket(uri, ...)	Fight	audited-inventory
Unknown	jvm	S2C/push	push	Jondo.Unity.Server/Handlers/FightHandler.cs	3499	"return BuildGameNodePacket(""type.ankama.com/jvm"", jvmMsg.ToByteArray());"	Current-source literal scan; semantic verification still required.	Fight	current-source
Game	jvn	S2C/push	push	Jondo.Unity.Server/Handlers/FightHandler.cs	3225	"byte[] env = BuildGameNodePacket(""type.ankama.com/jvn"", jvnMsg.ToByteArray());"	NetworkEnvelope.BuildGameNodePacket(uri, ...)	Fight	audited-inventory
Game	jvn	S2C/push	push	Jondo.Unity.Server/Handlers/FightHandler.cs	3244	"byte[] env = BuildGameNodePacket(""type.ankama.com/jvn"", jvnMsg.ToByteArray());"	Current-source literal scan; semantic verification still required.	Fight	current-source
Game	jwb	S2C/push	push	Jondo.Unity.Server/Handlers/FightHandler.cs	3370	"await WriteFrameAsync(stream, BuildGameNodePacket(""type.ankama.com/jwb"", jwbMsg.ToByteArray()));"	NetworkEnvelope.BuildGameNodePacket(uri, ...)	Fight	audited-inventory
Game	jwb	S2C/push	push	Jondo.Unity.Server/Handlers/FightHandler.cs	3389	"await WriteFrameAsync(stream, BuildGameNodePacket(""type.ankama.com/jwb"", jwbMsg.ToByteArray()));"	Current-source literal scan; semantic verification still required.	Fight	current-source
Game	jwe	Discarded	descartado	Jondo.Unity.Protocol/OpcodeRegistry.cs	38	"public const string GameFightTurnReady = ""jwe"";"	DESCARTADO: OpcodeRegistry no lo referencia nadie (0 usos fuera del propio fichero); codigo muerto	Unclassified	audited-inventory
Game	jwe	S2C/push	push	Jondo.Unity.Server/Handlers/FightHandler.cs	1482	"await WriteFrameAsync(stream, ConnectionProtocol.Push(""jwe"","	"ConnectionProtocol.Push(""xxx"", ...)"	Fight	audited-inventory
Game	jwe	S2C/push	push	Jondo.Unity.Server/Handlers/FightHandler.cs	1522	"await WriteFrameAsync(stream, ConnectionProtocol.Push(""jwe"","	"ConnectionProtocol.Push(""xxx"", ...)"	Fight	audited-inventory
Game	jwe	S2C/push	push	Jondo.Unity.Server/Handlers/FightHandler.cs	1691	"await WriteFrameAsync(stream, ConnectionProtocol.Push(""jwe"","	"ConnectionProtocol.Push(""xxx"", ...)"	Fight	audited-inventory
Game	jwe	S2C/push	push	Jondo.Unity.Server/Handlers/FightHandler.cs	1811	"await WriteFrameAsync(stream, ConnectionProtocol.Push(""jwe"","	"ConnectionProtocol.Push(""xxx"", ...)"	Fight	audited-inventory
Game	jwe	S2C/push	push	Jondo.Unity.Server/Handlers/FightHandler.cs	1835	"await WriteFrameAsync(stream, ConnectionProtocol.Push(""jwe"","	"ConnectionProtocol.Push(""xxx"", ...)"	Fight	audited-inventory
Game	jwe	S2C/push	push	Jondo.Unity.Server/Handlers/FightHandler.cs	1935	"await WriteFrameAsync(stream, ConnectionProtocol.Push(""jwe"","	"ConnectionProtocol.Push(""xxx"", ...)"	Fight	audited-inventory
Game	jwe	S2C/push	push	Jondo.Unity.Server/Handlers/FightHandler.cs	2224	"await WriteFrameAsync(stream, ConnectionProtocol.Push(""jwe"","	"ConnectionProtocol.Push(""xxx"", ...)"	Fight	audited-inventory
Game	jwe	S2C/push	push	Jondo.Unity.Server/Handlers/FightHandler.cs	2249	"await WriteFrameAsync(stream, ConnectionProtocol.Push(""jwe"","	"ConnectionProtocol.Push(""xxx"", ...)"	Fight	audited-inventory
Game	jwe	S2C/push	push	Jondo.Unity.Server/Handlers/FightHandler.cs	2342	"await WriteFrameAsync(stream, ConnectionProtocol.Push(""jwe"","	"ConnectionProtocol.Push(""xxx"", ...)"	Fight	audited-inventory
Game	jwe	S2C/push	push	Jondo.Unity.Server/Handlers/FightHandler.cs	2608	"await WriteFrameAsync(stream, ConnectionProtocol.Push(""jwe"","	"ConnectionProtocol.Push(""xxx"", ...)"	Fight	audited-inventory
Game	jwe	S2C/push	push	Jondo.Unity.Server/Handlers/FightHandler.cs	2625	"await WriteFrameAsync(stream, ConnectionProtocol.Push(""jwe"","	"ConnectionProtocol.Push(""xxx"", ...)"	Fight	audited-inventory
Game	jwe	S2C/push	push	Jondo.Unity.Server/Handlers/FightHandler.cs	2654	"await WriteFrameAsync(stream, ConnectionProtocol.Push(""jwe"","	"ConnectionProtocol.Push(""xxx"", ...)"	Fight	audited-inventory
Game	jwe	S2C/push	push	Jondo.Unity.Server/Handlers/FightHandler.cs	2703	"await WriteFrameAsync(stream, ConnectionProtocol.Push(""jwe"","	"ConnectionProtocol.Push(""xxx"", ...)"	Fight	audited-inventory
Game	jwe	S2C/push	push	Jondo.Unity.Server/Handlers/FightHandler.cs	2735	"await WriteFrameAsync(stream, ConnectionProtocol.Push(""jwe"","	"ConnectionProtocol.Push(""xxx"", ...)"	Fight	audited-inventory
Game	jwe	S2C/push	push	Jondo.Unity.Server/Handlers/FightHandler.cs	2741	"await WriteFrameAsync(stream, ConnectionProtocol.Push(""jwe"","	"ConnectionProtocol.Push(""xxx"", ...)"	Fight	audited-inventory
Game	jwf	S2C/push	push	Jondo.Unity.Server/Handlers/FightHandler.cs	4696	"await WriteFrameAsync(stream, BuildGameNodePacket(""type.ankama.com/jwf"", jwfMsg.ToByteArray()));"	NetworkEnvelope.BuildGameNodePacket(uri, ...)	Fight	audited-inventory
Game	jwf	S2C/push	push	Jondo.Unity.Server/Handlers/FightHandler.cs	4720	"await WriteFrameAsync(stream, BuildGameNodePacket(""type.ankama.com/jwf"", jwfMsg.ToByteArray()));"	Current-source literal scan; semantic verification still required.	Fight	current-source
Game	jwh	C2S/dispatch	despacho	Jondo.Unity.Server/Handlers/FightHandler.cs	1032	"else if (payloadStr.Contains(""type.ankama.com/jwh""))"	comparacion de cadena sobre el frame recibido	Fight	audited-inventory
Game	jwh	C2S/dispatch	despacho	Jondo.Unity.Server/Network/GameNodeProxy.cs	790	"|| payloadStr.Contains(""type.ankama.com/jwh"")"	comparacion de cadena sobre el frame recibido	Unclassified	audited-inventory
Game	jwh	C2S/read	read	Jondo.Unity.Server/Network/FightProtocol.cs	525	"byte[]? jwh = ConnectionProtocol.ReadPayload(payload, ""jwh"");"	"ConnectionProtocol.ReadPayload(frame, ""xxx"")"	Fight	audited-inventory
Game	jwi	S2C/push	push	Jondo.Unity.Server/Handlers/FightHandler.cs	1346	"await WriteFrameAsync(stream, ConnectionProtocol.Push(""jwi"","	"ConnectionProtocol.Push(""xxx"", ...)"	Fight	audited-inventory
Game	jwi	S2C/push	push	Jondo.Unity.Server/Handlers/FightHandler.cs	1526	"await WriteFrameAsync(stream, ConnectionProtocol.Push(""jwi"","	"ConnectionProtocol.Push(""xxx"", ...)"	Fight	audited-inventory
Game	jwi	S2C/push	push	Jondo.Unity.Server/Handlers/FightHandler.cs	1616	"await WriteFrameAsync(stream, ConnectionProtocol.Push(""jwi"","	"ConnectionProtocol.Push(""xxx"", ...)"	Fight	audited-inventory
Game	jwi	S2C/push	push	Jondo.Unity.Server/Handlers/FightHandler.cs	1621	"await WriteFrameAsync(stream, ConnectionProtocol.Push(""jwi"","	"ConnectionProtocol.Push(""xxx"", ...)"	Fight	audited-inventory
Game	jwi	S2C/push	push	Jondo.Unity.Server/Handlers/FightHandler.cs	1702	"await WriteFrameAsync(stream, ConnectionProtocol.Push(""jwi"","	"ConnectionProtocol.Push(""xxx"", ...)"	Fight	audited-inventory
Game	jwi	S2C/push	push	Jondo.Unity.Server/Handlers/FightHandler.cs	1831	"await WriteFrameAsync(stream, ConnectionProtocol.Push(""jwi"","	"ConnectionProtocol.Push(""xxx"", ...)"	Fight	audited-inventory
Game	jwi	S2C/push	push	Jondo.Unity.Server/Handlers/FightHandler.cs	1849	"await WriteFrameAsync(stream, ConnectionProtocol.Push(""jwi"","	"ConnectionProtocol.Push(""xxx"", ...)"	Fight	audited-inventory
Game	jwi	S2C/push	push	Jondo.Unity.Server/Handlers/FightHandler.cs	2305	"await WriteFrameAsync(stream, ConnectionProtocol.Push(""jwi"","	"ConnectionProtocol.Push(""xxx"", ...)"	Fight	audited-inventory
Game	jwi	S2C/push	push	Jondo.Unity.Server/Handlers/FightHandler.cs	2352	"await WriteFrameAsync(stream, ConnectionProtocol.Push(""jwi"","	"ConnectionProtocol.Push(""xxx"", ...)"	Fight	audited-inventory
Game	jwi	S2C/push	push	Jondo.Unity.Server/Handlers/FightHandler.cs	2707	"await WriteFrameAsync(stream, ConnectionProtocol.Push(""jwi"","	"ConnectionProtocol.Push(""xxx"", ...)"	Fight	audited-inventory
Game	jwi	S2C/push	push	Jondo.Unity.Server/Handlers/FightHandler.cs	2756	"await WriteFrameAsync(stream, ConnectionProtocol.Push(""jwi"","	"ConnectionProtocol.Push(""xxx"", ...)"	Fight	audited-inventory
Game	jwi	S2C/push	push	Jondo.Unity.Server/Handlers/FightHandler.cs	3153	"await WriteFrameAsync(stream, ConnectionProtocol.Push(""jwi"","	"ConnectionProtocol.Push(""xxx"", ...)"	Fight	audited-inventory
Unknown	jwk	S2C/push	push	Jondo.Unity.Server/Handlers/FightHandler.cs	3357	"await WriteFrameAsync(stream, BuildGameNodePacket(""type.ankama.com/jwk"", jwkMsg.ToByteArray()));"	NetworkEnvelope.BuildGameNodePacket(uri, ...)	Fight	audited-inventory
Unknown	jwk	S2C/push	push	Jondo.Unity.Server/Handlers/FightHandler.cs	3376	"await WriteFrameAsync(stream, BuildGameNodePacket(""type.ankama.com/jwk"", jwkMsg.ToByteArray()));"	Current-source literal scan; semantic verification still required.	Fight	current-source
Unknown	jwl	S2C/push	push	Jondo.Unity.Server/Handlers/FightHandler.cs	3286	"await WriteFrameAsync(stream, BuildGameNodePacket(""type.ankama.com/jwl"", Array.Empty<byte>()));"	NetworkEnvelope.BuildGameNodePacket(uri, ...)	Fight	audited-inventory
Unknown	jwl	S2C/push	push	Jondo.Unity.Server/Handlers/FightHandler.cs	3305	"await WriteFrameAsync(stream, BuildGameNodePacket(""type.ankama.com/jwl"", Array.Empty<byte>()));"	Current-source literal scan; semantic verification still required.	Fight	current-source
Game	jwm	S2C/push	push	Jondo.Unity.Server/Handlers/FightHandler.cs	3246	"byte[] env = BuildGameNodePacket(""type.ankama.com/jwm"", jwmMsg.ToByteArray());"	NetworkEnvelope.BuildGameNodePacket(uri, ...)	Fight	audited-inventory
Game	jwm	S2C/push	push	Jondo.Unity.Server/Handlers/FightHandler.cs	3265	"byte[] env = BuildGameNodePacket(""type.ankama.com/jwm"", jwmMsg.ToByteArray());"	Current-source literal scan; semantic verification still required.	Fight	current-source
Game	jwo	Discarded	descartado	Jondo.Unity.Protocol/OpcodeRegistry.cs	36	"public const string GameFightTurnStart = ""jwo"";"	DESCARTADO: OpcodeRegistry no lo referencia nadie (0 usos fuera del propio fichero); codigo muerto	Unclassified	audited-inventory
Game	jwo	S2C/push	push	Jondo.Unity.Server/Handlers/FightHandler.cs	830	"await WriteFrameAsync(stream, BuildGameNodePacket(""type.ankama.com/jwo"", Array.Empty<byte>()));"	NetworkEnvelope.BuildGameNodePacket(uri, ...)	Fight	audited-inventory
Game	jwo	S2C/push	push	Jondo.Unity.Server/Handlers/FightHandler.cs	834	"await WriteFrameAsync(stream, BuildGameNodePacket(""type.ankama.com/jwo"", Array.Empty<byte>()));"	Current-source literal scan; semantic verification still required.	Fight	current-source
Game	jwo	S2C/push	push	Jondo.Unity.Server/Handlers/FightHandler.cs	899	"await WriteFrameAsync(stream, BuildGameNodePacket(""type.ankama.com/jwo"", Array.Empty<byte>()));"	NetworkEnvelope.BuildGameNodePacket(uri, ...)	Fight	audited-inventory
Game	jwo	S2C/push	push	Jondo.Unity.Server/Handlers/FightHandler.cs	903	"await WriteFrameAsync(stream, BuildGameNodePacket(""type.ankama.com/jwo"", Array.Empty<byte>()));"	Current-source literal scan; semantic verification still required.	Fight	current-source
Game	jwq	S2C/push	push	Jondo.Unity.Server/Handlers/FightHandler.cs	466	"await WriteFrameAsync(stream, ConnectionProtocol.Push(""jwq"","	"ConnectionProtocol.Push(""xxx"", ...)"	Fight	audited-inventory
Unknown	jwu	S2C/push	push	Jondo.Unity.Server/Handlers/FightHandler.cs	3375	"await WriteFrameAsync(stream, BuildGameNodePacket(""type.ankama.com/jwu"", jwuMsg.ToByteArray()));"	NetworkEnvelope.BuildGameNodePacket(uri, ...)	Fight	audited-inventory
Unknown	jwu	S2C/push	push	Jondo.Unity.Server/Handlers/FightHandler.cs	3394	"await WriteFrameAsync(stream, BuildGameNodePacket(""type.ankama.com/jwu"", jwuMsg.ToByteArray()));"	Current-source literal scan; semantic verification still required.	Fight	current-source
Unknown	jwu	S2C/push	push	Jondo.Unity.Server/Handlers/FightHandler.cs	4508	"byte[] env = BuildGameNodePacket(""type.ankama.com/jwu"", msg.ToByteArray());"	NetworkEnvelope.BuildGameNodePacket(uri, ...)	Fight	audited-inventory
Unknown	jwu	S2C/push	push	Jondo.Unity.Server/Handlers/FightHandler.cs	4532	"byte[] env = BuildGameNodePacket(""type.ankama.com/jwu"", msg.ToByteArray());"	Current-source literal scan; semantic verification still required.	Fight	current-source
Game	jwz	C2S/dispatch	despacho	Jondo.Unity.Server/Handlers/FightHandler.cs	1017	"else if (payloadStr.Contains(""type.ankama.com/jwz""))"	comparacion de cadena sobre el frame recibido	Fight	audited-inventory
Game	jwz	C2S/dispatch	despacho	Jondo.Unity.Server/Handlers/FightHandler.cs	1021	"else if (payloadStr.Contains(""type.ankama.com/jwz""))"	Current-source literal scan; semantic verification still required.	Fight	current-source
Game	jwz	C2S/dispatch	despacho	Jondo.Unity.Server/Network/GameNodeProxy.cs	789	"|| payloadStr.Contains(""type.ankama.com/jwz"") || payloadStr.Contains(""type.ankama.com/jxy"")"	comparacion de cadena sobre el frame recibido	Unclassified	audited-inventory
Game	jwz	C2S/dispatch	despacho	Jondo.Unity.Server/Network/GameNodeProxy.cs	886	"|| payloadStr.Contains(""type.ankama.com/jwz"") || payloadStr.Contains(""type.ankama.com/jxy"")"	Current-source literal scan; semantic verification still required.	Unclassified	current-source
Game	jxb	S2C/push	push	Jondo.Unity.Server/Handlers/FightHandler.cs	1343	"await WriteFrameAsync(stream, ConnectionProtocol.Push(""jxb"","	"ConnectionProtocol.Push(""xxx"", ...)"	Fight	audited-inventory
Game	jxc	S2C/push	push	Jondo.Unity.Server/Handlers/FightHandler.cs	1312	"await WriteFrameAsync(stream, ConnectionProtocol.Push(""jxc"","	"ConnectionProtocol.Push(""xxx"", ...)"	Fight	audited-inventory
Game	jxc	S2C/push	push	Jondo.Unity.Server/Handlers/FightHandler.cs	3151	"await WriteFrameAsync(stream, ConnectionProtocol.Push(""jxc"","	"ConnectionProtocol.Push(""xxx"", ...)"	Fight	audited-inventory
Unknown	jxe	Discarded	descartado	Jondo.Unity.Protocol/OpcodeRegistry.cs	40	"public const string GameFightTurnList = ""jxe"";"	DESCARTADO: OpcodeRegistry no lo referencia nadie (0 usos fuera del propio fichero); codigo muerto	Unclassified	audited-inventory
Unknown	jxe	S2C/push	push	Jondo.Unity.Server/Handlers/FightHandler.cs	865	"return BuildGameNodePacket(""type.ankama.com/jxe"", jxeMsg.ToByteArray());"	NetworkEnvelope.BuildGameNodePacket(uri, ...)	Fight	audited-inventory
Unknown	jxe	S2C/push	push	Jondo.Unity.Server/Handlers/FightHandler.cs	869	"return BuildGameNodePacket(""type.ankama.com/jxe"", jxeMsg.ToByteArray());"	Current-source literal scan; semantic verification still required.	Fight	current-source
Game	jxg	S2C/push	push	Jondo.Unity.Server/Handlers/FightHandler.cs	419	"await WriteFrameAsync(stream, ConnectionProtocol.Push(""jxg"","	"ConnectionProtocol.Push(""xxx"", ...)"	Fight	audited-inventory
Game	jxg	S2C/push	push	Jondo.Unity.Server/Handlers/FightHandler.cs	431	"await WriteFrameAsync(stream, ConnectionProtocol.Push(""jxg"","	"ConnectionProtocol.Push(""xxx"", ...)"	Fight	audited-inventory
Game	jxh	S2C/push	push	Jondo.Unity.Server/Handlers/FightHandler.cs	1370	"await WriteFrameAsync(stream, ConnectionProtocol.Push(""jxh"","	"ConnectionProtocol.Push(""xxx"", ...)"	Fight	audited-inventory
Game	jxm	S2C/push	push	Jondo.Unity.Server/Handlers/FightHandler.cs	2277	"await WriteFrameAsync(stream, ConnectionProtocol.Push(""jxm"","	"ConnectionProtocol.Push(""xxx"", ...)"	Fight	audited-inventory
Game	jxw	Discarded	descartado	Jondo.Unity.Protocol/OpcodeRegistry.cs	39	"public const string GameFightTurnEnd = ""jxw"";"	DESCARTADO: OpcodeRegistry no lo referencia nadie (0 usos fuera del propio fichero); codigo muerto	Unclassified	audited-inventory
Game	jxw	S2C/push	push	Jondo.Unity.Server/Handlers/FightHandler.cs	1611	"await WriteFrameAsync(stream, ConnectionProtocol.Push(""jxw"","	"ConnectionProtocol.Push(""xxx"", ...)"	Fight	audited-inventory
Game	jxw	S2C/push	push	Jondo.Unity.Server/Handlers/FightHandler.cs	1696	"await WriteFrameAsync(stream, ConnectionProtocol.Push(""jxw"","	"ConnectionProtocol.Push(""xxx"", ...)"	Fight	audited-inventory
Game	jxw	S2C/push	push	Jondo.Unity.Server/Handlers/FightHandler.cs	1826	"await WriteFrameAsync(stream, ConnectionProtocol.Push(""jxw"","	"ConnectionProtocol.Push(""xxx"", ...)"	Fight	audited-inventory
Game	jxw	S2C/push	push	Jondo.Unity.Server/Handlers/FightHandler.cs	2303	"await WriteFrameAsync(stream, ConnectionProtocol.Push(""jxw"","	"ConnectionProtocol.Push(""xxx"", ...)"	Fight	audited-inventory
Game	jxx	S2C/push	push	Jondo.Unity.Server/Handlers/FightHandler.cs	4479	"return BuildGameNodePacket(""type.ankama.com/jxx"", jxxOuterPayload.ToByteArray());"	NetworkEnvelope.BuildGameNodePacket(uri, ...)	Fight	audited-inventory
Game	jxx	S2C/push	push	Jondo.Unity.Server/Handlers/FightHandler.cs	4503	"return BuildGameNodePacket(""type.ankama.com/jxx"", jxxOuterPayload.ToByteArray());"	Current-source literal scan; semantic verification still required.	Fight	current-source
Game	jxy	C2S/dispatch	despacho	Jondo.Unity.Server/Handlers/FightHandler.cs	1022	"else if (payloadStr.Contains(""type.ankama.com/jxy""))"	comparacion de cadena sobre el frame recibido	Fight	audited-inventory
Game	jxy	C2S/dispatch	despacho	Jondo.Unity.Server/Handlers/FightHandler.cs	1026	"else if (payloadStr.Contains(""type.ankama.com/jxy""))"	Current-source literal scan; semantic verification still required.	Fight	current-source
Game	jxy	C2S/dispatch	despacho	Jondo.Unity.Server/Network/GameNodeProxy.cs	789	"|| payloadStr.Contains(""type.ankama.com/jwz"") || payloadStr.Contains(""type.ankama.com/jxy"")"	comparacion de cadena sobre el frame recibido	Unclassified	audited-inventory
Game	jxy	C2S/dispatch	despacho	Jondo.Unity.Server/Network/GameNodeProxy.cs	886	"|| payloadStr.Contains(""type.ankama.com/jwz"") || payloadStr.Contains(""type.ankama.com/jxy"")"	Current-source literal scan; semantic verification still required.	Unclassified	current-source
Game	jxz	S2C/push	push	Jondo.Unity.Server/Handlers/FightHandler.cs	1296	"await WriteFrameAsync(stream, ConnectionProtocol.Push(""jxz"","	"ConnectionProtocol.Push(""xxx"", ...)"	Fight	audited-inventory
Game	jxz	S2C/push	push	Jondo.Unity.Server/Handlers/FightHandler.cs	3167	"await WriteFrameAsync(stream, ConnectionProtocol.Push(""jxz"","	"ConnectionProtocol.Push(""xxx"", ...)"	Fight	audited-inventory
Game	jya	S2C/push	push	Jondo.Unity.Server/Handlers/FightHandler.cs	1517	"await WriteFrameAsync(stream, ConnectionProtocol.Push(""jya"","	"ConnectionProtocol.Push(""xxx"", ...)"	Fight	audited-inventory
Game	jya	S2C/push	push	Jondo.Unity.Server/Handlers/FightHandler.cs	4244	"byte[] env = BuildGameNodePacket(""type.ankama.com/jya"", msg.ToByteArray());"	NetworkEnvelope.BuildGameNodePacket(uri, ...)	Fight	audited-inventory
Game	jyf	S2C/push	push	Jondo.Unity.Server/Handlers/FightHandler.cs	4219	"list.Add(BuildGameNodePacket(""type.ankama.com/jyf"", msg1.ToByteArray()));"	NetworkEnvelope.BuildGameNodePacket(uri, ...)	Fight	audited-inventory
Game	jyf	S2C/push	push	Jondo.Unity.Server/Handlers/FightHandler.cs	4231	"list.Add(BuildGameNodePacket(""type.ankama.com/jyf"", msg2.ToByteArray()));"	NetworkEnvelope.BuildGameNodePacket(uri, ...)	Fight	audited-inventory
Game	jyf	S2C/push	push	Jondo.Unity.Server/Handlers/FightHandler.cs	4243	"list.Add(BuildGameNodePacket(""type.ankama.com/jyf"", msg1.ToByteArray()));"	Current-source literal scan; semantic verification still required.	Fight	current-source
Game	jyf	S2C/push	push	Jondo.Unity.Server/Handlers/FightHandler.cs	4255	"list.Add(BuildGameNodePacket(""type.ankama.com/jyf"", msg2.ToByteArray()));"	Current-source literal scan; semantic verification still required.	Fight	current-source
Game	jyg	S2C/push	push	Jondo.Unity.Server/Handlers/FightHandler.cs	2955	"await WriteFrameAsync(stream, ConnectionProtocol.Push(""jyg"","	"ConnectionProtocol.Push(""xxx"", ...)"	Fight	audited-inventory
Game	jyg	S2C/push	push	Jondo.Unity.Server/Handlers/FightHandler.cs	787	"await WriteFrameAsync(stream, BuildGameNodePacket(""type.ankama.com/jyg"", jygMsg.ToByteArray()));"	NetworkEnvelope.BuildGameNodePacket(uri, ...)	Fight	audited-inventory
Unknown	jyi	S2C/push	push	Jondo.Unity.Server/Handlers/FightHandler.cs	945	"return BuildGameNodePacket(""type.ankama.com/jyi"", jyiMsg.ToByteArray());"	NetworkEnvelope.BuildGameNodePacket(uri, ...)	Fight	audited-inventory
Unknown	jyi	S2C/push	push	Jondo.Unity.Server/Handlers/FightHandler.cs	949	"return BuildGameNodePacket(""type.ankama.com/jyi"", jyiMsg.ToByteArray());"	Current-source literal scan; semantic verification still required.	Fight	current-source
Game	jyj	S2C/push	push	Jondo.Unity.Server/Handlers/FightHandler.cs	1546	"await WriteFrameAsync(stream, ConnectionProtocol.Push(""jyj"","	"ConnectionProtocol.Push(""xxx"", ...)"	Fight	audited-inventory
Game	jyj	S2C/push	push	Jondo.Unity.Server/Handlers/FightHandler.cs	798	"await WriteFrameAsync(stream, BuildGameNodePacket(""type.ankama.com/jyj"", jyjMsg.ToByteArray()));"	NetworkEnvelope.BuildGameNodePacket(uri, ...)	Fight	audited-inventory
Unknown	jyk	S2C/push	push	Jondo.Unity.Server/Handlers/FightHandler.cs	823	"await WriteFrameAsync(stream, BuildGameNodePacket(""type.ankama.com/jyk"", jykMsg.ToByteArray()));"	NetworkEnvelope.BuildGameNodePacket(uri, ...)	Fight	audited-inventory
Unknown	jyk	S2C/push	push	Jondo.Unity.Server/Handlers/FightHandler.cs	827	"await WriteFrameAsync(stream, BuildGameNodePacket(""type.ankama.com/jyk"", jykMsg.ToByteArray()));"	Current-source literal scan; semantic verification still required.	Fight	current-source
Game	jys	S2C/push	push	Jondo.Unity.Server/Handlers/FightHandler.cs	4492	"string typeUrl = isMP ? ""type.ankama.com/kkz"" : ""type.ankama.com/jys"";"	ternario typeUrl -> BuildGameNodePacket(typeUrl,...) en FightHandler.cs:4497	Fight	audited-inventory
Game	jys	S2C/push	push	Jondo.Unity.Server/Handlers/FightHandler.cs	4516	"string typeUrl = isMP ? ""type.ankama.com/kkz"" : ""type.ankama.com/jys"";"	Current-source literal scan; semantic verification still required.	Fight	current-source
Game	jyt	S2C/push	push	Jondo.Unity.Server/Handlers/FightHandler.cs	3134	"await WriteFrameAsync(stream, ConnectionProtocol.Push(""jyt"","	"ConnectionProtocol.Push(""xxx"", ...)"	Fight	audited-inventory
Game	jyy	S2C/push	push	Jondo.Unity.Server/Handlers/FightHandler.cs	1293	"await WriteFrameAsync(stream, ConnectionProtocol.Push(""jyy"","	"ConnectionProtocol.Push(""xxx"", ...)"	Fight	audited-inventory
Game	jyz	S2C/push	push	Jondo.Unity.Server/Handlers/FightHandler.cs	3925	"var inner = ExtractMessagePayload(payload, ""type.ankama.com/jyz"");"	Current-source literal scan; semantic verification still required.	Fight	current-source
Game	jyz	C2S/read	read	Jondo.Unity.Server/Handlers/FightHandler.cs	3906	"var inner = ExtractMessagePayload(payload, ""type.ankama.com/jyz"");"	NetworkEnvelope.ExtractMessagePayload(..., uri)	Fight	audited-inventory
Game	jzc	S2C/push	push	Jondo.Unity.Server/Handlers/FightHandler.cs	1472	"await WriteFrameAsync(stream, ConnectionProtocol.Push(""jzc"","	"ConnectionProtocol.Push(""xxx"", ...)"	Fight	audited-inventory
Game	jzu	Discarded	descartado	Jondo.Unity.Server/Network/ConnectionProtocolSelfTest.cs	38	"Same(failures, ""jzu"","	DESCARTADO: etiqueta de ConnectionProtocolSelfTest.Same(), no viaja	Connection	audited-inventory
Game	jzu	S2C/push	push	Jondo.Unity.Server/Handlers/FightHandler.cs	2055	"await WriteFrameAsync(stream, ConnectionProtocol.Push(""jzu"","	"ConnectionProtocol.Push(""xxx"", ...)"	Fight	audited-inventory
Game	jzu	S2C/push	push	Jondo.Unity.Server/Handlers/FightHandler.cs	463	"await WriteFrameAsync(stream, ConnectionProtocol.Push(""jzu"","	"ConnectionProtocol.Push(""xxx"", ...)"	Fight	audited-inventory
Game	jzy	C2S/dispatch	despacho	Jondo.Unity.Server/Handlers/FightHandler.cs	1002	"if (payloadStr.Contains(""type.ankama.com/jzy""))"	comparacion de cadena sobre el frame recibido	Fight	audited-inventory
Game	jzy	C2S/dispatch	despacho	Jondo.Unity.Server/Network/GameNodeProxy.cs	788	"else if (payloadStr.Contains(""type.ankama.com/jzy"") || payloadStr.Contains(""type.ankama.com/kaq"")"	comparacion de cadena sobre el frame recibido	Unclassified	audited-inventory
Game	jzy	C2S/read	read	Jondo.Unity.Server/Network/FightProtocol.cs	1179	"byte[]? jzy = ConnectionProtocol.ReadPayload(payload, ""jzy"");"	"ConnectionProtocol.ReadPayload(frame, ""xxx"")"	Fight	audited-inventory
Game	kaa	S2C/push	push	Jondo.Unity.Server/Handlers/FightHandler.cs	408	"await WriteFrameAsync(stream, ConnectionProtocol.Push(""kaa"","	"ConnectionProtocol.Push(""xxx"", ...)"	Fight	audited-inventory
Game	kae	Discarded	descartado	Jondo.Unity.Protocol/OpcodeRegistry.cs	35	"public const string GameFightShowFighter = ""kae"";"	DESCARTADO: OpcodeRegistry no lo referencia nadie (0 usos fuera del propio fichero); codigo muerto	Unclassified	audited-inventory
Game	kae	S2C/push	push	Jondo.Unity.Server/Handlers/FightHandler.cs	449	"await WriteFrameAsync(stream, ConnectionProtocol.Push(""kae"","	"ConnectionProtocol.Push(""xxx"", ...)"	Fight	audited-inventory
Game	kah	Discarded	descartado	Jondo.Unity.Server/Network/ConnectionProtocolSelfTest.cs	77	"Same(failures, ""kah"", ""08a28280c8e7081801"", FightProtocol.BuildReadyAck(fighter));"	DESCARTADO: etiqueta de ConnectionProtocolSelfTest.Same(), no viaja	Connection	audited-inventory
Game	kah	S2C/push	push	Jondo.Unity.Server/Handlers/FightHandler.cs	1231	"await WriteFrameAsync(stream, ConnectionProtocol.Push(""kah"","	"ConnectionProtocol.Push(""xxx"", ...)"	Fight	audited-inventory
Game	kai	S2C/push	push	Jondo.Unity.Server/Handlers/FightHandler.cs	1259	"await WriteFrameAsync(stream, ConnectionProtocol.Push(""kai"","	"ConnectionProtocol.Push(""xxx"", ...)"	Fight	audited-inventory
Game	kam	S2C/push	push	Jondo.Unity.Server/Handlers/FightHandler.cs	401	"await WriteFrameAsync(stream, ConnectionProtocol.Push(""kam"","	"ConnectionProtocol.Push(""xxx"", ...)"	Fight	audited-inventory
Game	kaq	C2S/dispatch	despacho	Jondo.Unity.Server/Handlers/FightHandler.cs	1013	"else if (payloadStr.Contains(""type.ankama.com/kaq""))"	comparacion de cadena sobre el frame recibido	Fight	audited-inventory
Game	kaq	C2S/dispatch	despacho	Jondo.Unity.Server/Network/GameNodeProxy.cs	788	"else if (payloadStr.Contains(""type.ankama.com/jzy"") || payloadStr.Contains(""type.ankama.com/kaq"")"	comparacion de cadena sobre el frame recibido	Unclassified	audited-inventory
Game	kaq	C2S/read	read	Jondo.Unity.Server/Network/FightProtocol.cs	1231	"byte[]? kaq = ConnectionProtocol.ReadPayload(payload, ""kaq"");"	"ConnectionProtocol.ReadPayload(frame, ""xxx"")"	Fight	audited-inventory
Game	kau	S2C/push	push	Jondo.Unity.Server/Handlers/FightHandler.cs	455	"await WriteFrameAsync(stream, ConnectionProtocol.Push(""kau"","	"ConnectionProtocol.Push(""xxx"", ...)"	Fight	audited-inventory
Game	kba	Discarded	descartado	Jondo.Unity.Server/Network/ConnectionProtocolSelfTest.cs	33	"Same(failures, ""kba"","	DESCARTADO: etiqueta de ConnectionProtocolSelfTest.Same(), no viaja	Connection	audited-inventory
Game	kba	S2C/push	push	Jondo.Unity.Server/Handlers/FightHandler.cs	440	"await WriteFrameAsync(stream, ConnectionProtocol.Push(""kba"","	"ConnectionProtocol.Push(""xxx"", ...)"	Fight	audited-inventory
Game	kbd	S2C/push	push	Jondo.Unity.Server/Handlers/NpcHandler.cs	140	"ConnectionProtocol.Push(""kbd"", kbd));"	"ConnectionProtocol.Push(""xxx"", ...)"	Unclassified	audited-inventory
Game	kci	S2C/push	push	Jondo.Unity.Server/Handlers/ChestHandler.cs	51	"ConnectionProtocol.Push(""kci"", ConnectionProtocol.BuildStorageOpened()));"	"ConnectionProtocol.Push(""xxx"", ...)"	Unclassified	audited-inventory
Game	kcr	C2S/dispatch	despacho	Jondo.Unity.Server/Network/GameNodeProxy.cs	491	"else if (payloadStr.Contains(""type.ankama.com/kcr""))"	comparacion de cadena sobre el frame recibido	Unclassified	audited-inventory
Game	kcr	C2S/read	read	Jondo.Unity.Server/Handlers/ChestHandler.cs	69	"byte[]? kcr = ConnectionProtocol.ReadPayload(payload, ""kcr"");"	"ConnectionProtocol.ReadPayload(frame, ""xxx"")"	Unclassified	audited-inventory
Game	kdg	S2C/push	push	Jondo.Unity.Server/Handlers/NpcHandler.cs	298	"await Jondo.Protocol.NetworkMessage.WriteFrameAsync(stream, ConnectionProtocol.Push(""kdg""));"	"ConnectionProtocol.Push(""xxx"", ...)"	Unclassified	audited-inventory
Game	kdx	Discarded	descartado	Jondo.Unity.Server/BasePayloads.cs	16	public static readonly byte[] WorldEnteringPackets = new byte[] {	DESCARTADO: opcode dentro de un array de BasePayloads; nadie referencia BasePayloads (codigo muerto)	Unclassified	audited-inventory
Game	kdx	Discarded	descartado	Jondo.Unity.Server/Protocol/NetworkMessage.cs	294	"case ""kdx"": return (""World Loading"", ""Connection"", ""AccountCapabilitiesMessage (Global account rights)"");"	DESCARTADO: tabla de etiquetas del log (GetPacketMetadata / isPing). Solo pinta texto en consola, no cambia el protocolo	Unclassified	audited-inventory
Game	kdx	S2C/push	push	Jondo.Unity.Server/Network/TransitionPacketsBuilder.cs	41	"public static byte[] BuildKdxMessage() => BuildSingleVarIntMessage(""type.ankama.com/kdx"", 2000000);"	TransitionPacketsBuilder.BuildSingleVarIntMessage(uri, n)	Unclassified	audited-inventory
Game	kea	C2S/dispatch	despacho	Jondo.Unity.Server/Network/GameNodeProxy.cs	773	"else if (payloadStr.Contains(""type.ankama.com/kea""))"	comparacion de cadena sobre el frame recibido	Unclassified	audited-inventory
Game	kea	C2S/read	read	Jondo.Unity.Server/Handlers/NpcHandler.cs	216	"byte[]? kea = ConnectionProtocol.ReadPayload(payload, ""kea"");"	"ConnectionProtocol.ReadPayload(frame, ""xxx"")"	Unclassified	audited-inventory
Unknown	key	Discarded	descartado	Jondo.Unity.Server/Network/HaapiServer.cs	358	"!property.Name.Contains(""key"", StringComparison.OrdinalIgnoreCase)) continue;"	FALSO POSITIVO: filtro por nombre de propiedad JSON	Connection	audited-inventory
Unknown	key	Discarded	descartado	Jondo.Unity.Server/Zaap/ZaapService.cs	1392	"tmp67.Name = ""key"";"	FALSO POSITIVO: nombre de campo Thrift (tmp67.Name)	Connection	audited-inventory
Unknown	kfr	Discarded	descartado	Jondo.Unity.Server/BasePayloads.cs	16	public static readonly byte[] WorldEnteringPackets = new byte[] {	DESCARTADO: opcode dentro de un array de BasePayloads; nadie referencia BasePayloads (codigo muerto)	Unclassified	audited-inventory
Unknown	kfr	Discarded	descartado	Jondo.Unity.Server/Protocol/NetworkMessage.cs	271	"case ""kfr"": return (""World Loading"", ""Character"", ""EmoteListMessage (Unlocked emotes and animations)"");"	DESCARTADO: tabla de etiquetas del log (GetPacketMetadata / isPing). Solo pinta texto en consola, no cambia el protocolo	Unclassified	audited-inventory
Game	khd	S2C/push	push	Jondo.Unity.Server/Handlers/ChestHandler.cs	64	"ConnectionProtocol.Push(""khd"", ConnectionProtocol.BuildStorageClosed()));"	"ConnectionProtocol.Push(""xxx"", ...)"	Unclassified	audited-inventory
Game	khd	S2C/push	push	Jondo.Unity.Server/Handlers/NpcHandler.cs	324	"ConnectionProtocol.Push(""khd"", ConnectionProtocol.BuildShopClosed()));"	"ConnectionProtocol.Push(""xxx"", ...)"	Unclassified	audited-inventory
Game	kkm	Discarded	descartado	Jondo.Unity.Server/BasePayloads.cs	16	public static readonly byte[] WorldEnteringPackets = new byte[] {	DESCARTADO: opcode dentro de un array de BasePayloads; nadie referencia BasePayloads (codigo muerto)	Unclassified	audited-inventory
Game	kkm	Discarded	descartado	Jondo.Unity.Server/Protocol/NetworkMessage.cs	314	"case ""kkm"": return (""World Loading"", ""Interfaces"", ""SocialOptionsMessage (Friend notification settings)"");"	DESCARTADO: tabla de etiquetas del log (GetPacketMetadata / isPing). Solo pinta texto en consola, no cambia el protocolo	Unclassified	audited-inventory
Game	kkm	Discarded	descartado	Jondo.Unity.Server/TransitionPayloads.cs	23	public static readonly byte[] kkm = new byte[] {	DESCARTADO: array de TransitionPayloads que no referencia nadie	Unclassified	audited-inventory
Game	kkm	S2C/push	push	Jondo.Unity.Server/Handlers/FightHandler.cs	4733	"await WriteFrameAsync(stream, BuildGameNodePacket(""type.ankama.com/kkm"", Array.Empty<byte>()));"	NetworkEnvelope.BuildGameNodePacket(uri, ...)	Fight	audited-inventory
Game	kkm	S2C/push	push	Jondo.Unity.Server/Network/TransitionPacketsBuilder.cs	44	"public static byte[] BuildKkmMessage() => BuildEmptyMessage(""type.ankama.com/kkm"");"	TransitionPacketsBuilder.BuildEmptyMessage(uri)	Unclassified	audited-inventory
Unknown	kkn	Discarded	descartado	Jondo.Unity.Server/Protocol/NetworkMessage.cs	312	"case ""kkn"": return (""World Loading"", ""Sync"", ""MapLoadCompleted (Notification that the graphics load finished)"");"	DESCARTADO: tabla de etiquetas del log (GetPacketMetadata / isPing). Solo pinta texto en consola, no cambia el protocolo	Unclassified	audited-inventory
Unknown	kkn	C2S/dispatch	despacho	Jondo.Unity.Server/Network/GameNodeProxy.cs	624	"else if (payloadStr.Contains(""type.ankama.com/kkn""))"	comparacion de cadena sobre el frame recibido	Unclassified	audited-inventory
Unknown	kkn	C2S/dispatch	despacho	Jondo.Unity.Server/Network/GameNodeProxy.cs	727	"else if (payloadStr.Contains(""type.ankama.com/kkn""))"	Current-source literal scan; semantic verification still required.	Unclassified	current-source
Unknown	kkp	Discarded	descartado	Jondo.Unity.Server/BasePayloads.cs	16	public static readonly byte[] WorldEnteringPackets = new byte[] {	DESCARTADO: opcode dentro de un array de BasePayloads; nadie referencia BasePayloads (codigo muerto)	Unclassified	audited-inventory
Unknown	kkp	Discarded	descartado	Jondo.Unity.Server/Protocol/NetworkMessage.cs	313	"case ""kkp"": return (""World Loading"", ""Interfaces"", ""SocialStatusMessage (Configuration of the online social status)"");"	DESCARTADO: tabla de etiquetas del log (GetPacketMetadata / isPing). Solo pinta texto en consola, no cambia el protocolo	Unclassified	audited-inventory
Unknown	kkp	Discarded	descartado	Jondo.Unity.Server/TransitionPayloads.cs	18	public static readonly byte[] kkp = new byte[] {	DESCARTADO: array de TransitionPayloads que no referencia nadie	Unclassified	audited-inventory
Unknown	kkp	S2C/push	push	Jondo.Unity.Server/Handlers/FightHandler.cs	4732	"await WriteFrameAsync(stream, BuildGameNodePacket(""type.ankama.com/kkp"", Array.Empty<byte>()));"	NetworkEnvelope.BuildGameNodePacket(uri, ...)	Fight	audited-inventory
Unknown	kkp	S2C/push	push	Jondo.Unity.Server/Handlers/FightHandler.cs	4756	"await WriteFrameAsync(stream, BuildGameNodePacket(""type.ankama.com/kkp"", Array.Empty<byte>()));"	Current-source literal scan; semantic verification still required.	Fight	current-source
Unknown	kkp	S2C/push	push	Jondo.Unity.Server/Network/TransitionPacketsBuilder.cs	43	"public static byte[] BuildKkpMessage() => BuildEmptyMessage(""type.ankama.com/kkp"");"	TransitionPacketsBuilder.BuildEmptyMessage(uri)	Unclassified	audited-inventory
Unknown	kkp	S2C/push	push	Jondo.Unity.Server/Network/TransitionPacketsBuilder.cs	44	"public static byte[] BuildKkpMessage() => BuildEmptyMessage(""type.ankama.com/kkp"");"	Current-source literal scan; semantic verification still required.	Unclassified	current-source
Game	kkr	Discarded	descartado	Jondo.Unity.Protocol/TypeRegistry.cs	39	"Register(""kkr"", kkr.Descriptor);"	DESCARTADO: TypeRegistry no lo referencia nadie (0 usos fuera del propio fichero); codigo muerto	Unclassified	audited-inventory
Game	kkr	Discarded	descartado	Jondo.Unity.Server/Protocol/NetworkMessage.cs	328	"case ""kkr"": return (""In Game"", ""Map"", ""MapComplementaryInfoRequest (Request for actors and interactives)"");"	DESCARTADO: tabla de etiquetas del log (GetPacketMetadata / isPing). Solo pinta texto en consola, no cambia el protocolo	Unclassified	audited-inventory
Game	kkr	C2S/dispatch	despacho	Jondo.Unity.Server/Network/GameNodeProxy.cs	732	"else if (payloadStr.Contains(""type.ankama.com/kkr"") || payloadStr.Contains(""type.ankama.com/jqf"") || payloadStr.Contains(""type.ankama.com/igx""))"	comparacion de cadena sobre el frame recibido	Unclassified	audited-inventory
Game	kkr	S2C/push	push	Jondo.Unity.Server/Handlers/FightHandler.cs	4751	"byte[] kkrPacket = BuildGameNodePacket(""type.ankama.com/kkr"", kkrSynth.ToByteArray());"	NetworkEnvelope.BuildGameNodePacket(uri, ...)	Fight	audited-inventory
Game	kkr	C2S/read	read	Jondo.Unity.Server/Handlers/MapLoadHandler.cs	21	"byte[]? inner = NetworkEnvelope.ExtractMessagePayload(payload, ""type.ankama.com/kkr"");"	NetworkEnvelope.ExtractMessagePayload(..., uri)	World/map	audited-inventory
Game	kku	Discarded	descartado	Jondo.Unity.Protocol/TypeRegistry.cs	40	"Register(""kku"", kku.Descriptor);"	DESCARTADO: TypeRegistry no lo referencia nadie (0 usos fuera del propio fichero); codigo muerto	Unclassified	audited-inventory
Game	kku	S2C/push	push	Jondo.Unity.Server/Handlers/InventoryHandler.cs	245	"return NetworkEnvelope.BuildGameNodePacket(""type.ankama.com/kku"", ms.ToArray());"	NetworkEnvelope.BuildGameNodePacket(uri, ...)	Personal data	audited-inventory
Game	kkz	S2C/push	push	Jondo.Unity.Server/Handlers/FightHandler.cs	4172	"return BuildGameNodePacket(""type.ankama.com/kkz"", kkzMsg.ToByteArray());"	NetworkEnvelope.BuildGameNodePacket(uri, ...)	Fight	audited-inventory
Game	kkz	S2C/push	push	Jondo.Unity.Server/Handlers/FightHandler.cs	4190	"return BuildGameNodePacket(""type.ankama.com/kkz"", kkzMsg.ToByteArray());"	NetworkEnvelope.BuildGameNodePacket(uri, ...)	Fight	audited-inventory
Game	kkz	S2C/push	push	Jondo.Unity.Server/Handlers/FightHandler.cs	4196	"return BuildGameNodePacket(""type.ankama.com/kkz"", kkzMsg.ToByteArray());"	Current-source literal scan; semantic verification still required.	Fight	current-source
Game	kkz	S2C/push	push	Jondo.Unity.Server/Handlers/FightHandler.cs	4214	"return BuildGameNodePacket(""type.ankama.com/kkz"", kkzMsg.ToByteArray());"	Current-source literal scan; semantic verification still required.	Fight	current-source
Game	kkz	S2C/push	push	Jondo.Unity.Server/Handlers/FightHandler.cs	4492	"string typeUrl = isMP ? ""type.ankama.com/kkz"" : ""type.ankama.com/jys"";"	ternario typeUrl -> BuildGameNodePacket(typeUrl,...) en FightHandler.cs:4497	Fight	audited-inventory
Game	kkz	S2C/push	push	Jondo.Unity.Server/Handlers/FightHandler.cs	4516	"string typeUrl = isMP ? ""type.ankama.com/kkz"" : ""type.ankama.com/jys"";"	Current-source literal scan; semantic verification still required.	Fight	current-source
Game	kla	C2S/dispatch	despacho	Jondo.Unity.Server/Network/GameNodeProxy.cs	546	"else if (payloadStr.Contains(""type.ankama.com/kla""))"	comparacion de cadena sobre el frame recibido	Unclassified	audited-inventory
Game	kla	C2S/dispatch	despacho	Jondo.Unity.Server/Network/GameNodeProxy.cs	648	"else if (payloadStr.Contains(""type.ankama.com/kla""))"	Current-source literal scan; semantic verification still required.	Unclassified	current-source
Game	kld	S2C/push	push	Jondo.Unity.Server/Handlers/NpcHandler.cs	187	"ConnectionProtocol.Push(""kld"", ConnectionProtocol.BuildDialogClosed("	"ConnectionProtocol.Push(""xxx"", ...)"	Unclassified	audited-inventory
Game	kld	S2C/push	push	Jondo.Unity.Server/Handlers/ZaapTravelHandler.cs	119	"ConnectionProtocol.Push(""kld"", ConnectionProtocol.BuildDialogClosed()));"	"ConnectionProtocol.Push(""xxx"", ...)"	Connection	audited-inventory
Game	kld	S2C/push	push	Jondo.Unity.Server/Handlers/ZaapTravelHandler.cs	187	"ConnectionProtocol.Push(""kld"", ConnectionProtocol.BuildDialogClosed()));"	"ConnectionProtocol.Push(""xxx"", ...)"	Connection	audited-inventory
Unknown	klo	C2S/dispatch	despacho	Jondo.Unity.Server/Network/GameNodeProxy.cs	827	"cleanPayload.Contains(""klo"") || cleanPayload.Contains(""kmt"") || cleanPayload.Contains(""jgv"") ||"	comparacion de cadena sobre el frame recibido	Unclassified	audited-inventory
Game	klp	Discarded	descartado	Jondo.Unity.Server/BasePayloads.cs	16	public static readonly byte[] WorldEnteringPackets = new byte[] {	DESCARTADO: opcode dentro de un array de BasePayloads; nadie referencia BasePayloads (codigo muerto)	Unclassified	audited-inventory
Game	klp	Discarded	descartado	Jondo.Unity.Server/Protocol/NetworkMessage.cs	250	"case ""klp"": return (""Character Selection"", ""Interfaces"", ""CharacterListEmpty (Initial empty character list)"");"	DESCARTADO: tabla de etiquetas del log (GetPacketMetadata / isPing). Solo pinta texto en consola, no cambia el protocolo	Unclassified	audited-inventory
Game	klp	Discarded	descartado	Jondo.Unity.Server/TransitionPayloads.cs	104	public static readonly byte[] klp = new byte[] {	DESCARTADO: array de TransitionPayloads que no referencia nadie	Unclassified	audited-inventory
Game	klp	S2C/push	push	Jondo.Unity.Server/Handlers/CharacterSelectionHandler.cs	124	"byte[] klpFrame = NetworkEnvelope.ConvertHexStringToByteArray(""1D-1A-1B-0A-19-0A-13-74-79-70-65-2E-61-6E-6B-61-6D-61-2E-63-6F-6D-2F-6B-6C-70-12-02-10-00"");"	opcode escondido en cadena hex; la trama se escribe en el socket	Character/world entry	audited-inventory
Game	klp	S2C/push	push	Jondo.Unity.Server/Network/TransitionPacketsBuilder.cs	26	"public static byte[] BuildKlpMessage() => BuildEmptyMessage(""type.ankama.com/klp"");"	TransitionPacketsBuilder.BuildEmptyMessage(uri)	Unclassified	audited-inventory
Unknown	klt	Discarded	descartado	Jondo.Unity.Server/BasePayloads.cs	16	public static readonly byte[] WorldEnteringPackets = new byte[] {	DESCARTADO: opcode dentro de un array de BasePayloads; nadie referencia BasePayloads (codigo muerto)	Unclassified	audited-inventory
Unknown	klt	Discarded	descartado	Jondo.Unity.Server/TransitionPayloads.cs	99	public static readonly byte[] klt = new byte[] {	DESCARTADO: array de TransitionPayloads que no referencia nadie	Unclassified	audited-inventory
Unknown	klt	S2C/push	push	Jondo.Unity.Server/Network/TransitionPacketsBuilder.cs	25	"public static byte[] BuildKltMessage() => BuildEmptyMessage(""type.ankama.com/klt"");"	TransitionPacketsBuilder.BuildEmptyMessage(uri)	Unclassified	audited-inventory
Unknown	klt	S2C/push	push	Jondo.Unity.Server/Network/TransitionPacketsBuilder.cs	26	"public static byte[] BuildKltMessage() => BuildEmptyMessage(""type.ankama.com/klt"");"	Current-source literal scan; semantic verification still required.	Unclassified	current-source
Unknown	klw	C2S/dispatch	despacho	Jondo.Unity.Server/Network/GameNodeProxy.cs	826	"if (cleanPayload.Contains(""kmw"") || cleanPayload.Contains(""klw"") || cleanPayload.Contains(""knb"") ||"	comparacion de cadena sobre el frame recibido	Unclassified	audited-inventory
Game	kme	Discarded	descartado	Jondo.Unity.Protocol/OpcodeRegistry.cs	46	"public const string GameFightEnd = ""kme"";"	DESCARTADO: OpcodeRegistry no lo referencia nadie (0 usos fuera del propio fichero); codigo muerto	Unclassified	audited-inventory
Game	kmk	Discarded	descartado	Jondo.Unity.Server/Network/ConnectionProtocolSelfTest.cs	91	"Same(failures, ""kmk"","	DESCARTADO: etiqueta de ConnectionProtocolSelfTest.Same(), no viaja	Connection	audited-inventory
Game	kmk	S2C/push	push	Jondo.Unity.Server/Handlers/FightHandler.cs	1210	"await WriteFrameAsync(stream, ConnectionProtocol.Push(""kmk"","	"ConnectionProtocol.Push(""xxx"", ...)"	Fight	audited-inventory
Game	kmk	S2C/push	push	Jondo.Unity.Server/Handlers/FightHandler.cs	384	"await WriteFrameAsync(stream, ConnectionProtocol.Push(""kmk"","	"ConnectionProtocol.Push(""xxx"", ...)"	Fight	audited-inventory
Game	kmk	S2C/push	push	Jondo.Unity.Server/Handlers/FightHandler.cs	389	"await WriteFrameAsync(stream, ConnectionProtocol.Push(""kmk"","	"ConnectionProtocol.Push(""xxx"", ...)"	Fight	audited-inventory
Game	kml	Discarded	descartado	Jondo.Unity.Protocol/OpcodeRegistry.cs	32	"public const string GameFightStarting = ""kml"";"	DESCARTADO: OpcodeRegistry no lo referencia nadie (0 usos fuera del propio fichero); codigo muerto	Unclassified	audited-inventory
Game	kml	S2C/push	push	Jondo.Unity.Server/Handlers/FightHandler.cs	273	"await WriteFrameAsync(stream, ConnectionProtocol.Push(""kml""));"	"ConnectionProtocol.Push(""xxx"", ...)"	Fight	audited-inventory
Game	kml	S2C/push	push	Jondo.Unity.Server/Handlers/FightHandler.cs	3002	"await WriteFrameAsync(stream, ConnectionProtocol.Push(""kml""));"	"ConnectionProtocol.Push(""xxx"", ...)"	Fight	audited-inventory
Game	kmp	Discarded	descartado	Jondo.Unity.Protocol/OpcodeRegistry.cs	33	"public const string GameFightJoin = ""kmp"";"	DESCARTADO: OpcodeRegistry no lo referencia nadie (0 usos fuera del propio fichero); codigo muerto	Unclassified	audited-inventory
Game	kmp	Discarded	descartado	Jondo.Unity.Server/Network/ConnectionProtocolSelfTest.cs	51	"Same(failures, ""kmp"", ""0801"", FightProtocol.BuildFightMapComing());"	DESCARTADO: etiqueta de ConnectionProtocolSelfTest.Same(), no viaja	Connection	audited-inventory
Game	kmp	S2C/push	push	Jondo.Unity.Server/Handlers/FightHandler.cs	274	"await WriteFrameAsync(stream, ConnectionProtocol.Push(""kmp"","	"ConnectionProtocol.Push(""xxx"", ...)"	Fight	audited-inventory
Game	kmp	S2C/push	push	Jondo.Unity.Server/Handlers/FightHandler.cs	3003	"await WriteFrameAsync(stream, ConnectionProtocol.Push(""kmp""));"	"ConnectionProtocol.Push(""xxx"", ...)"	Fight	audited-inventory
Game	kmr	C2S/dispatch	despacho	Jondo.Unity.Server/Network/GameNodeProxy.cs	433	"else if (payloadStr.Contains(""type.ankama.com/kmr""))"	Current-source literal scan; semantic verification still required.	Unclassified	current-source
Unknown	kmt	C2S/dispatch	despacho	Jondo.Unity.Server/Network/GameNodeProxy.cs	827	"cleanPayload.Contains(""klo"") || cleanPayload.Contains(""kmt"") || cleanPayload.Contains(""jgv"") ||"	comparacion de cadena sobre el frame recibido	Unclassified	audited-inventory
Game	kmu	S2C/push	push	Jondo.Unity.Server/Handlers/FightHandler.cs	271	"await WriteFrameAsync(stream, ConnectionProtocol.Push(""kmu"","	"ConnectionProtocol.Push(""xxx"", ...)"	Fight	audited-inventory
Game	kmv	C2S/dispatch	despacho	Jondo.Unity.Server/Network/GameNodeProxy.cs	312	"|| payloadStr.Contains(""type.ankama.com/kmv""))"	comparacion de cadena sobre el frame recibido	Unclassified	audited-inventory
Game	kmv	C2S/dispatch	despacho	Jondo.Unity.Server/Network/GameNodeProxy.cs	833	"cleanPayload.Contains(""kmv"") || cleanPayload.Contains(""hnn""))"	comparacion de cadena sobre el frame recibido	Unclassified	audited-inventory
Game	kmw	C2S/dispatch	despacho	Jondo.Unity.Server/Network/GameNodeProxy.cs	826	"if (cleanPayload.Contains(""kmw"") || cleanPayload.Contains(""klw"") || cleanPayload.Contains(""knb"") ||"	comparacion de cadena sobre el frame recibido	Unclassified	audited-inventory
Game	kmw	S2C/push	push	Jondo.Unity.Server/Handlers/MapLoadHandler.cs	242	"byte[] rawKmw = NetworkEnvelope.ConvertHexStringToByteArray(""0A-13-74-79-70-65-2E-61-6E-6B-61-6D-61-2E-63-6F-6D-2F-6B-6D-77"");"	opcode escondido en cadena hex; la trama se escribe en el socket	World/map	audited-inventory
Unknown	kna	C2S/dispatch	despacho	Jondo.Unity.Server/Network/GameNodeProxy.cs	829	"cleanPayload.Contains(""itr"") || cleanPayload.Contains(""knc"") || cleanPayload.Contains(""kna"") ||"	comparacion de cadena sobre el frame recibido	Unclassified	audited-inventory
Unknown	knb	C2S/dispatch	despacho	Jondo.Unity.Server/Network/GameNodeProxy.cs	826	"if (cleanPayload.Contains(""kmw"") || cleanPayload.Contains(""klw"") || cleanPayload.Contains(""knb"") ||"	comparacion de cadena sobre el frame recibido	Unclassified	audited-inventory
Game	knc	C2S/dispatch	despacho	Jondo.Unity.Server/Network/GameNodeProxy.cs	829	"cleanPayload.Contains(""itr"") || cleanPayload.Contains(""knc"") || cleanPayload.Contains(""kna"") ||"	comparacion de cadena sobre el frame recibido	Unclassified	audited-inventory
Game	knm	C2S/dispatch	despacho	Jondo.Unity.Server/Network/GameNodeProxy.cs	463	"else if (payloadStr.Contains(""type.ankama.com/knm"")"	Current-source literal scan; semantic verification still required.	Unclassified	current-source
Game	kno	C2S/dispatch	despacho	Jondo.Unity.Server/Network/GameNodeProxy.cs	464	"|| payloadStr.Contains(""type.ankama.com/kno"")"	Current-source literal scan; semantic verification still required.	Unclassified	current-source
Unknown	knr	Discarded	descartado	Jondo.Unity.Server/Protocol/NetworkMessage.cs	242	"case ""knr"": return (""Server List"", ""Sync"", ""BreedListMessage (List of enabled character breeds)"");"	DESCARTADO: tabla de etiquetas del log (GetPacketMetadata / isPing). Solo pinta texto en consola, no cambia el protocolo	Unclassified	audited-inventory
Unknown	knr	S2C/push	push	Jondo.Unity.Server/Handlers/CharacterSelectionHandler.cs	120	"byte[] frame557 = NetworkEnvelope.ConvertHexStringToByteArray(""19-1A-17-0A-15-0A-13-74-79-70-65-2E-61-6E-6B-61-6D-61-2E-63-6F-6D-2F-6B-6F-66-24-1A-22-0A-20-0A-13-74-79-70-65-2E-61-6E-6B-61-6D-61-2E-63"	opcode escondido en cadena hex; la trama se escribe en el socket	Character/world entry	audited-inventory
Game	kns	Discarded	descartado	Jondo.Unity.Protocol/TypeRegistry.cs	41	"Register(""kns"", kns.Descriptor);"	DESCARTADO: TypeRegistry no lo referencia nadie (0 usos fuera del propio fichero); codigo muerto	Unclassified	audited-inventory
Game	kns	Discarded	descartado	Jondo.Unity.Server/Protocol/NetworkMessage.cs	204	"bool isPing = shortType == ""kod"" || shortType == ""kns"" || shortType == ""kpc"" || shortType == ""jgv"";"	DESCARTADO: tabla de etiquetas del log (GetPacketMetadata / isPing). Solo pinta texto en consola, no cambia el protocolo	Unclassified	audited-inventory
Game	kns	Discarded	descartado	Jondo.Unity.Server/Protocol/NetworkMessage.cs	331	"case ""kns"": return (""In Game"", ""Sync"", ""KnockAck / Heartbeat (Sync heartbeat / Pong)"");"	DESCARTADO: tabla de etiquetas del log (GetPacketMetadata / isPing). Solo pinta texto en consola, no cambia el protocolo	Unclassified	audited-inventory
Game	kns	S2C/push	push	Jondo.Unity.Server/Handlers/InventoryHandler.cs	272	"return NetworkEnvelope.BuildGameNodePacket(""type.ankama.com/kns"", ms.ToArray());"	NetworkEnvelope.BuildGameNodePacket(uri, ...)	Personal data	audited-inventory
Game	kns	S2C/push	push	Jondo.Unity.Server/Handlers/MapLoadHandler.cs	97	"byte[] knsPacket = NetworkEnvelope.BuildGameNodePacket(""type.ankama.com/kns"", knsMsg.ToByteArray());"	NetworkEnvelope.BuildGameNodePacket(uri, ...)	World/map	audited-inventory
Game	kns	S2C/push	push	Jondo.Unity.Server/Network/GameNodeProxy.cs	817	"byte[] rawKns = NetworkEnvelope.ConvertHexStringToByteArray(""1A-1B-0A-19-0A-13-74-79-70-65-2E-61-6E-6B-61-6D-61-2E-63-6F-6D-2F-6B-6E-73-12-02-08-01"");"	opcode escondido en cadena hex; la trama se escribe en el socket	Unclassified	audited-inventory
Game	knv	Discarded	descartado	Jondo.Unity.Server/BasePayloads.cs	16	public static readonly byte[] WorldEnteringPackets = new byte[] {	DESCARTADO: opcode dentro de un array de BasePayloads; nadie referencia BasePayloads (codigo muerto)	Unclassified	audited-inventory
Game	knv	Discarded	descartado	Jondo.Unity.Server/Protocol/NetworkMessage.cs	254	"case ""knv"": return (""Character Selection"", ""Interfaces"", ""UiLayoutMessage (Metadata of the selection UI)"");"	DESCARTADO: tabla de etiquetas del log (GetPacketMetadata / isPing). Solo pinta texto en consola, no cambia el protocolo	Unclassified	audited-inventory
Game	knv	S2C/push	push	Jondo.Unity.Server/Handlers/CharacterSelectionHandler.cs	181	"byte[] frame563 = NetworkEnvelope.ConvertHexStringToByteArray(""1F-1A-1D-0A-1B-0A-13-74-79-70-65-2E-61-6E-6B-61-6D-61-2E-63-6F-6D-2F-6B-6E-76-12-04-08-01-10-01"");"	opcode escondido en cadena hex; la trama se escribe en el socket	Character/world entry	audited-inventory
Game	knv	S2C/push	push	Jondo.Unity.Server/Handlers/CharacterSelectionHandler.cs	184	"byte[] frame564 = NetworkEnvelope.ConvertHexStringToByteArray(""1D-1A-1B-0A-19-0A-13-74-79-70-65-2E-61-6E-6B-61-6D-61-2E-63-6F-6D-2F-6B-6E-76-12-02-08-01"");"	opcode escondido en cadena hex; la trama se escribe en el socket	Character/world entry	audited-inventory
Game	knv	S2C/push	push	Jondo.Unity.Server/Handlers/CharacterSelectionHandler.cs	187	"byte[] frame565 = NetworkEnvelope.ConvertHexStringToByteArray(""19-1A-17-0A-15-0A-13-74-79-70-65-2E-61-6E-6B-61-6D-61-2E-63-6F-6D-2F-6B-6E-76"");"	opcode escondido en cadena hex; la trama se escribe en el socket	Character/world entry	audited-inventory
Unknown	knx	Discarded	descartado	Jondo.Unity.Protocol/TypeRegistry.cs	42	"Register(""knx"", knx.Descriptor);"	DESCARTADO: TypeRegistry no lo referencia nadie (0 usos fuera del propio fichero); codigo muerto	Unclassified	audited-inventory
Unknown	knx	Discarded	descartado	Jondo.Unity.Server/Protocol/NetworkMessage.cs	238	"case ""knx"": return (""Server List"", ""Connection"", ""AuthTokenRequest (Token authentication request)"");"	DESCARTADO: tabla de etiquetas del log (GetPacketMetadata / isPing). Solo pinta texto en consola, no cambia el protocolo	Unclassified	audited-inventory
Unknown	knx	C2S/dispatch	despacho	Jondo.Unity.Server/Handlers/CharacterSelectionHandler.cs	117	"else if (payloadStr.Contains(""type.ankama.com/knx""))"	comparacion de cadena sobre el frame recibido	Character/world entry	audited-inventory
Unknown	knx	C2S/dispatch	despacho	Jondo.Unity.Server/Handlers/CharacterSelectionHandler.cs	118	"else if (payloadStr.Contains(""type.ankama.com/knx""))"	Current-source literal scan; semantic verification still required.	Character/world entry	current-source
Unknown	knx	C2S/dispatch	despacho	Jondo.Unity.Server/Network/GameNodeProxy.cs	170	"if (payloadStr.Contains(""type.ankama.com/lqu"") || payloadStr.Contains(""type.ankama.com/hoy"") || payloadStr.Contains(""type.ankama.com/hmt"") || payloadStr.Contains(""type.ankama.com/knx""))"	comparacion de cadena sobre el frame recibido	Unclassified	audited-inventory
Unknown	knx	C2S/dispatch	despacho	Jondo.Unity.Server/Network/GameNodeProxy.cs	172	"if (payloadStr.Contains(Op.Uri(Op.BasicTimeMessage)) || payloadStr.Contains(Op.Uri(Op.HelloGameMessage)) || payloadStr.Contains(Op.Uri(Op.SpellVariantActivationRequestMessage)) || payloadStr.Contains(""type.ankama.com/knx""))"	Current-source literal scan; semantic verification still required.	Unclassified	current-source
Unknown	knx	C2S/dispatch	despacho	Jondo.Unity.Server/Network/GameNodeProxy.cs	238	"else if (!isAuthenticated && (payloadStr.Contains(""type.ankama.com/hmt"") || payloadStr.Contains(""type.ankama.com/ise"") || payloadStr.Contains(""type.ankama.com/jtk"") || payloadStr.Contains(""type.ankama.com/knx"") || payloa"	comparacion de cadena sobre el frame recibido	Unclassified	audited-inventory
Unknown	knx	C2S/dispatch	despacho	Jondo.Unity.Server/Network/GameNodeProxy.cs	301	"else if (!isAuthenticated && (payloadStr.Contains(Op.Uri(Op.SpellVariantActivationRequestMessage)) || payloadStr.Contains(Op.Uri(Op.Ise)) || payloadStr.Contains(""type.ankama.com/jtk"") || payloadStr.Contains(""type.ankama.com/knx"") || payloadStr.Contains(Op.Uri(Op.HelloGameMessage))))"	Current-source literal scan; semantic verification still required.	Unclassified	current-source
Game	kny	C2S/dispatch	despacho	Jondo.Unity.Server/Network/GameNodeProxy.cs	465	"|| payloadStr.Contains(""type.ankama.com/kny""))"	Current-source literal scan; semantic verification still required.	Unclassified	current-source
Game	kod	Discarded	descartado	Jondo.Unity.Protocol/TypeRegistry.cs	43	"Register(""kod"", kod.Descriptor);"	DESCARTADO: TypeRegistry no lo referencia nadie (0 usos fuera del propio fichero); codigo muerto	Unclassified	audited-inventory
Game	kod	Discarded	descartado	Jondo.Unity.Server/Protocol/NetworkMessage.cs	204	"bool isPing = shortType == ""kod"" || shortType == ""kns"" || shortType == ""kpc"" || shortType == ""jgv"";"	DESCARTADO: tabla de etiquetas del log (GetPacketMetadata / isPing). Solo pinta texto en consola, no cambia el protocolo	Unclassified	audited-inventory
Game	kod	Discarded	descartado	Jondo.Unity.Server/Protocol/NetworkMessage.cs	332	"case ""kod"": return (""In Game"", ""Sync"", ""HeartbeatRequest (Sync heartbeat / Ping)"");"	DESCARTADO: tabla de etiquetas del log (GetPacketMetadata / isPing). Solo pinta texto en consola, no cambia el protocolo	Unclassified	audited-inventory
Game	kod	C2S/dispatch	despacho	Jondo.Unity.Server/Network/GameNodeProxy.cs	814	"else if (payloadStr.Contains(""type.ankama.com/kod""))"	comparacion de cadena sobre el frame recibido	Unclassified	audited-inventory
Game	kof	Discarded	descartado	Jondo.Unity.Server/PcapParser.cs	195	"if (ascii.Contains(""type.ankama.com/kof""))"	DESCARTADO: lector offline de .pcapng, nadie llama a PcapParser.Parse; no es despacho vivo	Unclassified	audited-inventory
Game	kof	Discarded	descartado	Jondo.Unity.Server/Protocol/NetworkMessage.cs	239	"case ""kof"": return (""Server List"", ""Connection"", ""ProtocolAccepted (Network protocol accepted)"");"	DESCARTADO: tabla de etiquetas del log (GetPacketMetadata / isPing). Solo pinta texto en consola, no cambia el protocolo	Unclassified	audited-inventory
Game	kof	S2C/push	push	Jondo.Unity.Server/Handlers/CharacterSelectionHandler.cs	120	"byte[] frame557 = NetworkEnvelope.ConvertHexStringToByteArray(""19-1A-17-0A-15-0A-13-74-79-70-65-2E-61-6E-6B-61-6D-61-2E-63-6F-6D-2F-6B-6F-66-24-1A-22-0A-20-0A-13-74-79-70-65-2E-61-6E-6B-61-6D-61-2E-63"	opcode escondido en cadena hex; la trama se escribe en el socket	Character/world entry	audited-inventory
Game	koj	Discarded	descartado	Jondo.Unity.Server/BasePayloads.cs	16	public static readonly byte[] WorldEnteringPackets = new byte[] {	DESCARTADO: opcode dentro de un array de BasePayloads; nadie referencia BasePayloads (codigo muerto)	Unclassified	audited-inventory
Game	koj	Discarded	descartado	Jondo.Unity.Server/Protocol/NetworkMessage.cs	297	"case ""koj"": return (""World Loading"", ""Map"", ""HavenBagStatusMessage (Haven bag or player house data)"");"	DESCARTADO: tabla de etiquetas del log (GetPacketMetadata / isPing). Solo pinta texto en consola, no cambia el protocolo	Unclassified	audited-inventory
Game	koj	S2C/push	push	Jondo.Unity.Server/Network/TransitionPacketsBuilder.cs	386	"return NetworkEnvelope.BuildGameNodePacket(""type.ankama.com/koj"", ms.ToArray());"	NetworkEnvelope.BuildGameNodePacket(uri, ...)	Unclassified	audited-inventory
Game	koj	C2S/read	read	Jondo.Unity.Server/Network/WorldEntry.cs	100	"kqg, ""jhe"", ""jhh"", ""jhk"", ""hol"", ""jgu"", ""ihb"", ""koj"", ""ife"", ""jjs"", ""jaa"","	lista de privacidad WorldEntry.NotReplayed; se usa en ReadPayload(message, opcode) en WorldEntry.cs:359	Character/world entry	audited-inventory
Unknown	kos	Discarded	descartado	Jondo.Unity.Server/Protocol/NetworkMessage.cs	247	"case ""kos"": return (""Server List"", ""Connection"", ""ServerSelectionStatus (Server connection status)"");"	DESCARTADO: tabla de etiquetas del log (GetPacketMetadata / isPing). Solo pinta texto en consola, no cambia el protocolo	Unclassified	audited-inventory
Unknown	kos	S2C/push	push	Jondo.Unity.Server/Handlers/CharacterSelectionHandler.cs	152	"byte[] frame558 = NetworkEnvelope.ConvertHexStringToByteArray(""19-1A-17-0A-15-0A-13-74-79-70-65-2E-61-6E-6B-61-6D-61-2E-63-6F-6D-2F-6B-6F-73"");"	opcode escondido en cadena hex; la trama se escribe en el socket	Character/world entry	audited-inventory
Game	kpa	Discarded	descartado	Jondo.Unity.Protocol/TypeRegistry.cs	44	"Register(""kpa"", kpa.Descriptor);"	DESCARTADO: TypeRegistry no lo referencia nadie (0 usos fuera del propio fichero); codigo muerto	Unclassified	audited-inventory
Game	kpa	Discarded	descartado	Jondo.Unity.Server/Protocol/NetworkMessage.cs	252	"case ""kpa"": return (""Character Selection"", ""Interfaces"", ""CharacterListRequest (Character request - phase 2)"");"	DESCARTADO: tabla de etiquetas del log (GetPacketMetadata / isPing). Solo pinta texto en consola, no cambia el protocolo	Unclassified	audited-inventory
Game	kpa	C2S/dispatch	despacho	Jondo.Unity.Server/Handlers/CharacterSelectionHandler.cs	160	"else if (payloadStr.Contains(""type.ankama.com/kpa""))"	comparacion de cadena sobre el frame recibido	Character/world entry	audited-inventory
Game	kpa	C2S/dispatch	despacho	Jondo.Unity.Server/Network/GameNodeProxy.cs	245	"else if (payloadStr.Contains(""type.ankama.com/jto"") || payloadStr.Contains(""type.ankama.com/kpc"") || payloadStr.Contains(""type.ankama.com/ksx"") || payloadStr.Contains(""type.ankama.com/kpa""))"	comparacion de cadena sobre el frame recibido	Unclassified	audited-inventory
Unknown	kpc	Discarded	descartado	Jondo.Unity.Protocol/TypeRegistry.cs	45	"Register(""kpc"", kpc.Descriptor);"	DESCARTADO: TypeRegistry no lo referencia nadie (0 usos fuera del propio fichero); codigo muerto	Unclassified	audited-inventory
Unknown	kpc	Discarded	descartado	Jondo.Unity.Server/Protocol/NetworkMessage.cs	204	"bool isPing = shortType == ""kod"" || shortType == ""kns"" || shortType == ""kpc"" || shortType == ""jgv"";"	DESCARTADO: tabla de etiquetas del log (GetPacketMetadata / isPing). Solo pinta texto en consola, no cambia el protocolo	Unclassified	audited-inventory
Unknown	kpc	Discarded	descartado	Jondo.Unity.Server/Protocol/NetworkMessage.cs	246	"case ""kpc"": return (""Server List"", ""Connection"", ""PingRequest (Latency and session check)"");"	DESCARTADO: tabla de etiquetas del log (GetPacketMetadata / isPing). Solo pinta texto en consola, no cambia el protocolo	Unclassified	audited-inventory
Unknown	kpc	C2S/dispatch	despacho	Jondo.Unity.Server/Handlers/CharacterSelectionHandler.cs	149	"if (payloadStr.Contains(""type.ankama.com/kpc""))"	comparacion de cadena sobre el frame recibido	Character/world entry	audited-inventory
Unknown	kpc	C2S/dispatch	despacho	Jondo.Unity.Server/Handlers/CharacterSelectionHandler.cs	150	"if (payloadStr.Contains(""type.ankama.com/kpc""))"	Current-source literal scan; semantic verification still required.	Character/world entry	current-source
Unknown	kpc	C2S/dispatch	despacho	Jondo.Unity.Server/Network/GameNodeProxy.cs	245	"else if (payloadStr.Contains(""type.ankama.com/jto"") || payloadStr.Contains(""type.ankama.com/kpc"") || payloadStr.Contains(""type.ankama.com/ksx"") || payloadStr.Contains(""type.ankama.com/kpa""))"	comparacion de cadena sobre el frame recibido	Unclassified	audited-inventory
Unknown	kpc	C2S/dispatch	despacho	Jondo.Unity.Server/Network/GameNodeProxy.cs	308	"else if (payloadStr.Contains(Op.Uri(Op.Jto)) || payloadStr.Contains(""type.ankama.com/kpc"") || payloadStr.Contains(Op.Uri(Op.Ksx)) || payloadStr.Contains(Op.Uri(Op.CharactersListRequestMessage)))"	Current-source literal scan; semantic verification still required.	Unclassified	current-source
Game	kqg	C2S/read	read	Jondo.Unity.Server/Network/WorldEntry.cs	100	"kqg, ""jhe"", ""jhh"", ""jhk"", ""hol"", ""jgu"", ""ihb"", ""koj"", ""ife"", ""jjs"", ""jaa"","	lista de privacidad WorldEntry.NotReplayed; se usa en ReadPayload(message, opcode) en WorldEntry.cs:359	Character/world entry	audited-inventory
Game	kqk	C2S/dispatch	despacho	Jondo.Unity.Server/Network/GameNodeProxy.cs	828	"cleanPayload.Contains(""jct"") || cleanPayload.Contains(""jfc"") || cleanPayload.Contains(""kqk"") ||"	comparacion de cadena sobre el frame recibido	Unclassified	audited-inventory
Game	kqm	Discarded	descartado	Jondo.Unity.Server/BasePayloads.cs	16	public static readonly byte[] WorldEnteringPackets = new byte[] {	DESCARTADO: opcode dentro de un array de BasePayloads; nadie referencia BasePayloads (codigo muerto)	Unclassified	audited-inventory
Game	kqm	Discarded	descartado	Jondo.Unity.Server/Protocol/NetworkMessage.cs	323	"case ""kqm"": return (""World Loading"", ""Chat"", ""ChatChannelConfigMessage (Configuration and colour of the chat channel)"");"	DESCARTADO: tabla de etiquetas del log (GetPacketMetadata / isPing). Solo pinta texto en consola, no cambia el protocolo	Unclassified	audited-inventory
Game	kqm	S2C/push	push	Jondo.Unity.Server/Network/TransitionPacketsBuilder.cs	614	"list[i] = NetworkEnvelope.BuildGameNodePacket(""type.ankama.com/kqm"", ms.ToArray());"	NetworkEnvelope.BuildGameNodePacket(uri, ...)	Unclassified	audited-inventory
Game	kqm	S2C/push	push	Jondo.Unity.Server/TransitionPayloads.cs	72	new byte[] { 0x1A, 0x1B, 0x0A, 0x19, 0x0A, 0x13, 0x74, 0x79, 0x70, 0x65, 0x2E, 0x61, 0x6E, 0x6B, 0x61, 0x6D, 0x61, 0x2E, 0x63, 0x6F, 0x6D, 0x2F, 0x6B, 0x71, 0x6D, 0x12, 0x02, 0x10, 0x01 },	opcode dentro de un array de bytes (TransitionPayloads.hnk/kqmList/ith); se manda tal cual	Unclassified	audited-inventory
Game	kqm	S2C/push	push	Jondo.Unity.Server/TransitionPayloads.cs	73	new byte[] { 0x1A, 0x1D, 0x0A, 0x1B, 0x0A, 0x13, 0x74, 0x79, 0x70, 0x65, 0x2E, 0x61, 0x6E, 0x6B, 0x61, 0x6D, 0x61, 0x2E, 0x63, 0x6F, 0x6D, 0x2F, 0x6B, 0x71, 0x6D, 0x12, 0x04, 0x08, 0x01, 0x10, 0x01 },	opcode dentro de un array de bytes (TransitionPayloads.hnk/kqmList/ith); se manda tal cual	Unclassified	audited-inventory
Game	kqm	S2C/push	push	Jondo.Unity.Server/TransitionPayloads.cs	74	new byte[] { 0x1A, 0x1D, 0x0A, 0x1B, 0x0A, 0x13, 0x74, 0x79, 0x70, 0x65, 0x2E, 0x61, 0x6E, 0x6B, 0x61, 0x6D, 0x61, 0x2E, 0x63, 0x6F, 0x6D, 0x2F, 0x6B, 0x71, 0x6D, 0x12, 0x04, 0x08, 0x02, 0x10, 0x01 },	opcode dentro de un array de bytes (TransitionPayloads.hnk/kqmList/ith); se manda tal cual	Unclassified	audited-inventory
Game	kqm	S2C/push	push	Jondo.Unity.Server/TransitionPayloads.cs	75	new byte[] { 0x1A, 0x1D, 0x0A, 0x1B, 0x0A, 0x13, 0x74, 0x79, 0x70, 0x65, 0x2E, 0x61, 0x6E, 0x6B, 0x61, 0x6D, 0x61, 0x2E, 0x63, 0x6F, 0x6D, 0x2F, 0x6B, 0x71, 0x6D, 0x12, 0x04, 0x08, 0x03, 0x10, 0x01 },	opcode dentro de un array de bytes (TransitionPayloads.hnk/kqmList/ith); se manda tal cual	Unclassified	audited-inventory
Game	kqm	S2C/push	push	Jondo.Unity.Server/TransitionPayloads.cs	76	new byte[] { 0x1A, 0x1D, 0x0A, 0x1B, 0x0A, 0x13, 0x74, 0x79, 0x70, 0x65, 0x2E, 0x61, 0x6E, 0x6B, 0x61, 0x6D, 0x61, 0x2E, 0x63, 0x6F, 0x6D, 0x2F, 0x6B, 0x71, 0x6D, 0x12, 0x04, 0x08, 0x04, 0x10, 0x01 },	opcode dentro de un array de bytes (TransitionPayloads.hnk/kqmList/ith); se manda tal cual	Unclassified	audited-inventory
Game	kqm	S2C/push	push	Jondo.Unity.Server/TransitionPayloads.cs	77	new byte[] { 0x1A, 0x1D, 0x0A, 0x1B, 0x0A, 0x13, 0x74, 0x79, 0x70, 0x65, 0x2E, 0x61, 0x6E, 0x6B, 0x61, 0x6D, 0x61, 0x2E, 0x63, 0x6F, 0x6D, 0x2F, 0x6B, 0x71, 0x6D, 0x12, 0x04, 0x08, 0x08, 0x10, 0x01 },	opcode dentro de un array de bytes (TransitionPayloads.hnk/kqmList/ith); se manda tal cual	Unclassified	audited-inventory
Game	kqm	S2C/push	push	Jondo.Unity.Server/TransitionPayloads.cs	78	new byte[] { 0x1A, 0x1D, 0x0A, 0x1B, 0x0A, 0x13, 0x74, 0x79, 0x70, 0x65, 0x2E, 0x61, 0x6E, 0x6B, 0x61, 0x6D, 0x61, 0x2E, 0x63, 0x6F, 0x6D, 0x2F, 0x6B, 0x71, 0x6D, 0x12, 0x04, 0x08, 0x0A, 0x10, 0x01 },	opcode dentro de un array de bytes (TransitionPayloads.hnk/kqmList/ith); se manda tal cual	Unclassified	audited-inventory
Game	kqm	S2C/push	push	Jondo.Unity.Server/TransitionPayloads.cs	79	new byte[] { 0x1A, 0x1D, 0x0A, 0x1B, 0x0A, 0x13, 0x74, 0x79, 0x70, 0x65, 0x2E, 0x61, 0x6E, 0x6B, 0x61, 0x6D, 0x61, 0x2E, 0x63, 0x6F, 0x6D, 0x2F, 0x6B, 0x71, 0x6D, 0x12, 0x04, 0x08, 0x0C, 0x10, 0x01 },	opcode dentro de un array de bytes (TransitionPayloads.hnk/kqmList/ith); se manda tal cual	Unclassified	audited-inventory
Game	kqm	S2C/push	push	Jondo.Unity.Server/TransitionPayloads.cs	80	new byte[] { 0x1A, 0x1D, 0x0A, 0x1B, 0x0A, 0x13, 0x74, 0x79, 0x70, 0x65, 0x2E, 0x61, 0x6E, 0x6B, 0x61, 0x6D, 0x61, 0x2E, 0x63, 0x6F, 0x6D, 0x2F, 0x6B, 0x71, 0x6D, 0x12, 0x04, 0x08, 0x10, 0x10, 0x01 },	opcode dentro de un array de bytes (TransitionPayloads.hnk/kqmList/ith); se manda tal cual	Unclassified	audited-inventory
Game	kqm	S2C/push	push	Jondo.Unity.Server/TransitionPayloads.cs	81	new byte[] { 0x1A, 0x1D, 0x0A, 0x1B, 0x0A, 0x13, 0x74, 0x79, 0x70, 0x65, 0x2E, 0x61, 0x6E, 0x6B, 0x61, 0x6D, 0x61, 0x2E, 0x63, 0x6F, 0x6D, 0x2F, 0x6B, 0x71, 0x6D, 0x12, 0x04, 0x08, 0x11, 0x10, 0x01 },	opcode dentro de un array de bytes (TransitionPayloads.hnk/kqmList/ith); se manda tal cual	Unclassified	audited-inventory
Game	kqm	S2C/push	push	Jondo.Unity.Server/TransitionPayloads.cs	82	new byte[] { 0x1A, 0x1D, 0x0A, 0x1B, 0x0A, 0x13, 0x74, 0x79, 0x70, 0x65, 0x2E, 0x61, 0x6E, 0x6B, 0x61, 0x6D, 0x61, 0x2E, 0x63, 0x6F, 0x6D, 0x2F, 0x6B, 0x71, 0x6D, 0x12, 0x04, 0x08, 0x12, 0x10, 0x01 },	opcode dentro de un array de bytes (TransitionPayloads.hnk/kqmList/ith); se manda tal cual	Unclassified	audited-inventory
Game	kqm	S2C/push	push	Jondo.Unity.Server/TransitionPayloads.cs	83	new byte[] { 0x1A, 0x1B, 0x0A, 0x19, 0x0A, 0x13, 0x74, 0x79, 0x70, 0x65, 0x2E, 0x61, 0x6E, 0x6B, 0x61, 0x6D, 0x61, 0x2E, 0x63, 0x6F, 0x6D, 0x2F, 0x6B, 0x71, 0x6D, 0x12, 0x02, 0x08, 0x0B }	opcode dentro de un array de bytes (TransitionPayloads.hnk/kqmList/ith); se manda tal cual	Unclassified	audited-inventory
Unknown	kqn	Discarded	descartado	Jondo.Unity.Protocol/TypeRegistry.cs	46	"Register(""kqn"", kqn.Descriptor);"	DESCARTADO: TypeRegistry no lo referencia nadie (0 usos fuera del propio fichero); codigo muerto	Unclassified	audited-inventory
Unknown	kqn	Discarded	descartado	Jondo.Unity.Server/Protocol/NetworkMessage.cs	339	"case ""kqn"": return (""In Game"", ""Chat"", ""ChatSendRequest (Sending a chat message typed by the player)"");"	DESCARTADO: tabla de etiquetas del log (GetPacketMetadata / isPing). Solo pinta texto en consola, no cambia el protocolo	Unclassified	audited-inventory
Unknown	kqn	C2S/dispatch	despacho	Jondo.Unity.Server/Network/GameNodeProxy.cs	799	"else if (payloadStr.Contains(""type.ankama.com/kqn""))"	comparacion de cadena sobre el frame recibido	Unclassified	audited-inventory
Unknown	kqn	C2S/dispatch	despacho	Jondo.Unity.Server/Network/GameNodeProxy.cs	896	"else if (payloadStr.Contains(""type.ankama.com/kqn""))"	Current-source literal scan; semantic verification still required.	Unclassified	current-source
Unknown	kqn	S2C/push	push	Jondo.Unity.Server/Handlers/ChatHandler.cs	23	"byte[]? inner   = NetworkEnvelope.ExtractMessagePayload(payload, ""type.ankama.com/kqn"");"	Current-source literal scan; semantic verification still required.	Chat/social	current-source
Unknown	kqn	C2S/read	read	Jondo.Unity.Server/Handlers/ChatHandler.cs	22	"byte[]? inner   = NetworkEnvelope.ExtractMessagePayload(payload, ""type.ankama.com/kqn"");"	NetworkEnvelope.ExtractMessagePayload(..., uri)	Chat/social	audited-inventory
Game	kqo	Discarded	descartado	Jondo.Unity.Server/BasePayloads.cs	16	public static readonly byte[] WorldEnteringPackets = new byte[] {	DESCARTADO: opcode dentro de un array de BasePayloads; nadie referencia BasePayloads (codigo muerto)	Unclassified	audited-inventory
Game	kqo	Discarded	descartado	Jondo.Unity.Server/Protocol/NetworkMessage.cs	281	"case ""kqo"": return (""World Loading"", ""Interfaces"", ""ChatChannelsReadMessage (Chat channels open for reading)"");"	DESCARTADO: tabla de etiquetas del log (GetPacketMetadata / isPing). Solo pinta texto en consola, no cambia el protocolo	Unclassified	audited-inventory
Game	kqo	C2S/dispatch	despacho	Jondo.Unity.Server/Network/GameNodeProxy.cs	586	"else if (payloadStr.Contains(""type.ankama.com/kqo""))"	comparacion de cadena sobre el frame recibido	Unclassified	audited-inventory
Game	kqo	S2C/push	push	Jondo.Unity.Server/Network/TransitionPacketsBuilder.cs	94	"return NetworkEnvelope.BuildGameNodePacket(""type.ankama.com/kqo"", ms.ToArray());"	NetworkEnvelope.BuildGameNodePacket(uri, ...)	Unclassified	audited-inventory
Game	kqp	Discarded	descartado	Jondo.Unity.Protocol/TypeRegistry.cs	47	"Register(""kqp"", kqp.Descriptor);"	DESCARTADO: TypeRegistry no lo referencia nadie (0 usos fuera del propio fichero); codigo muerto	Unclassified	audited-inventory
Game	kqp	Discarded	descartado	Jondo.Unity.Server/Protocol/NetworkMessage.cs	340	"case ""kqp"": return (""In Game"", ""Chat"", ""ChatBroadcastMessage (Broadcast of a chat message on the channel)"");"	DESCARTADO: tabla de etiquetas del log (GetPacketMetadata / isPing). Solo pinta texto en consola, no cambia el protocolo	Unclassified	audited-inventory
Game	kqp	S2C/push	push	Jondo.Unity.Server/Handlers/ChatHandler.cs	80	"return NetworkEnvelope.BuildGameNodePacket(""type.ankama.com/kqp"", ms.ToArray());"	NetworkEnvelope.BuildGameNodePacket(uri, ...)	Chat/social	audited-inventory
Game	kqp	S2C/push	push	Jondo.Unity.Server/Network/ConnectionProtocol.cs	206	"Push(""kqp"", Pb.New().Var(1, 1).Var(2, 1).Build()),"	"ConnectionProtocol.Push(""xxx"", ...)"	Connection	audited-inventory
Game	kqp	S2C/push	push	Jondo.Unity.Server/Network/ConnectionProtocol.cs	207	"Push(""kqp"", Pb.New().Var(1, 1).Build()),"	"ConnectionProtocol.Push(""xxx"", ...)"	Connection	audited-inventory
Game	kqp	S2C/push	push	Jondo.Unity.Server/Network/ConnectionProtocol.cs	208	"Push(""kqp""),"	"ConnectionProtocol.Push(""xxx"", ...)"	Connection	audited-inventory
Game	kqq	C2S/dispatch	despacho	Jondo.Unity.Server/Network/GameNodeProxy.cs	216	"else if (payloadStr.Contains(""type.ankama.com/kqq""))"	comparacion de cadena sobre el frame recibido	Unclassified	audited-inventory
Game	kqq	C2S/dispatch	despacho	Jondo.Unity.Server/Network/GameNodeProxy.cs	269	"else if (payloadStr.Contains(""type.ankama.com/kqq""))"	Current-source literal scan; semantic verification still required.	Unclassified	current-source
Game	kqr	S2C/push	push	Jondo.Unity.Server/Network/GameNodeProxy.cs	223	"ConnectionProtocol.Push(""kqr"", BuildKqrPayload()));"	"ConnectionProtocol.Push(""xxx"", ...)"	Unclassified	audited-inventory
Game	kqu	Discarded	descartado	Jondo.Unity.Protocol/OpcodeRegistry.cs	18	"public const string CharacterListRequest = ""kqu"";"	DESCARTADO: OpcodeRegistry no lo referencia nadie (0 usos fuera del propio fichero); codigo muerto	Unclassified	audited-inventory
Game	kqu	S2C/push	push	Jondo.Unity.Server/Network/ConnectionProtocol.cs	200	"Push(""kqu"", Pb.New().Packed(1, ActiveFeatures).Build()),"	"ConnectionProtocol.Push(""xxx"", ...)"	Connection	audited-inventory
Game	kqy	Discarded	descartado	Jondo.Unity.Server/Network/ConnectionProtocolSelfTest.cs	389	0a1b0a190a13747970652e616e6b616d612e636f6d2f6b717912020801;	DESCARTADO: trama de referencia del autotest, no viaja	Connection	audited-inventory
Game	kqy	S2C/push	push	Jondo.Unity.Server/Network/ConnectionProtocol.cs	625	"public static byte[] BuildHeartbeatAnswer() => Push(""kqy"", Pb.New().Var(1, 1).Build());"	"ConnectionProtocol.Push(""xxx"", ...)"	Connection	audited-inventory
Game	kqz	Discarded	descartado	Jondo.Unity.Protocol/OpcodeRegistry.cs	12	"public const string ServerSelectionRequest = ""kqz"";"	DESCARTADO: OpcodeRegistry no lo referencia nadie (0 usos fuera del propio fichero); codigo muerto	Unclassified	audited-inventory
Game	kqz	C2S/dispatch	despacho	Jondo.Unity.Server/Network/GameNodeProxy.cs	188	"if (payloadStr.Contains(""type.ankama.com/kqz""))"	comparacion de cadena sobre el frame recibido	Unclassified	audited-inventory
Game	kqz	C2S/read	read	Jondo.Unity.Server/Network/GameNodeProxy.cs	986	"byte[]? kqz = ConnectionProtocol.ReadPayload(payload, ""kqz"");"	"ConnectionProtocol.ReadPayload(frame, ""xxx"")"	Unclassified	audited-inventory
Game	kra	Discarded	descartado	Jondo.Unity.Protocol/OpcodeRegistry.cs	14	"public const string ServerSelectionResponse = ""kra"";"	DESCARTADO: OpcodeRegistry no lo referencia nadie (0 usos fuera del propio fichero); codigo muerto	Unclassified	audited-inventory
Game	kra	S2C/push	push	Jondo.Unity.Server/Network/ConnectionProtocol.cs	194	"Push(""kra""),"	"ConnectionProtocol.Push(""xxx"", ...)"	Connection	audited-inventory
Unknown	krb	Discarded	descartado	Jondo.Unity.Protocol/TypeRegistry.cs	48	"Register(""krb"", krb.Descriptor);"	DESCARTADO: TypeRegistry no lo referencia nadie (0 usos fuera del propio fichero); codigo muerto	Unclassified	audited-inventory
Unknown	krb	Discarded	descartado	Jondo.Unity.Server/BasePayloads.cs	16	public static readonly byte[] WorldEnteringPackets = new byte[] {	DESCARTADO: opcode dentro de un array de BasePayloads; nadie referencia BasePayloads (codigo muerto)	Unclassified	audited-inventory
Unknown	krb	Discarded	descartado	Jondo.Unity.Server/Protocol/NetworkMessage.cs	315	"case ""krb"": return (""World Loading"", ""Character"", ""CharacterRemainingPoints (Confirmed remaining stat points)"");"	DESCARTADO: tabla de etiquetas del log (GetPacketMetadata / isPing). Solo pinta texto en consola, no cambia el protocolo	Unclassified	audited-inventory
Unknown	krb	Discarded	descartado	Jondo.Unity.Server/TransitionPayloads.cs	28	public static readonly byte[] krb = new byte[] {	DESCARTADO: array de TransitionPayloads que no referencia nadie	Unclassified	audited-inventory
Unknown	krb	S2C/push	push	Jondo.Unity.Server/Handlers/StatsHandler.cs	188	"return NetworkEnvelope.BuildGameNodePacket(""type.ankama.com/krb"", ms.ToArray());"	NetworkEnvelope.BuildGameNodePacket(uri, ...)	Unclassified	audited-inventory
Unknown	krb	S2C/push	push	Jondo.Unity.Server/Handlers/StatsHandler.cs	189	"return NetworkEnvelope.BuildGameNodePacket(""type.ankama.com/krb"", ms.ToArray());"	Current-source literal scan; semantic verification still required.	Unclassified	current-source
Unknown	krb	S2C/push	push	Jondo.Unity.Server/Network/TransitionPacketsBuilder.cs	45	"public static byte[] BuildKrbMessage() => BuildSingleVarIntMessage(""type.ankama.com/krb"", Jondo.Unity.Launcher.Network.SessionContext.State.CharacterRemainingPoints);"	TransitionPacketsBuilder.BuildSingleVarIntMessage(uri, n)	Unclassified	audited-inventory
Unknown	krb	S2C/push	push	Jondo.Unity.Server/Network/TransitionPacketsBuilder.cs	46	"public static byte[] BuildKrbMessage() => BuildSingleVarIntMessage(""type.ankama.com/krb"", Jondo.Unity.Launcher.Network.SessionContext.State.CharacterRemainingPoints);"	Current-source literal scan; semantic verification still required.	Unclassified	current-source
Game	krc	Discarded	descartado	Jondo.Unity.Protocol/TypeRegistry.cs	49	"Register(""krc"", krc.Descriptor);"	DESCARTADO: TypeRegistry no lo referencia nadie (0 usos fuera del propio fichero); codigo muerto	Unclassified	audited-inventory
Game	krc	Discarded	descartado	Jondo.Unity.Server/Protocol/NetworkMessage.cs	338	"case ""krc"": return (""In Game"", ""Character"", ""StatsUpgradeRequest (Request to assign points to stats)"");"	DESCARTADO: tabla de etiquetas del log (GetPacketMetadata / isPing). Solo pinta texto en consola, no cambia el protocolo	Unclassified	audited-inventory
Game	krc	C2S/dispatch	despacho	Jondo.Unity.Server/Network/GameNodeProxy.cs	778	"else if (payloadStr.Contains(""type.ankama.com/krc""))"	comparacion de cadena sobre el frame recibido	Unclassified	audited-inventory
Game	krc	C2S/read	read	Jondo.Unity.Server/Handlers/StatsHandler.cs	72	"byte[]? inner = NetworkEnvelope.ExtractMessagePayload(payload, ""type.ankama.com/krc"");"	NetworkEnvelope.ExtractMessagePayload(..., uri)	Unclassified	audited-inventory
Game	krd	S2C/push	push	Jondo.Unity.Server/Handlers/CommandHandler.cs	250	"NetworkEnvelope.BuildGameNodePacket(""type.ankama.com/krd"", Array.Empty<byte>()));"	NetworkEnvelope.BuildGameNodePacket(uri, ...)	Unclassified	audited-inventory
Game	krd	S2C/push	push	Jondo.Unity.Server/Handlers/CommandHandler.cs	264	"NetworkEnvelope.BuildGameNodePacket(""type.ankama.com/krd"", Array.Empty<byte>()));"	Current-source literal scan; semantic verification still required.	Unclassified	current-source
Game	krd	S2C/push	push	Jondo.Unity.Server/Handlers/InventoryHandler.cs	107	"var emptyKrd = NetworkEnvelope.BuildGameNodePacket(""type.ankama.com/krd"", new byte[0]);"	NetworkEnvelope.BuildGameNodePacket(uri, ...)	Personal data	audited-inventory
Game	krd	S2C/push	push	Jondo.Unity.Server/Handlers/InventoryHandler.cs	108	"var emptyKrd = NetworkEnvelope.BuildGameNodePacket(""type.ankama.com/krd"", new byte[0]);"	Current-source literal scan; semantic verification still required.	Personal data	current-source
Game	krd	S2C/push	push	Jondo.Unity.Server/Handlers/StatsHandler.cs	164	"byte[] krdPacket = NetworkEnvelope.BuildGameNodePacket(""type.ankama.com/krd"", Array.Empty<byte>());"	NetworkEnvelope.BuildGameNodePacket(uri, ...)	Unclassified	audited-inventory
Game	krd	S2C/push	push	Jondo.Unity.Server/Handlers/StatsHandler.cs	165	"byte[] krdPacket = NetworkEnvelope.BuildGameNodePacket(""type.ankama.com/krd"", Array.Empty<byte>());"	Current-source literal scan; semantic verification still required.	Unclassified	current-source
Game	krh	Discarded	descartado	Jondo.Unity.Server/BasePayloads.cs	16	public static readonly byte[] WorldEnteringPackets = new byte[] {	DESCARTADO: opcode dentro de un array de BasePayloads; nadie referencia BasePayloads (codigo muerto)	Unclassified	audited-inventory
Game	krh	Discarded	descartado	Jondo.Unity.Server/Protocol/NetworkMessage.cs	263	"case ""krh"": return (""World Loading"", ""Sync"", ""ClientReadyForPackets (Ack that the client is ready)"");"	DESCARTADO: tabla de etiquetas del log (GetPacketMetadata / isPing). Solo pinta texto en consola, no cambia el protocolo	Unclassified	audited-inventory
Game	krh	S2C/push	push	Jondo.Unity.Server/Handlers/FightHandler.cs	4694	"await WriteFrameAsync(stream, BuildGameNodePacket(""type.ankama.com/krh"", krhMsg.ToByteArray()));"	NetworkEnvelope.BuildGameNodePacket(uri, ...)	Fight	audited-inventory
Game	kri	Discarded	descartado	Jondo.Unity.Protocol/TypeRegistry.cs	50	"Register(""kri"", kri.Descriptor);"	DESCARTADO: TypeRegistry no lo referencia nadie (0 usos fuera del propio fichero); codigo muerto	Unclassified	audited-inventory
Game	kri	Discarded	descartado	Jondo.Unity.Server/BasePayloads.cs	16	public static readonly byte[] WorldEnteringPackets = new byte[] {	DESCARTADO: opcode dentro de un array de BasePayloads; nadie referencia BasePayloads (codigo muerto)	Unclassified	audited-inventory
Game	kri	Discarded	descartado	Jondo.Unity.Server/BasePayloads.cs	6	public static readonly byte[] OriginalKri = new byte[] {	DESCARTADO: opcode dentro de un array de BasePayloads; nadie referencia BasePayloads (codigo muerto)	Unclassified	audited-inventory
Game	kri	Discarded	descartado	Jondo.Unity.Server/Handlers/FightHandler.cs	2965	"// Y va por el opcode kub, que es la ficha de esta versión. Antes se mandaba por ""kri"","	FALSO POSITIVO: el literal esta dentro de un comentario	Fight	audited-inventory
Game	kri	Discarded	descartado	Jondo.Unity.Server/Handlers/FightHandler.cs	4780	"// Por kub, que es el opcode de la ficha en esta versión; el ""kri"" que había aquí no"	FALSO POSITIVO: el literal esta dentro de un comentario	Fight	audited-inventory
Game	kri	Discarded	descartado	Jondo.Unity.Server/Protocol/NetworkMessage.cs	260	"case ""kri"": return (""World Loading"", ""Character"", ""CharacterStatsListMessage (Full stats and characteristics)"");"	DESCARTADO: tabla de etiquetas del log (GetPacketMetadata / isPing). Solo pinta texto en consola, no cambia el protocolo	Unclassified	audited-inventory
Game	kri	S2C/push	push	Jondo.Unity.Server/Handlers/StatsHandler.cs	330	"return NetworkEnvelope.BuildGameNodePacket(""type.ankama.com/kri"", kriMsg.ToByteArray());"	NetworkEnvelope.BuildGameNodePacket(uri, ...)	Unclassified	audited-inventory
Game	kro	Discarded	descartado	Jondo.Unity.Server/Handlers/CharacterCreationHandler.cs	72	"kro, ""bel"", ""dan"", ""gor"" };"	FALSO POSITIVO: silaba del generador de nombres (array Middle)	Character/world entry	audited-inventory
Game	krs	S2C/push	push	Jondo.Unity.Server/Network/ConnectionProtocol.cs	204	"Push(""krs""),"	"ConnectionProtocol.Push(""xxx"", ...)"	Connection	audited-inventory
Game	krt	Discarded	descartado	Jondo.Unity.Protocol/OpcodeRegistry.cs	13	"public const string ServerSelectionToken = ""krt"";"	DESCARTADO: OpcodeRegistry no lo referencia nadie (0 usos fuera del propio fichero); codigo muerto	Unclassified	audited-inventory
Game	krt	C2S/dispatch	despacho	Jondo.Unity.Server/Network/GameNodeProxy.cs	212	"else if (payloadStr.Contains(""type.ankama.com/krt""))"	comparacion de cadena sobre el frame recibido	Unclassified	audited-inventory
Game	krt	C2S/dispatch	despacho	Jondo.Unity.Server/Network/GameNodeProxy.cs	214	"else if (payloadStr.Contains(""type.ankama.com/krt""))"	Current-source literal scan; semantic verification still required.	Unclassified	current-source
Game	ksl	Discarded	descartado	Jondo.Unity.Protocol/TypeRegistry.cs	51	"Register(""ksl"", ksl.Descriptor);"	DESCARTADO: TypeRegistry no lo referencia nadie (0 usos fuera del propio fichero); codigo muerto	Unclassified	audited-inventory
Game	ksl	Discarded	descartado	Jondo.Unity.Server/Protocol/NetworkMessage.cs	257	"case ""ksl"": return (""Character Selection"", ""Character"", ""CharacterSelectionRequest (Request to enter the world)"");"	DESCARTADO: tabla de etiquetas del log (GetPacketMetadata / isPing). Solo pinta texto en consola, no cambia el protocolo	Unclassified	audited-inventory
Game	ksl	C2S/dispatch	despacho	Jondo.Unity.Server/Network/GameNodeProxy.cs	260	"else if (payloadStr.Contains(""type.ankama.com/kvw"") || payloadStr.Contains(""type.ankama.com/ksl"")"	comparacion de cadena sobre el frame recibido	Unclassified	audited-inventory
Game	ksl	C2S/read	read	Jondo.Unity.Server/Handlers/CharacterSelectionHandler.cs	222	"?? ConnectionProtocol.ReadPayload(framePayload, ""ksl"")"	"ConnectionProtocol.ReadPayload(frame, ""xxx"")"	Character/world entry	audited-inventory
Unknown	ksq	Discarded	descartado	Jondo.Unity.Protocol/TypeRegistry.cs	52	"Register(""ksq"", ksq.Descriptor);"	DESCARTADO: TypeRegistry no lo referencia nadie (0 usos fuera del propio fichero); codigo muerto	Unclassified	audited-inventory
Unknown	ksq	Discarded	descartado	Jondo.Unity.Server/Protocol/NetworkMessage.cs	255	"case ""ksq"": return (""Character Selection"", ""Character"", ""CharacterListMessage (Detailed character list)"");"	DESCARTADO: tabla de etiquetas del log (GetPacketMetadata / isPing). Solo pinta texto en consola, no cambia el protocolo	Unclassified	audited-inventory
Unknown	ksq	S2C/push	push	Jondo.Unity.Server/Handlers/CharacterSelectionHandler.cs	436	"return NetworkEnvelope.BuildGameNodePacket(""type.ankama.com/ksq"", ksqBytes);"	NetworkEnvelope.BuildGameNodePacket(uri, ...)	Character/world entry	audited-inventory
Unknown	ksq	S2C/push	push	Jondo.Unity.Server/Handlers/CharacterSelectionHandler.cs	445	"return NetworkEnvelope.BuildGameNodePacket(""type.ankama.com/ksq"", ksqBytes);"	Current-source literal scan; semantic verification still required.	Character/world entry	current-source
Game	ksv	Discarded	descartado	Jondo.Unity.Server/BasePayloads.cs	16	public static readonly byte[] WorldEnteringPackets = new byte[] {	DESCARTADO: opcode dentro de un array de BasePayloads; nadie referencia BasePayloads (codigo muerto)	Unclassified	audited-inventory
Game	ksv	Discarded	descartado	Jondo.Unity.Server/Protocol/NetworkMessage.cs	291	"case ""ksv"": return (""World Loading"", ""Character"", ""CharacterCapabilitiesMessage (Stat caps and capabilities)"");"	DESCARTADO: tabla de etiquetas del log (GetPacketMetadata / isPing). Solo pinta texto en consola, no cambia el protocolo	Unclassified	audited-inventory
Game	ksv	S2C/push	push	Jondo.Unity.Server/Network/TransitionPacketsBuilder.cs	39	"public static byte[] BuildKsvMessage() => BuildSingleVarIntMessage(""type.ankama.com/ksv"", 12287);"	TransitionPacketsBuilder.BuildSingleVarIntMessage(uri, n)	Unclassified	audited-inventory
Game	ksx	Discarded	descartado	Jondo.Unity.Protocol/TypeRegistry.cs	53	"Register(""ksx"", ksx.Descriptor);"	DESCARTADO: TypeRegistry no lo referencia nadie (0 usos fuera del propio fichero); codigo muerto	Unclassified	audited-inventory
Game	ksx	Discarded	descartado	Jondo.Unity.Server/Protocol/NetworkMessage.cs	251	"case ""ksx"": return (""Character Selection"", ""Interfaces"", ""CharacterListRequest (Character request - phase 1)"");"	DESCARTADO: tabla de etiquetas del log (GetPacketMetadata / isPing). Solo pinta texto en consola, no cambia el protocolo	Unclassified	audited-inventory
Game	ksx	C2S/dispatch	despacho	Jondo.Unity.Server/Handlers/CharacterSelectionHandler.cs	156	"else if (payloadStr.Contains(""type.ankama.com/ksx""))"	comparacion de cadena sobre el frame recibido	Character/world entry	audited-inventory
Game	ksx	C2S/dispatch	despacho	Jondo.Unity.Server/Network/GameNodeProxy.cs	245	"else if (payloadStr.Contains(""type.ankama.com/jto"") || payloadStr.Contains(""type.ankama.com/kpc"") || payloadStr.Contains(""type.ankama.com/ksx"") || payloadStr.Contains(""type.ankama.com/kpa""))"	comparacion de cadena sobre el frame recibido	Unclassified	audited-inventory
Game	kti	S2C/push	push	Jondo.Unity.Server/Handlers/CommandHandler.cs	526	"ConnectionProtocol.Push(""kti"", ConnectionProtocol.BuildChatLine("	"ConnectionProtocol.Push(""xxx"", ...)"	Unclassified	audited-inventory
Game	kti	S2C/push	push	Jondo.Unity.Server/Network/GameNodeProxy.cs	434	"byte[] linea = ConnectionProtocol.Push(""kti"","	"ConnectionProtocol.Push(""xxx"", ...)"	Unclassified	audited-inventory
Unknown	ktj	Discarded	descartado	Jondo.Unity.Server/BasePayloads.cs	16	public static readonly byte[] WorldEnteringPackets = new byte[] {	DESCARTADO: opcode dentro de un array de BasePayloads; nadie referencia BasePayloads (codigo muerto)	Unclassified	audited-inventory
Unknown	ktj	Discarded	descartado	Jondo.Unity.Server/Protocol/NetworkMessage.cs	299	"case ""ktj"": return (""World Loading"", ""Character"", ""ExpGainDetails (Details of the accumulated experience pool)"");"	DESCARTADO: tabla de etiquetas del log (GetPacketMetadata / isPing). Solo pinta texto en consola, no cambia el protocolo	Unclassified	audited-inventory
Unknown	ktj	S2C/push	push	Jondo.Unity.Server/Network/TransitionPacketsBuilder.cs	19	"public static byte[] BuildKtjMessage() => BuildEmptyMessage(""type.ankama.com/ktj"");"	TransitionPacketsBuilder.BuildEmptyMessage(uri)	Unclassified	audited-inventory
Unknown	ktj	S2C/push	push	Jondo.Unity.Server/Network/TransitionPacketsBuilder.cs	20	"public static byte[] BuildKtjMessage() => BuildEmptyMessage(""type.ankama.com/ktj"");"	Current-source literal scan; semantic verification still required.	Unclassified	current-source
Game	ktm	C2S/dispatch	despacho	Jondo.Unity.Server/Network/GameNodeProxy.cs	409	"else if (payloadStr.Contains(""type.ankama.com/ktm""))"	comparacion de cadena sobre el frame recibido	Unclassified	audited-inventory
Game	ktm	C2S/read	read	Jondo.Unity.Server/Network/GameNodeProxy.cs	414	"byte[]? ktm = ConnectionProtocol.ReadPayload(payload, ""ktm"");"	"ConnectionProtocol.ReadPayload(frame, ""xxx"")"	Unclassified	audited-inventory
Game	ktw	Discarded	descartado	Jondo.Unity.Protocol/TypeRegistry.cs	54	"Register(""ktw"", ktw.Descriptor);"	DESCARTADO: TypeRegistry no lo referencia nadie (0 usos fuera del propio fichero); codigo muerto	Unclassified	audited-inventory
Game	ktw	Discarded	descartado	Jondo.Unity.Server/BasePayloads.cs	16	public static readonly byte[] WorldEnteringPackets = new byte[] {	DESCARTADO: opcode dentro de un array de BasePayloads; nadie referencia BasePayloads (codigo muerto)	Unclassified	audited-inventory
Game	ktw	Discarded	descartado	Jondo.Unity.Server/Protocol/NetworkMessage.cs	265	"case ""ktw"": return (""World Loading"", ""Character"", ""CharacterSelectedSuccessMessage (Character spawn on the pedestal)"");"	DESCARTADO: tabla de etiquetas del log (GetPacketMetadata / isPing). Solo pinta texto en consola, no cambia el protocolo	Unclassified	audited-inventory
Game	kub	Discarded	descartado	Jondo.Unity.Protocol/OpcodeRegistry.cs	34	"public const string GameFightPlacementPossiblePositions = ""kub"";"	DESCARTADO: OpcodeRegistry no lo referencia nadie (0 usos fuera del propio fichero); codigo muerto	Unclassified	audited-inventory
Game	kub	S2C/push	push	Jondo.Unity.Server/Handlers/CharacteristicsHandler.cs	140	"ConnectionProtocol.Push(""kub"", ConnectionProtocol.BuildCharacteristics()));"	"ConnectionProtocol.Push(""xxx"", ...)"	Character/world entry	audited-inventory
Game	kub	S2C/push	push	Jondo.Unity.Server/Handlers/CommandHandler.cs	272	"ConnectionProtocol.Push(""kub"", ConnectionProtocol.BuildCharacteristics()));"	"ConnectionProtocol.Push(""xxx"", ...)"	Unclassified	audited-inventory
Game	kub	S2C/push	push	Jondo.Unity.Server/Handlers/EquipmentHandler.cs	114	"ConnectionProtocol.Push(""kub"", ConnectionProtocol.BuildCharacteristics()));"	"ConnectionProtocol.Push(""xxx"", ...)"	Personal data	audited-inventory
Game	kub	S2C/push	push	Jondo.Unity.Server/Handlers/FightHandler.cs	2969	"await WriteFrameAsync(stream, ConnectionProtocol.Push(""kub"","	"ConnectionProtocol.Push(""xxx"", ...)"	Fight	audited-inventory
Game	kub	S2C/push	push	Jondo.Unity.Server/Handlers/FightHandler.cs	4782	"await WriteFrameAsync(stream, ConnectionProtocol.Push(""kub"","	"ConnectionProtocol.Push(""xxx"", ...)"	Fight	audited-inventory
Game	kub	S2C/push	push	Jondo.Unity.Server/Network/WorldEntry.cs	609	"await EnviarAsync(stream, ConnectionProtocol.Push(""kub"", ConnectionProtocol.BuildCharacteristics()));"	"ConnectionProtocol.Push(""xxx"", ...)"	Character/world entry	audited-inventory
Game	kub	S2C/push	push	Jondo.Unity.Server/Network/WorldEntry.cs	672	"await EnviarAsync(stream, ConnectionProtocol.Push(""kub"", ConnectionProtocol.BuildCharacteristics()));"	"ConnectionProtocol.Push(""xxx"", ...)"	Character/world entry	audited-inventory
Game	kub	C2S/read	read	Jondo.Unity.Server/Network/WorldEntry.cs	153	"byte[]? kub = ConnectionProtocol.ReadPayload(frame, ""kub"");"	"ConnectionProtocol.ReadPayload(frame, ""xxx"")"	Character/world entry	audited-inventory
Game	kub	C2S/read	read	Jondo.Unity.Server/Network/WorldEntry.cs	62	kub,	WorldEntry.NotReplayed (no es privacidad: el kub se reemplaza por el propio); ReadPayload en WorldEntry.cs:359	Character/world entry	audited-inventory
Game	kuf	S2C/push	push	Jondo.Unity.Server/Handlers/FightHandler.cs	2953	"await WriteFrameAsync(stream, ConnectionProtocol.Push(""kuf"","	"ConnectionProtocol.Push(""xxx"", ...)"	Fight	audited-inventory
Game	kuh	C2S/dispatch	despacho	Jondo.Unity.Server/Network/GameNodeProxy.cs	401	"else if (payloadStr.Contains(""type.ankama.com/kuh""))"	comparacion de cadena sobre el frame recibido	Unclassified	audited-inventory
Game	kuh	C2S/dispatch	despacho	Jondo.Unity.Server/Network/GameNodeProxy.cs	497	"else if (payloadStr.Contains(""type.ankama.com/kuh""))"	Current-source literal scan; semantic verification still required.	Unclassified	current-source
Game	kum	C2S/dispatch	despacho	Jondo.Unity.Server/Network/GameNodeProxy.cs	397	"else if (payloadStr.Contains(""type.ankama.com/kum""))"	comparacion de cadena sobre el frame recibido	Unclassified	audited-inventory
Game	kum	C2S/read	read	Jondo.Unity.Server/Handlers/CharacteristicsHandler.cs	58	"byte[]? kum = ConnectionProtocol.ReadPayload(payload, ""kum"");"	"ConnectionProtocol.ReadPayload(frame, ""xxx"")"	Character/world entry	audited-inventory
Game	kva	Discarded	descartado	Jondo.Unity.Protocol/OpcodeRegistry.cs	21	"public const string SelectCharacterSuccess = ""kva"";"	DESCARTADO: OpcodeRegistry no lo referencia nadie (0 usos fuera del propio fichero); codigo muerto	Unclassified	audited-inventory
Game	kva	C2S/read	read	Jondo.Unity.Server/Network/WorldEntry.cs	297	"if (ConnectionProtocol.ReadPayload(frame, ""kva"") != null)"	"ConnectionProtocol.ReadPayload(frame, ""xxx"")"	Character/world entry	audited-inventory
Game	kva	C2S/read	read	Jondo.Unity.Server/Network/WorldEntry.cs	299	"return ConnectionProtocol.Push(""kva"","	"ConnectionProtocol.ReadPayload(frame, ""xxx"")"	Character/world entry	audited-inventory
Game	kva	C2S/read	read	Jondo.Unity.Server/Network/WorldEntry.cs	396	"byte[]? kva = ConnectionProtocol.ReadPayload(frame, ""kva"");"	"ConnectionProtocol.ReadPayload(frame, ""xxx"")"	Character/world entry	audited-inventory
Game	kvb	S2C/push	push	Jondo.Unity.Server/Handlers/CharacterCreationHandler.cs	138	"ConnectionProtocol.Push(""kvb""));"	"ConnectionProtocol.Push(""xxx"", ...)"	Character/world entry	audited-inventory
Game	kvb	S2C/push	push	Jondo.Unity.Server/Handlers/CharacterCreationHandler.cs	155	"ConnectionProtocol.Push(""kvb"", Pb.New().Var(2, reason).Build()));"	"ConnectionProtocol.Push(""xxx"", ...)"	Character/world entry	audited-inventory
Game	kvd	S2C/push	push	Jondo.Unity.Server/Network/ConnectionProtocol.cs	215	"Push(""kvd""),"	"ConnectionProtocol.Push(""xxx"", ...)"	Connection	audited-inventory
Game	kvi	Discarded	descartado	Jondo.Unity.Protocol/OpcodeRegistry.cs	19	"public const string CharactersListMessage = ""kvi"";"	DESCARTADO: OpcodeRegistry no lo referencia nadie (0 usos fuera del propio fichero); codigo muerto	Unclassified	audited-inventory
Game	kvi	S2C/push	push	Jondo.Unity.Server/Handlers/CharacterCreationHandler.cs	142	"ConnectionProtocol.Push(""kvi"", ConnectionProtocol.BuildCharactersList(characters)));"	"ConnectionProtocol.Push(""xxx"", ...)"	Character/world entry	audited-inventory
Game	kvi	S2C/push	push	Jondo.Unity.Server/Network/ConnectionProtocol.cs	209	"Push(""kvi"", BuildCharactersList(characters)),"	"ConnectionProtocol.Push(""xxx"", ...)"	Connection	audited-inventory
Game	kvi	S2C/push	push	Jondo.Unity.Server/Network/ConnectionProtocolSelfTest.cs	356	"byte[] frame = ConnectionProtocol.Push(""kvi"", new byte[] { 0x08, 0x01 });"	"ConnectionProtocol.Push(""xxx"", ...)"	Connection	audited-inventory
Game	kvi	C2S/read	read	Jondo.Unity.Server/Network/ConnectionProtocolSelfTest.cs	366	"if (Text(anyMsg, 1) != ConnectionProtocol.UriPrefix + ""kvi"")"	"compara Text(anyMsg,1) con UriPrefix+""kvi"" al validar la rafaga de bienvenida"	Connection	audited-inventory
Game	kvk	C2S/dispatch	despacho	Jondo.Unity.Server/Network/GameNodeProxy.cs	255	"else if (payloadStr.Contains(""type.ankama.com/kvk""))"	comparacion de cadena sobre el frame recibido	Unclassified	audited-inventory
Game	kvk	S2C/push	push	Jondo.Unity.Server/Handlers/CharacterCreationHandler.cs	63	"ConnectionProtocol.Push(""kvk"", Pb.New().Str(1, name).Build()));"	"ConnectionProtocol.Push(""xxx"", ...)"	Character/world entry	audited-inventory
Game	kvl	C2S/dispatch	despacho	Jondo.Unity.Server/Network/GameNodeProxy.cs	261	"|| payloadStr.Contains(""type.ankama.com/kvl""))"	comparacion de cadena sobre el frame recibido	Unclassified	audited-inventory
Game	kvl	C2S/read	read	Jondo.Unity.Server/Handlers/CharacterSelectionHandler.cs	223	"?? ConnectionProtocol.ReadPayload(framePayload, ""kvl"");"	"ConnectionProtocol.ReadPayload(frame, ""xxx"")"	Character/world entry	audited-inventory
Game	kvw	Discarded	descartado	Jondo.Unity.Protocol/OpcodeRegistry.cs	20	"public const string SelectCharacterRequest = ""kvw"";"	DESCARTADO: OpcodeRegistry no lo referencia nadie (0 usos fuera del propio fichero); codigo muerto	Unclassified	audited-inventory
Game	kvw	C2S/dispatch	despacho	Jondo.Unity.Server/Network/GameNodeProxy.cs	260	"else if (payloadStr.Contains(""type.ankama.com/kvw"") || payloadStr.Contains(""type.ankama.com/ksl"")"	comparacion de cadena sobre el frame recibido	Unclassified	audited-inventory
Game	kvw	C2S/read	read	Jondo.Unity.Server/Handlers/CharacterSelectionHandler.cs	221	"byte[]? selection = ConnectionProtocol.ReadPayload(framePayload, ""kvw"")"	"ConnectionProtocol.ReadPayload(frame, ""xxx"")"	Character/world entry	audited-inventory
Game	kvz	C2S/dispatch	despacho	Jondo.Unity.Server/Network/GameNodeProxy.cs	249	"else if (payloadStr.Contains(""type.ankama.com/kvz""))"	comparacion de cadena sobre el frame recibido	Unclassified	audited-inventory
Game	kvz	C2S/read	read	Jondo.Unity.Server/Handlers/CharacterCreationHandler.cs	94	"byte[]? kvz = ConnectionProtocol.ReadPayload(payload, ""kvz"");"	"ConnectionProtocol.ReadPayload(frame, ""xxx"")"	Character/world entry	audited-inventory
Unknown	kyj	Discarded	descartado	Jondo.Unity.Server/BasePayloads.cs	16	public static readonly byte[] WorldEnteringPackets = new byte[] {	DESCARTADO: opcode dentro de un array de BasePayloads; nadie referencia BasePayloads (codigo muerto)	Unclassified	audited-inventory
Unknown	kyj	Discarded	descartado	Jondo.Unity.Server/Protocol/NetworkMessage.cs	298	"case ""kyj"": return (""World Loading"", ""Sync"", ""ArenaRankInfosMessage (Kolossium league information)"");"	DESCARTADO: tabla de etiquetas del log (GetPacketMetadata / isPing). Solo pinta texto en consola, no cambia el protocolo	Unclassified	audited-inventory
Unknown	kyj	S2C/push	push	Jondo.Unity.Server/Network/TransitionPacketsBuilder.cs	412	"return NetworkEnvelope.BuildGameNodePacket(""type.ankama.com/kyj"", ms.ToArray());"	NetworkEnvelope.BuildGameNodePacket(uri, ...)	Unclassified	audited-inventory
Unknown	kyj	S2C/push	push	Jondo.Unity.Server/Network/TransitionPacketsBuilder.cs	413	"return NetworkEnvelope.BuildGameNodePacket(""type.ankama.com/kyj"", ms.ToArray());"	Current-source literal scan; semantic verification still required.	Unclassified	current-source
Unknown	lai	Discarded	descartado	Jondo.Unity.Protocol/TypeRegistry.cs	55	"Register(""lai"", lai.Descriptor);"	DESCARTADO: TypeRegistry no lo referencia nadie (0 usos fuera del propio fichero); codigo muerto	Unclassified	audited-inventory
Game	lar	Discarded	descartado	Jondo.Unity.Protocol/TypeRegistry.cs	56	"Register(""lar"", lar.Descriptor);"	DESCARTADO: TypeRegistry no lo referencia nadie (0 usos fuera del propio fichero); codigo muerto	Unclassified	audited-inventory
Unknown	lcd	Discarded	descartado	Jondo.Unity.Protocol/TypeRegistry.cs	57	"Register(""lcd"", lcd.Descriptor);"	DESCARTADO: TypeRegistry no lo referencia nadie (0 usos fuera del propio fichero); codigo muerto	Unclassified	audited-inventory
Game	lcj	Discarded	descartado	Jondo.Unity.Protocol/TypeRegistry.cs	58	"Register(""lcj"", lcj.Descriptor);"	DESCARTADO: TypeRegistry no lo referencia nadie (0 usos fuera del propio fichero); codigo muerto	Unclassified	audited-inventory
Unknown	lct	Discarded	descartado	Jondo.Unity.Protocol/TypeRegistry.cs	59	"Register(""lct"", lct.Descriptor);"	DESCARTADO: TypeRegistry no lo referencia nadie (0 usos fuera del propio fichero); codigo muerto	Unclassified	audited-inventory
Game	ldt	S2C/push	push	Jondo.Unity.Server/Handlers/CharacterSelectionHandler.cs	202	"byte[] ldtFrame = NetworkEnvelope.ConvertHexStringToByteArray(""1B-0A-19-12-17-0A-13-74-79-70-65-2E-61-6E-6B-61-6D-61-2E-63-6F-6D-2F-6C-64-74-12-00"");"	opcode escondido en cadena hex; la trama se escribe en el socket	Character/world entry	audited-inventory
Unknown	lep	Discarded	descartado	Jondo.Unity.Protocol/TypeRegistry.cs	60	"Register(""lep"", lep.Descriptor);"	DESCARTADO: TypeRegistry no lo referencia nadie (0 usos fuera del propio fichero); codigo muerto	Unclassified	audited-inventory
Game	ley	Discarded	descartado	Jondo.Unity.Protocol/TypeRegistry.cs	61	"Register(""ley"", ley.Descriptor);"	DESCARTADO: TypeRegistry no lo referencia nadie (0 usos fuera del propio fichero); codigo muerto	Unclassified	audited-inventory
Game	lfj	Discarded	descartado	Jondo.Unity.Protocol/TypeRegistry.cs	62	"Register(""lfj"", lfj.Descriptor);"	DESCARTADO: TypeRegistry no lo referencia nadie (0 usos fuera del propio fichero); codigo muerto	Unclassified	audited-inventory
Game	lfo	Discarded	descartado	Jondo.Unity.Protocol/TypeRegistry.cs	63	"Register(""lfo"", lfo.Descriptor);"	DESCARTADO: TypeRegistry no lo referencia nadie (0 usos fuera del propio fichero); codigo muerto	Unclassified	audited-inventory
Game	lfx	Discarded	descartado	Jondo.Unity.Protocol/TypeRegistry.cs	64	"Register(""lfx"", lfx.Descriptor);"	DESCARTADO: TypeRegistry no lo referencia nadie (0 usos fuera del propio fichero); codigo muerto	Unclassified	audited-inventory
Game	lgz	Discarded	descartado	Jondo.Unity.Protocol/TypeRegistry.cs	65	"Register(""lgz"", lgz.Descriptor);"	DESCARTADO: TypeRegistry no lo referencia nadie (0 usos fuera del propio fichero); codigo muerto	Unclassified	audited-inventory
Game	lhi	Discarded	descartado	Jondo.Unity.Protocol/TypeRegistry.cs	66	"Register(""lhi"", lhi.Descriptor);"	DESCARTADO: TypeRegistry no lo referencia nadie (0 usos fuera del propio fichero); codigo muerto	Unclassified	audited-inventory
Unknown	lhr	Discarded	descartado	Jondo.Unity.Protocol/TypeRegistry.cs	67	"Register(""lhr"", lhr.Descriptor);"	DESCARTADO: TypeRegistry no lo referencia nadie (0 usos fuera del propio fichero); codigo muerto	Unclassified	audited-inventory
Unknown	lhy	Discarded	descartado	Jondo.Unity.Protocol/TypeRegistry.cs	68	"Register(""lhy"", lhy.Descriptor);"	DESCARTADO: TypeRegistry no lo referencia nadie (0 usos fuera del propio fichero); codigo muerto	Unclassified	audited-inventory
Game	lif	Discarded	descartado	Jondo.Unity.Protocol/TypeRegistry.cs	69	"Register(""lif"", lif.Descriptor);"	DESCARTADO: TypeRegistry no lo referencia nadie (0 usos fuera del propio fichero); codigo muerto	Unclassified	audited-inventory
Unknown	ljk	Discarded	descartado	Jondo.Unity.Protocol/TypeRegistry.cs	70	"Register(""ljk"", ljk.Descriptor);"	DESCARTADO: TypeRegistry no lo referencia nadie (0 usos fuera del propio fichero); codigo muerto	Unclassified	audited-inventory
Game	lkr	Discarded	descartado	Jondo.Unity.Protocol/TypeRegistry.cs	71	"Register(""lkr"", lkr.Descriptor);"	DESCARTADO: TypeRegistry no lo referencia nadie (0 usos fuera del propio fichero); codigo muerto	Unclassified	audited-inventory
Game	lkt	Discarded	descartado	Jondo.Unity.Protocol/TypeRegistry.cs	72	"Register(""lkt"", lkt.Descriptor);"	DESCARTADO: TypeRegistry no lo referencia nadie (0 usos fuera del propio fichero); codigo muerto	Unclassified	audited-inventory
Game	lnk	Discarded	descartado	Jondo.Unity.Protocol/TypeRegistry.cs	73	"Register(""lnk"", lnk.Descriptor);"	DESCARTADO: TypeRegistry no lo referencia nadie (0 usos fuera del propio fichero); codigo muerto	Unclassified	audited-inventory
Unknown	lok	Discarded	descartado	Jondo.Unity.Server/BasePayloads.cs	16	public static readonly byte[] WorldEnteringPackets = new byte[] {	DESCARTADO: opcode dentro de un array de BasePayloads; nadie referencia BasePayloads (codigo muerto)	Unclassified	audited-inventory
Unknown	lok	Discarded	descartado	Jondo.Unity.Server/Protocol/NetworkMessage.cs	277	"case ""lok"": return (""World Loading"", ""Sync"", ""SelectedServerData (Server session metadata)"");"	DESCARTADO: tabla de etiquetas del log (GetPacketMetadata / isPing). Solo pinta texto en consola, no cambia el protocolo	Unclassified	audited-inventory
Unknown	lok	Discarded	descartado	Jondo.Unity.Server/TransitionPayloads.cs	7	new byte[] { 0x1A, 0x1D, 0x0A, 0x1B, 0x0A, 0x13, 0x74, 0x79, 0x70, 0x65, 0x2E, 0x61, 0x6E, 0x6B, 0x61, 0x6D, 0x61, 0x2E, 0x63, 0x6F, 0x6D, 0x2F, 0x6C, 0x6F, 0x6B, 0x12, 0x04, 0x10, 0x01, 0x18, 0x59 },	DESCARTADO: array de TransitionPayloads que no referencia nadie	Unclassified	audited-inventory
Unknown	lok	Discarded	descartado	Jondo.Unity.Server/TransitionPayloads.cs	8	new byte[] { 0x1A, 0x32, 0x0A, 0x30, 0x0A, 0x13, 0x74, 0x79, 0x70, 0x65, 0x2E, 0x61, 0x6E, 0x6B, 0x61, 0x6D, 0x61, 0x2E, 0x63, 0x6F, 0x6D, 0x2F, 0x6C, 0x6F, 0x6B, 0x12, 0x19, 0x0A, 0x04, 0x32, 0x30, 0	DESCARTADO: array de TransitionPayloads que no referencia nadie	Unclassified	audited-inventory
Unknown	lok	Discarded	descartado	Jondo.Unity.Server/TransitionPayloads.cs	9	new byte[] { 0x1A, 0x1E, 0x0A, 0x1C, 0x0A, 0x13, 0x74, 0x79, 0x70, 0x65, 0x2E, 0x61, 0x6E, 0x6B, 0x61, 0x6D, 0x61, 0x2E, 0x63, 0x6F, 0x6D, 0x2F, 0x6C, 0x6F, 0x6B, 0x12, 0x05, 0x10, 0x01, 0x18, 0xCD, 0	DESCARTADO: array de TransitionPayloads que no referencia nadie	Unclassified	audited-inventory
Unknown	lok	S2C/push	push	Jondo.Unity.Server/Network/GameNodeProxy.cs	615	"byte[] lokBytes = NetworkEnvelope.ConvertHexStringToByteArray(""1A-1E-0A-1C-0A-13-74-79-70-65-2E-61-6E-6B-61-6D-61-2E-63-6F-6D-2F-6C-6F-6B-12-05-10-01-18-CD-01"");"	opcode escondido en cadena hex; la trama se escribe en el socket	Unclassified	audited-inventory
Unknown	lok	S2C/push	push	Jondo.Unity.Server/Network/TransitionPacketsBuilder.cs	135	"return NetworkEnvelope.BuildGameNodePacket(""type.ankama.com/lok"", ms.ToArray());"	NetworkEnvelope.BuildGameNodePacket(uri, ...)	Unclassified	audited-inventory
Unknown	lok	S2C/push	push	Jondo.Unity.Server/Network/TransitionPacketsBuilder.cs	136	"return NetworkEnvelope.BuildGameNodePacket(""type.ankama.com/lok"", ms.ToArray());"	Current-source literal scan; semantic verification still required.	Unclassified	current-source
Unknown	lok	S2C/push	push	Jondo.Unity.Server/Network/TransitionPacketsBuilder.cs	151	"return NetworkEnvelope.BuildGameNodePacket(""type.ankama.com/lok"", ms.ToArray());"	NetworkEnvelope.BuildGameNodePacket(uri, ...)	Unclassified	audited-inventory
Unknown	lok	S2C/push	push	Jondo.Unity.Server/Network/TransitionPacketsBuilder.cs	152	"return NetworkEnvelope.BuildGameNodePacket(""type.ankama.com/lok"", ms.ToArray());"	Current-source literal scan; semantic verification still required.	Unclassified	current-source
Game	lol	Discarded	descartado	Jondo.Unity.Server/BasePayloads.cs	16	public static readonly byte[] WorldEnteringPackets = new byte[] {	DESCARTADO: opcode dentro de un array de BasePayloads; nadie referencia BasePayloads (codigo muerto)	Unclassified	audited-inventory
Game	lol	Discarded	descartado	Jondo.Unity.Server/Protocol/NetworkMessage.cs	285	"case ""lol"": return (""World Loading"", ""Interfaces"", ""NotificationListMessage (Quest notifications)"");"	DESCARTADO: tabla de etiquetas del log (GetPacketMetadata / isPing). Solo pinta texto en consola, no cambia el protocolo	Unclassified	audited-inventory
Game	lol	S2C/push	push	Jondo.Unity.Server/Network/TransitionPacketsBuilder.cs	14	"public static byte[] BuildLolMessage() => BuildEmptyMessage(""type.ankama.com/lol"");"	TransitionPacketsBuilder.BuildEmptyMessage(uri)	Unclassified	audited-inventory
Unknown	lor	Discarded	descartado	Jondo.Unity.Server/BasePayloads.cs	16	public static readonly byte[] WorldEnteringPackets = new byte[] {	DESCARTADO: opcode dentro de un array de BasePayloads; nadie referencia BasePayloads (codigo muerto)	Unclassified	audited-inventory
Unknown	lor	Discarded	descartado	Jondo.Unity.Server/Protocol/NetworkMessage.cs	240	"case ""lor"": return (""Server List"", ""Sync"", ""TimeMessage (Server clock synchronization)"");"	DESCARTADO: tabla de etiquetas del log (GetPacketMetadata / isPing). Solo pinta texto en consola, no cambia el protocolo	Unclassified	audited-inventory
Unknown	lor	Discarded	descartado	Jondo.Unity.Server/TransitionPayloads.cs	44	new byte[] { 0x1A, 0x22, 0x0A, 0x20, 0x0A, 0x13, 0x74, 0x79, 0x70, 0x65, 0x2E, 0x61, 0x6E, 0x6B, 0x61, 0x6D, 0x61, 0x2E, 0x63, 0x6F, 0x6D, 0x2F, 0x6C, 0x6F, 0x72, 0x12, 0x09, 0x08, 0x78, 0x10, 0xB1, 0	DESCARTADO: array de TransitionPayloads que no referencia nadie	Unclassified	audited-inventory
Unknown	lor	Discarded	descartado	Jondo.Unity.Server/TransitionPayloads.cs	45	new byte[] { 0x1A, 0x22, 0x0A, 0x20, 0x0A, 0x13, 0x74, 0x79, 0x70, 0x65, 0x2E, 0x61, 0x6E, 0x6B, 0x61, 0x6D, 0x61, 0x2E, 0x63, 0x6F, 0x6D, 0x2F, 0x6C, 0x6F, 0x72, 0x12, 0x09, 0x08, 0x78, 0x10, 0xAF, 0	DESCARTADO: array de TransitionPayloads que no referencia nadie	Unclassified	audited-inventory
Unknown	lor	S2C/push	push	Jondo.Unity.Server/Handlers/CharacterSelectionHandler.cs	120	"byte[] frame557 = NetworkEnvelope.ConvertHexStringToByteArray(""19-1A-17-0A-15-0A-13-74-79-70-65-2E-61-6E-6B-61-6D-61-2E-63-6F-6D-2F-6B-6F-66-24-1A-22-0A-20-0A-13-74-79-70-65-2E-61-6E-6B-61-6D-61-2E-63"	opcode escondido en cadena hex; la trama se escribe en el socket	Character/world entry	audited-inventory
Unknown	lor	S2C/push	push	Jondo.Unity.Server/Handlers/FightHandler.cs	4743	"await WriteFrameAsync(stream, BuildGameNodePacket(""type.ankama.com/lor"", lorRp.ToByteArray()));"	NetworkEnvelope.BuildGameNodePacket(uri, ...)	Fight	audited-inventory
Unknown	lor	S2C/push	push	Jondo.Unity.Server/Handlers/FightHandler.cs	4767	"await WriteFrameAsync(stream, BuildGameNodePacket(""type.ankama.com/lor"", lorRp.ToByteArray()));"	Current-source literal scan; semantic verification still required.	Fight	current-source
Unknown	lor	S2C/push	push	Jondo.Unity.Server/Network/TransitionPacketsBuilder.cs	632	"list[i] = NetworkEnvelope.BuildGameNodePacket(""type.ankama.com/lor"", ms.ToArray());"	NetworkEnvelope.BuildGameNodePacket(uri, ...)	Unclassified	audited-inventory
Unknown	lor	S2C/push	push	Jondo.Unity.Server/Network/TransitionPacketsBuilder.cs	633	"list[i] = NetworkEnvelope.BuildGameNodePacket(""type.ankama.com/lor"", ms.ToArray());"	Current-source literal scan; semantic verification still required.	Unclassified	current-source
Game	lou	Discarded	descartado	Jondo.Unity.Server/BasePayloads.cs	16	public static readonly byte[] WorldEnteringPackets = new byte[] {	DESCARTADO: opcode dentro de un array de BasePayloads; nadie referencia BasePayloads (codigo muerto)	Unclassified	audited-inventory
Game	lou	Discarded	descartado	Jondo.Unity.Server/Protocol/NetworkMessage.cs	292	"case ""lou"": return (""World Loading"", ""Connection"", ""ServerAccessStatus (Server accessibility status)"");"	DESCARTADO: tabla de etiquetas del log (GetPacketMetadata / isPing). Solo pinta texto en consola, no cambia el protocolo	Unclassified	audited-inventory
Game	lou	S2C/push	push	Jondo.Unity.Server/Network/TransitionPacketsBuilder.cs	40	"public static byte[] BuildLouMessage() => BuildSingleVarIntMessage(""type.ankama.com/lou"", 312);"	TransitionPacketsBuilder.BuildSingleVarIntMessage(uri, n)	Unclassified	audited-inventory
Game	loy	Discarded	descartado	Jondo.Unity.Protocol/TypeRegistry.cs	74	"Register(""loy"", loy.Descriptor);"	DESCARTADO: TypeRegistry no lo referencia nadie (0 usos fuera del propio fichero); codigo muerto	Unclassified	audited-inventory
Game	loy	Discarded	descartado	Jondo.Unity.Server/Protocol/NetworkMessage.cs	276	"case ""loy"": return (""World Loading"", ""Sync"", ""WorldLoadAck (Client ack of a successful map load)"");"	DESCARTADO: tabla de etiquetas del log (GetPacketMetadata / isPing). Solo pinta texto en consola, no cambia el protocolo	Unclassified	audited-inventory
Game	loy	C2S/dispatch	despacho	Jondo.Unity.Server/Network/GameNodeProxy.cs	610	"else if (payloadStr.Contains(""type.ankama.com/loy""))"	comparacion de cadena sobre el frame recibido	Unclassified	audited-inventory
Game	lpe	Discarded	descartado	Jondo.Unity.Server/BasePayloads.cs	16	public static readonly byte[] WorldEnteringPackets = new byte[] {	DESCARTADO: opcode dentro de un array de BasePayloads; nadie referencia BasePayloads (codigo muerto)	Unclassified	audited-inventory
Game	lpe	Discarded	descartado	Jondo.Unity.Server/Protocol/NetworkMessage.cs	320	"case ""lpe"": return (""World Loading"", ""Sync"", ""SecondaryReadyConfirm (Ack that the secondary threads are ready)"");"	DESCARTADO: tabla de etiquetas del log (GetPacketMetadata / isPing). Solo pinta texto en consola, no cambia el protocolo	Unclassified	audited-inventory
Game	lpe	Discarded	descartado	Jondo.Unity.Server/TransitionPayloads.cs	61	public static readonly byte[] lpe = new byte[] {	DESCARTADO: array de TransitionPayloads que no referencia nadie	Unclassified	audited-inventory
Game	lpe	S2C/push	push	Jondo.Unity.Server/Network/TransitionPacketsBuilder.cs	587	"return NetworkEnvelope.BuildGameNodePacket(""type.ankama.com/lpe"", ms.ToArray());"	NetworkEnvelope.BuildGameNodePacket(uri, ...)	Unclassified	audited-inventory
Game	lpj	Discarded	descartado	Jondo.Unity.Protocol/TypeRegistry.cs	75	"Register(""lpj"", lpj.Descriptor);"	DESCARTADO: TypeRegistry no lo referencia nadie (0 usos fuera del propio fichero); codigo muerto	Unclassified	audited-inventory
Game	lpj	Discarded	descartado	Jondo.Unity.Server/Protocol/NetworkMessage.cs	319	"case ""lpj"": return (""World Loading"", ""Sync"", ""SecondaryReadySignal (Signal that the secondary threads are ready)"");"	DESCARTADO: tabla de etiquetas del log (GetPacketMetadata / isPing). Solo pinta texto en consola, no cambia el protocolo	Unclassified	audited-inventory
Game	lpj	C2S/dispatch	despacho	Jondo.Unity.Server/Network/GameNodeProxy.cs	668	"else if (payloadStr.Contains(""type.ankama.com/lpj""))"	comparacion de cadena sobre el frame recibido	Unclassified	audited-inventory
Game	lqc	Discarded	descartado	Jondo.Unity.Server/Network/GameNodeProxy.cs	376	"if (await SendMapBlockOnceAsync(stream, hasSentMapBlock, ""lqc"")) hasSentMapBlock = true;"	"FALSO POSITIVO: 3er arg 'reason' de SendMapBlockOnceAsync, solo se imprime en consola (el otro sitio pasa ""primer kqo"")"	Unclassified	audited-inventory
Game	lqc	C2S/dispatch	despacho	Jondo.Unity.Server/Network/GameNodeProxy.cs	364	"else if (payloadStr.Contains(""type.ankama.com/lqc""))"	comparacion de cadena sobre el frame recibido	Unclassified	audited-inventory
Game	lqn	S2C/push	push	Jondo.Unity.Server/Handlers/NpcHandler.cs	203	"ConnectionProtocol.Push(""lqn"", ConnectionProtocol.BuildSystemMessage("	"ConnectionProtocol.Push(""xxx"", ...)"	Unclassified	audited-inventory
Game	lqn	S2C/push	push	Jondo.Unity.Server/Handlers/NpcHandler.cs	285	"ConnectionProtocol.Push(""lqn"", ConnectionProtocol.BuildSystemMessage("	"ConnectionProtocol.Push(""xxx"", ...)"	Unclassified	audited-inventory
Game	lqu	Discarded	descartado	Jondo.Unity.Protocol/OpcodeRegistry.cs	25	"public const string MapChangeRequest = ""lqu"";"	DESCARTADO: OpcodeRegistry no lo referencia nadie (0 usos fuera del propio fichero); codigo muerto	Unclassified	audited-inventory
Game	lqu	C2S/dispatch	despacho	Jondo.Unity.Server/Network/GameNodeProxy.cs	170	"if (payloadStr.Contains(""type.ankama.com/lqu"") || payloadStr.Contains(""type.ankama.com/hoy"") || payloadStr.Contains(""type.ankama.com/hmt"") || payloadStr.Contains(""type.ankama.com/knx""))"	comparacion de cadena sobre el frame recibido	Unclassified	audited-inventory
Game	lqu	S2C/push	push	Jondo.Unity.Server/Network/ConnectionProtocol.cs	1510	"=> Push(""lqu"", Pb.New()"	"ConnectionProtocol.Push(""xxx"", ...)"	Connection	audited-inventory
Game	lqu	S2C/push	push	Jondo.Unity.Server/Network/ConnectionProtocol.cs	195	"Push(""lqu"", Pb.New()"	"ConnectionProtocol.Push(""xxx"", ...)"	Connection	audited-inventory
Game	lry	Discarded	descartado	Jondo.Unity.Server/BasePayloads.cs	16	public static readonly byte[] WorldEnteringPackets = new byte[] {	DESCARTADO: opcode dentro de un array de BasePayloads; nadie referencia BasePayloads (codigo muerto)	Unclassified	audited-inventory
Game	lry	Discarded	descartado	Jondo.Unity.Server/Protocol/NetworkMessage.cs	267	"case ""lry"": return (""World Loading"", ""Interfaces"", ""QuestListMessage (Active quest list and journal)"");"	DESCARTADO: tabla de etiquetas del log (GetPacketMetadata / isPing). Solo pinta texto en consola, no cambia el protocolo	Unclassified	audited-inventory
Game	lsy	Discarded	descartado	Jondo.Unity.Protocol/TypeRegistry.cs	76	"Register(""lsy"", lsy.Descriptor);"	DESCARTADO: TypeRegistry no lo referencia nadie (0 usos fuera del propio fichero); codigo muerto	Unclassified	audited-inventory
Game	lsy	S2C/push	push	Jondo.Unity.Server/Handlers/MapLoadHandler.cs	88	"byte[] lsyPacket = NetworkEnvelope.BuildGameNodePacket(""type.ankama.com/lsy"", lsyPayload);"	NetworkEnvelope.BuildGameNodePacket(uri, ...)	World/map	audited-inventory
Game	ltk	Discarded	descartado	Jondo.Unity.Server/BasePayloads.cs	16	public static readonly byte[] WorldEnteringPackets = new byte[] {	DESCARTADO: opcode dentro de un array de BasePayloads; nadie referencia BasePayloads (codigo muerto)	Unclassified	audited-inventory
Game	ltk	Discarded	descartado	Jondo.Unity.Server/Protocol/NetworkMessage.cs	300	"case ""ltk"": return (""World Loading"", ""Interfaces"", ""TitleListMessage (Available honorific titles)"");"	DESCARTADO: tabla de etiquetas del log (GetPacketMetadata / isPing). Solo pinta texto en consola, no cambia el protocolo	Unclassified	audited-inventory
Game	ltk	S2C/push	push	Jondo.Unity.Server/Network/TransitionPacketsBuilder.cs	449	"return NetworkEnvelope.BuildGameNodePacket(""type.ankama.com/ltk"", ms.ToArray());"	NetworkEnvelope.BuildGameNodePacket(uri, ...)	Unclassified	audited-inventory
Game	luq	Discarded	descartado	Jondo.Unity.Protocol/TypeRegistry.cs	77	"Register(""luq"", luq.Descriptor);"	DESCARTADO: TypeRegistry no lo referencia nadie (0 usos fuera del propio fichero); codigo muerto	Unclassified	audited-inventory
Game	luq	Discarded	descartado	Jondo.Unity.Server/BasePayloads.cs	16	public static readonly byte[] WorldEnteringPackets = new byte[] {	DESCARTADO: opcode dentro de un array de BasePayloads; nadie referencia BasePayloads (codigo muerto)	Unclassified	audited-inventory
Game	luq	Discarded	descartado	Jondo.Unity.Server/Protocol/NetworkMessage.cs	306	"case ""luq"": return (""World Loading"", ""Interfaces"", ""JobCrafterDirectorySettings (Job directory visibility settings)"");"	DESCARTADO: tabla de etiquetas del log (GetPacketMetadata / isPing). Solo pinta texto en consola, no cambia el protocolo	Unclassified	audited-inventory
Game	luq	S2C/push	push	Jondo.Unity.Server/Handlers/InventoryHandler.cs	235	"return NetworkEnvelope.BuildGameNodePacket(""type.ankama.com/luq"", ms.ToArray());"	NetworkEnvelope.BuildGameNodePacket(uri, ...)	Personal data	audited-inventory
Game	luq	S2C/push	push	Jondo.Unity.Server/Network/TransitionPacketsBuilder.cs	565	"return NetworkEnvelope.BuildGameNodePacket(""type.ankama.com/luq"", ms.ToArray());"	NetworkEnvelope.BuildGameNodePacket(uri, ...)	Unclassified	audited-inventory
Game	luy	Discarded	descartado	Jondo.Unity.Protocol/TypeRegistry.cs	78	"Register(""luy"", luy.Descriptor);"	DESCARTADO: TypeRegistry no lo referencia nadie (0 usos fuera del propio fichero); codigo muerto	Unclassified	audited-inventory
Game	luy	Discarded	descartado	Jondo.Unity.Server/BasePayloads.cs	16	public static readonly byte[] WorldEnteringPackets = new byte[] {	DESCARTADO: opcode dentro de un array de BasePayloads; nadie referencia BasePayloads (codigo muerto)	Unclassified	audited-inventory
Game	luy	Discarded	descartado	Jondo.Unity.Server/Protocol/NetworkMessage.cs	303	"case ""luy"": return (""World Loading"", ""Inventory"", ""JobDescriptionMessage (List of learned jobs)"");"	DESCARTADO: tabla de etiquetas del log (GetPacketMetadata / isPing). Solo pinta texto en consola, no cambia el protocolo	Unclassified	audited-inventory
Game	luy	S2C/push	push	Jondo.Unity.Server/Handlers/InventoryHandler.cs	69	"byte[] luyPacket = NetworkEnvelope.BuildGameNodePacket(""type.ankama.com/luy"", Array.Empty<byte>());"	NetworkEnvelope.BuildGameNodePacket(uri, ...)	Personal data	audited-inventory
Game	luy	S2C/push	push	Jondo.Unity.Server/Network/TransitionPacketsBuilder.cs	21	"public static byte[] BuildLuyMessage() => BuildEmptyMessage(""type.ankama.com/luy"");"	TransitionPacketsBuilder.BuildEmptyMessage(uri)	Unclassified	audited-inventory
Game	lva	Discarded	descartado	Jondo.Unity.Protocol/OpcodeRegistry.cs	26	"public const string MapChangeFinish = ""lva"";"	DESCARTADO: OpcodeRegistry no lo referencia nadie (0 usos fuera del propio fichero); codigo muerto	Unclassified	audited-inventory
Game	lva	Discarded	descartado	Jondo.Unity.Server/Network/ConnectionProtocolSelfTest.cs	391	0a170a150a13747970652e616e6b616d612e636f6d2f6c7661;	DESCARTADO: trama de referencia del autotest, no viaja	Connection	audited-inventory
Game	lva	S2C/push	push	Jondo.Unity.Server/Network/ConnectionProtocol.cs	635	"public static byte[] BuildActorsComplete() => Push(""lva"");"	"ConnectionProtocol.Push(""xxx"", ...)"	Connection	audited-inventory
Unknown	lvk	Discarded	descartado	Jondo.Unity.Server/BasePayloads.cs	16	public static readonly byte[] WorldEnteringPackets = new byte[] {	DESCARTADO: opcode dentro de un array de BasePayloads; nadie referencia BasePayloads (codigo muerto)	Unclassified	audited-inventory
Unknown	lvk	Discarded	descartado	Jondo.Unity.Server/Protocol/NetworkMessage.cs	301	"case ""lvk"": return (""World Loading"", ""Interfaces"", ""OrnamentListMessage (Available graphical ornaments)"");"	DESCARTADO: tabla de etiquetas del log (GetPacketMetadata / isPing). Solo pinta texto en consola, no cambia el protocolo	Unclassified	audited-inventory
Unknown	lvk	S2C/push	push	Jondo.Unity.Server/Network/TransitionPacketsBuilder.cs	20	"public static byte[] BuildLvkMessage() => BuildEmptyMessage(""type.ankama.com/lvk"");"	TransitionPacketsBuilder.BuildEmptyMessage(uri)	Unclassified	audited-inventory
Unknown	lvk	S2C/push	push	Jondo.Unity.Server/Network/TransitionPacketsBuilder.cs	21	"public static byte[] BuildLvkMessage() => BuildEmptyMessage(""type.ankama.com/lvk"");"	Current-source literal scan; semantic verification still required.	Unclassified	current-source
Game	lwb	Discarded	descartado	Jondo.Unity.Server/BasePayloads.cs	16	public static readonly byte[] WorldEnteringPackets = new byte[] {	DESCARTADO: opcode dentro de un array de BasePayloads; nadie referencia BasePayloads (codigo muerto)	Unclassified	audited-inventory
Game	lwb	Discarded	descartado	Jondo.Unity.Server/Protocol/NetworkMessage.cs	302	"case ""lwb"": return (""World Loading"", ""Character"", ""EmoteListMessage (Unlocked emoticons)"");"	DESCARTADO: tabla de etiquetas del log (GetPacketMetadata / isPing). Solo pinta texto en consola, no cambia el protocolo	Unclassified	audited-inventory
Game	lwb	S2C/push	push	Jondo.Unity.Server/Network/TransitionPacketsBuilder.cs	526	"return NetworkEnvelope.BuildGameNodePacket(""type.ankama.com/lwb"", ms.ToArray());"	NetworkEnvelope.BuildGameNodePacket(uri, ...)	Unclassified	audited-inventory
Game	lwm	C2S/dispatch	despacho	Jondo.Unity.Server/Network/GameNodeProxy.cs	531	"else if (payloadStr.Contains(""type.ankama.com/lwm""))"	comparacion de cadena sobre el frame recibido	Unclassified	audited-inventory
Game	lwm	C2S/read	read	Jondo.Unity.Server/Handlers/WardrobeHandler.cs	69	"byte[]? lwm = ConnectionProtocol.ReadPayload(frame, ""lwm"");"	"ConnectionProtocol.ReadPayload(frame, ""xxx"")"	Unclassified	audited-inventory
Game	lwx	S2C/answer	answer	Jondo.Unity.Server/Handlers/AppearanceHandler.cs	177	"ConnectionProtocol.Answer(""lwx"", Pb.New().Var(1, 1).Build(),"	"ConnectionProtocol.Answer(""xxx"", ...)"	Unclassified	audited-inventory
Game	lwz	S2C/answer	answer	Jondo.Unity.Server/Handlers/AppearanceHandler.cs	84	"ConnectionProtocol.Answer(""lwz"", Pb.New().Var(1, 1).Var(3, slot).Build(),"	"ConnectionProtocol.Answer(""xxx"", ...)"	Unclassified	audited-inventory
Game	lxa	S2C/answer	answer	Jondo.Unity.Server/Handlers/WardrobeHandler.cs	60	"ConnectionProtocol.Answer(""lxa"", Pb.New().Var(2, 1).Build(),"	"ConnectionProtocol.Answer(""xxx"", ...)"	Unclassified	audited-inventory
Game	lxc	S2C/push	push	Jondo.Unity.Server/Handlers/AppearanceHandler.cs	193	"ConnectionProtocol.Push(""lxc"", ConnectionProtocol.BuildLookChanged(character)));"	"ConnectionProtocol.Push(""xxx"", ...)"	Unclassified	audited-inventory
Game	lxc	S2C/push	push	Jondo.Unity.Server/Handlers/CommandHandler.cs	506	"ConnectionProtocol.Push(""lxc"", ConnectionProtocol.BuildLookChanged(character)));"	"ConnectionProtocol.Push(""xxx"", ...)"	Unclassified	audited-inventory
Game	lxc	S2C/push	push	Jondo.Unity.Server/Handlers/EquipmentHandler.cs	106	"ConnectionProtocol.Push(""lxc"", ConnectionProtocol.BuildLookChanged(character)));"	"ConnectionProtocol.Push(""xxx"", ...)"	Personal data	audited-inventory
Game	lxc	S2C/push	push	Jondo.Unity.Server/Handlers/WardrobeHandler.cs	130	"ConnectionProtocol.Push(""lxc"", ConnectionProtocol.BuildLookChanged(character)));"	"ConnectionProtocol.Push(""xxx"", ...)"	Unclassified	audited-inventory
Game	lxd	Discarded	descartado	Jondo.Unity.Protocol/TypeRegistry.cs	79	"Register(""lxd"", lxd.Descriptor);"	DESCARTADO: TypeRegistry no lo referencia nadie (0 usos fuera del propio fichero); codigo muerto	Unclassified	audited-inventory
Game	lxd	Discarded	descartado	Jondo.Unity.Server/BasePayloads.cs	16	public static readonly byte[] WorldEnteringPackets = new byte[] {	DESCARTADO: opcode dentro de un array de BasePayloads; nadie referencia BasePayloads (codigo muerto)	Unclassified	audited-inventory
Game	lxd	Discarded	descartado	Jondo.Unity.Server/Protocol/NetworkMessage.cs	329	"case ""lxd"": return (""In Game"", ""Map"", ""MapComplementaryInfo (Wrapper for interactives, cells and weather)"");"	DESCARTADO: tabla de etiquetas del log (GetPacketMetadata / isPing). Solo pinta texto en consola, no cambia el protocolo	Unclassified	audited-inventory
Game	lxd	S2C/push	push	Jondo.Unity.Server/Handlers/MapLoadHandler.cs	66	"byte[] lxdPacket = NetworkEnvelope.BuildGameNodePacket(""type.ankama.com/lxd"", emptyLxd.ToByteArray());"	NetworkEnvelope.BuildGameNodePacket(uri, ...)	World/map	audited-inventory
Game	lxg	C2S/dispatch	despacho	Jondo.Unity.Server/Network/GameNodeProxy.cs	516	"else if (payloadStr.Contains(""type.ankama.com/lxg""))"	comparacion de cadena sobre el frame recibido	Unclassified	audited-inventory
Game	lxg	C2S/read	read	Jondo.Unity.Server/Handlers/AppearanceHandler.cs	134	"byte[]? lxg = ConnectionProtocol.ReadPayload(frame, ""lxg"");"	"ConnectionProtocol.ReadPayload(frame, ""xxx"")"	Unclassified	audited-inventory
Unknown	lxi	C2S/dispatch	despacho	Jondo.Unity.Server/Network/GameNodeProxy.cs	830	"cleanPayload.Contains(""hmt"") || cleanPayload.Contains(""lxi"") || cleanPayload.Contains(""jqf"") ||"	comparacion de cadena sobre el frame recibido	Unclassified	audited-inventory
Game	lxk	S2C/answer	answer	Jondo.Unity.Server/Handlers/AppearanceHandler.cs	155	"ConnectionProtocol.Answer(""lxk"", Pb.New().Var(1, 1).Build(),"	"ConnectionProtocol.Answer(""xxx"", ...)"	Unclassified	audited-inventory
Game	lxo	S2C/answer	answer	Jondo.Unity.Server/Handlers/AppearanceHandler.cs	54	"ConnectionProtocol.Answer(""lxo"","	"ConnectionProtocol.Answer(""xxx"", ...)"	Unclassified	audited-inventory
Game	lxs	Discarded	descartado	Jondo.Unity.Server/BasePayloads.cs	16	public static readonly byte[] WorldEnteringPackets = new byte[] {	DESCARTADO: opcode dentro de un array de BasePayloads; nadie referencia BasePayloads (codigo muerto)	Unclassified	audited-inventory
Game	lxs	Discarded	descartado	Jondo.Unity.Server/Protocol/NetworkMessage.cs	289	"case ""lxs"": return (""World Loading"", ""Sync"", ""AlignmentSubAreaUpdate (PvP and sub-area alignment)"");"	DESCARTADO: tabla de etiquetas del log (GetPacketMetadata / isPing). Solo pinta texto en consola, no cambia el protocolo	Unclassified	audited-inventory
Game	lxs	C2S/dispatch	despacho	Jondo.Unity.Server/Network/GameNodeProxy.cs	536	"else if (payloadStr.Contains(""type.ankama.com/lxs""))"	comparacion de cadena sobre el frame recibido	Unclassified	audited-inventory
Game	lxs	S2C/push	push	Jondo.Unity.Server/Network/TransitionPacketsBuilder.cs	16	"public static byte[] BuildLxsMessage() => BuildEmptyMessage(""type.ankama.com/lxs"");"	TransitionPacketsBuilder.BuildEmptyMessage(uri)	Unclassified	audited-inventory
Game	lxw	C2S/dispatch	despacho	Jondo.Unity.Server/Network/GameNodeProxy.cs	521	"else if (payloadStr.Contains(""type.ankama.com/lxw""))"	comparacion de cadena sobre el frame recibido	Unclassified	audited-inventory
Game	lxw	C2S/read	read	Jondo.Unity.Server/Handlers/AppearanceHandler.cs	162	"byte[]? lxw = ConnectionProtocol.ReadPayload(frame, ""lxw"");"	"ConnectionProtocol.ReadPayload(frame, ""xxx"")"	Unclassified	audited-inventory
Game	lyf	C2S/dispatch	despacho	Jondo.Unity.Server/Network/GameNodeProxy.cs	511	"else if (payloadStr.Contains(""type.ankama.com/lyf""))"	comparacion de cadena sobre el frame recibido	Unclassified	audited-inventory
Game	lyf	C2S/read	read	Jondo.Unity.Server/Handlers/AppearanceHandler.cs	93	"byte[]? lyf = ConnectionProtocol.ReadPayload(frame, ""lyf"");"	"ConnectionProtocol.ReadPayload(frame, ""xxx"")"	Unclassified	audited-inventory
Game	lyj	S2C/answer	answer	Jondo.Unity.Server/Handlers/AppearanceHandler.cs	118	"ConnectionProtocol.Answer(""lyj"", Pb.New().Var(3, 1).Build(),"	"ConnectionProtocol.Answer(""xxx"", ...)"	Unclassified	audited-inventory
Game	lyk	C2S/dispatch	despacho	Jondo.Unity.Server/Network/GameNodeProxy.cs	496	"else if (payloadStr.Contains(""type.ankama.com/lyk""))"	comparacion de cadena sobre el frame recibido	Unclassified	audited-inventory
Game	lyk	C2S/dispatch	despacho	Jondo.Unity.Server/Network/GameNodeProxy.cs	598	"else if (payloadStr.Contains(""type.ankama.com/lyk""))"	Current-source literal scan; semantic verification still required.	Unclassified	current-source
Game	lym	S2C/push	push	Jondo.Unity.Server/Handlers/AppearanceHandler.cs	173	"ConnectionProtocol.Push(""lym"","	"ConnectionProtocol.Push(""xxx"", ...)"	Unclassified	audited-inventory
Game	lym	S2C/push	push	Jondo.Unity.Server/Handlers/EquipmentHandler.cs	84	"ConnectionProtocol.Push(""lym"", Pb.New().Var(1, 206).Build()));"	"ConnectionProtocol.Push(""xxx"", ...)"	Personal data	audited-inventory
Game	lys	C2S/dispatch	despacho	Jondo.Unity.Server/Network/GameNodeProxy.cs	506	"else if (payloadStr.Contains(""type.ankama.com/lys""))"	comparacion de cadena sobre el frame recibido	Unclassified	audited-inventory
Game	lys	C2S/read	read	Jondo.Unity.Server/Handlers/AppearanceHandler.cs	62	"byte[]? lys = ConnectionProtocol.ReadPayload(frame, ""lys"");"	"ConnectionProtocol.ReadPayload(frame, ""xxx"")"	Unclassified	audited-inventory
Game	lyt	S2C/push	push	Jondo.Unity.Server/Handlers/WardrobeHandler.cs	146	"ConnectionProtocol.Push(""lyt"", ConnectionProtocol.BuildOutfits(character)));"	"ConnectionProtocol.Push(""xxx"", ...)"	Unclassified	audited-inventory
Game	lyt	C2S/read	read	Jondo.Unity.Server/Network/WorldEntry.cs	112	"hhy, ""lyt"","	lista de privacidad WorldEntry.NotReplayed; se usa en ReadPayload(message, opcode) en WorldEntry.cs:359	Character/world entry	audited-inventory
Game	lyu	S2C/answer	answer	Jondo.Unity.Server/Handlers/WardrobeHandler.cs	103	"ConnectionProtocol.Answer(""lyu"", Pb.New().Var(1, 1).Build(),"	"ConnectionProtocol.Answer(""xxx"", ...)"	Unclassified	audited-inventory
Game	lyv	S2C/answer	answer	Jondo.Unity.Server/Handlers/WardrobeHandler.cs	87	"ConnectionProtocol.Answer(""lyv"", Pb.New().Var(1, 1).Build(),"	"ConnectionProtocol.Answer(""xxx"", ...)"	Unclassified	audited-inventory
Game	lyy	C2S/dispatch	despacho	Jondo.Unity.Server/Network/GameNodeProxy.cs	501	"else if (payloadStr.Contains(""type.ankama.com/lyy""))"	comparacion de cadena sobre el frame recibido	Unclassified	audited-inventory
Game	lyy	C2S/dispatch	despacho	Jondo.Unity.Server/Network/GameNodeProxy.cs	603	"else if (payloadStr.Contains(""type.ankama.com/lyy""))"	Current-source literal scan; semantic verification still required.	Unclassified	current-source
Game	lze	C2S/dispatch	despacho	Jondo.Unity.Server/Network/GameNodeProxy.cs	526	"else if (payloadStr.Contains(""type.ankama.com/lze""))"	comparacion de cadena sobre el frame recibido	Unclassified	audited-inventory
Game	lze	C2S/read	read	Jondo.Unity.Server/Handlers/WardrobeHandler.cs	42	"byte[]? lze = ConnectionProtocol.ReadPayload(frame, ""lze"");"	"ConnectionProtocol.ReadPayload(frame, ""xxx"")"	Unclassified	audited-inventory
Game	lzh	C2S/dispatch	despacho	Jondo.Unity.Server/Network/GameNodeProxy.cs	443	"else if (payloadStr.Contains(""type.ankama.com/lzh""))"	Current-source literal scan; semantic verification still required.	Unclassified	current-source
Game	lzl	S2C/push	push	Jondo.Unity.Server/Network/GameNodeProxy.cs	450	"ConnectionProtocol.Push(""lzl"", Array.Empty<byte>()));"	Current-source literal scan; semantic verification still required.	Unclassified	current-source
Unknown	mek	Discarded	descartado	Jondo.Unity.Server/BasePayloads.cs	16	public static readonly byte[] WorldEnteringPackets = new byte[] {	DESCARTADO: opcode dentro de un array de BasePayloads; nadie referencia BasePayloads (codigo muerto)	Unclassified	audited-inventory
Unknown	mek	Discarded	descartado	Jondo.Unity.Server/Protocol/NetworkMessage.cs	266	"case ""mek"": return (""World Loading"", ""Interfaces"", ""SpellListMessage (The character's spell book)"");"	DESCARTADO: tabla de etiquetas del log (GetPacketMetadata / isPing). Solo pinta texto en consola, no cambia el protocolo	Unclassified	audited-inventory
Game	mes	Discarded	descartado	Jondo.Unity.Server/Protocol/NetworkMessage.cs	253	"case ""mes"": return (""Character Selection"", ""Interfaces"", ""MessageWrapper (UI container wrapper)"");"	DESCARTADO: tabla de etiquetas del log (GetPacketMetadata / isPing). Solo pinta texto en consola, no cambia el protocolo	Unclassified	audited-inventory
Game	mes	S2C/push	push	Jondo.Unity.Server/Handlers/CharacterSelectionHandler.cs	178	"byte[] frame562 = NetworkEnvelope.ConvertHexStringToByteArray(""19-1A-17-0A-15-0A-13-74-79-70-65-2E-61-6E-6B-61-6D-61-2E-63-6F-6D-2F-6D-65-73"");"	opcode escondido en cadena hex; la trama se escribe en el socket	Character/world entry	audited-inventory
Game	mez	Discarded	descartado	Jondo.Unity.Server/Protocol/NetworkMessage.cs	244	"case ""mez"": return (""Server List"", ""Connection"", ""ServerSeasonInfo (Season of the active server)"");"	DESCARTADO: tabla de etiquetas del log (GetPacketMetadata / isPing). Solo pinta texto en consola, no cambia el protocolo	Unclassified	audited-inventory
Game	mez	S2C/push	push	Jondo.Unity.Server/Handlers/CharacterSelectionHandler.cs	120	"byte[] frame557 = NetworkEnvelope.ConvertHexStringToByteArray(""19-1A-17-0A-15-0A-13-74-79-70-65-2E-61-6E-6B-61-6D-61-2E-63-6F-6D-2F-6B-6F-66-24-1A-22-0A-20-0A-13-74-79-70-65-2E-61-6E-6B-61-6D-61-2E-63"	opcode escondido en cadena hex; la trama se escribe en el socket	Character/world entry	audited-inventory
Game	mfa	Discarded	descartado	Jondo.Unity.Server/Protocol/NetworkMessage.cs	243	"case ""mfa"": return (""Server List"", ""Connection"", ""FeatureStatus (Account feature status)"");"	DESCARTADO: tabla de etiquetas del log (GetPacketMetadata / isPing). Solo pinta texto en consola, no cambia el protocolo	Unclassified	audited-inventory
Game	mfa	S2C/push	push	Jondo.Unity.Server/Handlers/CharacterSelectionHandler.cs	120	"byte[] frame557 = NetworkEnvelope.ConvertHexStringToByteArray(""19-1A-17-0A-15-0A-13-74-79-70-65-2E-61-6E-6B-61-6D-61-2E-63-6F-6D-2F-6B-6F-66-24-1A-22-0A-20-0A-13-74-79-70-65-2E-61-6E-6B-61-6D-61-2E-63"	opcode escondido en cadena hex; la trama se escribe en el socket	Character/world entry	audited-inventory
Game	mgq	S2C/push	push	Jondo.Unity.Server/Network/ConnectionProtocol.cs	201	"Push(""mgq"", Pb.New().Var(1, 1).Var(2, 1).Var(3, 1).Build()),"	"ConnectionProtocol.Push(""xxx"", ...)"	Connection	audited-inventory
Game	mgt	S2C/push	push	Jondo.Unity.Server/Network/ConnectionProtocol.cs	202	"Push(""mgt"", Pb.New().EmptyMsg(2).Build()),"	"ConnectionProtocol.Push(""xxx"", ...)"	Connection	audited-inventory
Game	mgz	S2C/push	push	Jondo.Unity.Server/Network/ConnectionProtocol.cs	205	"Push(""mgz"", Pb.New().Var(1, CatalogMark).Build()),"	"ConnectionProtocol.Push(""xxx"", ...)"	Connection	audited-inventory
Unknown	msg	Discarded	descartado	Jondo.Unity.Server/UI/ServerWindow.cs	691	"linea.TryGetProperty(""msg"", out var m) ? (m.GetString() ?? """") : """"));"	FALSO POSITIVO: clave JSON de una linea de log	Unclassified	audited-inventory
Unknown	rid	Discarded	descartado	Jondo.Unity.Server/DatabaseManager.cs	1824	"if (!entrada.TryGetProperty(""rid"", out var rid)) continue;"	FALSO POSITIVO: clave JSON de dofus3_data	Unclassified	audited-inventory
Unknown	rid	Discarded	descartado	Jondo.Unity.Server/DatabaseManager.cs	2221	"if (element.TryGetProperty(""rid"", out var ridProp))"	FALSO POSITIVO: clave JSON de dofus3_data	Unclassified	audited-inventory
Unknown	rid	Discarded	descartado	Jondo.Unity.Server/Managers/NpcShops.cs	152	"if (!entry.TryGetProperty(""rid"", out var rid)) continue;"	FALSO POSITIVO: clave JSON de dofus3_data	Unclassified	audited-inventory
Unknown	rol	Discarded	descartado	Jondo.Unity.Lanzador/LauncherService.cs	83	"EsAdministrador = cuerpo.Value.TryGetProperty(""rol"", out var rolDicho) && rolDicho.GetInt32() >= Roles.Administrador;"	FALSO POSITIVO: clave JSON del cuerpo HTTP (rol de la cuenta)	Unclassified	audited-inventory
Unknown	rol	Discarded	descartado	Jondo.Unity.Server/Network/ControlApi.cs	137	"return Mal(403, ""rol"");"	FALSO POSITIVO: ruta y clave JSON de la API de control	Unclassified	audited-inventory
Unknown	rol	Discarded	descartado	Jondo.Unity.Server/Network/ControlApi.cs	146	"int rol = (int)Numero(cuerpo, ""rol"");"	FALSO POSITIVO: ruta y clave JSON de la API de control	Unclassified	audited-inventory
Unknown	rol	Discarded	descartado	Jondo.Unity.Server/Network/ControlApi.cs	98	"case Prefijo + ""rol"": return ConRol(cuerpo, Roles.Administrador, _ => CambiarRol(cuerpo));"	FALSO POSITIVO: ruta y clave JSON de la API de control	Unclassified	audited-inventory
Unknown	tag	Discarded	descartado	Jondo.Unity.Server/Network/HaapiServer.cs	256	"tag"""": """"2026"""","	FALSO POSITIVO: clave JSON de la respuesta HAAPI	Connection	audited-inventory
